[0.106s] DEBUG:colcon:Command line arguments: ['/usr/bin/colcon', 'build']
[0.106s] DEBUG:colcon:Parsed command line arguments: Namespace(log_base=None, log_level=None, verb_name='build', build_base='build', install_base='install', merge_install=False, symlink_install=False, test_result_base=None, continue_on_error=False, executor='parallel', parallel_workers=16, event_handlers=None, ignore_user_meta=False, metas=['./colcon.meta'], base_paths=['.'], packages_ignore=None, packages_ignore_regex=None, paths=None, packages_up_to=None, packages_up_to_regex=None, packages_above=None, packages_above_and_dependencies=None, packages_above_depth=None, packages_select_by_dep=None, packages_skip_by_dep=None, packages_skip_up_to=None, packages_select_build_failed=False, packages_skip_build_finished=False, packages_select_test_failures=False, packages_skip_test_passed=False, packages_select=None, packages_skip=None, packages_select_regex=None, packages_skip_regex=None, packages_start=None, packages_end=None, allow_overriding=[], cmake_args=None, cmake_target=None, cmake_target_skip_unavailable=False, cmake_clean_cache=False, cmake_clean_first=False, cmake_force_configure=False, ament_cmake_args=None, catkin_cmake_args=None, catkin_skip_building_tests=False, verb_parser=<colcon_defaults.argument_parser.defaults.DefaultArgumentsDecorator object at 0x7f5741b85930>, verb_extension=<colcon_core.verb.build.BuildVerb object at 0x7f5741b86a70>, main=<bound method BuildVerb.main of <colcon_core.verb.build.BuildVerb object at 0x7f5741b86a70>>)
[0.274s] Level 1:colcon.colcon_core.package_discovery:discover_packages(colcon_meta) check parameters
[0.274s] Level 1:colcon.colcon_core.package_discovery:discover_packages(recursive) check parameters
[0.275s] Level 1:colcon.colcon_core.package_discovery:discover_packages(ignore) check parameters
[0.275s] Level 1:colcon.colcon_core.package_discovery:discover_packages(path) check parameters
[0.275s] Level 1:colcon.colcon_core.package_discovery:discover_packages(colcon_meta) discover
[0.275s] Level 1:colcon.colcon_core.package_discovery:discover_packages(recursive) discover
[0.275s] INFO:colcon.colcon_core.package_discovery:Crawling recursively for packages in '/home/men3m/Naima'
[0.275s] Level 1:colcon.colcon_core.package_identification:_identify(.) by extensions ['ignore', 'ignore_ament_install']
[0.275s] Level 1:colcon.colcon_core.package_identification:_identify(.) by extension 'ignore'
[0.275s] Level 1:colcon.colcon_core.package_identification:_identify(.) by extension 'ignore_ament_install'
[0.275s] Level 1:colcon.colcon_core.package_identification:_identify(.) by extensions ['colcon_pkg']
[0.275s] Level 1:colcon.colcon_core.package_identification:_identify(.) by extension 'colcon_pkg'
[0.275s] Level 1:colcon.colcon_core.package_identification:_identify(.) by extensions ['colcon_meta']
[0.275s] Level 1:colcon.colcon_core.package_identification:_identify(.) by extension 'colcon_meta'
[0.275s] Level 1:colcon.colcon_core.package_identification:_identify(.) by extensions ['ros']
[0.275s] Level 1:colcon.colcon_core.package_identification:_identify(.) by extension 'ros'
[0.291s] Level 1:colcon.colcon_core.package_identification:_identify(.) by extensions ['cmake', 'python']
[0.291s] Level 1:colcon.colcon_core.package_identification:_identify(.) by extension 'cmake'
[0.291s] Level 1:colcon.colcon_core.package_identification:_identify(.) by extension 'python'
[0.291s] Level 1:colcon.colcon_core.package_identification:_identify(.) by extensions ['python_setup_py']
[0.291s] Level 1:colcon.colcon_core.package_identification:_identify(.) by extension 'python_setup_py'
[0.291s] Level 1:colcon.colcon_core.package_identification:_identify(AI) by extensions ['ignore', 'ignore_ament_install']
[0.291s] Level 1:colcon.colcon_core.package_identification:_identify(AI) by extension 'ignore'
[0.291s] Level 1:colcon.colcon_core.package_identification:_identify(AI) by extension 'ignore_ament_install'
[0.291s] Level 1:colcon.colcon_core.package_identification:_identify(AI) by extensions ['colcon_pkg']
[0.291s] Level 1:colcon.colcon_core.package_identification:_identify(AI) by extension 'colcon_pkg'
[0.291s] Level 1:colcon.colcon_core.package_identification:_identify(AI) by extensions ['colcon_meta']
[0.291s] Level 1:colcon.colcon_core.package_identification:_identify(AI) by extension 'colcon_meta'
[0.291s] Level 1:colcon.colcon_core.package_identification:_identify(AI) by extensions ['ros']
[0.291s] Level 1:colcon.colcon_core.package_identification:_identify(AI) by extension 'ros'
[0.291s] Level 1:colcon.colcon_core.package_identification:_identify(AI) by extensions ['cmake', 'python']
[0.291s] Level 1:colcon.colcon_core.package_identification:_identify(AI) by extension 'cmake'
[0.291s] Level 1:colcon.colcon_core.package_identification:_identify(AI) by extension 'python'
[0.291s] Level 1:colcon.colcon_core.package_identification:_identify(AI) by extensions ['python_setup_py']
[0.291s] Level 1:colcon.colcon_core.package_identification:_identify(AI) by extension 'python_setup_py'
[0.291s] Level 1:colcon.colcon_core.package_identification:_identify(BMS) by extensions ['ignore', 'ignore_ament_install']
[0.292s] Level 1:colcon.colcon_core.package_identification:_identify(BMS) by extension 'ignore'
[0.292s] Level 1:colcon.colcon_core.package_identification:_identify(BMS) by extension 'ignore_ament_install'
[0.292s] Level 1:colcon.colcon_core.package_identification:_identify(BMS) by extensions ['colcon_pkg']
[0.292s] Level 1:colcon.colcon_core.package_identification:_identify(BMS) by extension 'colcon_pkg'
[0.292s] Level 1:colcon.colcon_core.package_identification:_identify(BMS) by extensions ['colcon_meta']
[0.292s] Level 1:colcon.colcon_core.package_identification:_identify(BMS) by extension 'colcon_meta'
[0.292s] Level 1:colcon.colcon_core.package_identification:_identify(BMS) by extensions ['ros']
[0.292s] Level 1:colcon.colcon_core.package_identification:_identify(BMS) by extension 'ros'
[0.292s] Level 1:colcon.colcon_core.package_identification:_identify(BMS) by extensions ['cmake', 'python']
[0.292s] Level 1:colcon.colcon_core.package_identification:_identify(BMS) by extension 'cmake'
[0.292s] Level 1:colcon.colcon_core.package_identification:_identify(BMS) by extension 'python'
[0.292s] Level 1:colcon.colcon_core.package_identification:_identify(BMS) by extensions ['python_setup_py']
[0.292s] Level 1:colcon.colcon_core.package_identification:_identify(BMS) by extension 'python_setup_py'
[0.292s] Level 1:colcon.colcon_core.package_identification:_identify(Embedded Systems) by extensions ['ignore', 'ignore_ament_install']
[0.292s] Level 1:colcon.colcon_core.package_identification:_identify(Embedded Systems) by extension 'ignore'
[0.292s] Level 1:colcon.colcon_core.package_identification:_identify(Embedded Systems) by extension 'ignore_ament_install'
[0.292s] Level 1:colcon.colcon_core.package_identification:_identify(Embedded Systems) by extensions ['colcon_pkg']
[0.292s] Level 1:colcon.colcon_core.package_identification:_identify(Embedded Systems) by extension 'colcon_pkg'
[0.292s] Level 1:colcon.colcon_core.package_identification:_identify(Embedded Systems) by extensions ['colcon_meta']
[0.292s] Level 1:colcon.colcon_core.package_identification:_identify(Embedded Systems) by extension 'colcon_meta'
[0.292s] Level 1:colcon.colcon_core.package_identification:_identify(Embedded Systems) by extensions ['ros']
[0.292s] Level 1:colcon.colcon_core.package_identification:_identify(Embedded Systems) by extension 'ros'
[0.292s] Level 1:colcon.colcon_core.package_identification:_identify(Embedded Systems) by extensions ['cmake', 'python']
[0.292s] Level 1:colcon.colcon_core.package_identification:_identify(Embedded Systems) by extension 'cmake'
[0.292s] Level 1:colcon.colcon_core.package_identification:_identify(Embedded Systems) by extension 'python'
[0.292s] Level 1:colcon.colcon_core.package_identification:_identify(Embedded Systems) by extensions ['python_setup_py']
[0.293s] Level 1:colcon.colcon_core.package_identification:_identify(Embedded Systems) by extension 'python_setup_py'
[0.293s] Level 1:colcon.colcon_core.package_identification:_identify(build) by extensions ['ignore', 'ignore_ament_install']
[0.293s] Level 1:colcon.colcon_core.package_identification:_identify(build) by extension 'ignore'
[0.293s] Level 1:colcon.colcon_core.package_identification:_identify(build) ignored
[0.293s] Level 1:colcon.colcon_core.package_identification:_identify(image) by extensions ['ignore', 'ignore_ament_install']
[0.293s] Level 1:colcon.colcon_core.package_identification:_identify(image) by extension 'ignore'
[0.293s] Level 1:colcon.colcon_core.package_identification:_identify(image) by extension 'ignore_ament_install'
[0.293s] Level 1:colcon.colcon_core.package_identification:_identify(image) by extensions ['colcon_pkg']
[0.293s] Level 1:colcon.colcon_core.package_identification:_identify(image) by extension 'colcon_pkg'
[0.293s] Level 1:colcon.colcon_core.package_identification:_identify(image) by extensions ['colcon_meta']
[0.293s] Level 1:colcon.colcon_core.package_identification:_identify(image) by extension 'colcon_meta'
[0.293s] Level 1:colcon.colcon_core.package_identification:_identify(image) by extensions ['ros']
[0.293s] Level 1:colcon.colcon_core.package_identification:_identify(image) by extension 'ros'
[0.293s] Level 1:colcon.colcon_core.package_identification:_identify(image) by extensions ['cmake', 'python']
[0.293s] Level 1:colcon.colcon_core.package_identification:_identify(image) by extension 'cmake'
[0.293s] Level 1:colcon.colcon_core.package_identification:_identify(image) by extension 'python'
[0.293s] Level 1:colcon.colcon_core.package_identification:_identify(image) by extensions ['python_setup_py']
[0.293s] Level 1:colcon.colcon_core.package_identification:_identify(image) by extension 'python_setup_py'
[0.293s] Level 1:colcon.colcon_core.package_identification:_identify(install) by extensions ['ignore', 'ignore_ament_install']
[0.294s] Level 1:colcon.colcon_core.package_identification:_identify(install) by extension 'ignore'
[0.294s] Level 1:colcon.colcon_core.package_identification:_identify(install) ignored
[0.294s] Level 1:colcon.colcon_core.package_identification:_identify(log) by extensions ['ignore', 'ignore_ament_install']
[0.294s] Level 1:colcon.colcon_core.package_identification:_identify(log) by extension 'ignore'
[0.294s] Level 1:colcon.colcon_core.package_identification:_identify(log) ignored
[0.294s] Level 1:colcon.colcon_core.package_identification:_identify(src) by extensions ['ignore', 'ignore_ament_install']
[0.294s] Level 1:colcon.colcon_core.package_identification:_identify(src) by extension 'ignore'
[0.294s] Level 1:colcon.colcon_core.package_identification:_identify(src) by extension 'ignore_ament_install'
[0.294s] Level 1:colcon.colcon_core.package_identification:_identify(src) by extensions ['colcon_pkg']
[0.294s] Level 1:colcon.colcon_core.package_identification:_identify(src) by extension 'colcon_pkg'
[0.294s] Level 1:colcon.colcon_core.package_identification:_identify(src) by extensions ['colcon_meta']
[0.294s] Level 1:colcon.colcon_core.package_identification:_identify(src) by extension 'colcon_meta'
[0.294s] Level 1:colcon.colcon_core.package_identification:_identify(src) by extensions ['ros']
[0.294s] Level 1:colcon.colcon_core.package_identification:_identify(src) by extension 'ros'
[0.294s] Level 1:colcon.colcon_core.package_identification:_identify(src) by extensions ['cmake', 'python']
[0.294s] Level 1:colcon.colcon_core.package_identification:_identify(src) by extension 'cmake'
[0.294s] Level 1:colcon.colcon_core.package_identification:_identify(src) by extension 'python'
[0.294s] Level 1:colcon.colcon_core.package_identification:_identify(src) by extensions ['python_setup_py']
[0.294s] Level 1:colcon.colcon_core.package_identification:_identify(src) by extension 'python_setup_py'
[0.294s] Level 1:colcon.colcon_core.package_identification:_identify(src/naima) by extensions ['ignore', 'ignore_ament_install']
[0.294s] Level 1:colcon.colcon_core.package_identification:_identify(src/naima) by extension 'ignore'
[0.295s] Level 1:colcon.colcon_core.package_identification:_identify(src/naima) by extension 'ignore_ament_install'
[0.295s] Level 1:colcon.colcon_core.package_identification:_identify(src/naima) by extensions ['colcon_pkg']
[0.295s] Level 1:colcon.colcon_core.package_identification:_identify(src/naima) by extension 'colcon_pkg'
[0.295s] Level 1:colcon.colcon_core.package_identification:_identify(src/naima) by extensions ['colcon_meta']
[0.295s] Level 1:colcon.colcon_core.package_identification:_identify(src/naima) by extension 'colcon_meta'
[0.295s] Level 1:colcon.colcon_core.package_identification:_identify(src/naima) by extensions ['ros']
[0.295s] Level 1:colcon.colcon_core.package_identification:_identify(src/naima) by extension 'ros'
[0.297s] DEBUG:colcon.colcon_core.package_identification:Package 'src/naima' with type 'ros.ament_python' and name 'naima'
[0.297s] Level 1:colcon.colcon_core.package_identification:_identify(src/naima_bringup) by extensions ['ignore', 'ignore_ament_install']
[0.297s] Level 1:colcon.colcon_core.package_identification:_identify(src/naima_bringup) by extension 'ignore'
[0.297s] Level 1:colcon.colcon_core.package_identification:_identify(src/naima_bringup) by extension 'ignore_ament_install'
[0.297s] Level 1:colcon.colcon_core.package_identification:_identify(src/naima_bringup) by extensions ['colcon_pkg']
[0.297s] Level 1:colcon.colcon_core.package_identification:_identify(src/naima_bringup) by extension 'colcon_pkg'
[0.297s] Level 1:colcon.colcon_core.package_identification:_identify(src/naima_bringup) by extensions ['colcon_meta']
[0.297s] Level 1:colcon.colcon_core.package_identification:_identify(src/naima_bringup) by extension 'colcon_meta'
[0.297s] Level 1:colcon.colcon_core.package_identification:_identify(src/naima_bringup) by extensions ['ros']
[0.297s] Level 1:colcon.colcon_core.package_identification:_identify(src/naima_bringup) by extension 'ros'
[0.298s] DEBUG:colcon.colcon_core.package_identification:Package 'src/naima_bringup' with type 'ros.ament_python' and name 'naima_bringup'
[0.298s] Level 1:colcon.colcon_core.package_identification:_identify(src/naima_control) by extensions ['ignore', 'ignore_ament_install']
[0.298s] Level 1:colcon.colcon_core.package_identification:_identify(src/naima_control) by extension 'ignore'
[0.298s] Level 1:colcon.colcon_core.package_identification:_identify(src/naima_control) by extension 'ignore_ament_install'
[0.298s] Level 1:colcon.colcon_core.package_identification:_identify(src/naima_control) by extensions ['colcon_pkg']
[0.298s] Level 1:colcon.colcon_core.package_identification:_identify(src/naima_control) by extension 'colcon_pkg'
[0.298s] Level 1:colcon.colcon_core.package_identification:_identify(src/naima_control) by extensions ['colcon_meta']
[0.298s] Level 1:colcon.colcon_core.package_identification:_identify(src/naima_control) by extension 'colcon_meta'
[0.298s] Level 1:colcon.colcon_core.package_identification:_identify(src/naima_control) by extensions ['ros']
[0.298s] Level 1:colcon.colcon_core.package_identification:_identify(src/naima_control) by extension 'ros'
[0.299s] DEBUG:colcon.colcon_core.package_identification:Package 'src/naima_control' with type 'ros.ament_cmake' and name 'naima_control'
[0.299s] Level 1:colcon.colcon_core.package_identification:_identify(src/naima_description) by extensions ['ignore', 'ignore_ament_install']
[0.299s] Level 1:colcon.colcon_core.package_identification:_identify(src/naima_description) by extension 'ignore'
[0.299s] Level 1:colcon.colcon_core.package_identification:_identify(src/naima_description) by extension 'ignore_ament_install'
[0.299s] Level 1:colcon.colcon_core.package_identification:_identify(src/naima_description) by extensions ['colcon_pkg']
[0.299s] Level 1:colcon.colcon_core.package_identification:_identify(src/naima_description) by extension 'colcon_pkg'
[0.299s] Level 1:colcon.colcon_core.package_identification:_identify(src/naima_description) by extensions ['colcon_meta']
[0.299s] Level 1:colcon.colcon_core.package_identification:_identify(src/naima_description) by extension 'colcon_meta'
[0.299s] Level 1:colcon.colcon_core.package_identification:_identify(src/naima_description) by extensions ['ros']
[0.299s] Level 1:colcon.colcon_core.package_identification:_identify(src/naima_description) by extension 'ros'
[0.300s] DEBUG:colcon.colcon_core.package_identification:Package 'src/naima_description' with type 'ros.ament_cmake' and name 'naima_description'
[0.300s] Level 1:colcon.colcon_core.package_identification:_identify(src/naima_examples) by extensions ['ignore', 'ignore_ament_install']
[0.300s] Level 1:colcon.colcon_core.package_identification:_identify(src/naima_examples) by extension 'ignore'
[0.300s] Level 1:colcon.colcon_core.package_identification:_identify(src/naima_examples) by extension 'ignore_ament_install'
[0.300s] Level 1:colcon.colcon_core.package_identification:_identify(src/naima_examples) by extensions ['colcon_pkg']
[0.300s] Level 1:colcon.colcon_core.package_identification:_identify(src/naima_examples) by extension 'colcon_pkg'
[0.300s] Level 1:colcon.colcon_core.package_identification:_identify(src/naima_examples) by extensions ['colcon_meta']
[0.300s] Level 1:colcon.colcon_core.package_identification:_identify(src/naima_examples) by extension 'colcon_meta'
[0.300s] Level 1:colcon.colcon_core.package_identification:_identify(src/naima_examples) by extensions ['ros']
[0.300s] Level 1:colcon.colcon_core.package_identification:_identify(src/naima_examples) by extension 'ros'
[0.301s] DEBUG:colcon.colcon_core.package_identification:Package 'src/naima_examples' with type 'ros.ament_cmake' and name 'naima_examples'
[0.301s] Level 1:colcon.colcon_core.package_identification:_identify(src/naima_localization) by extensions ['ignore', 'ignore_ament_install']
[0.302s] Level 1:colcon.colcon_core.package_identification:_identify(src/naima_localization) by extension 'ignore'
[0.302s] Level 1:colcon.colcon_core.package_identification:_identify(src/naima_localization) by extension 'ignore_ament_install'
[0.302s] Level 1:colcon.colcon_core.package_identification:_identify(src/naima_localization) by extensions ['colcon_pkg']
[0.302s] Level 1:colcon.colcon_core.package_identification:_identify(src/naima_localization) by extension 'colcon_pkg'
[0.302s] Level 1:colcon.colcon_core.package_identification:_identify(src/naima_localization) by extensions ['colcon_meta']
[0.302s] Level 1:colcon.colcon_core.package_identification:_identify(src/naima_localization) by extension 'colcon_meta'
[0.302s] Level 1:colcon.colcon_core.package_identification:_identify(src/naima_localization) by extensions ['ros']
[0.302s] Level 1:colcon.colcon_core.package_identification:_identify(src/naima_localization) by extension 'ros'
[0.302s] DEBUG:colcon.colcon_core.package_identification:Package 'src/naima_localization' with type 'ros.ament_cmake' and name 'naima_localization'
[0.302s] Level 1:colcon.colcon_core.package_identification:_identify(src/naima_mapping) by extensions ['ignore', 'ignore_ament_install']
[0.303s] Level 1:colcon.colcon_core.package_identification:_identify(src/naima_mapping) by extension 'ignore'
[0.303s] Level 1:colcon.colcon_core.package_identification:_identify(src/naima_mapping) by extension 'ignore_ament_install'
[0.303s] Level 1:colcon.colcon_core.package_identification:_identify(src/naima_mapping) by extensions ['colcon_pkg']
[0.303s] Level 1:colcon.colcon_core.package_identification:_identify(src/naima_mapping) by extension 'colcon_pkg'
[0.303s] Level 1:colcon.colcon_core.package_identification:_identify(src/naima_mapping) by extensions ['colcon_meta']
[0.303s] Level 1:colcon.colcon_core.package_identification:_identify(src/naima_mapping) by extension 'colcon_meta'
[0.303s] Level 1:colcon.colcon_core.package_identification:_identify(src/naima_mapping) by extensions ['ros']
[0.303s] Level 1:colcon.colcon_core.package_identification:_identify(src/naima_mapping) by extension 'ros'
[0.303s] DEBUG:colcon.colcon_core.package_identification:Package 'src/naima_mapping' with type 'ros.ament_cmake' and name 'naima_mapping'
[0.303s] Level 1:colcon.colcon_core.package_identification:_identify(src/naima_msgs) by extensions ['ignore', 'ignore_ament_install']
[0.303s] Level 1:colcon.colcon_core.package_identification:_identify(src/naima_msgs) by extension 'ignore'
[0.303s] Level 1:colcon.colcon_core.package_identification:_identify(src/naima_msgs) by extension 'ignore_ament_install'
[0.303s] Level 1:colcon.colcon_core.package_identification:_identify(src/naima_msgs) by extensions ['colcon_pkg']
[0.303s] Level 1:colcon.colcon_core.package_identification:_identify(src/naima_msgs) by extension 'colcon_pkg'
[0.303s] Level 1:colcon.colcon_core.package_identification:_identify(src/naima_msgs) by extensions ['colcon_meta']
[0.303s] Level 1:colcon.colcon_core.package_identification:_identify(src/naima_msgs) by extension 'colcon_meta'
[0.304s] Level 1:colcon.colcon_core.package_identification:_identify(src/naima_msgs) by extensions ['ros']
[0.304s] Level 1:colcon.colcon_core.package_identification:_identify(src/naima_msgs) by extension 'ros'
[0.304s] DEBUG:colcon.colcon_core.package_identification:Package 'src/naima_msgs' with type 'ros.ament_cmake' and name 'naima_msgs'
[0.304s] Level 1:colcon.colcon_core.package_identification:_identify(src/naima_ublox_gps) by extensions ['ignore', 'ignore_ament_install']
[0.304s] Level 1:colcon.colcon_core.package_identification:_identify(src/naima_ublox_gps) by extension 'ignore'
[0.304s] Level 1:colcon.colcon_core.package_identification:_identify(src/naima_ublox_gps) by extension 'ignore_ament_install'
[0.304s] Level 1:colcon.colcon_core.package_identification:_identify(src/naima_ublox_gps) by extensions ['colcon_pkg']
[0.304s] Level 1:colcon.colcon_core.package_identification:_identify(src/naima_ublox_gps) by extension 'colcon_pkg'
[0.304s] Level 1:colcon.colcon_core.package_identification:_identify(src/naima_ublox_gps) by extensions ['colcon_meta']
[0.304s] Level 1:colcon.colcon_core.package_identification:_identify(src/naima_ublox_gps) by extension 'colcon_meta'
[0.304s] Level 1:colcon.colcon_core.package_identification:_identify(src/naima_ublox_gps) by extensions ['ros']
[0.304s] Level 1:colcon.colcon_core.package_identification:_identify(src/naima_ublox_gps) by extension 'ros'
[0.304s] Level 1:colcon.colcon_core.package_identification:_identify(src/naima_ublox_gps) by extensions ['cmake', 'python']
[0.305s] Level 1:colcon.colcon_core.package_identification:_identify(src/naima_ublox_gps) by extension 'cmake'
[0.305s] Level 1:colcon.colcon_core.package_identification:_identify(src/naima_ublox_gps) by extension 'python'
[0.305s] Level 1:colcon.colcon_core.package_identification:_identify(src/naima_ublox_gps) by extensions ['python_setup_py']
[0.305s] Level 1:colcon.colcon_core.package_identification:_identify(src/naima_ublox_gps) by extension 'python_setup_py'
[0.305s] Level 1:colcon.colcon_core.package_identification:_identify(src/naima_ublox_gps/ublox) by extensions ['ignore', 'ignore_ament_install']
[0.305s] Level 1:colcon.colcon_core.package_identification:_identify(src/naima_ublox_gps/ublox) by extension 'ignore'
[0.305s] Level 1:colcon.colcon_core.package_identification:_identify(src/naima_ublox_gps/ublox) by extension 'ignore_ament_install'
[0.305s] Level 1:colcon.colcon_core.package_identification:_identify(src/naima_ublox_gps/ublox) by extensions ['colcon_pkg']
[0.305s] Level 1:colcon.colcon_core.package_identification:_identify(src/naima_ublox_gps/ublox) by extension 'colcon_pkg'
[0.305s] Level 1:colcon.colcon_core.package_identification:_identify(src/naima_ublox_gps/ublox) by extensions ['colcon_meta']
[0.305s] Level 1:colcon.colcon_core.package_identification:_identify(src/naima_ublox_gps/ublox) by extension 'colcon_meta'
[0.305s] Level 1:colcon.colcon_core.package_identification:_identify(src/naima_ublox_gps/ublox) by extensions ['ros']
[0.305s] Level 1:colcon.colcon_core.package_identification:_identify(src/naima_ublox_gps/ublox) by extension 'ros'
[0.305s] DEBUG:colcon.colcon_core.package_identification:Package 'src/naima_ublox_gps/ublox' with type 'ros.ament_cmake' and name 'ublox'
[0.306s] Level 1:colcon.colcon_core.package_identification:_identify(src/naima_ublox_gps/ublox_gps) by extensions ['ignore', 'ignore_ament_install']
[0.306s] Level 1:colcon.colcon_core.package_identification:_identify(src/naima_ublox_gps/ublox_gps) by extension 'ignore'
[0.306s] Level 1:colcon.colcon_core.package_identification:_identify(src/naima_ublox_gps/ublox_gps) by extension 'ignore_ament_install'
[0.306s] Level 1:colcon.colcon_core.package_identification:_identify(src/naima_ublox_gps/ublox_gps) by extensions ['colcon_pkg']
[0.306s] Level 1:colcon.colcon_core.package_identification:_identify(src/naima_ublox_gps/ublox_gps) by extension 'colcon_pkg'
[0.306s] Level 1:colcon.colcon_core.package_identification:_identify(src/naima_ublox_gps/ublox_gps) by extensions ['colcon_meta']
[0.306s] Level 1:colcon.colcon_core.package_identification:_identify(src/naima_ublox_gps/ublox_gps) by extension 'colcon_meta'
[0.306s] Level 1:colcon.colcon_core.package_identification:_identify(src/naima_ublox_gps/ublox_gps) by extensions ['ros']
[0.306s] Level 1:colcon.colcon_core.package_identification:_identify(src/naima_ublox_gps/ublox_gps) by extension 'ros'
[0.307s] DEBUG:colcon.colcon_core.package_identification:Package 'src/naima_ublox_gps/ublox_gps' with type 'ros.ament_cmake' and name 'ublox_gps'
[0.307s] Level 1:colcon.colcon_core.package_identification:_identify(src/naima_ublox_gps/ublox_msgs) by extensions ['ignore', 'ignore_ament_install']
[0.307s] Level 1:colcon.colcon_core.package_identification:_identify(src/naima_ublox_gps/ublox_msgs) by extension 'ignore'
[0.307s] Level 1:colcon.colcon_core.package_identification:_identify(src/naima_ublox_gps/ublox_msgs) by extension 'ignore_ament_install'
[0.307s] Level 1:colcon.colcon_core.package_identification:_identify(src/naima_ublox_gps/ublox_msgs) by extensions ['colcon_pkg']
[0.307s] Level 1:colcon.colcon_core.package_identification:_identify(src/naima_ublox_gps/ublox_msgs) by extension 'colcon_pkg'
[0.307s] Level 1:colcon.colcon_core.package_identification:_identify(src/naima_ublox_gps/ublox_msgs) by extensions ['colcon_meta']
[0.307s] Level 1:colcon.colcon_core.package_identification:_identify(src/naima_ublox_gps/ublox_msgs) by extension 'colcon_meta'
[0.307s] Level 1:colcon.colcon_core.package_identification:_identify(src/naima_ublox_gps/ublox_msgs) by extensions ['ros']
[0.307s] Level 1:colcon.colcon_core.package_identification:_identify(src/naima_ublox_gps/ublox_msgs) by extension 'ros'
[0.308s] DEBUG:colcon.colcon_core.package_identification:Package 'src/naima_ublox_gps/ublox_msgs' with type 'ros.ament_cmake' and name 'ublox_msgs'
[0.308s] Level 1:colcon.colcon_core.package_identification:_identify(src/naima_ublox_gps/ublox_serialization) by extensions ['ignore', 'ignore_ament_install']
[0.308s] Level 1:colcon.colcon_core.package_identification:_identify(src/naima_ublox_gps/ublox_serialization) by extension 'ignore'
[0.308s] Level 1:colcon.colcon_core.package_identification:_identify(src/naima_ublox_gps/ublox_serialization) by extension 'ignore_ament_install'
[0.308s] Level 1:colcon.colcon_core.package_identification:_identify(src/naima_ublox_gps/ublox_serialization) by extensions ['colcon_pkg']
[0.308s] Level 1:colcon.colcon_core.package_identification:_identify(src/naima_ublox_gps/ublox_serialization) by extension 'colcon_pkg'
[0.308s] Level 1:colcon.colcon_core.package_identification:_identify(src/naima_ublox_gps/ublox_serialization) by extensions ['colcon_meta']
[0.308s] Level 1:colcon.colcon_core.package_identification:_identify(src/naima_ublox_gps/ublox_serialization) by extension 'colcon_meta'
[0.308s] Level 1:colcon.colcon_core.package_identification:_identify(src/naima_ublox_gps/ublox_serialization) by extensions ['ros']
[0.308s] Level 1:colcon.colcon_core.package_identification:_identify(src/naima_ublox_gps/ublox_serialization) by extension 'ros'
[0.309s] DEBUG:colcon.colcon_core.package_identification:Package 'src/naima_ublox_gps/ublox_serialization' with type 'ros.ament_cmake' and name 'ublox_serialization'
[0.309s] Level 1:colcon.colcon_core.package_identification:_identify(src/zed-ros2-examples) by extensions ['ignore', 'ignore_ament_install']
[0.309s] Level 1:colcon.colcon_core.package_identification:_identify(src/zed-ros2-examples) by extension 'ignore'
[0.309s] Level 1:colcon.colcon_core.package_identification:_identify(src/zed-ros2-examples) by extension 'ignore_ament_install'
[0.309s] Level 1:colcon.colcon_core.package_identification:_identify(src/zed-ros2-examples) by extensions ['colcon_pkg']
[0.309s] Level 1:colcon.colcon_core.package_identification:_identify(src/zed-ros2-examples) by extension 'colcon_pkg'
[0.309s] Level 1:colcon.colcon_core.package_identification:_identify(src/zed-ros2-examples) by extensions ['colcon_meta']
[0.309s] Level 1:colcon.colcon_core.package_identification:_identify(src/zed-ros2-examples) by extension 'colcon_meta'
[0.309s] Level 1:colcon.colcon_core.package_identification:_identify(src/zed-ros2-examples) by extensions ['ros']
[0.309s] Level 1:colcon.colcon_core.package_identification:_identify(src/zed-ros2-examples) by extension 'ros'
[0.309s] Level 1:colcon.colcon_core.package_identification:_identify(src/zed-ros2-examples) by extensions ['cmake', 'python']
[0.309s] Level 1:colcon.colcon_core.package_identification:_identify(src/zed-ros2-examples) by extension 'cmake'
[0.309s] Level 1:colcon.colcon_core.package_identification:_identify(src/zed-ros2-examples) by extension 'python'
[0.309s] Level 1:colcon.colcon_core.package_identification:_identify(src/zed-ros2-examples) by extensions ['python_setup_py']
[0.309s] Level 1:colcon.colcon_core.package_identification:_identify(src/zed-ros2-examples) by extension 'python_setup_py'
[0.309s] Level 1:colcon.colcon_core.package_identification:_identify(src/zed-ros2-examples/examples) by extensions ['ignore', 'ignore_ament_install']
[0.309s] Level 1:colcon.colcon_core.package_identification:_identify(src/zed-ros2-examples/examples) by extension 'ignore'
[0.309s] Level 1:colcon.colcon_core.package_identification:_identify(src/zed-ros2-examples/examples) by extension 'ignore_ament_install'
[0.309s] Level 1:colcon.colcon_core.package_identification:_identify(src/zed-ros2-examples/examples) by extensions ['colcon_pkg']
[0.310s] Level 1:colcon.colcon_core.package_identification:_identify(src/zed-ros2-examples/examples) by extension 'colcon_pkg'
[0.310s] Level 1:colcon.colcon_core.package_identification:_identify(src/zed-ros2-examples/examples) by extensions ['colcon_meta']
[0.310s] Level 1:colcon.colcon_core.package_identification:_identify(src/zed-ros2-examples/examples) by extension 'colcon_meta'
[0.310s] Level 1:colcon.colcon_core.package_identification:_identify(src/zed-ros2-examples/examples) by extensions ['ros']
[0.310s] Level 1:colcon.colcon_core.package_identification:_identify(src/zed-ros2-examples/examples) by extension 'ros'
[0.310s] Level 1:colcon.colcon_core.package_identification:_identify(src/zed-ros2-examples/examples) by extensions ['cmake', 'python']
[0.310s] Level 1:colcon.colcon_core.package_identification:_identify(src/zed-ros2-examples/examples) by extension 'cmake'
[0.310s] Level 1:colcon.colcon_core.package_identification:_identify(src/zed-ros2-examples/examples) by extension 'python'
[0.310s] Level 1:colcon.colcon_core.package_identification:_identify(src/zed-ros2-examples/examples) by extensions ['python_setup_py']
[0.310s] Level 1:colcon.colcon_core.package_identification:_identify(src/zed-ros2-examples/examples) by extension 'python_setup_py'
[0.310s] Level 1:colcon.colcon_core.package_identification:_identify(src/zed-ros2-examples/examples/zed_aruco_localization) by extensions ['ignore', 'ignore_ament_install']
[0.310s] Level 1:colcon.colcon_core.package_identification:_identify(src/zed-ros2-examples/examples/zed_aruco_localization) by extension 'ignore'
[0.310s] Level 1:colcon.colcon_core.package_identification:_identify(src/zed-ros2-examples/examples/zed_aruco_localization) by extension 'ignore_ament_install'
[0.310s] Level 1:colcon.colcon_core.package_identification:_identify(src/zed-ros2-examples/examples/zed_aruco_localization) by extensions ['colcon_pkg']
[0.310s] Level 1:colcon.colcon_core.package_identification:_identify(src/zed-ros2-examples/examples/zed_aruco_localization) by extension 'colcon_pkg'
[0.310s] Level 1:colcon.colcon_core.package_identification:_identify(src/zed-ros2-examples/examples/zed_aruco_localization) by extensions ['colcon_meta']
[0.310s] Level 1:colcon.colcon_core.package_identification:_identify(src/zed-ros2-examples/examples/zed_aruco_localization) by extension 'colcon_meta'
[0.310s] Level 1:colcon.colcon_core.package_identification:_identify(src/zed-ros2-examples/examples/zed_aruco_localization) by extensions ['ros']
[0.310s] Level 1:colcon.colcon_core.package_identification:_identify(src/zed-ros2-examples/examples/zed_aruco_localization) by extension 'ros'
[0.311s] DEBUG:colcon.colcon_core.package_identification:Package 'src/zed-ros2-examples/examples/zed_aruco_localization' with type 'ros.ament_cmake' and name 'zed_aruco_localization'
[0.311s] Level 1:colcon.colcon_core.package_identification:_identify(src/zed-ros2-examples/examples/zed_depth_to_laserscan) by extensions ['ignore', 'ignore_ament_install']
[0.311s] Level 1:colcon.colcon_core.package_identification:_identify(src/zed-ros2-examples/examples/zed_depth_to_laserscan) by extension 'ignore'
[0.311s] Level 1:colcon.colcon_core.package_identification:_identify(src/zed-ros2-examples/examples/zed_depth_to_laserscan) by extension 'ignore_ament_install'
[0.311s] Level 1:colcon.colcon_core.package_identification:_identify(src/zed-ros2-examples/examples/zed_depth_to_laserscan) by extensions ['colcon_pkg']
[0.311s] Level 1:colcon.colcon_core.package_identification:_identify(src/zed-ros2-examples/examples/zed_depth_to_laserscan) by extension 'colcon_pkg'
[0.311s] Level 1:colcon.colcon_core.package_identification:_identify(src/zed-ros2-examples/examples/zed_depth_to_laserscan) by extensions ['colcon_meta']
[0.311s] Level 1:colcon.colcon_core.package_identification:_identify(src/zed-ros2-examples/examples/zed_depth_to_laserscan) by extension 'colcon_meta'
[0.311s] Level 1:colcon.colcon_core.package_identification:_identify(src/zed-ros2-examples/examples/zed_depth_to_laserscan) by extensions ['ros']
[0.311s] Level 1:colcon.colcon_core.package_identification:_identify(src/zed-ros2-examples/examples/zed_depth_to_laserscan) by extension 'ros'
[0.312s] DEBUG:colcon.colcon_core.package_identification:Package 'src/zed-ros2-examples/examples/zed_depth_to_laserscan' with type 'ros.ament_cmake' and name 'zed_depth_to_laserscan'
[0.312s] Level 1:colcon.colcon_core.package_identification:_identify(src/zed-ros2-examples/images) by extensions ['ignore', 'ignore_ament_install']
[0.312s] Level 1:colcon.colcon_core.package_identification:_identify(src/zed-ros2-examples/images) by extension 'ignore'
[0.312s] Level 1:colcon.colcon_core.package_identification:_identify(src/zed-ros2-examples/images) by extension 'ignore_ament_install'
[0.312s] Level 1:colcon.colcon_core.package_identification:_identify(src/zed-ros2-examples/images) by extensions ['colcon_pkg']
[0.312s] Level 1:colcon.colcon_core.package_identification:_identify(src/zed-ros2-examples/images) by extension 'colcon_pkg'
[0.312s] Level 1:colcon.colcon_core.package_identification:_identify(src/zed-ros2-examples/images) by extensions ['colcon_meta']
[0.312s] Level 1:colcon.colcon_core.package_identification:_identify(src/zed-ros2-examples/images) by extension 'colcon_meta'
[0.312s] Level 1:colcon.colcon_core.package_identification:_identify(src/zed-ros2-examples/images) by extensions ['ros']
[0.312s] Level 1:colcon.colcon_core.package_identification:_identify(src/zed-ros2-examples/images) by extension 'ros'
[0.313s] Level 1:colcon.colcon_core.package_identification:_identify(src/zed-ros2-examples/images) by extensions ['cmake', 'python']
[0.313s] Level 1:colcon.colcon_core.package_identification:_identify(src/zed-ros2-examples/images) by extension 'cmake'
[0.313s] Level 1:colcon.colcon_core.package_identification:_identify(src/zed-ros2-examples/images) by extension 'python'
[0.313s] Level 1:colcon.colcon_core.package_identification:_identify(src/zed-ros2-examples/images) by extensions ['python_setup_py']
[0.313s] Level 1:colcon.colcon_core.package_identification:_identify(src/zed-ros2-examples/images) by extension 'python_setup_py'
[0.313s] Level 1:colcon.colcon_core.package_identification:_identify(src/zed-ros2-examples/rviz-plugin-zed-od) by extensions ['ignore', 'ignore_ament_install']
[0.313s] Level 1:colcon.colcon_core.package_identification:_identify(src/zed-ros2-examples/rviz-plugin-zed-od) by extension 'ignore'
[0.313s] Level 1:colcon.colcon_core.package_identification:_identify(src/zed-ros2-examples/rviz-plugin-zed-od) by extension 'ignore_ament_install'
[0.313s] Level 1:colcon.colcon_core.package_identification:_identify(src/zed-ros2-examples/rviz-plugin-zed-od) by extensions ['colcon_pkg']
[0.313s] Level 1:colcon.colcon_core.package_identification:_identify(src/zed-ros2-examples/rviz-plugin-zed-od) by extension 'colcon_pkg'
[0.313s] Level 1:colcon.colcon_core.package_identification:_identify(src/zed-ros2-examples/rviz-plugin-zed-od) by extensions ['colcon_meta']
[0.313s] Level 1:colcon.colcon_core.package_identification:_identify(src/zed-ros2-examples/rviz-plugin-zed-od) by extension 'colcon_meta'
[0.313s] Level 1:colcon.colcon_core.package_identification:_identify(src/zed-ros2-examples/rviz-plugin-zed-od) by extensions ['ros']
[0.313s] Level 1:colcon.colcon_core.package_identification:_identify(src/zed-ros2-examples/rviz-plugin-zed-od) by extension 'ros'
[0.314s] DEBUG:colcon.colcon_core.package_identification:Package 'src/zed-ros2-examples/rviz-plugin-zed-od' with type 'ros.ament_cmake' and name 'rviz_plugin_zed_od'
[0.314s] Level 1:colcon.colcon_core.package_identification:_identify(src/zed-ros2-examples/tools) by extensions ['ignore', 'ignore_ament_install']
[0.314s] Level 1:colcon.colcon_core.package_identification:_identify(src/zed-ros2-examples/tools) by extension 'ignore'
[0.314s] Level 1:colcon.colcon_core.package_identification:_identify(src/zed-ros2-examples/tools) by extension 'ignore_ament_install'
[0.314s] Level 1:colcon.colcon_core.package_identification:_identify(src/zed-ros2-examples/tools) by extensions ['colcon_pkg']
[0.314s] Level 1:colcon.colcon_core.package_identification:_identify(src/zed-ros2-examples/tools) by extension 'colcon_pkg'
[0.314s] Level 1:colcon.colcon_core.package_identification:_identify(src/zed-ros2-examples/tools) by extensions ['colcon_meta']
[0.314s] Level 1:colcon.colcon_core.package_identification:_identify(src/zed-ros2-examples/tools) by extension 'colcon_meta'
[0.314s] Level 1:colcon.colcon_core.package_identification:_identify(src/zed-ros2-examples/tools) by extensions ['ros']
[0.314s] Level 1:colcon.colcon_core.package_identification:_identify(src/zed-ros2-examples/tools) by extension 'ros'
[0.314s] Level 1:colcon.colcon_core.package_identification:_identify(src/zed-ros2-examples/tools) by extensions ['cmake', 'python']
[0.314s] Level 1:colcon.colcon_core.package_identification:_identify(src/zed-ros2-examples/tools) by extension 'cmake'
[0.314s] Level 1:colcon.colcon_core.package_identification:_identify(src/zed-ros2-examples/tools) by extension 'python'
[0.314s] Level 1:colcon.colcon_core.package_identification:_identify(src/zed-ros2-examples/tools) by extensions ['python_setup_py']
[0.314s] Level 1:colcon.colcon_core.package_identification:_identify(src/zed-ros2-examples/tools) by extension 'python_setup_py'
[0.314s] Level 1:colcon.colcon_core.package_identification:_identify(src/zed-ros2-examples/tools/zed_benchmark) by extensions ['ignore', 'ignore_ament_install']
[0.314s] Level 1:colcon.colcon_core.package_identification:_identify(src/zed-ros2-examples/tools/zed_benchmark) by extension 'ignore'
[0.315s] Level 1:colcon.colcon_core.package_identification:_identify(src/zed-ros2-examples/tools/zed_benchmark) by extension 'ignore_ament_install'
[0.315s] Level 1:colcon.colcon_core.package_identification:_identify(src/zed-ros2-examples/tools/zed_benchmark) by extensions ['colcon_pkg']
[0.315s] Level 1:colcon.colcon_core.package_identification:_identify(src/zed-ros2-examples/tools/zed_benchmark) by extension 'colcon_pkg'
[0.315s] Level 1:colcon.colcon_core.package_identification:_identify(src/zed-ros2-examples/tools/zed_benchmark) by extensions ['colcon_meta']
[0.315s] Level 1:colcon.colcon_core.package_identification:_identify(src/zed-ros2-examples/tools/zed_benchmark) by extension 'colcon_meta'
[0.315s] Level 1:colcon.colcon_core.package_identification:_identify(src/zed-ros2-examples/tools/zed_benchmark) by extensions ['ros']
[0.315s] Level 1:colcon.colcon_core.package_identification:_identify(src/zed-ros2-examples/tools/zed_benchmark) by extension 'ros'
[0.315s] DEBUG:colcon.colcon_core.package_identification:Package 'src/zed-ros2-examples/tools/zed_benchmark' with type 'ros.ament_cmake' and name 'zed_topic_benchmark'
[0.315s] Level 1:colcon.colcon_core.package_identification:_identify(src/zed-ros2-examples/tools/zed_benchmark_component) by extensions ['ignore', 'ignore_ament_install']
[0.315s] Level 1:colcon.colcon_core.package_identification:_identify(src/zed-ros2-examples/tools/zed_benchmark_component) by extension 'ignore'
[0.315s] Level 1:colcon.colcon_core.package_identification:_identify(src/zed-ros2-examples/tools/zed_benchmark_component) by extension 'ignore_ament_install'
[0.315s] Level 1:colcon.colcon_core.package_identification:_identify(src/zed-ros2-examples/tools/zed_benchmark_component) by extensions ['colcon_pkg']
[0.315s] Level 1:colcon.colcon_core.package_identification:_identify(src/zed-ros2-examples/tools/zed_benchmark_component) by extension 'colcon_pkg'
[0.316s] Level 1:colcon.colcon_core.package_identification:_identify(src/zed-ros2-examples/tools/zed_benchmark_component) by extensions ['colcon_meta']
[0.316s] Level 1:colcon.colcon_core.package_identification:_identify(src/zed-ros2-examples/tools/zed_benchmark_component) by extension 'colcon_meta'
[0.316s] Level 1:colcon.colcon_core.package_identification:_identify(src/zed-ros2-examples/tools/zed_benchmark_component) by extensions ['ros']
[0.316s] Level 1:colcon.colcon_core.package_identification:_identify(src/zed-ros2-examples/tools/zed_benchmark_component) by extension 'ros'
[0.316s] DEBUG:colcon.colcon_core.package_identification:Package 'src/zed-ros2-examples/tools/zed_benchmark_component' with type 'ros.ament_cmake' and name 'zed_topic_benchmark_component'
[0.316s] Level 1:colcon.colcon_core.package_identification:_identify(src/zed-ros2-examples/tools/zed_benchmark_interfaces) by extensions ['ignore', 'ignore_ament_install']
[0.316s] Level 1:colcon.colcon_core.package_identification:_identify(src/zed-ros2-examples/tools/zed_benchmark_interfaces) by extension 'ignore'
[0.316s] Level 1:colcon.colcon_core.package_identification:_identify(src/zed-ros2-examples/tools/zed_benchmark_interfaces) by extension 'ignore_ament_install'
[0.316s] Level 1:colcon.colcon_core.package_identification:_identify(src/zed-ros2-examples/tools/zed_benchmark_interfaces) by extensions ['colcon_pkg']
[0.316s] Level 1:colcon.colcon_core.package_identification:_identify(src/zed-ros2-examples/tools/zed_benchmark_interfaces) by extension 'colcon_pkg'
[0.316s] Level 1:colcon.colcon_core.package_identification:_identify(src/zed-ros2-examples/tools/zed_benchmark_interfaces) by extensions ['colcon_meta']
[0.316s] Level 1:colcon.colcon_core.package_identification:_identify(src/zed-ros2-examples/tools/zed_benchmark_interfaces) by extension 'colcon_meta'
[0.316s] Level 1:colcon.colcon_core.package_identification:_identify(src/zed-ros2-examples/tools/zed_benchmark_interfaces) by extensions ['ros']
[0.317s] Level 1:colcon.colcon_core.package_identification:_identify(src/zed-ros2-examples/tools/zed_benchmark_interfaces) by extension 'ros'
[0.317s] DEBUG:colcon.colcon_core.package_identification:Package 'src/zed-ros2-examples/tools/zed_benchmark_interfaces' with type 'ros.ament_cmake' and name 'zed_topic_benchmark_interfaces'
[0.317s] Level 1:colcon.colcon_core.package_identification:_identify(src/zed-ros2-examples/tutorials) by extensions ['ignore', 'ignore_ament_install']
[0.317s] Level 1:colcon.colcon_core.package_identification:_identify(src/zed-ros2-examples/tutorials) by extension 'ignore'
[0.317s] Level 1:colcon.colcon_core.package_identification:_identify(src/zed-ros2-examples/tutorials) by extension 'ignore_ament_install'
[0.317s] Level 1:colcon.colcon_core.package_identification:_identify(src/zed-ros2-examples/tutorials) by extensions ['colcon_pkg']
[0.317s] Level 1:colcon.colcon_core.package_identification:_identify(src/zed-ros2-examples/tutorials) by extension 'colcon_pkg'
[0.317s] Level 1:colcon.colcon_core.package_identification:_identify(src/zed-ros2-examples/tutorials) by extensions ['colcon_meta']
[0.317s] Level 1:colcon.colcon_core.package_identification:_identify(src/zed-ros2-examples/tutorials) by extension 'colcon_meta'
[0.317s] Level 1:colcon.colcon_core.package_identification:_identify(src/zed-ros2-examples/tutorials) by extensions ['ros']
[0.318s] Level 1:colcon.colcon_core.package_identification:_identify(src/zed-ros2-examples/tutorials) by extension 'ros'
[0.318s] Level 1:colcon.colcon_core.package_identification:_identify(src/zed-ros2-examples/tutorials) by extensions ['cmake', 'python']
[0.318s] Level 1:colcon.colcon_core.package_identification:_identify(src/zed-ros2-examples/tutorials) by extension 'cmake'
[0.318s] Level 1:colcon.colcon_core.package_identification:_identify(src/zed-ros2-examples/tutorials) by extension 'python'
[0.318s] Level 1:colcon.colcon_core.package_identification:_identify(src/zed-ros2-examples/tutorials) by extensions ['python_setup_py']
[0.318s] Level 1:colcon.colcon_core.package_identification:_identify(src/zed-ros2-examples/tutorials) by extension 'python_setup_py'
[0.318s] Level 1:colcon.colcon_core.package_identification:_identify(src/zed-ros2-examples/tutorials/zed_depth_tutorial) by extensions ['ignore', 'ignore_ament_install']
[0.318s] Level 1:colcon.colcon_core.package_identification:_identify(src/zed-ros2-examples/tutorials/zed_depth_tutorial) by extension 'ignore'
[0.318s] Level 1:colcon.colcon_core.package_identification:_identify(src/zed-ros2-examples/tutorials/zed_depth_tutorial) by extension 'ignore_ament_install'
[0.318s] Level 1:colcon.colcon_core.package_identification:_identify(src/zed-ros2-examples/tutorials/zed_depth_tutorial) by extensions ['colcon_pkg']
[0.318s] Level 1:colcon.colcon_core.package_identification:_identify(src/zed-ros2-examples/tutorials/zed_depth_tutorial) by extension 'colcon_pkg'
[0.318s] Level 1:colcon.colcon_core.package_identification:_identify(src/zed-ros2-examples/tutorials/zed_depth_tutorial) by extensions ['colcon_meta']
[0.318s] Level 1:colcon.colcon_core.package_identification:_identify(src/zed-ros2-examples/tutorials/zed_depth_tutorial) by extension 'colcon_meta'
[0.318s] Level 1:colcon.colcon_core.package_identification:_identify(src/zed-ros2-examples/tutorials/zed_depth_tutorial) by extensions ['ros']
[0.318s] Level 1:colcon.colcon_core.package_identification:_identify(src/zed-ros2-examples/tutorials/zed_depth_tutorial) by extension 'ros'
[0.319s] DEBUG:colcon.colcon_core.package_identification:Package 'src/zed-ros2-examples/tutorials/zed_depth_tutorial' with type 'ros.ament_cmake' and name 'zed_tutorial_depth'
[0.319s] Level 1:colcon.colcon_core.package_identification:_identify(src/zed-ros2-examples/tutorials/zed_ipc) by extensions ['ignore', 'ignore_ament_install']
[0.319s] Level 1:colcon.colcon_core.package_identification:_identify(src/zed-ros2-examples/tutorials/zed_ipc) by extension 'ignore'
[0.319s] Level 1:colcon.colcon_core.package_identification:_identify(src/zed-ros2-examples/tutorials/zed_ipc) by extension 'ignore_ament_install'
[0.319s] Level 1:colcon.colcon_core.package_identification:_identify(src/zed-ros2-examples/tutorials/zed_ipc) by extensions ['colcon_pkg']
[0.319s] Level 1:colcon.colcon_core.package_identification:_identify(src/zed-ros2-examples/tutorials/zed_ipc) by extension 'colcon_pkg'
[0.319s] Level 1:colcon.colcon_core.package_identification:_identify(src/zed-ros2-examples/tutorials/zed_ipc) by extensions ['colcon_meta']
[0.319s] Level 1:colcon.colcon_core.package_identification:_identify(src/zed-ros2-examples/tutorials/zed_ipc) by extension 'colcon_meta'
[0.319s] Level 1:colcon.colcon_core.package_identification:_identify(src/zed-ros2-examples/tutorials/zed_ipc) by extensions ['ros']
[0.319s] Level 1:colcon.colcon_core.package_identification:_identify(src/zed-ros2-examples/tutorials/zed_ipc) by extension 'ros'
[0.320s] DEBUG:colcon.colcon_core.package_identification:Package 'src/zed-ros2-examples/tutorials/zed_ipc' with type 'ros.ament_cmake' and name 'zed_ipc'
[0.320s] Level 1:colcon.colcon_core.package_identification:_identify(src/zed-ros2-examples/tutorials/zed_multi_camera) by extensions ['ignore', 'ignore_ament_install']
[0.320s] Level 1:colcon.colcon_core.package_identification:_identify(src/zed-ros2-examples/tutorials/zed_multi_camera) by extension 'ignore'
[0.320s] Level 1:colcon.colcon_core.package_identification:_identify(src/zed-ros2-examples/tutorials/zed_multi_camera) by extension 'ignore_ament_install'
[0.320s] Level 1:colcon.colcon_core.package_identification:_identify(src/zed-ros2-examples/tutorials/zed_multi_camera) by extensions ['colcon_pkg']
[0.320s] Level 1:colcon.colcon_core.package_identification:_identify(src/zed-ros2-examples/tutorials/zed_multi_camera) by extension 'colcon_pkg'
[0.320s] Level 1:colcon.colcon_core.package_identification:_identify(src/zed-ros2-examples/tutorials/zed_multi_camera) by extensions ['colcon_meta']
[0.320s] Level 1:colcon.colcon_core.package_identification:_identify(src/zed-ros2-examples/tutorials/zed_multi_camera) by extension 'colcon_meta'
[0.320s] Level 1:colcon.colcon_core.package_identification:_identify(src/zed-ros2-examples/tutorials/zed_multi_camera) by extensions ['ros']
[0.320s] Level 1:colcon.colcon_core.package_identification:_identify(src/zed-ros2-examples/tutorials/zed_multi_camera) by extension 'ros'
[0.321s] DEBUG:colcon.colcon_core.package_identification:Package 'src/zed-ros2-examples/tutorials/zed_multi_camera' with type 'ros.ament_cmake' and name 'zed_multi_camera'
[0.321s] Level 1:colcon.colcon_core.package_identification:_identify(src/zed-ros2-examples/tutorials/zed_pose_tutorial) by extensions ['ignore', 'ignore_ament_install']
[0.321s] Level 1:colcon.colcon_core.package_identification:_identify(src/zed-ros2-examples/tutorials/zed_pose_tutorial) by extension 'ignore'
[0.321s] Level 1:colcon.colcon_core.package_identification:_identify(src/zed-ros2-examples/tutorials/zed_pose_tutorial) by extension 'ignore_ament_install'
[0.321s] Level 1:colcon.colcon_core.package_identification:_identify(src/zed-ros2-examples/tutorials/zed_pose_tutorial) by extensions ['colcon_pkg']
[0.321s] Level 1:colcon.colcon_core.package_identification:_identify(src/zed-ros2-examples/tutorials/zed_pose_tutorial) by extension 'colcon_pkg'
[0.321s] Level 1:colcon.colcon_core.package_identification:_identify(src/zed-ros2-examples/tutorials/zed_pose_tutorial) by extensions ['colcon_meta']
[0.321s] Level 1:colcon.colcon_core.package_identification:_identify(src/zed-ros2-examples/tutorials/zed_pose_tutorial) by extension 'colcon_meta'
[0.321s] Level 1:colcon.colcon_core.package_identification:_identify(src/zed-ros2-examples/tutorials/zed_pose_tutorial) by extensions ['ros']
[0.321s] Level 1:colcon.colcon_core.package_identification:_identify(src/zed-ros2-examples/tutorials/zed_pose_tutorial) by extension 'ros'
[0.322s] DEBUG:colcon.colcon_core.package_identification:Package 'src/zed-ros2-examples/tutorials/zed_pose_tutorial' with type 'ros.ament_cmake' and name 'zed_tutorial_pos_tracking'
[0.322s] Level 1:colcon.colcon_core.package_identification:_identify(src/zed-ros2-examples/tutorials/zed_rgb_convert) by extensions ['ignore', 'ignore_ament_install']
[0.322s] Level 1:colcon.colcon_core.package_identification:_identify(src/zed-ros2-examples/tutorials/zed_rgb_convert) by extension 'ignore'
[0.322s] Level 1:colcon.colcon_core.package_identification:_identify(src/zed-ros2-examples/tutorials/zed_rgb_convert) by extension 'ignore_ament_install'
[0.322s] Level 1:colcon.colcon_core.package_identification:_identify(src/zed-ros2-examples/tutorials/zed_rgb_convert) by extensions ['colcon_pkg']
[0.322s] Level 1:colcon.colcon_core.package_identification:_identify(src/zed-ros2-examples/tutorials/zed_rgb_convert) by extension 'colcon_pkg'
[0.322s] Level 1:colcon.colcon_core.package_identification:_identify(src/zed-ros2-examples/tutorials/zed_rgb_convert) by extensions ['colcon_meta']
[0.322s] Level 1:colcon.colcon_core.package_identification:_identify(src/zed-ros2-examples/tutorials/zed_rgb_convert) by extension 'colcon_meta'
[0.322s] Level 1:colcon.colcon_core.package_identification:_identify(src/zed-ros2-examples/tutorials/zed_rgb_convert) by extensions ['ros']
[0.322s] Level 1:colcon.colcon_core.package_identification:_identify(src/zed-ros2-examples/tutorials/zed_rgb_convert) by extension 'ros'
[0.323s] DEBUG:colcon.colcon_core.package_identification:Package 'src/zed-ros2-examples/tutorials/zed_rgb_convert' with type 'ros.ament_cmake' and name 'zed_rgb_convert'
[0.323s] Level 1:colcon.colcon_core.package_identification:_identify(src/zed-ros2-examples/tutorials/zed_robot_integration) by extensions ['ignore', 'ignore_ament_install']
[0.323s] Level 1:colcon.colcon_core.package_identification:_identify(src/zed-ros2-examples/tutorials/zed_robot_integration) by extension 'ignore'
[0.323s] Level 1:colcon.colcon_core.package_identification:_identify(src/zed-ros2-examples/tutorials/zed_robot_integration) by extension 'ignore_ament_install'
[0.323s] Level 1:colcon.colcon_core.package_identification:_identify(src/zed-ros2-examples/tutorials/zed_robot_integration) by extensions ['colcon_pkg']
[0.323s] Level 1:colcon.colcon_core.package_identification:_identify(src/zed-ros2-examples/tutorials/zed_robot_integration) by extension 'colcon_pkg'
[0.323s] Level 1:colcon.colcon_core.package_identification:_identify(src/zed-ros2-examples/tutorials/zed_robot_integration) by extensions ['colcon_meta']
[0.323s] Level 1:colcon.colcon_core.package_identification:_identify(src/zed-ros2-examples/tutorials/zed_robot_integration) by extension 'colcon_meta'
[0.323s] Level 1:colcon.colcon_core.package_identification:_identify(src/zed-ros2-examples/tutorials/zed_robot_integration) by extensions ['ros']
[0.323s] Level 1:colcon.colcon_core.package_identification:_identify(src/zed-ros2-examples/tutorials/zed_robot_integration) by extension 'ros'
[0.324s] DEBUG:colcon.colcon_core.package_identification:Package 'src/zed-ros2-examples/tutorials/zed_robot_integration' with type 'ros.ament_cmake' and name 'zed_robot_integration'
[0.324s] Level 1:colcon.colcon_core.package_identification:_identify(src/zed-ros2-examples/tutorials/zed_video_tutorial) by extensions ['ignore', 'ignore_ament_install']
[0.324s] Level 1:colcon.colcon_core.package_identification:_identify(src/zed-ros2-examples/tutorials/zed_video_tutorial) by extension 'ignore'
[0.324s] Level 1:colcon.colcon_core.package_identification:_identify(src/zed-ros2-examples/tutorials/zed_video_tutorial) by extension 'ignore_ament_install'
[0.324s] Level 1:colcon.colcon_core.package_identification:_identify(src/zed-ros2-examples/tutorials/zed_video_tutorial) by extensions ['colcon_pkg']
[0.324s] Level 1:colcon.colcon_core.package_identification:_identify(src/zed-ros2-examples/tutorials/zed_video_tutorial) by extension 'colcon_pkg'
[0.324s] Level 1:colcon.colcon_core.package_identification:_identify(src/zed-ros2-examples/tutorials/zed_video_tutorial) by extensions ['colcon_meta']
[0.324s] Level 1:colcon.colcon_core.package_identification:_identify(src/zed-ros2-examples/tutorials/zed_video_tutorial) by extension 'colcon_meta'
[0.324s] Level 1:colcon.colcon_core.package_identification:_identify(src/zed-ros2-examples/tutorials/zed_video_tutorial) by extensions ['ros']
[0.324s] Level 1:colcon.colcon_core.package_identification:_identify(src/zed-ros2-examples/tutorials/zed_video_tutorial) by extension 'ros'
[0.325s] DEBUG:colcon.colcon_core.package_identification:Package 'src/zed-ros2-examples/tutorials/zed_video_tutorial' with type 'ros.ament_cmake' and name 'zed_tutorial_video'
[0.325s] Level 1:colcon.colcon_core.package_identification:_identify(src/zed-ros2-examples/zed_display_rviz2) by extensions ['ignore', 'ignore_ament_install']
[0.325s] Level 1:colcon.colcon_core.package_identification:_identify(src/zed-ros2-examples/zed_display_rviz2) by extension 'ignore'
[0.325s] Level 1:colcon.colcon_core.package_identification:_identify(src/zed-ros2-examples/zed_display_rviz2) by extension 'ignore_ament_install'
[0.325s] Level 1:colcon.colcon_core.package_identification:_identify(src/zed-ros2-examples/zed_display_rviz2) by extensions ['colcon_pkg']
[0.325s] Level 1:colcon.colcon_core.package_identification:_identify(src/zed-ros2-examples/zed_display_rviz2) by extension 'colcon_pkg'
[0.325s] Level 1:colcon.colcon_core.package_identification:_identify(src/zed-ros2-examples/zed_display_rviz2) by extensions ['colcon_meta']
[0.325s] Level 1:colcon.colcon_core.package_identification:_identify(src/zed-ros2-examples/zed_display_rviz2) by extension 'colcon_meta'
[0.325s] Level 1:colcon.colcon_core.package_identification:_identify(src/zed-ros2-examples/zed_display_rviz2) by extensions ['ros']
[0.325s] Level 1:colcon.colcon_core.package_identification:_identify(src/zed-ros2-examples/zed_display_rviz2) by extension 'ros'
[0.326s] DEBUG:colcon.colcon_core.package_identification:Package 'src/zed-ros2-examples/zed_display_rviz2' with type 'ros.ament_cmake' and name 'zed_display_rviz2'
[0.326s] Level 1:colcon.colcon_core.package_identification:_identify(src/zed-ros2-wrapper) by extensions ['ignore', 'ignore_ament_install']
[0.326s] Level 1:colcon.colcon_core.package_identification:_identify(src/zed-ros2-wrapper) by extension 'ignore'
[0.326s] Level 1:colcon.colcon_core.package_identification:_identify(src/zed-ros2-wrapper) by extension 'ignore_ament_install'
[0.326s] Level 1:colcon.colcon_core.package_identification:_identify(src/zed-ros2-wrapper) by extensions ['colcon_pkg']
[0.326s] Level 1:colcon.colcon_core.package_identification:_identify(src/zed-ros2-wrapper) by extension 'colcon_pkg'
[0.326s] Level 1:colcon.colcon_core.package_identification:_identify(src/zed-ros2-wrapper) by extensions ['colcon_meta']
[0.326s] Level 1:colcon.colcon_core.package_identification:_identify(src/zed-ros2-wrapper) by extension 'colcon_meta'
[0.326s] Level 1:colcon.colcon_core.package_identification:_identify(src/zed-ros2-wrapper) by extensions ['ros']
[0.326s] Level 1:colcon.colcon_core.package_identification:_identify(src/zed-ros2-wrapper) by extension 'ros'
[0.326s] Level 1:colcon.colcon_core.package_identification:_identify(src/zed-ros2-wrapper) by extensions ['cmake', 'python']
[0.326s] Level 1:colcon.colcon_core.package_identification:_identify(src/zed-ros2-wrapper) by extension 'cmake'
[0.326s] Level 1:colcon.colcon_core.package_identification:_identify(src/zed-ros2-wrapper) by extension 'python'
[0.326s] Level 1:colcon.colcon_core.package_identification:_identify(src/zed-ros2-wrapper) by extensions ['python_setup_py']
[0.326s] Level 1:colcon.colcon_core.package_identification:_identify(src/zed-ros2-wrapper) by extension 'python_setup_py'
[0.326s] Level 1:colcon.colcon_core.package_identification:_identify(src/zed-ros2-wrapper/docker) by extensions ['ignore', 'ignore_ament_install']
[0.326s] Level 1:colcon.colcon_core.package_identification:_identify(src/zed-ros2-wrapper/docker) by extension 'ignore'
[0.326s] Level 1:colcon.colcon_core.package_identification:_identify(src/zed-ros2-wrapper/docker) by extension 'ignore_ament_install'
[0.326s] Level 1:colcon.colcon_core.package_identification:_identify(src/zed-ros2-wrapper/docker) by extensions ['colcon_pkg']
[0.326s] Level 1:colcon.colcon_core.package_identification:_identify(src/zed-ros2-wrapper/docker) by extension 'colcon_pkg'
[0.326s] Level 1:colcon.colcon_core.package_identification:_identify(src/zed-ros2-wrapper/docker) by extensions ['colcon_meta']
[0.327s] Level 1:colcon.colcon_core.package_identification:_identify(src/zed-ros2-wrapper/docker) by extension 'colcon_meta'
[0.327s] Level 1:colcon.colcon_core.package_identification:_identify(src/zed-ros2-wrapper/docker) by extensions ['ros']
[0.327s] Level 1:colcon.colcon_core.package_identification:_identify(src/zed-ros2-wrapper/docker) by extension 'ros'
[0.327s] Level 1:colcon.colcon_core.package_identification:_identify(src/zed-ros2-wrapper/docker) by extensions ['cmake', 'python']
[0.327s] Level 1:colcon.colcon_core.package_identification:_identify(src/zed-ros2-wrapper/docker) by extension 'cmake'
[0.327s] Level 1:colcon.colcon_core.package_identification:_identify(src/zed-ros2-wrapper/docker) by extension 'python'
[0.327s] Level 1:colcon.colcon_core.package_identification:_identify(src/zed-ros2-wrapper/docker) by extensions ['python_setup_py']
[0.327s] Level 1:colcon.colcon_core.package_identification:_identify(src/zed-ros2-wrapper/docker) by extension 'python_setup_py'
[0.327s] Level 1:colcon.colcon_core.package_identification:_identify(src/zed-ros2-wrapper/images) by extensions ['ignore', 'ignore_ament_install']
[0.327s] Level 1:colcon.colcon_core.package_identification:_identify(src/zed-ros2-wrapper/images) by extension 'ignore'
[0.327s] Level 1:colcon.colcon_core.package_identification:_identify(src/zed-ros2-wrapper/images) by extension 'ignore_ament_install'
[0.327s] Level 1:colcon.colcon_core.package_identification:_identify(src/zed-ros2-wrapper/images) by extensions ['colcon_pkg']
[0.327s] Level 1:colcon.colcon_core.package_identification:_identify(src/zed-ros2-wrapper/images) by extension 'colcon_pkg'
[0.327s] Level 1:colcon.colcon_core.package_identification:_identify(src/zed-ros2-wrapper/images) by extensions ['colcon_meta']
[0.327s] Level 1:colcon.colcon_core.package_identification:_identify(src/zed-ros2-wrapper/images) by extension 'colcon_meta'
[0.327s] Level 1:colcon.colcon_core.package_identification:_identify(src/zed-ros2-wrapper/images) by extensions ['ros']
[0.327s] Level 1:colcon.colcon_core.package_identification:_identify(src/zed-ros2-wrapper/images) by extension 'ros'
[0.327s] Level 1:colcon.colcon_core.package_identification:_identify(src/zed-ros2-wrapper/images) by extensions ['cmake', 'python']
[0.327s] Level 1:colcon.colcon_core.package_identification:_identify(src/zed-ros2-wrapper/images) by extension 'cmake'
[0.327s] Level 1:colcon.colcon_core.package_identification:_identify(src/zed-ros2-wrapper/images) by extension 'python'
[0.327s] Level 1:colcon.colcon_core.package_identification:_identify(src/zed-ros2-wrapper/images) by extensions ['python_setup_py']
[0.327s] Level 1:colcon.colcon_core.package_identification:_identify(src/zed-ros2-wrapper/images) by extension 'python_setup_py'
[0.327s] Level 1:colcon.colcon_core.package_identification:_identify(src/zed-ros2-wrapper/zed_components) by extensions ['ignore', 'ignore_ament_install']
[0.328s] Level 1:colcon.colcon_core.package_identification:_identify(src/zed-ros2-wrapper/zed_components) by extension 'ignore'
[0.328s] Level 1:colcon.colcon_core.package_identification:_identify(src/zed-ros2-wrapper/zed_components) by extension 'ignore_ament_install'
[0.328s] Level 1:colcon.colcon_core.package_identification:_identify(src/zed-ros2-wrapper/zed_components) by extensions ['colcon_pkg']
[0.328s] Level 1:colcon.colcon_core.package_identification:_identify(src/zed-ros2-wrapper/zed_components) by extension 'colcon_pkg'
[0.328s] Level 1:colcon.colcon_core.package_identification:_identify(src/zed-ros2-wrapper/zed_components) by extensions ['colcon_meta']
[0.328s] Level 1:colcon.colcon_core.package_identification:_identify(src/zed-ros2-wrapper/zed_components) by extension 'colcon_meta'
[0.328s] Level 1:colcon.colcon_core.package_identification:_identify(src/zed-ros2-wrapper/zed_components) by extensions ['ros']
[0.328s] Level 1:colcon.colcon_core.package_identification:_identify(src/zed-ros2-wrapper/zed_components) by extension 'ros'
[0.329s] DEBUG:colcon.colcon_core.package_identification:Package 'src/zed-ros2-wrapper/zed_components' with type 'ros.ament_cmake' and name 'zed_components'
[0.329s] Level 1:colcon.colcon_core.package_identification:_identify(src/zed-ros2-wrapper/zed_ros2) by extensions ['ignore', 'ignore_ament_install']
[0.329s] Level 1:colcon.colcon_core.package_identification:_identify(src/zed-ros2-wrapper/zed_ros2) by extension 'ignore'
[0.329s] Level 1:colcon.colcon_core.package_identification:_identify(src/zed-ros2-wrapper/zed_ros2) by extension 'ignore_ament_install'
[0.329s] Level 1:colcon.colcon_core.package_identification:_identify(src/zed-ros2-wrapper/zed_ros2) by extensions ['colcon_pkg']
[0.329s] Level 1:colcon.colcon_core.package_identification:_identify(src/zed-ros2-wrapper/zed_ros2) by extension 'colcon_pkg'
[0.329s] Level 1:colcon.colcon_core.package_identification:_identify(src/zed-ros2-wrapper/zed_ros2) by extensions ['colcon_meta']
[0.329s] Level 1:colcon.colcon_core.package_identification:_identify(src/zed-ros2-wrapper/zed_ros2) by extension 'colcon_meta'
[0.329s] Level 1:colcon.colcon_core.package_identification:_identify(src/zed-ros2-wrapper/zed_ros2) by extensions ['ros']
[0.329s] Level 1:colcon.colcon_core.package_identification:_identify(src/zed-ros2-wrapper/zed_ros2) by extension 'ros'
[0.330s] DEBUG:colcon.colcon_core.package_identification:Package 'src/zed-ros2-wrapper/zed_ros2' with type 'ros.ament_cmake' and name 'zed_ros2'
[0.330s] Level 1:colcon.colcon_core.package_identification:_identify(src/zed-ros2-wrapper/zed_wrapper) by extensions ['ignore', 'ignore_ament_install']
[0.330s] Level 1:colcon.colcon_core.package_identification:_identify(src/zed-ros2-wrapper/zed_wrapper) by extension 'ignore'
[0.330s] Level 1:colcon.colcon_core.package_identification:_identify(src/zed-ros2-wrapper/zed_wrapper) by extension 'ignore_ament_install'
[0.330s] Level 1:colcon.colcon_core.package_identification:_identify(src/zed-ros2-wrapper/zed_wrapper) by extensions ['colcon_pkg']
[0.330s] Level 1:colcon.colcon_core.package_identification:_identify(src/zed-ros2-wrapper/zed_wrapper) by extension 'colcon_pkg'
[0.330s] Level 1:colcon.colcon_core.package_identification:_identify(src/zed-ros2-wrapper/zed_wrapper) by extensions ['colcon_meta']
[0.330s] Level 1:colcon.colcon_core.package_identification:_identify(src/zed-ros2-wrapper/zed_wrapper) by extension 'colcon_meta'
[0.330s] Level 1:colcon.colcon_core.package_identification:_identify(src/zed-ros2-wrapper/zed_wrapper) by extensions ['ros']
[0.330s] Level 1:colcon.colcon_core.package_identification:_identify(src/zed-ros2-wrapper/zed_wrapper) by extension 'ros'
[0.331s] DEBUG:colcon.colcon_core.package_identification:Package 'src/zed-ros2-wrapper/zed_wrapper' with type 'ros.ament_cmake' and name 'zed_wrapper'
[0.331s] Level 1:colcon.colcon_core.package_discovery:discover_packages(recursive) using defaults
[0.331s] Level 1:colcon.colcon_core.package_discovery:discover_packages(ignore) discover
[0.331s] Level 1:colcon.colcon_core.package_discovery:discover_packages(ignore) using defaults
[0.331s] Level 1:colcon.colcon_core.package_discovery:discover_packages(path) discover
[0.331s] Level 1:colcon.colcon_core.package_discovery:discover_packages(path) using defaults
[0.354s] Level 1:colcon.colcon_core.package_discovery:discover_packages(prefix_path) check parameters
[0.354s] Level 1:colcon.colcon_core.package_discovery:discover_packages(prefix_path) discover
[0.357s] DEBUG:colcon.colcon_installed_package_information.package_discovery:Found 437 installed packages in /opt/ros/humble
[0.359s] Level 1:colcon.colcon_core.package_discovery:discover_packages(prefix_path) using defaults
[0.403s] Level 5:colcon.colcon_core.verb:set package 'naima' build argument 'cmake_args' from command line to 'None'
[0.403s] Level 5:colcon.colcon_core.verb:set package 'naima' build argument 'cmake_target' from command line to 'None'
[0.403s] Level 5:colcon.colcon_core.verb:set package 'naima' build argument 'cmake_target_skip_unavailable' from command line to 'False'
[0.403s] Level 5:colcon.colcon_core.verb:set package 'naima' build argument 'cmake_clean_cache' from command line to 'False'
[0.403s] Level 5:colcon.colcon_core.verb:set package 'naima' build argument 'cmake_clean_first' from command line to 'False'
[0.403s] Level 5:colcon.colcon_core.verb:set package 'naima' build argument 'cmake_force_configure' from command line to 'False'
[0.403s] Level 5:colcon.colcon_core.verb:set package 'naima' build argument 'ament_cmake_args' from command line to 'None'
[0.403s] Level 5:colcon.colcon_core.verb:set package 'naima' build argument 'catkin_cmake_args' from command line to 'None'
[0.403s] Level 5:colcon.colcon_core.verb:set package 'naima' build argument 'catkin_skip_building_tests' from command line to 'False'
[0.403s] DEBUG:colcon.colcon_core.verb:Building package 'naima' with the following arguments: {'ament_cmake_args': None, 'build_base': '/home/men3m/Naima/build/naima', 'catkin_cmake_args': None, 'catkin_skip_building_tests': False, 'cmake_args': None, 'cmake_clean_cache': False, 'cmake_clean_first': False, 'cmake_force_configure': False, 'cmake_target': None, 'cmake_target_skip_unavailable': False, 'install_base': '/home/men3m/Naima/install/naima', 'merge_install': False, 'path': '/home/men3m/Naima/src/naima', 'symlink_install': False, 'test_result_base': None}
[0.403s] Level 5:colcon.colcon_core.verb:set package 'naima_bringup' build argument 'cmake_args' from command line to 'None'
[0.403s] Level 5:colcon.colcon_core.verb:set package 'naima_bringup' build argument 'cmake_target' from command line to 'None'
[0.404s] Level 5:colcon.colcon_core.verb:set package 'naima_bringup' build argument 'cmake_target_skip_unavailable' from command line to 'False'
[0.404s] Level 5:colcon.colcon_core.verb:set package 'naima_bringup' build argument 'cmake_clean_cache' from command line to 'False'
[0.404s] Level 5:colcon.colcon_core.verb:set package 'naima_bringup' build argument 'cmake_clean_first' from command line to 'False'
[0.404s] Level 5:colcon.colcon_core.verb:set package 'naima_bringup' build argument 'cmake_force_configure' from command line to 'False'
[0.404s] Level 5:colcon.colcon_core.verb:set package 'naima_bringup' build argument 'ament_cmake_args' from command line to 'None'
[0.404s] Level 5:colcon.colcon_core.verb:set package 'naima_bringup' build argument 'catkin_cmake_args' from command line to 'None'
[0.404s] Level 5:colcon.colcon_core.verb:set package 'naima_bringup' build argument 'catkin_skip_building_tests' from command line to 'False'
[0.404s] DEBUG:colcon.colcon_core.verb:Building package 'naima_bringup' with the following arguments: {'ament_cmake_args': None, 'build_base': '/home/men3m/Naima/build/naima_bringup', 'catkin_cmake_args': None, 'catkin_skip_building_tests': False, 'cmake_args': None, 'cmake_clean_cache': False, 'cmake_clean_first': False, 'cmake_force_configure': False, 'cmake_target': None, 'cmake_target_skip_unavailable': False, 'install_base': '/home/men3m/Naima/install/naima_bringup', 'merge_install': False, 'path': '/home/men3m/Naima/src/naima_bringup', 'symlink_install': False, 'test_result_base': None}
[0.404s] Level 5:colcon.colcon_core.verb:set package 'naima_control' build argument 'cmake_args' from command line to 'None'
[0.404s] Level 5:colcon.colcon_core.verb:set package 'naima_control' build argument 'cmake_target' from command line to 'None'
[0.404s] Level 5:colcon.colcon_core.verb:set package 'naima_control' build argument 'cmake_target_skip_unavailable' from command line to 'False'
[0.404s] Level 5:colcon.colcon_core.verb:set package 'naima_control' build argument 'cmake_clean_cache' from command line to 'False'
[0.404s] Level 5:colcon.colcon_core.verb:set package 'naima_control' build argument 'cmake_clean_first' from command line to 'False'
[0.404s] Level 5:colcon.colcon_core.verb:set package 'naima_control' build argument 'cmake_force_configure' from command line to 'False'
[0.404s] Level 5:colcon.colcon_core.verb:set package 'naima_control' build argument 'ament_cmake_args' from command line to 'None'
[0.404s] Level 5:colcon.colcon_core.verb:set package 'naima_control' build argument 'catkin_cmake_args' from command line to 'None'
[0.404s] Level 5:colcon.colcon_core.verb:set package 'naima_control' build argument 'catkin_skip_building_tests' from command line to 'False'
[0.404s] DEBUG:colcon.colcon_core.verb:Building package 'naima_control' with the following arguments: {'ament_cmake_args': None, 'build_base': '/home/men3m/Naima/build/naima_control', 'catkin_cmake_args': None, 'catkin_skip_building_tests': False, 'cmake_args': None, 'cmake_clean_cache': False, 'cmake_clean_first': False, 'cmake_force_configure': False, 'cmake_target': None, 'cmake_target_skip_unavailable': False, 'install_base': '/home/men3m/Naima/install/naima_control', 'merge_install': False, 'path': '/home/men3m/Naima/src/naima_control', 'symlink_install': False, 'test_result_base': None}
[0.404s] Level 5:colcon.colcon_core.verb:set package 'naima_description' build argument 'cmake_args' from command line to 'None'
[0.404s] Level 5:colcon.colcon_core.verb:set package 'naima_description' build argument 'cmake_target' from command line to 'None'
[0.405s] Level 5:colcon.colcon_core.verb:set package 'naima_description' build argument 'cmake_target_skip_unavailable' from command line to 'False'
[0.405s] Level 5:colcon.colcon_core.verb:set package 'naima_description' build argument 'cmake_clean_cache' from command line to 'False'
[0.405s] Level 5:colcon.colcon_core.verb:set package 'naima_description' build argument 'cmake_clean_first' from command line to 'False'
[0.405s] Level 5:colcon.colcon_core.verb:set package 'naima_description' build argument 'cmake_force_configure' from command line to 'False'
[0.405s] Level 5:colcon.colcon_core.verb:set package 'naima_description' build argument 'ament_cmake_args' from command line to 'None'
[0.405s] Level 5:colcon.colcon_core.verb:set package 'naima_description' build argument 'catkin_cmake_args' from command line to 'None'
[0.405s] Level 5:colcon.colcon_core.verb:set package 'naima_description' build argument 'catkin_skip_building_tests' from command line to 'False'
[0.405s] DEBUG:colcon.colcon_core.verb:Building package 'naima_description' with the following arguments: {'ament_cmake_args': None, 'build_base': '/home/men3m/Naima/build/naima_description', 'catkin_cmake_args': None, 'catkin_skip_building_tests': False, 'cmake_args': None, 'cmake_clean_cache': False, 'cmake_clean_first': False, 'cmake_force_configure': False, 'cmake_target': None, 'cmake_target_skip_unavailable': False, 'install_base': '/home/men3m/Naima/install/naima_description', 'merge_install': False, 'path': '/home/men3m/Naima/src/naima_description', 'symlink_install': False, 'test_result_base': None}
[0.405s] Level 5:colcon.colcon_core.verb:set package 'naima_localization' build argument 'cmake_args' from command line to 'None'
[0.405s] Level 5:colcon.colcon_core.verb:set package 'naima_localization' build argument 'cmake_target' from command line to 'None'
[0.405s] Level 5:colcon.colcon_core.verb:set package 'naima_localization' build argument 'cmake_target_skip_unavailable' from command line to 'False'
[0.405s] Level 5:colcon.colcon_core.verb:set package 'naima_localization' build argument 'cmake_clean_cache' from command line to 'False'
[0.405s] Level 5:colcon.colcon_core.verb:set package 'naima_localization' build argument 'cmake_clean_first' from command line to 'False'
[0.405s] Level 5:colcon.colcon_core.verb:set package 'naima_localization' build argument 'cmake_force_configure' from command line to 'False'
[0.405s] Level 5:colcon.colcon_core.verb:set package 'naima_localization' build argument 'ament_cmake_args' from command line to 'None'
[0.405s] Level 5:colcon.colcon_core.verb:set package 'naima_localization' build argument 'catkin_cmake_args' from command line to 'None'
[0.405s] Level 5:colcon.colcon_core.verb:set package 'naima_localization' build argument 'catkin_skip_building_tests' from command line to 'False'
[0.405s] DEBUG:colcon.colcon_core.verb:Building package 'naima_localization' with the following arguments: {'ament_cmake_args': None, 'build_base': '/home/men3m/Naima/build/naima_localization', 'catkin_cmake_args': None, 'catkin_skip_building_tests': False, 'cmake_args': None, 'cmake_clean_cache': False, 'cmake_clean_first': False, 'cmake_force_configure': False, 'cmake_target': None, 'cmake_target_skip_unavailable': False, 'install_base': '/home/men3m/Naima/install/naima_localization', 'merge_install': False, 'path': '/home/men3m/Naima/src/naima_localization', 'symlink_install': False, 'test_result_base': None}
[0.405s] Level 5:colcon.colcon_core.verb:set package 'naima_mapping' build argument 'cmake_args' from command line to 'None'
[0.405s] Level 5:colcon.colcon_core.verb:set package 'naima_mapping' build argument 'cmake_target' from command line to 'None'
[0.405s] Level 5:colcon.colcon_core.verb:set package 'naima_mapping' build argument 'cmake_target_skip_unavailable' from command line to 'False'
[0.406s] Level 5:colcon.colcon_core.verb:set package 'naima_mapping' build argument 'cmake_clean_cache' from command line to 'False'
[0.406s] Level 5:colcon.colcon_core.verb:set package 'naima_mapping' build argument 'cmake_clean_first' from command line to 'False'
[0.406s] Level 5:colcon.colcon_core.verb:set package 'naima_mapping' build argument 'cmake_force_configure' from command line to 'False'
[0.406s] Level 5:colcon.colcon_core.verb:set package 'naima_mapping' build argument 'ament_cmake_args' from command line to 'None'
[0.406s] Level 5:colcon.colcon_core.verb:set package 'naima_mapping' build argument 'catkin_cmake_args' from command line to 'None'
[0.406s] Level 5:colcon.colcon_core.verb:set package 'naima_mapping' build argument 'catkin_skip_building_tests' from command line to 'False'
[0.406s] DEBUG:colcon.colcon_core.verb:Building package 'naima_mapping' with the following arguments: {'ament_cmake_args': None, 'build_base': '/home/men3m/Naima/build/naima_mapping', 'catkin_cmake_args': None, 'catkin_skip_building_tests': False, 'cmake_args': None, 'cmake_clean_cache': False, 'cmake_clean_first': False, 'cmake_force_configure': False, 'cmake_target': None, 'cmake_target_skip_unavailable': False, 'install_base': '/home/men3m/Naima/install/naima_mapping', 'merge_install': False, 'path': '/home/men3m/Naima/src/naima_mapping', 'symlink_install': False, 'test_result_base': None}
[0.406s] Level 5:colcon.colcon_core.verb:set package 'naima_msgs' build argument 'cmake_args' from command line to 'None'
[0.406s] Level 5:colcon.colcon_core.verb:set package 'naima_msgs' build argument 'cmake_target' from command line to 'None'
[0.406s] Level 5:colcon.colcon_core.verb:set package 'naima_msgs' build argument 'cmake_target_skip_unavailable' from command line to 'False'
[0.406s] Level 5:colcon.colcon_core.verb:set package 'naima_msgs' build argument 'cmake_clean_cache' from command line to 'False'
[0.406s] Level 5:colcon.colcon_core.verb:set package 'naima_msgs' build argument 'cmake_clean_first' from command line to 'False'
[0.406s] Level 5:colcon.colcon_core.verb:set package 'naima_msgs' build argument 'cmake_force_configure' from command line to 'False'
[0.406s] Level 5:colcon.colcon_core.verb:set package 'naima_msgs' build argument 'ament_cmake_args' from command line to 'None'
[0.406s] Level 5:colcon.colcon_core.verb:set package 'naima_msgs' build argument 'catkin_cmake_args' from command line to 'None'
[0.406s] Level 5:colcon.colcon_core.verb:set package 'naima_msgs' build argument 'catkin_skip_building_tests' from command line to 'False'
[0.406s] DEBUG:colcon.colcon_core.verb:Building package 'naima_msgs' with the following arguments: {'ament_cmake_args': None, 'build_base': '/home/men3m/Naima/build/naima_msgs', 'catkin_cmake_args': None, 'catkin_skip_building_tests': False, 'cmake_args': None, 'cmake_clean_cache': False, 'cmake_clean_first': False, 'cmake_force_configure': False, 'cmake_target': None, 'cmake_target_skip_unavailable': False, 'install_base': '/home/men3m/Naima/install/naima_msgs', 'merge_install': False, 'path': '/home/men3m/Naima/src/naima_msgs', 'symlink_install': False, 'test_result_base': None}
[0.406s] Level 5:colcon.colcon_core.verb:set package 'rviz_plugin_zed_od' build argument 'cmake_args' from command line to 'None'
[0.406s] Level 5:colcon.colcon_core.verb:set package 'rviz_plugin_zed_od' build argument 'cmake_target' from command line to 'None'
[0.406s] Level 5:colcon.colcon_core.verb:set package 'rviz_plugin_zed_od' build argument 'cmake_target_skip_unavailable' from command line to 'False'
[0.407s] Level 5:colcon.colcon_core.verb:set package 'rviz_plugin_zed_od' build argument 'cmake_clean_cache' from command line to 'False'
[0.407s] Level 5:colcon.colcon_core.verb:set package 'rviz_plugin_zed_od' build argument 'cmake_clean_first' from command line to 'False'
[0.407s] Level 5:colcon.colcon_core.verb:set package 'rviz_plugin_zed_od' build argument 'cmake_force_configure' from command line to 'False'
[0.407s] Level 5:colcon.colcon_core.verb:set package 'rviz_plugin_zed_od' build argument 'ament_cmake_args' from command line to 'None'
[0.407s] Level 5:colcon.colcon_core.verb:set package 'rviz_plugin_zed_od' build argument 'catkin_cmake_args' from command line to 'None'
[0.407s] Level 5:colcon.colcon_core.verb:set package 'rviz_plugin_zed_od' build argument 'catkin_skip_building_tests' from command line to 'False'
[0.407s] DEBUG:colcon.colcon_core.verb:Building package 'rviz_plugin_zed_od' with the following arguments: {'ament_cmake_args': None, 'build_base': '/home/men3m/Naima/build/rviz_plugin_zed_od', 'catkin_cmake_args': None, 'catkin_skip_building_tests': False, 'cmake_args': None, 'cmake_clean_cache': False, 'cmake_clean_first': False, 'cmake_force_configure': False, 'cmake_target': None, 'cmake_target_skip_unavailable': False, 'install_base': '/home/men3m/Naima/install/rviz_plugin_zed_od', 'merge_install': False, 'path': '/home/men3m/Naima/src/zed-ros2-examples/rviz-plugin-zed-od', 'symlink_install': False, 'test_result_base': None}
[0.407s] Level 5:colcon.colcon_core.verb:set package 'ublox_serialization' build argument 'cmake_args' from command line to 'None'
[0.407s] Level 5:colcon.colcon_core.verb:set package 'ublox_serialization' build argument 'cmake_target' from command line to 'None'
[0.407s] Level 5:colcon.colcon_core.verb:set package 'ublox_serialization' build argument 'cmake_target_skip_unavailable' from command line to 'False'
[0.407s] Level 5:colcon.colcon_core.verb:set package 'ublox_serialization' build argument 'cmake_clean_cache' from command line to 'False'
[0.407s] Level 5:colcon.colcon_core.verb:set package 'ublox_serialization' build argument 'cmake_clean_first' from command line to 'False'
[0.407s] Level 5:colcon.colcon_core.verb:set package 'ublox_serialization' build argument 'cmake_force_configure' from command line to 'False'
[0.407s] Level 5:colcon.colcon_core.verb:set package 'ublox_serialization' build argument 'ament_cmake_args' from command line to 'None'
[0.407s] Level 5:colcon.colcon_core.verb:set package 'ublox_serialization' build argument 'catkin_cmake_args' from command line to 'None'
[0.407s] Level 5:colcon.colcon_core.verb:set package 'ublox_serialization' build argument 'catkin_skip_building_tests' from command line to 'False'
[0.407s] DEBUG:colcon.colcon_core.verb:Building package 'ublox_serialization' with the following arguments: {'ament_cmake_args': None, 'build_base': '/home/men3m/Naima/build/ublox_serialization', 'catkin_cmake_args': None, 'catkin_skip_building_tests': False, 'cmake_args': None, 'cmake_clean_cache': False, 'cmake_clean_first': False, 'cmake_force_configure': False, 'cmake_target': None, 'cmake_target_skip_unavailable': False, 'install_base': '/home/men3m/Naima/install/ublox_serialization', 'merge_install': False, 'path': '/home/men3m/Naima/src/naima_ublox_gps/ublox_serialization', 'symlink_install': False, 'test_result_base': None}
[0.407s] Level 5:colcon.colcon_core.verb:set package 'zed_components' build argument 'cmake_args' from command line to 'None'
[0.407s] Level 5:colcon.colcon_core.verb:set package 'zed_components' build argument 'cmake_target' from command line to 'None'
[0.407s] Level 5:colcon.colcon_core.verb:set package 'zed_components' build argument 'cmake_target_skip_unavailable' from command line to 'False'
[0.407s] Level 5:colcon.colcon_core.verb:set package 'zed_components' build argument 'cmake_clean_cache' from command line to 'False'
[0.407s] Level 5:colcon.colcon_core.verb:set package 'zed_components' build argument 'cmake_clean_first' from command line to 'False'
[0.408s] Level 5:colcon.colcon_core.verb:set package 'zed_components' build argument 'cmake_force_configure' from command line to 'False'
[0.408s] Level 5:colcon.colcon_core.verb:set package 'zed_components' build argument 'ament_cmake_args' from command line to 'None'
[0.408s] Level 5:colcon.colcon_core.verb:set package 'zed_components' build argument 'catkin_cmake_args' from command line to 'None'
[0.408s] Level 5:colcon.colcon_core.verb:set package 'zed_components' build argument 'catkin_skip_building_tests' from command line to 'False'
[0.408s] DEBUG:colcon.colcon_core.verb:Building package 'zed_components' with the following arguments: {'ament_cmake_args': None, 'build_base': '/home/men3m/Naima/build/zed_components', 'catkin_cmake_args': None, 'catkin_skip_building_tests': False, 'cmake_args': None, 'cmake_clean_cache': False, 'cmake_clean_first': False, 'cmake_force_configure': False, 'cmake_target': None, 'cmake_target_skip_unavailable': False, 'install_base': '/home/men3m/Naima/install/zed_components', 'merge_install': False, 'path': '/home/men3m/Naima/src/zed-ros2-wrapper/zed_components', 'symlink_install': False, 'test_result_base': None}
[0.408s] Level 5:colcon.colcon_core.verb:set package 'zed_topic_benchmark_interfaces' build argument 'cmake_args' from command line to 'None'
[0.408s] Level 5:colcon.colcon_core.verb:set package 'zed_topic_benchmark_interfaces' build argument 'cmake_target' from command line to 'None'
[0.408s] Level 5:colcon.colcon_core.verb:set package 'zed_topic_benchmark_interfaces' build argument 'cmake_target_skip_unavailable' from command line to 'False'
[0.408s] Level 5:colcon.colcon_core.verb:set package 'zed_topic_benchmark_interfaces' build argument 'cmake_clean_cache' from command line to 'False'
[0.408s] Level 5:colcon.colcon_core.verb:set package 'zed_topic_benchmark_interfaces' build argument 'cmake_clean_first' from command line to 'False'
[0.408s] Level 5:colcon.colcon_core.verb:set package 'zed_topic_benchmark_interfaces' build argument 'cmake_force_configure' from command line to 'False'
[0.408s] Level 5:colcon.colcon_core.verb:set package 'zed_topic_benchmark_interfaces' build argument 'ament_cmake_args' from command line to 'None'
[0.408s] Level 5:colcon.colcon_core.verb:set package 'zed_topic_benchmark_interfaces' build argument 'catkin_cmake_args' from command line to 'None'
[0.408s] Level 5:colcon.colcon_core.verb:set package 'zed_topic_benchmark_interfaces' build argument 'catkin_skip_building_tests' from command line to 'False'
[0.408s] DEBUG:colcon.colcon_core.verb:Building package 'zed_topic_benchmark_interfaces' with the following arguments: {'ament_cmake_args': None, 'build_base': '/home/men3m/Naima/build/zed_topic_benchmark_interfaces', 'catkin_cmake_args': None, 'catkin_skip_building_tests': False, 'cmake_args': None, 'cmake_clean_cache': False, 'cmake_clean_first': False, 'cmake_force_configure': False, 'cmake_target': None, 'cmake_target_skip_unavailable': False, 'install_base': '/home/men3m/Naima/install/zed_topic_benchmark_interfaces', 'merge_install': False, 'path': '/home/men3m/Naima/src/zed-ros2-examples/tools/zed_benchmark_interfaces', 'symlink_install': False, 'test_result_base': None}
[0.408s] Level 5:colcon.colcon_core.verb:set package 'zed_tutorial_depth' build argument 'cmake_args' from command line to 'None'
[0.408s] Level 5:colcon.colcon_core.verb:set package 'zed_tutorial_depth' build argument 'cmake_target' from command line to 'None'
[0.408s] Level 5:colcon.colcon_core.verb:set package 'zed_tutorial_depth' build argument 'cmake_target_skip_unavailable' from command line to 'False'
[0.408s] Level 5:colcon.colcon_core.verb:set package 'zed_tutorial_depth' build argument 'cmake_clean_cache' from command line to 'False'
[0.408s] Level 5:colcon.colcon_core.verb:set package 'zed_tutorial_depth' build argument 'cmake_clean_first' from command line to 'False'
[0.409s] Level 5:colcon.colcon_core.verb:set package 'zed_tutorial_depth' build argument 'cmake_force_configure' from command line to 'False'
[0.409s] Level 5:colcon.colcon_core.verb:set package 'zed_tutorial_depth' build argument 'ament_cmake_args' from command line to 'None'
[0.409s] Level 5:colcon.colcon_core.verb:set package 'zed_tutorial_depth' build argument 'catkin_cmake_args' from command line to 'None'
[0.409s] Level 5:colcon.colcon_core.verb:set package 'zed_tutorial_depth' build argument 'catkin_skip_building_tests' from command line to 'False'
[0.409s] DEBUG:colcon.colcon_core.verb:Building package 'zed_tutorial_depth' with the following arguments: {'ament_cmake_args': None, 'build_base': '/home/men3m/Naima/build/zed_tutorial_depth', 'catkin_cmake_args': None, 'catkin_skip_building_tests': False, 'cmake_args': None, 'cmake_clean_cache': False, 'cmake_clean_first': False, 'cmake_force_configure': False, 'cmake_target': None, 'cmake_target_skip_unavailable': False, 'install_base': '/home/men3m/Naima/install/zed_tutorial_depth', 'merge_install': False, 'path': '/home/men3m/Naima/src/zed-ros2-examples/tutorials/zed_depth_tutorial', 'symlink_install': False, 'test_result_base': None}
[0.409s] Level 5:colcon.colcon_core.verb:set package 'zed_tutorial_pos_tracking' build argument 'cmake_args' from command line to 'None'
[0.409s] Level 5:colcon.colcon_core.verb:set package 'zed_tutorial_pos_tracking' build argument 'cmake_target' from command line to 'None'
[0.409s] Level 5:colcon.colcon_core.verb:set package 'zed_tutorial_pos_tracking' build argument 'cmake_target_skip_unavailable' from command line to 'False'
[0.409s] Level 5:colcon.colcon_core.verb:set package 'zed_tutorial_pos_tracking' build argument 'cmake_clean_cache' from command line to 'False'
[0.409s] Level 5:colcon.colcon_core.verb:set package 'zed_tutorial_pos_tracking' build argument 'cmake_clean_first' from command line to 'False'
[0.409s] Level 5:colcon.colcon_core.verb:set package 'zed_tutorial_pos_tracking' build argument 'cmake_force_configure' from command line to 'False'
[0.409s] Level 5:colcon.colcon_core.verb:set package 'zed_tutorial_pos_tracking' build argument 'ament_cmake_args' from command line to 'None'
[0.409s] Level 5:colcon.colcon_core.verb:set package 'zed_tutorial_pos_tracking' build argument 'catkin_cmake_args' from command line to 'None'
[0.409s] Level 5:colcon.colcon_core.verb:set package 'zed_tutorial_pos_tracking' build argument 'catkin_skip_building_tests' from command line to 'False'
[0.409s] DEBUG:colcon.colcon_core.verb:Building package 'zed_tutorial_pos_tracking' with the following arguments: {'ament_cmake_args': None, 'build_base': '/home/men3m/Naima/build/zed_tutorial_pos_tracking', 'catkin_cmake_args': None, 'catkin_skip_building_tests': False, 'cmake_args': None, 'cmake_clean_cache': False, 'cmake_clean_first': False, 'cmake_force_configure': False, 'cmake_target': None, 'cmake_target_skip_unavailable': False, 'install_base': '/home/men3m/Naima/install/zed_tutorial_pos_tracking', 'merge_install': False, 'path': '/home/men3m/Naima/src/zed-ros2-examples/tutorials/zed_pose_tutorial', 'symlink_install': False, 'test_result_base': None}
[0.409s] Level 5:colcon.colcon_core.verb:set package 'zed_tutorial_video' build argument 'cmake_args' from command line to 'None'
[0.409s] Level 5:colcon.colcon_core.verb:set package 'zed_tutorial_video' build argument 'cmake_target' from command line to 'None'
[0.409s] Level 5:colcon.colcon_core.verb:set package 'zed_tutorial_video' build argument 'cmake_target_skip_unavailable' from command line to 'False'
[0.409s] Level 5:colcon.colcon_core.verb:set package 'zed_tutorial_video' build argument 'cmake_clean_cache' from command line to 'False'
[0.409s] Level 5:colcon.colcon_core.verb:set package 'zed_tutorial_video' build argument 'cmake_clean_first' from command line to 'False'
[0.410s] Level 5:colcon.colcon_core.verb:set package 'zed_tutorial_video' build argument 'cmake_force_configure' from command line to 'False'
[0.410s] Level 5:colcon.colcon_core.verb:set package 'zed_tutorial_video' build argument 'ament_cmake_args' from command line to 'None'
[0.410s] Level 5:colcon.colcon_core.verb:set package 'zed_tutorial_video' build argument 'catkin_cmake_args' from command line to 'None'
[0.410s] Level 5:colcon.colcon_core.verb:set package 'zed_tutorial_video' build argument 'catkin_skip_building_tests' from command line to 'False'
[0.410s] DEBUG:colcon.colcon_core.verb:Building package 'zed_tutorial_video' with the following arguments: {'ament_cmake_args': None, 'build_base': '/home/men3m/Naima/build/zed_tutorial_video', 'catkin_cmake_args': None, 'catkin_skip_building_tests': False, 'cmake_args': None, 'cmake_clean_cache': False, 'cmake_clean_first': False, 'cmake_force_configure': False, 'cmake_target': None, 'cmake_target_skip_unavailable': False, 'install_base': '/home/men3m/Naima/install/zed_tutorial_video', 'merge_install': False, 'path': '/home/men3m/Naima/src/zed-ros2-examples/tutorials/zed_video_tutorial', 'symlink_install': False, 'test_result_base': None}
[0.410s] Level 5:colcon.colcon_core.verb:set package 'naima_examples' build argument 'cmake_args' from command line to 'None'
[0.410s] Level 5:colcon.colcon_core.verb:set package 'naima_examples' build argument 'cmake_target' from command line to 'None'
[0.410s] Level 5:colcon.colcon_core.verb:set package 'naima_examples' build argument 'cmake_target_skip_unavailable' from command line to 'False'
[0.410s] Level 5:colcon.colcon_core.verb:set package 'naima_examples' build argument 'cmake_clean_cache' from command line to 'False'
[0.410s] Level 5:colcon.colcon_core.verb:set package 'naima_examples' build argument 'cmake_clean_first' from command line to 'False'
[0.410s] Level 5:colcon.colcon_core.verb:set package 'naima_examples' build argument 'cmake_force_configure' from command line to 'False'
[0.410s] Level 5:colcon.colcon_core.verb:set package 'naima_examples' build argument 'ament_cmake_args' from command line to 'None'
[0.410s] Level 5:colcon.colcon_core.verb:set package 'naima_examples' build argument 'catkin_cmake_args' from command line to 'None'
[0.410s] Level 5:colcon.colcon_core.verb:set package 'naima_examples' build argument 'catkin_skip_building_tests' from command line to 'False'
[0.410s] DEBUG:colcon.colcon_core.verb:Building package 'naima_examples' with the following arguments: {'ament_cmake_args': None, 'build_base': '/home/men3m/Naima/build/naima_examples', 'catkin_cmake_args': None, 'catkin_skip_building_tests': False, 'cmake_args': None, 'cmake_clean_cache': False, 'cmake_clean_first': False, 'cmake_force_configure': False, 'cmake_target': None, 'cmake_target_skip_unavailable': False, 'install_base': '/home/men3m/Naima/install/naima_examples', 'merge_install': False, 'path': '/home/men3m/Naima/src/naima_examples', 'symlink_install': False, 'test_result_base': None}
[0.410s] Level 5:colcon.colcon_core.verb:set package 'ublox_msgs' build argument 'cmake_args' from command line to 'None'
[0.410s] Level 5:colcon.colcon_core.verb:set package 'ublox_msgs' build argument 'cmake_target' from command line to 'None'
[0.410s] Level 5:colcon.colcon_core.verb:set package 'ublox_msgs' build argument 'cmake_target_skip_unavailable' from command line to 'False'
[0.410s] Level 5:colcon.colcon_core.verb:set package 'ublox_msgs' build argument 'cmake_clean_cache' from command line to 'False'
[0.410s] Level 5:colcon.colcon_core.verb:set package 'ublox_msgs' build argument 'cmake_clean_first' from command line to 'False'
[0.410s] Level 5:colcon.colcon_core.verb:set package 'ublox_msgs' build argument 'cmake_force_configure' from command line to 'False'
[0.410s] Level 5:colcon.colcon_core.verb:set package 'ublox_msgs' build argument 'ament_cmake_args' from command line to 'None'
[0.411s] Level 5:colcon.colcon_core.verb:set package 'ublox_msgs' build argument 'catkin_cmake_args' from command line to 'None'
[0.411s] Level 5:colcon.colcon_core.verb:set package 'ublox_msgs' build argument 'catkin_skip_building_tests' from command line to 'False'
[0.411s] DEBUG:colcon.colcon_core.verb:Building package 'ublox_msgs' with the following arguments: {'ament_cmake_args': None, 'build_base': '/home/men3m/Naima/build/ublox_msgs', 'catkin_cmake_args': None, 'catkin_skip_building_tests': False, 'cmake_args': None, 'cmake_clean_cache': False, 'cmake_clean_first': False, 'cmake_force_configure': False, 'cmake_target': None, 'cmake_target_skip_unavailable': False, 'install_base': '/home/men3m/Naima/install/ublox_msgs', 'merge_install': False, 'path': '/home/men3m/Naima/src/naima_ublox_gps/ublox_msgs', 'symlink_install': False, 'test_result_base': None}
[0.411s] Level 5:colcon.colcon_core.verb:set package 'zed_aruco_localization' build argument 'cmake_args' from command line to 'None'
[0.411s] Level 5:colcon.colcon_core.verb:set package 'zed_aruco_localization' build argument 'cmake_target' from command line to 'None'
[0.411s] Level 5:colcon.colcon_core.verb:set package 'zed_aruco_localization' build argument 'cmake_target_skip_unavailable' from command line to 'False'
[0.411s] Level 5:colcon.colcon_core.verb:set package 'zed_aruco_localization' build argument 'cmake_clean_cache' from command line to 'False'
[0.411s] Level 5:colcon.colcon_core.verb:set package 'zed_aruco_localization' build argument 'cmake_clean_first' from command line to 'False'
[0.411s] Level 5:colcon.colcon_core.verb:set package 'zed_aruco_localization' build argument 'cmake_force_configure' from command line to 'False'
[0.411s] Level 5:colcon.colcon_core.verb:set package 'zed_aruco_localization' build argument 'ament_cmake_args' from command line to 'None'
[0.411s] Level 5:colcon.colcon_core.verb:set package 'zed_aruco_localization' build argument 'catkin_cmake_args' from command line to 'None'
[0.411s] Level 5:colcon.colcon_core.verb:set package 'zed_aruco_localization' build argument 'catkin_skip_building_tests' from command line to 'False'
[0.411s] DEBUG:colcon.colcon_core.verb:Building package 'zed_aruco_localization' with the following arguments: {'ament_cmake_args': None, 'build_base': '/home/men3m/Naima/build/zed_aruco_localization', 'catkin_cmake_args': None, 'catkin_skip_building_tests': False, 'cmake_args': None, 'cmake_clean_cache': False, 'cmake_clean_first': False, 'cmake_force_configure': False, 'cmake_target': None, 'cmake_target_skip_unavailable': False, 'install_base': '/home/men3m/Naima/install/zed_aruco_localization', 'merge_install': False, 'path': '/home/men3m/Naima/src/zed-ros2-examples/examples/zed_aruco_localization', 'symlink_install': False, 'test_result_base': None}
[0.411s] Level 5:colcon.colcon_core.verb:set package 'zed_rgb_convert' build argument 'cmake_args' from command line to 'None'
[0.411s] Level 5:colcon.colcon_core.verb:set package 'zed_rgb_convert' build argument 'cmake_target' from command line to 'None'
[0.411s] Level 5:colcon.colcon_core.verb:set package 'zed_rgb_convert' build argument 'cmake_target_skip_unavailable' from command line to 'False'
[0.411s] Level 5:colcon.colcon_core.verb:set package 'zed_rgb_convert' build argument 'cmake_clean_cache' from command line to 'False'
[0.411s] Level 5:colcon.colcon_core.verb:set package 'zed_rgb_convert' build argument 'cmake_clean_first' from command line to 'False'
[0.411s] Level 5:colcon.colcon_core.verb:set package 'zed_rgb_convert' build argument 'cmake_force_configure' from command line to 'False'
[0.411s] Level 5:colcon.colcon_core.verb:set package 'zed_rgb_convert' build argument 'ament_cmake_args' from command line to 'None'
[0.411s] Level 5:colcon.colcon_core.verb:set package 'zed_rgb_convert' build argument 'catkin_cmake_args' from command line to 'None'
[0.411s] Level 5:colcon.colcon_core.verb:set package 'zed_rgb_convert' build argument 'catkin_skip_building_tests' from command line to 'False'
[0.412s] DEBUG:colcon.colcon_core.verb:Building package 'zed_rgb_convert' with the following arguments: {'ament_cmake_args': None, 'build_base': '/home/men3m/Naima/build/zed_rgb_convert', 'catkin_cmake_args': None, 'catkin_skip_building_tests': False, 'cmake_args': None, 'cmake_clean_cache': False, 'cmake_clean_first': False, 'cmake_force_configure': False, 'cmake_target': None, 'cmake_target_skip_unavailable': False, 'install_base': '/home/men3m/Naima/install/zed_rgb_convert', 'merge_install': False, 'path': '/home/men3m/Naima/src/zed-ros2-examples/tutorials/zed_rgb_convert', 'symlink_install': False, 'test_result_base': None}
[0.412s] Level 5:colcon.colcon_core.verb:set package 'zed_topic_benchmark_component' build argument 'cmake_args' from command line to 'None'
[0.412s] Level 5:colcon.colcon_core.verb:set package 'zed_topic_benchmark_component' build argument 'cmake_target' from command line to 'None'
[0.412s] Level 5:colcon.colcon_core.verb:set package 'zed_topic_benchmark_component' build argument 'cmake_target_skip_unavailable' from command line to 'False'
[0.412s] Level 5:colcon.colcon_core.verb:set package 'zed_topic_benchmark_component' build argument 'cmake_clean_cache' from command line to 'False'
[0.412s] Level 5:colcon.colcon_core.verb:set package 'zed_topic_benchmark_component' build argument 'cmake_clean_first' from command line to 'False'
[0.412s] Level 5:colcon.colcon_core.verb:set package 'zed_topic_benchmark_component' build argument 'cmake_force_configure' from command line to 'False'
[0.412s] Level 5:colcon.colcon_core.verb:set package 'zed_topic_benchmark_component' build argument 'ament_cmake_args' from command line to 'None'
[0.412s] Level 5:colcon.colcon_core.verb:set package 'zed_topic_benchmark_component' build argument 'catkin_cmake_args' from command line to 'None'
[0.412s] Level 5:colcon.colcon_core.verb:set package 'zed_topic_benchmark_component' build argument 'catkin_skip_building_tests' from command line to 'False'
[0.412s] DEBUG:colcon.colcon_core.verb:Building package 'zed_topic_benchmark_component' with the following arguments: {'ament_cmake_args': None, 'build_base': '/home/men3m/Naima/build/zed_topic_benchmark_component', 'catkin_cmake_args': None, 'catkin_skip_building_tests': False, 'cmake_args': None, 'cmake_clean_cache': False, 'cmake_clean_first': False, 'cmake_force_configure': False, 'cmake_target': None, 'cmake_target_skip_unavailable': False, 'install_base': '/home/men3m/Naima/install/zed_topic_benchmark_component', 'merge_install': False, 'path': '/home/men3m/Naima/src/zed-ros2-examples/tools/zed_benchmark_component', 'symlink_install': False, 'test_result_base': None}
[0.412s] Level 5:colcon.colcon_core.verb:set package 'zed_wrapper' build argument 'cmake_args' from command line to 'None'
[0.412s] Level 5:colcon.colcon_core.verb:set package 'zed_wrapper' build argument 'cmake_target' from command line to 'None'
[0.412s] Level 5:colcon.colcon_core.verb:set package 'zed_wrapper' build argument 'cmake_target_skip_unavailable' from command line to 'False'
[0.412s] Level 5:colcon.colcon_core.verb:set package 'zed_wrapper' build argument 'cmake_clean_cache' from command line to 'False'
[0.412s] Level 5:colcon.colcon_core.verb:set package 'zed_wrapper' build argument 'cmake_clean_first' from command line to 'False'
[0.412s] Level 5:colcon.colcon_core.verb:set package 'zed_wrapper' build argument 'cmake_force_configure' from command line to 'False'
[0.412s] Level 5:colcon.colcon_core.verb:set package 'zed_wrapper' build argument 'ament_cmake_args' from command line to 'None'
[0.412s] Level 5:colcon.colcon_core.verb:set package 'zed_wrapper' build argument 'catkin_cmake_args' from command line to 'None'
[0.412s] Level 5:colcon.colcon_core.verb:set package 'zed_wrapper' build argument 'catkin_skip_building_tests' from command line to 'False'
[0.412s] DEBUG:colcon.colcon_core.verb:Building package 'zed_wrapper' with the following arguments: {'ament_cmake_args': None, 'build_base': '/home/men3m/Naima/build/zed_wrapper', 'catkin_cmake_args': None, 'catkin_skip_building_tests': False, 'cmake_args': None, 'cmake_clean_cache': False, 'cmake_clean_first': False, 'cmake_force_configure': False, 'cmake_target': None, 'cmake_target_skip_unavailable': False, 'install_base': '/home/men3m/Naima/install/zed_wrapper', 'merge_install': False, 'path': '/home/men3m/Naima/src/zed-ros2-wrapper/zed_wrapper', 'symlink_install': False, 'test_result_base': None}
[0.413s] Level 5:colcon.colcon_core.verb:set package 'ublox_gps' build argument 'cmake_args' from command line to 'None'
[0.413s] Level 5:colcon.colcon_core.verb:set package 'ublox_gps' build argument 'cmake_target' from command line to 'None'
[0.413s] Level 5:colcon.colcon_core.verb:set package 'ublox_gps' build argument 'cmake_target_skip_unavailable' from command line to 'False'
[0.413s] Level 5:colcon.colcon_core.verb:set package 'ublox_gps' build argument 'cmake_clean_cache' from command line to 'False'
[0.413s] Level 5:colcon.colcon_core.verb:set package 'ublox_gps' build argument 'cmake_clean_first' from command line to 'False'
[0.413s] Level 5:colcon.colcon_core.verb:set package 'ublox_gps' build argument 'cmake_force_configure' from command line to 'False'
[0.413s] Level 5:colcon.colcon_core.verb:set package 'ublox_gps' build argument 'ament_cmake_args' from command line to 'None'
[0.413s] Level 5:colcon.colcon_core.verb:set package 'ublox_gps' build argument 'catkin_cmake_args' from command line to 'None'
[0.413s] Level 5:colcon.colcon_core.verb:set package 'ublox_gps' build argument 'catkin_skip_building_tests' from command line to 'False'
[0.413s] DEBUG:colcon.colcon_core.verb:Building package 'ublox_gps' with the following arguments: {'ament_cmake_args': None, 'build_base': '/home/men3m/Naima/build/ublox_gps', 'catkin_cmake_args': None, 'catkin_skip_building_tests': False, 'cmake_args': None, 'cmake_clean_cache': False, 'cmake_clean_first': False, 'cmake_force_configure': False, 'cmake_target': None, 'cmake_target_skip_unavailable': False, 'install_base': '/home/men3m/Naima/install/ublox_gps', 'merge_install': False, 'path': '/home/men3m/Naima/src/naima_ublox_gps/ublox_gps', 'symlink_install': False, 'test_result_base': None}
[0.413s] Level 5:colcon.colcon_core.verb:set package 'zed_depth_to_laserscan' build argument 'cmake_args' from command line to 'None'
[0.413s] Level 5:colcon.colcon_core.verb:set package 'zed_depth_to_laserscan' build argument 'cmake_target' from command line to 'None'
[0.413s] Level 5:colcon.colcon_core.verb:set package 'zed_depth_to_laserscan' build argument 'cmake_target_skip_unavailable' from command line to 'False'
[0.413s] Level 5:colcon.colcon_core.verb:set package 'zed_depth_to_laserscan' build argument 'cmake_clean_cache' from command line to 'False'
[0.413s] Level 5:colcon.colcon_core.verb:set package 'zed_depth_to_laserscan' build argument 'cmake_clean_first' from command line to 'False'
[0.413s] Level 5:colcon.colcon_core.verb:set package 'zed_depth_to_laserscan' build argument 'cmake_force_configure' from command line to 'False'
[0.413s] Level 5:colcon.colcon_core.verb:set package 'zed_depth_to_laserscan' build argument 'ament_cmake_args' from command line to 'None'
[0.413s] Level 5:colcon.colcon_core.verb:set package 'zed_depth_to_laserscan' build argument 'catkin_cmake_args' from command line to 'None'
[0.413s] Level 5:colcon.colcon_core.verb:set package 'zed_depth_to_laserscan' build argument 'catkin_skip_building_tests' from command line to 'False'
[0.413s] DEBUG:colcon.colcon_core.verb:Building package 'zed_depth_to_laserscan' with the following arguments: {'ament_cmake_args': None, 'build_base': '/home/men3m/Naima/build/zed_depth_to_laserscan', 'catkin_cmake_args': None, 'catkin_skip_building_tests': False, 'cmake_args': None, 'cmake_clean_cache': False, 'cmake_clean_first': False, 'cmake_force_configure': False, 'cmake_target': None, 'cmake_target_skip_unavailable': False, 'install_base': '/home/men3m/Naima/install/zed_depth_to_laserscan', 'merge_install': False, 'path': '/home/men3m/Naima/src/zed-ros2-examples/examples/zed_depth_to_laserscan', 'symlink_install': False, 'test_result_base': None}
[0.414s] Level 5:colcon.colcon_core.verb:set package 'zed_display_rviz2' build argument 'cmake_args' from command line to 'None'
[0.414s] Level 5:colcon.colcon_core.verb:set package 'zed_display_rviz2' build argument 'cmake_target' from command line to 'None'
[0.414s] Level 5:colcon.colcon_core.verb:set package 'zed_display_rviz2' build argument 'cmake_target_skip_unavailable' from command line to 'False'
[0.414s] Level 5:colcon.colcon_core.verb:set package 'zed_display_rviz2' build argument 'cmake_clean_cache' from command line to 'False'
[0.414s] Level 5:colcon.colcon_core.verb:set package 'zed_display_rviz2' build argument 'cmake_clean_first' from command line to 'False'
[0.414s] Level 5:colcon.colcon_core.verb:set package 'zed_display_rviz2' build argument 'cmake_force_configure' from command line to 'False'
[0.414s] Level 5:colcon.colcon_core.verb:set package 'zed_display_rviz2' build argument 'ament_cmake_args' from command line to 'None'
[0.414s] Level 5:colcon.colcon_core.verb:set package 'zed_display_rviz2' build argument 'catkin_cmake_args' from command line to 'None'
[0.414s] Level 5:colcon.colcon_core.verb:set package 'zed_display_rviz2' build argument 'catkin_skip_building_tests' from command line to 'False'
[0.414s] DEBUG:colcon.colcon_core.verb:Building package 'zed_display_rviz2' with the following arguments: {'ament_cmake_args': None, 'build_base': '/home/men3m/Naima/build/zed_display_rviz2', 'catkin_cmake_args': None, 'catkin_skip_building_tests': False, 'cmake_args': None, 'cmake_clean_cache': False, 'cmake_clean_first': False, 'cmake_force_configure': False, 'cmake_target': None, 'cmake_target_skip_unavailable': False, 'install_base': '/home/men3m/Naima/install/zed_display_rviz2', 'merge_install': False, 'path': '/home/men3m/Naima/src/zed-ros2-examples/zed_display_rviz2', 'symlink_install': False, 'test_result_base': None}
[0.414s] Level 5:colcon.colcon_core.verb:set package 'zed_multi_camera' build argument 'cmake_args' from command line to 'None'
[0.414s] Level 5:colcon.colcon_core.verb:set package 'zed_multi_camera' build argument 'cmake_target' from command line to 'None'
[0.414s] Level 5:colcon.colcon_core.verb:set package 'zed_multi_camera' build argument 'cmake_target_skip_unavailable' from command line to 'False'
[0.414s] Level 5:colcon.colcon_core.verb:set package 'zed_multi_camera' build argument 'cmake_clean_cache' from command line to 'False'
[0.414s] Level 5:colcon.colcon_core.verb:set package 'zed_multi_camera' build argument 'cmake_clean_first' from command line to 'False'
[0.414s] Level 5:colcon.colcon_core.verb:set package 'zed_multi_camera' build argument 'cmake_force_configure' from command line to 'False'
[0.414s] Level 5:colcon.colcon_core.verb:set package 'zed_multi_camera' build argument 'ament_cmake_args' from command line to 'None'
[0.414s] Level 5:colcon.colcon_core.verb:set package 'zed_multi_camera' build argument 'catkin_cmake_args' from command line to 'None'
[0.414s] Level 5:colcon.colcon_core.verb:set package 'zed_multi_camera' build argument 'catkin_skip_building_tests' from command line to 'False'
[0.414s] DEBUG:colcon.colcon_core.verb:Building package 'zed_multi_camera' with the following arguments: {'ament_cmake_args': None, 'build_base': '/home/men3m/Naima/build/zed_multi_camera', 'catkin_cmake_args': None, 'catkin_skip_building_tests': False, 'cmake_args': None, 'cmake_clean_cache': False, 'cmake_clean_first': False, 'cmake_force_configure': False, 'cmake_target': None, 'cmake_target_skip_unavailable': False, 'install_base': '/home/men3m/Naima/install/zed_multi_camera', 'merge_install': False, 'path': '/home/men3m/Naima/src/zed-ros2-examples/tutorials/zed_multi_camera', 'symlink_install': False, 'test_result_base': None}
[0.415s] Level 5:colcon.colcon_core.verb:set package 'zed_robot_integration' build argument 'cmake_args' from command line to 'None'
[0.415s] Level 5:colcon.colcon_core.verb:set package 'zed_robot_integration' build argument 'cmake_target' from command line to 'None'
[0.415s] Level 5:colcon.colcon_core.verb:set package 'zed_robot_integration' build argument 'cmake_target_skip_unavailable' from command line to 'False'
[0.415s] Level 5:colcon.colcon_core.verb:set package 'zed_robot_integration' build argument 'cmake_clean_cache' from command line to 'False'
[0.415s] Level 5:colcon.colcon_core.verb:set package 'zed_robot_integration' build argument 'cmake_clean_first' from command line to 'False'
[0.415s] Level 5:colcon.colcon_core.verb:set package 'zed_robot_integration' build argument 'cmake_force_configure' from command line to 'False'
[0.415s] Level 5:colcon.colcon_core.verb:set package 'zed_robot_integration' build argument 'ament_cmake_args' from command line to 'None'
[0.415s] Level 5:colcon.colcon_core.verb:set package 'zed_robot_integration' build argument 'catkin_cmake_args' from command line to 'None'
[0.415s] Level 5:colcon.colcon_core.verb:set package 'zed_robot_integration' build argument 'catkin_skip_building_tests' from command line to 'False'
[0.415s] DEBUG:colcon.colcon_core.verb:Building package 'zed_robot_integration' with the following arguments: {'ament_cmake_args': None, 'build_base': '/home/men3m/Naima/build/zed_robot_integration', 'catkin_cmake_args': None, 'catkin_skip_building_tests': False, 'cmake_args': None, 'cmake_clean_cache': False, 'cmake_clean_first': False, 'cmake_force_configure': False, 'cmake_target': None, 'cmake_target_skip_unavailable': False, 'install_base': '/home/men3m/Naima/install/zed_robot_integration', 'merge_install': False, 'path': '/home/men3m/Naima/src/zed-ros2-examples/tutorials/zed_robot_integration', 'symlink_install': False, 'test_result_base': None}
[0.415s] Level 5:colcon.colcon_core.verb:set package 'zed_ros2' build argument 'cmake_args' from command line to 'None'
[0.415s] Level 5:colcon.colcon_core.verb:set package 'zed_ros2' build argument 'cmake_target' from command line to 'None'
[0.415s] Level 5:colcon.colcon_core.verb:set package 'zed_ros2' build argument 'cmake_target_skip_unavailable' from command line to 'False'
[0.415s] Level 5:colcon.colcon_core.verb:set package 'zed_ros2' build argument 'cmake_clean_cache' from command line to 'False'
[0.415s] Level 5:colcon.colcon_core.verb:set package 'zed_ros2' build argument 'cmake_clean_first' from command line to 'False'
[0.415s] Level 5:colcon.colcon_core.verb:set package 'zed_ros2' build argument 'cmake_force_configure' from command line to 'False'
[0.415s] Level 5:colcon.colcon_core.verb:set package 'zed_ros2' build argument 'ament_cmake_args' from command line to 'None'
[0.415s] Level 5:colcon.colcon_core.verb:set package 'zed_ros2' build argument 'catkin_cmake_args' from command line to 'None'
[0.415s] Level 5:colcon.colcon_core.verb:set package 'zed_ros2' build argument 'catkin_skip_building_tests' from command line to 'False'
[0.415s] DEBUG:colcon.colcon_core.verb:Building package 'zed_ros2' with the following arguments: {'ament_cmake_args': None, 'build_base': '/home/men3m/Naima/build/zed_ros2', 'catkin_cmake_args': None, 'catkin_skip_building_tests': False, 'cmake_args': None, 'cmake_clean_cache': False, 'cmake_clean_first': False, 'cmake_force_configure': False, 'cmake_target': None, 'cmake_target_skip_unavailable': False, 'install_base': '/home/men3m/Naima/install/zed_ros2', 'merge_install': False, 'path': '/home/men3m/Naima/src/zed-ros2-wrapper/zed_ros2', 'symlink_install': False, 'test_result_base': None}
[0.416s] Level 5:colcon.colcon_core.verb:set package 'zed_topic_benchmark' build argument 'cmake_args' from command line to 'None'
[0.416s] Level 5:colcon.colcon_core.verb:set package 'zed_topic_benchmark' build argument 'cmake_target' from command line to 'None'
[0.416s] Level 5:colcon.colcon_core.verb:set package 'zed_topic_benchmark' build argument 'cmake_target_skip_unavailable' from command line to 'False'
[0.416s] Level 5:colcon.colcon_core.verb:set package 'zed_topic_benchmark' build argument 'cmake_clean_cache' from command line to 'False'
[0.416s] Level 5:colcon.colcon_core.verb:set package 'zed_topic_benchmark' build argument 'cmake_clean_first' from command line to 'False'
[0.416s] Level 5:colcon.colcon_core.verb:set package 'zed_topic_benchmark' build argument 'cmake_force_configure' from command line to 'False'
[0.416s] Level 5:colcon.colcon_core.verb:set package 'zed_topic_benchmark' build argument 'ament_cmake_args' from command line to 'None'
[0.416s] Level 5:colcon.colcon_core.verb:set package 'zed_topic_benchmark' build argument 'catkin_cmake_args' from command line to 'None'
[0.416s] Level 5:colcon.colcon_core.verb:set package 'zed_topic_benchmark' build argument 'catkin_skip_building_tests' from command line to 'False'
[0.416s] DEBUG:colcon.colcon_core.verb:Building package 'zed_topic_benchmark' with the following arguments: {'ament_cmake_args': None, 'build_base': '/home/men3m/Naima/build/zed_topic_benchmark', 'catkin_cmake_args': None, 'catkin_skip_building_tests': False, 'cmake_args': None, 'cmake_clean_cache': False, 'cmake_clean_first': False, 'cmake_force_configure': False, 'cmake_target': None, 'cmake_target_skip_unavailable': False, 'install_base': '/home/men3m/Naima/install/zed_topic_benchmark', 'merge_install': False, 'path': '/home/men3m/Naima/src/zed-ros2-examples/tools/zed_benchmark', 'symlink_install': False, 'test_result_base': None}
[0.416s] Level 5:colcon.colcon_core.verb:set package 'ublox' build argument 'cmake_args' from command line to 'None'
[0.416s] Level 5:colcon.colcon_core.verb:set package 'ublox' build argument 'cmake_target' from command line to 'None'
[0.416s] Level 5:colcon.colcon_core.verb:set package 'ublox' build argument 'cmake_target_skip_unavailable' from command line to 'False'
[0.416s] Level 5:colcon.colcon_core.verb:set package 'ublox' build argument 'cmake_clean_cache' from command line to 'False'
[0.416s] Level 5:colcon.colcon_core.verb:set package 'ublox' build argument 'cmake_clean_first' from command line to 'False'
[0.416s] Level 5:colcon.colcon_core.verb:set package 'ublox' build argument 'cmake_force_configure' from command line to 'False'
[0.416s] Level 5:colcon.colcon_core.verb:set package 'ublox' build argument 'ament_cmake_args' from command line to 'None'
[0.416s] Level 5:colcon.colcon_core.verb:set package 'ublox' build argument 'catkin_cmake_args' from command line to 'None'
[0.416s] Level 5:colcon.colcon_core.verb:set package 'ublox' build argument 'catkin_skip_building_tests' from command line to 'False'
[0.416s] DEBUG:colcon.colcon_core.verb:Building package 'ublox' with the following arguments: {'ament_cmake_args': None, 'build_base': '/home/men3m/Naima/build/ublox', 'catkin_cmake_args': None, 'catkin_skip_building_tests': False, 'cmake_args': None, 'cmake_clean_cache': False, 'cmake_clean_first': False, 'cmake_force_configure': False, 'cmake_target': None, 'cmake_target_skip_unavailable': False, 'install_base': '/home/men3m/Naima/install/ublox', 'merge_install': False, 'path': '/home/men3m/Naima/src/naima_ublox_gps/ublox', 'symlink_install': False, 'test_result_base': None}
[0.417s] Level 5:colcon.colcon_core.verb:set package 'zed_ipc' build argument 'cmake_args' from command line to 'None'
[0.417s] Level 5:colcon.colcon_core.verb:set package 'zed_ipc' build argument 'cmake_target' from command line to 'None'
[0.417s] Level 5:colcon.colcon_core.verb:set package 'zed_ipc' build argument 'cmake_target_skip_unavailable' from command line to 'False'
[0.417s] Level 5:colcon.colcon_core.verb:set package 'zed_ipc' build argument 'cmake_clean_cache' from command line to 'False'
[0.417s] Level 5:colcon.colcon_core.verb:set package 'zed_ipc' build argument 'cmake_clean_first' from command line to 'False'
[0.417s] Level 5:colcon.colcon_core.verb:set package 'zed_ipc' build argument 'cmake_force_configure' from command line to 'False'
[0.417s] Level 5:colcon.colcon_core.verb:set package 'zed_ipc' build argument 'ament_cmake_args' from command line to 'None'
[0.417s] Level 5:colcon.colcon_core.verb:set package 'zed_ipc' build argument 'catkin_cmake_args' from command line to 'None'
[0.417s] Level 5:colcon.colcon_core.verb:set package 'zed_ipc' build argument 'catkin_skip_building_tests' from command line to 'False'
[0.417s] DEBUG:colcon.colcon_core.verb:Building package 'zed_ipc' with the following arguments: {'ament_cmake_args': None, 'build_base': '/home/men3m/Naima/build/zed_ipc', 'catkin_cmake_args': None, 'catkin_skip_building_tests': False, 'cmake_args': None, 'cmake_clean_cache': False, 'cmake_clean_first': False, 'cmake_force_configure': False, 'cmake_target': None, 'cmake_target_skip_unavailable': False, 'install_base': '/home/men3m/Naima/install/zed_ipc', 'merge_install': False, 'path': '/home/men3m/Naima/src/zed-ros2-examples/tutorials/zed_ipc', 'symlink_install': False, 'test_result_base': None}
[0.417s] INFO:colcon.colcon_core.executor:Executing jobs using 'parallel' executor
[0.418s] DEBUG:colcon.colcon_parallel_executor.executor.parallel:run_until_complete
[0.418s] INFO:colcon.colcon_ros.task.ament_cmake.build:Building ROS package in '/home/men3m/Naima/src/zed-ros2-wrapper/zed_components' with build type 'ament_cmake'
[0.418s] INFO:colcon.colcon_cmake.task.cmake.build:Building CMake package in '/home/men3m/Naima/src/zed-ros2-wrapper/zed_components'
[0.422s] INFO:colcon.colcon_core.plugin_system:Skipping extension 'colcon_core.shell.bat': Not used on non-Windows systems
[0.422s] INFO:colcon.colcon_core.shell:Skip shell extension 'powershell' for command environment: Not usable outside of PowerShell
[0.422s] DEBUG:colcon.colcon_core.shell:Skip shell extension 'dsv' for command environment
[0.425s] INFO:colcon.colcon_ros.task.ament_cmake.build:Building ROS package in '/home/men3m/Naima/src/naima_ublox_gps/ublox_serialization' with build type 'ament_cmake'
[0.425s] INFO:colcon.colcon_cmake.task.cmake.build:Building CMake package in '/home/men3m/Naima/src/naima_ublox_gps/ublox_serialization'
[0.425s] INFO:colcon.colcon_core.shell:Skip shell extension 'powershell' for command environment: Not usable outside of PowerShell
[0.425s] DEBUG:colcon.colcon_core.shell:Skip shell extension 'dsv' for command environment
[0.428s] INFO:colcon.colcon_ros.task.ament_cmake.build:Building ROS package in '/home/men3m/Naima/src/zed-ros2-examples/tools/zed_benchmark_interfaces' with build type 'ament_cmake'
[0.428s] INFO:colcon.colcon_cmake.task.cmake.build:Building CMake package in '/home/men3m/Naima/src/zed-ros2-examples/tools/zed_benchmark_interfaces'
[0.428s] INFO:colcon.colcon_core.shell:Skip shell extension 'powershell' for command environment: Not usable outside of PowerShell
[0.428s] DEBUG:colcon.colcon_core.shell:Skip shell extension 'dsv' for command environment
[0.431s] INFO:colcon.colcon_ros.task.ament_cmake.build:Building ROS package in '/home/men3m/Naima/src/naima_msgs' with build type 'ament_cmake'
[0.431s] INFO:colcon.colcon_cmake.task.cmake.build:Building CMake package in '/home/men3m/Naima/src/naima_msgs'
[0.431s] INFO:colcon.colcon_core.shell:Skip shell extension 'powershell' for command environment: Not usable outside of PowerShell
[0.431s] DEBUG:colcon.colcon_core.shell:Skip shell extension 'dsv' for command environment
[0.434s] INFO:colcon.colcon_ros.task.ament_python.build:Building ROS package in '/home/men3m/Naima/src/naima' with build type 'ament_python'
[0.434s] Level 1:colcon.colcon_core.shell:create_environment_hook('naima', 'ament_prefix_path')
[0.434s] INFO:colcon.colcon_core.shell:Creating environment hook '/home/men3m/Naima/install/naima/share/naima/hook/ament_prefix_path.ps1'
[0.435s] INFO:colcon.colcon_core.shell:Creating environment descriptor '/home/men3m/Naima/install/naima/share/naima/hook/ament_prefix_path.dsv'
[0.435s] INFO:colcon.colcon_core.shell:Creating environment hook '/home/men3m/Naima/install/naima/share/naima/hook/ament_prefix_path.sh'
[0.436s] INFO:colcon.colcon_core.shell:Skip shell extension 'powershell' for command environment: Not usable outside of PowerShell
[0.436s] DEBUG:colcon.colcon_core.shell:Skip shell extension 'dsv' for command environment
[0.438s] INFO:colcon.colcon_ros.task.ament_python.build:Building ROS package in '/home/men3m/Naima/src/naima_bringup' with build type 'ament_python'
[0.438s] Level 1:colcon.colcon_core.shell:create_environment_hook('naima_bringup', 'ament_prefix_path')
[0.438s] INFO:colcon.colcon_core.shell:Creating environment hook '/home/men3m/Naima/install/naima_bringup/share/naima_bringup/hook/ament_prefix_path.ps1'
[0.439s] INFO:colcon.colcon_core.shell:Creating environment descriptor '/home/men3m/Naima/install/naima_bringup/share/naima_bringup/hook/ament_prefix_path.dsv'
[0.439s] INFO:colcon.colcon_core.shell:Creating environment hook '/home/men3m/Naima/install/naima_bringup/share/naima_bringup/hook/ament_prefix_path.sh'
[0.440s] INFO:colcon.colcon_core.shell:Skip shell extension 'powershell' for command environment: Not usable outside of PowerShell
[0.440s] DEBUG:colcon.colcon_core.shell:Skip shell extension 'dsv' for command environment
[0.442s] INFO:colcon.colcon_ros.task.ament_cmake.build:Building ROS package in '/home/men3m/Naima/src/naima_control' with build type 'ament_cmake'
[0.442s] INFO:colcon.colcon_cmake.task.cmake.build:Building CMake package in '/home/men3m/Naima/src/naima_control'
[0.443s] INFO:colcon.colcon_core.shell:Skip shell extension 'powershell' for command environment: Not usable outside of PowerShell
[0.443s] DEBUG:colcon.colcon_core.shell:Skip shell extension 'dsv' for command environment
[0.445s] INFO:colcon.colcon_ros.task.ament_cmake.build:Building ROS package in '/home/men3m/Naima/src/naima_description' with build type 'ament_cmake'
[0.445s] INFO:colcon.colcon_cmake.task.cmake.build:Building CMake package in '/home/men3m/Naima/src/naima_description'
[0.445s] INFO:colcon.colcon_core.shell:Skip shell extension 'powershell' for command environment: Not usable outside of PowerShell
[0.446s] DEBUG:colcon.colcon_core.shell:Skip shell extension 'dsv' for command environment
[0.448s] INFO:colcon.colcon_ros.task.ament_cmake.build:Building ROS package in '/home/men3m/Naima/src/naima_localization' with build type 'ament_cmake'
[0.448s] INFO:colcon.colcon_cmake.task.cmake.build:Building CMake package in '/home/men3m/Naima/src/naima_localization'
[0.448s] INFO:colcon.colcon_core.shell:Skip shell extension 'powershell' for command environment: Not usable outside of PowerShell
[0.448s] DEBUG:colcon.colcon_core.shell:Skip shell extension 'dsv' for command environment
[0.451s] INFO:colcon.colcon_ros.task.ament_cmake.build:Building ROS package in '/home/men3m/Naima/src/naima_mapping' with build type 'ament_cmake'
[0.451s] INFO:colcon.colcon_cmake.task.cmake.build:Building CMake package in '/home/men3m/Naima/src/naima_mapping'
[0.451s] INFO:colcon.colcon_core.shell:Skip shell extension 'powershell' for command environment: Not usable outside of PowerShell
[0.451s] DEBUG:colcon.colcon_core.shell:Skip shell extension 'dsv' for command environment
[0.454s] INFO:colcon.colcon_ros.task.ament_cmake.build:Building ROS package in '/home/men3m/Naima/src/zed-ros2-examples/rviz-plugin-zed-od' with build type 'ament_cmake'
[0.454s] INFO:colcon.colcon_cmake.task.cmake.build:Building CMake package in '/home/men3m/Naima/src/zed-ros2-examples/rviz-plugin-zed-od'
[0.454s] INFO:colcon.colcon_core.shell:Skip shell extension 'powershell' for command environment: Not usable outside of PowerShell
[0.454s] DEBUG:colcon.colcon_core.shell:Skip shell extension 'dsv' for command environment
[0.457s] INFO:colcon.colcon_ros.task.ament_cmake.build:Building ROS package in '/home/men3m/Naima/src/zed-ros2-examples/tutorials/zed_depth_tutorial' with build type 'ament_cmake'
[0.457s] INFO:colcon.colcon_cmake.task.cmake.build:Building CMake package in '/home/men3m/Naima/src/zed-ros2-examples/tutorials/zed_depth_tutorial'
[0.457s] INFO:colcon.colcon_core.shell:Skip shell extension 'powershell' for command environment: Not usable outside of PowerShell
[0.457s] DEBUG:colcon.colcon_core.shell:Skip shell extension 'dsv' for command environment
[0.460s] INFO:colcon.colcon_ros.task.ament_cmake.build:Building ROS package in '/home/men3m/Naima/src/zed-ros2-examples/tutorials/zed_pose_tutorial' with build type 'ament_cmake'
[0.460s] INFO:colcon.colcon_cmake.task.cmake.build:Building CMake package in '/home/men3m/Naima/src/zed-ros2-examples/tutorials/zed_pose_tutorial'
[0.460s] INFO:colcon.colcon_core.shell:Skip shell extension 'powershell' for command environment: Not usable outside of PowerShell
[0.460s] DEBUG:colcon.colcon_core.shell:Skip shell extension 'dsv' for command environment
[0.463s] INFO:colcon.colcon_ros.task.ament_cmake.build:Building ROS package in '/home/men3m/Naima/src/zed-ros2-examples/tutorials/zed_video_tutorial' with build type 'ament_cmake'
[0.463s] INFO:colcon.colcon_cmake.task.cmake.build:Building CMake package in '/home/men3m/Naima/src/zed-ros2-examples/tutorials/zed_video_tutorial'
[0.463s] INFO:colcon.colcon_core.shell:Skip shell extension 'powershell' for command environment: Not usable outside of PowerShell
[0.463s] DEBUG:colcon.colcon_core.shell:Skip shell extension 'dsv' for command environment
[0.471s] DEBUG:colcon.colcon_core.event_handler.log_command:Invoking command in '/home/men3m/Naima/build/zed_components': CMAKE_PREFIX_PATH=/opt/ros/humble /usr/bin/cmake --build /home/men3m/Naima/build/zed_components -- -j16 -l16
[0.473s] DEBUG:colcon.colcon_core.event_handler.log_command:Invoking command in '/home/men3m/Naima/build/ublox_serialization': CMAKE_PREFIX_PATH=/opt/ros/humble /usr/bin/cmake --build /home/men3m/Naima/build/ublox_serialization -- -j16 -l16
[0.475s] DEBUG:colcon.colcon_core.event_handler.log_command:Invoking command in '/home/men3m/Naima/build/zed_topic_benchmark_interfaces': CMAKE_PREFIX_PATH=/opt/ros/humble /usr/bin/cmake --build /home/men3m/Naima/build/zed_topic_benchmark_interfaces -- -j16 -l16
[0.477s] DEBUG:colcon.colcon_core.event_handler.log_command:Invoking command in '/home/men3m/Naima/build/naima_msgs': CMAKE_PREFIX_PATH=/opt/ros/humble /usr/bin/cmake --build /home/men3m/Naima/build/naima_msgs -- -j16 -l16
[0.744s] INFO:colcon.colcon_core.task.python.build:Building Python package in '/home/men3m/Naima/src/naima'
[0.744s] INFO:colcon.colcon_core.shell:Skip shell extension 'powershell' for command environment: Not usable outside of PowerShell
[0.744s] DEBUG:colcon.colcon_core.shell:Skip shell extension 'dsv' for command environment
[0.976s] INFO:colcon.colcon_core.task.python.build:Building Python package in '/home/men3m/Naima/src/naima_bringup'
[0.977s] INFO:colcon.colcon_core.shell:Skip shell extension 'powershell' for command environment: Not usable outside of PowerShell
[0.977s] DEBUG:colcon.colcon_core.shell:Skip shell extension 'dsv' for command environment
[0.985s] DEBUG:colcon.colcon_core.event_handler.log_command:Invoking command in '/home/men3m/Naima/build/naima_control': CMAKE_PREFIX_PATH=/opt/ros/humble /usr/bin/cmake --build /home/men3m/Naima/build/naima_control -- -j16 -l16
[0.987s] DEBUG:colcon.colcon_core.event_handler.log_command:Invoking command in '/home/men3m/Naima/build/naima_description': CMAKE_PREFIX_PATH=/opt/ros/humble /usr/bin/cmake --build /home/men3m/Naima/build/naima_description -- -j16 -l16
[0.989s] DEBUG:colcon.colcon_core.event_handler.log_command:Invoking command in '/home/men3m/Naima/build/naima_localization': CMAKE_PREFIX_PATH=/opt/ros/humble /usr/bin/cmake --build /home/men3m/Naima/build/naima_localization -- -j16 -l16
[0.992s] DEBUG:colcon.colcon_core.event_handler.log_command:Invoking command in '/home/men3m/Naima/build/naima_mapping': CMAKE_PREFIX_PATH=/opt/ros/humble /usr/bin/cmake --build /home/men3m/Naima/build/naima_mapping -- -j16 -l16
[0.994s] DEBUG:colcon.colcon_core.event_handler.log_command:Invoking command in '/home/men3m/Naima/build/rviz_plugin_zed_od': CMAKE_PREFIX_PATH=/opt/ros/humble /usr/bin/cmake --build /home/men3m/Naima/build/rviz_plugin_zed_od -- -j16 -l16
[0.996s] DEBUG:colcon.colcon_core.event_handler.log_command:Invoking command in '/home/men3m/Naima/build/zed_tutorial_depth': CMAKE_PREFIX_PATH=/opt/ros/humble /usr/bin/cmake --build /home/men3m/Naima/build/zed_tutorial_depth -- -j16 -l16
[0.999s] DEBUG:colcon.colcon_core.event_handler.log_command:Invoking command in '/home/men3m/Naima/build/zed_tutorial_pos_tracking': CMAKE_PREFIX_PATH=/opt/ros/humble /usr/bin/cmake --build /home/men3m/Naima/build/zed_tutorial_pos_tracking -- -j16 -l16
[1.003s] DEBUG:colcon.colcon_core.event_handler.log_command:Invoking command in '/home/men3m/Naima/build/zed_tutorial_video': CMAKE_PREFIX_PATH=/opt/ros/humble /usr/bin/cmake --build /home/men3m/Naima/build/zed_tutorial_video -- -j16 -l16
[1.014s] DEBUG:colcon.colcon_core.event_handler.log_command:Invoked command in '/home/men3m/Naima/build/ublox_serialization' returned '0': CMAKE_PREFIX_PATH=/opt/ros/humble /usr/bin/cmake --build /home/men3m/Naima/build/ublox_serialization -- -j16 -l16
[1.027s] DEBUG:colcon.colcon_core.event_handler.log_command:Invoking command in '/home/men3m/Naima/build/ublox_serialization': CMAKE_PREFIX_PATH=/opt/ros/humble /usr/bin/cmake --install /home/men3m/Naima/build/ublox_serialization
[1.028s] DEBUG:colcon.colcon_core.event_handler.log_command:Invoked command in '/home/men3m/Naima/build/naima_msgs' returned '0': CMAKE_PREFIX_PATH=/opt/ros/humble /usr/bin/cmake --build /home/men3m/Naima/build/naima_msgs -- -j16 -l16
[1.030s] DEBUG:colcon.colcon_core.event_handler.log_command:Invoking command in '/home/men3m/Naima/build/naima_msgs': CMAKE_PREFIX_PATH=/opt/ros/humble /usr/bin/cmake --install /home/men3m/Naima/build/naima_msgs
[1.031s] DEBUG:colcon.colcon_core.event_handler.log_command:Invoked command in '/home/men3m/Naima/build/zed_topic_benchmark_interfaces' returned '0': CMAKE_PREFIX_PATH=/opt/ros/humble /usr/bin/cmake --build /home/men3m/Naima/build/zed_topic_benchmark_interfaces -- -j16 -l16
[1.033s] DEBUG:colcon.colcon_core.event_handler.log_command:Invoking command in '/home/men3m/Naima/build/zed_topic_benchmark_interfaces': CMAKE_PREFIX_PATH=/opt/ros/humble /usr/bin/cmake --install /home/men3m/Naima/build/zed_topic_benchmark_interfaces
[1.034s] DEBUG:colcon.colcon_core.event_handler.log_command:Invoked command in '/home/men3m/Naima/build/zed_components' returned '0': CMAKE_PREFIX_PATH=/opt/ros/humble /usr/bin/cmake --build /home/men3m/Naima/build/zed_components -- -j16 -l16
[1.036s] DEBUG:colcon.colcon_core.event_handler.log_command:Invoking command in '/home/men3m/Naima/build/zed_components': CMAKE_PREFIX_PATH=/opt/ros/humble /usr/bin/cmake --install /home/men3m/Naima/build/zed_components
[1.079s] Level 1:colcon.colcon_core.environment:create_environment_scripts_only(ublox_serialization)
[1.086s] DEBUG:colcon.colcon_core.event_handler.log_command:Invoked command in '/home/men3m/Naima/build/naima_description' returned '0': CMAKE_PREFIX_PATH=/opt/ros/humble /usr/bin/cmake --build /home/men3m/Naima/build/naima_description -- -j16 -l16
[1.086s] DEBUG:colcon.colcon_core.event_handler.log_command:Invoking command in '/home/men3m/Naima/build/naima_description': CMAKE_PREFIX_PATH=/opt/ros/humble /usr/bin/cmake --install /home/men3m/Naima/build/naima_description
[1.087s] DEBUG:colcon.colcon_core.event_handler.log_command:Invoked command in '/home/men3m/Naima/build/naima_mapping' returned '0': CMAKE_PREFIX_PATH=/opt/ros/humble /usr/bin/cmake --build /home/men3m/Naima/build/naima_mapping -- -j16 -l16
[1.089s] DEBUG:colcon.colcon_core.event_handler.log_command:Invoking command in '/home/men3m/Naima/build/naima_mapping': CMAKE_PREFIX_PATH=/opt/ros/humble /usr/bin/cmake --install /home/men3m/Naima/build/naima_mapping
[1.090s] DEBUG:colcon.colcon_core.event_handler.log_command:Invoked command in '/home/men3m/Naima/build/naima_control' returned '0': CMAKE_PREFIX_PATH=/opt/ros/humble /usr/bin/cmake --build /home/men3m/Naima/build/naima_control -- -j16 -l16
[1.091s] DEBUG:colcon.colcon_core.event_handler.log_command:Invoking command in '/home/men3m/Naima/build/naima_control': CMAKE_PREFIX_PATH=/opt/ros/humble /usr/bin/cmake --install /home/men3m/Naima/build/naima_control
[1.092s] DEBUG:colcon.colcon_core.event_handler.log_command:Invoked command in '/home/men3m/Naima/build/ublox_serialization' returned '0': CMAKE_PREFIX_PATH=/opt/ros/humble /usr/bin/cmake --install /home/men3m/Naima/build/ublox_serialization
[1.103s] Level 1:colcon.colcon_core.environment:checking '/home/men3m/Naima/install/ublox_serialization' for CMake module files
[1.105s] Level 1:colcon.colcon_core.environment:checking '/home/men3m/Naima/install/ublox_serialization' for CMake config files
[1.107s] Level 1:colcon.colcon_core.shell:create_environment_hook('ublox_serialization', 'cmake_prefix_path')
[1.107s] INFO:colcon.colcon_core.shell:Creating environment hook '/home/men3m/Naima/install/ublox_serialization/share/ublox_serialization/hook/cmake_prefix_path.ps1'
[1.109s] INFO:colcon.colcon_core.shell:Creating environment descriptor '/home/men3m/Naima/install/ublox_serialization/share/ublox_serialization/hook/cmake_prefix_path.dsv'
[1.111s] INFO:colcon.colcon_core.shell:Creating environment hook '/home/men3m/Naima/install/ublox_serialization/share/ublox_serialization/hook/cmake_prefix_path.sh'
[1.113s] Level 1:colcon.colcon_core.environment:checking '/home/men3m/Naima/install/ublox_serialization/bin'
[1.114s] Level 1:colcon.colcon_core.environment:checking '/home/men3m/Naima/install/ublox_serialization/lib/pkgconfig/ublox_serialization.pc'
[1.114s] Level 1:colcon.colcon_core.environment:checking '/home/men3m/Naima/install/ublox_serialization/lib/python3.10/site-packages'
[1.114s] Level 1:colcon.colcon_core.environment:checking '/home/men3m/Naima/install/ublox_serialization/bin'
[1.115s] INFO:colcon.colcon_core.shell:Creating package script '/home/men3m/Naima/install/ublox_serialization/share/ublox_serialization/package.ps1'
[1.116s] INFO:colcon.colcon_core.shell:Creating package descriptor '/home/men3m/Naima/install/ublox_serialization/share/ublox_serialization/package.dsv'
[1.118s] INFO:colcon.colcon_core.shell:Creating package script '/home/men3m/Naima/install/ublox_serialization/share/ublox_serialization/package.sh'
[1.119s] INFO:colcon.colcon_core.shell:Creating package script '/home/men3m/Naima/install/ublox_serialization/share/ublox_serialization/package.bash'
[1.120s] INFO:colcon.colcon_core.shell:Creating package script '/home/men3m/Naima/install/ublox_serialization/share/ublox_serialization/package.zsh'
[1.121s] Level 1:colcon.colcon_core.environment:create_file_with_runtime_dependencies(/home/men3m/Naima/install/ublox_serialization/share/colcon-core/packages/ublox_serialization)
[1.122s] Level 1:colcon.colcon_core.environment:create_environment_scripts_only(ublox_serialization)
[1.122s] Level 1:colcon.colcon_core.environment:checking '/home/men3m/Naima/install/ublox_serialization' for CMake module files
[1.123s] Level 1:colcon.colcon_core.environment:checking '/home/men3m/Naima/install/ublox_serialization' for CMake config files
[1.123s] Level 1:colcon.colcon_core.shell:create_environment_hook('ublox_serialization', 'cmake_prefix_path')
[1.124s] INFO:colcon.colcon_core.shell:Creating environment hook '/home/men3m/Naima/install/ublox_serialization/share/ublox_serialization/hook/cmake_prefix_path.ps1'
[1.124s] INFO:colcon.colcon_core.shell:Creating environment descriptor '/home/men3m/Naima/install/ublox_serialization/share/ublox_serialization/hook/cmake_prefix_path.dsv'
[1.125s] INFO:colcon.colcon_core.shell:Creating environment hook '/home/men3m/Naima/install/ublox_serialization/share/ublox_serialization/hook/cmake_prefix_path.sh'
[1.125s] Level 1:colcon.colcon_core.environment:checking '/home/men3m/Naima/install/ublox_serialization/bin'
[1.126s] Level 1:colcon.colcon_core.environment:checking '/home/men3m/Naima/install/ublox_serialization/lib/pkgconfig/ublox_serialization.pc'
[1.126s] Level 1:colcon.colcon_core.environment:checking '/home/men3m/Naima/install/ublox_serialization/lib/python3.10/site-packages'
[1.126s] Level 1:colcon.colcon_core.environment:checking '/home/men3m/Naima/install/ublox_serialization/bin'
[1.127s] INFO:colcon.colcon_core.shell:Creating package script '/home/men3m/Naima/install/ublox_serialization/share/ublox_serialization/package.ps1'
[1.127s] INFO:colcon.colcon_core.shell:Creating package descriptor '/home/men3m/Naima/install/ublox_serialization/share/ublox_serialization/package.dsv'
[1.128s] INFO:colcon.colcon_core.shell:Creating package script '/home/men3m/Naima/install/ublox_serialization/share/ublox_serialization/package.sh'
[1.129s] INFO:colcon.colcon_core.shell:Creating package script '/home/men3m/Naima/install/ublox_serialization/share/ublox_serialization/package.bash'
[1.129s] INFO:colcon.colcon_core.shell:Creating package script '/home/men3m/Naima/install/ublox_serialization/share/ublox_serialization/package.zsh'
[1.130s] Level 1:colcon.colcon_core.environment:create_file_with_runtime_dependencies(/home/men3m/Naima/install/ublox_serialization/share/colcon-core/packages/ublox_serialization)
[1.130s] Level 1:colcon.colcon_core.environment:create_environment_scripts_only(zed_components)
[1.130s] Level 1:colcon.colcon_core.environment:checking '/home/men3m/Naima/install/zed_components' for CMake module files
[1.131s] Level 1:colcon.colcon_core.environment:checking '/home/men3m/Naima/install/zed_components' for CMake config files
[1.132s] DEBUG:colcon.colcon_core.event_handler.log_command:Invoked command in '/home/men3m/Naima/build/zed_components' returned '0': CMAKE_PREFIX_PATH=/opt/ros/humble /usr/bin/cmake --install /home/men3m/Naima/build/zed_components
[1.132s] Level 1:colcon.colcon_core.shell:create_environment_hook('zed_components', 'cmake_prefix_path')
[1.133s] INFO:colcon.colcon_core.shell:Creating environment hook '/home/men3m/Naima/install/zed_components/share/zed_components/hook/cmake_prefix_path.ps1'
[1.133s] INFO:colcon.colcon_core.shell:Creating environment descriptor '/home/men3m/Naima/install/zed_components/share/zed_components/hook/cmake_prefix_path.dsv'
[1.134s] INFO:colcon.colcon_core.shell:Creating environment hook '/home/men3m/Naima/install/zed_components/share/zed_components/hook/cmake_prefix_path.sh'
[1.134s] Level 1:colcon.colcon_core.environment:checking '/home/men3m/Naima/install/zed_components/lib'
[1.135s] Level 1:colcon.colcon_core.shell:create_environment_hook('zed_components', 'ld_library_path_lib')
[1.135s] INFO:colcon.colcon_core.shell:Creating environment hook '/home/men3m/Naima/install/zed_components/share/zed_components/hook/ld_library_path_lib.ps1'
[1.135s] INFO:colcon.colcon_core.shell:Creating environment descriptor '/home/men3m/Naima/install/zed_components/share/zed_components/hook/ld_library_path_lib.dsv'
[1.136s] INFO:colcon.colcon_core.shell:Creating environment hook '/home/men3m/Naima/install/zed_components/share/zed_components/hook/ld_library_path_lib.sh'
[1.136s] Level 1:colcon.colcon_core.environment:checking '/home/men3m/Naima/install/zed_components/bin'
[1.136s] Level 1:colcon.colcon_core.environment:checking '/home/men3m/Naima/install/zed_components/lib/pkgconfig/zed_components.pc'
[1.137s] Level 1:colcon.colcon_core.environment:checking '/home/men3m/Naima/install/zed_components/lib/python3.10/site-packages'
[1.137s] Level 1:colcon.colcon_core.environment:checking '/home/men3m/Naima/install/zed_components/bin'
[1.138s] INFO:colcon.colcon_core.shell:Creating package script '/home/men3m/Naima/install/zed_components/share/zed_components/package.ps1'
[1.138s] INFO:colcon.colcon_core.shell:Creating package descriptor '/home/men3m/Naima/install/zed_components/share/zed_components/package.dsv'
[1.139s] INFO:colcon.colcon_core.shell:Creating package script '/home/men3m/Naima/install/zed_components/share/zed_components/package.sh'
[1.139s] INFO:colcon.colcon_core.shell:Creating package script '/home/men3m/Naima/install/zed_components/share/zed_components/package.bash'
[1.140s] INFO:colcon.colcon_core.shell:Creating package script '/home/men3m/Naima/install/zed_components/share/zed_components/package.zsh'
[1.140s] Level 1:colcon.colcon_core.environment:create_file_with_runtime_dependencies(/home/men3m/Naima/install/zed_components/share/colcon-core/packages/zed_components)
[1.141s] Level 1:colcon.colcon_core.environment:create_environment_scripts_only(zed_components)
[1.142s] Level 1:colcon.colcon_core.environment:checking '/home/men3m/Naima/install/zed_components' for CMake module files
[1.142s] Level 1:colcon.colcon_core.environment:checking '/home/men3m/Naima/install/zed_components' for CMake config files
[1.143s] Level 1:colcon.colcon_core.shell:create_environment_hook('zed_components', 'cmake_prefix_path')
[1.143s] INFO:colcon.colcon_core.shell:Creating environment hook '/home/men3m/Naima/install/zed_components/share/zed_components/hook/cmake_prefix_path.ps1'
[1.143s] INFO:colcon.colcon_core.shell:Creating environment descriptor '/home/men3m/Naima/install/zed_components/share/zed_components/hook/cmake_prefix_path.dsv'
[1.144s] INFO:colcon.colcon_core.shell:Creating environment hook '/home/men3m/Naima/install/zed_components/share/zed_components/hook/cmake_prefix_path.sh'
[1.145s] Level 1:colcon.colcon_core.environment:checking '/home/men3m/Naima/install/zed_components/lib'
[1.145s] Level 1:colcon.colcon_core.shell:create_environment_hook('zed_components', 'ld_library_path_lib')
[1.145s] INFO:colcon.colcon_core.shell:Creating environment hook '/home/men3m/Naima/install/zed_components/share/zed_components/hook/ld_library_path_lib.ps1'
[1.146s] INFO:colcon.colcon_core.shell:Creating environment descriptor '/home/men3m/Naima/install/zed_components/share/zed_components/hook/ld_library_path_lib.dsv'
[1.146s] INFO:colcon.colcon_core.shell:Creating environment hook '/home/men3m/Naima/install/zed_components/share/zed_components/hook/ld_library_path_lib.sh'
[1.146s] Level 1:colcon.colcon_core.environment:checking '/home/men3m/Naima/install/zed_components/bin'
[1.146s] Level 1:colcon.colcon_core.environment:checking '/home/men3m/Naima/install/zed_components/lib/pkgconfig/zed_components.pc'
[1.147s] Level 1:colcon.colcon_core.environment:checking '/home/men3m/Naima/install/zed_components/lib/python3.10/site-packages'
[1.147s] Level 1:colcon.colcon_core.environment:checking '/home/men3m/Naima/install/zed_components/bin'
[1.147s] INFO:colcon.colcon_core.shell:Creating package script '/home/men3m/Naima/install/zed_components/share/zed_components/package.ps1'
[1.148s] INFO:colcon.colcon_core.shell:Creating package descriptor '/home/men3m/Naima/install/zed_components/share/zed_components/package.dsv'
[1.148s] INFO:colcon.colcon_core.shell:Creating package script '/home/men3m/Naima/install/zed_components/share/zed_components/package.sh'
[1.148s] INFO:colcon.colcon_core.shell:Creating package script '/home/men3m/Naima/install/zed_components/share/zed_components/package.bash'
[1.149s] INFO:colcon.colcon_core.shell:Creating package script '/home/men3m/Naima/install/zed_components/share/zed_components/package.zsh'
[1.149s] Level 1:colcon.colcon_core.environment:create_file_with_runtime_dependencies(/home/men3m/Naima/install/zed_components/share/colcon-core/packages/zed_components)
[1.151s] INFO:colcon.colcon_ros.task.ament_cmake.build:Building ROS package in '/home/men3m/Naima/src/zed-ros2-wrapper/zed_wrapper' with build type 'ament_cmake'
[1.151s] INFO:colcon.colcon_cmake.task.cmake.build:Building CMake package in '/home/men3m/Naima/src/zed-ros2-wrapper/zed_wrapper'
[1.152s] INFO:colcon.colcon_core.shell:Skip shell extension 'powershell' for command environment: Not usable outside of PowerShell
[1.152s] DEBUG:colcon.colcon_core.shell:Skip shell extension 'dsv' for command environment
[1.155s] INFO:colcon.colcon_ros.task.ament_cmake.build:Building ROS package in '/home/men3m/Naima/src/naima_ublox_gps/ublox_msgs' with build type 'ament_cmake'
[1.155s] INFO:colcon.colcon_cmake.task.cmake.build:Building CMake package in '/home/men3m/Naima/src/naima_ublox_gps/ublox_msgs'
[1.155s] INFO:colcon.colcon_core.shell:Skip shell extension 'powershell' for command environment: Not usable outside of PowerShell
[1.155s] DEBUG:colcon.colcon_core.shell:Skip shell extension 'dsv' for command environment
[1.159s] INFO:colcon.colcon_ros.task.ament_cmake.build:Building ROS package in '/home/men3m/Naima/src/zed-ros2-examples/examples/zed_aruco_localization' with build type 'ament_cmake'
[1.159s] INFO:colcon.colcon_cmake.task.cmake.build:Building CMake package in '/home/men3m/Naima/src/zed-ros2-examples/examples/zed_aruco_localization'
[1.159s] INFO:colcon.colcon_core.shell:Skip shell extension 'powershell' for command environment: Not usable outside of PowerShell
[1.159s] DEBUG:colcon.colcon_core.shell:Skip shell extension 'dsv' for command environment
[1.162s] INFO:colcon.colcon_ros.task.ament_cmake.build:Building ROS package in '/home/men3m/Naima/src/zed-ros2-examples/tutorials/zed_rgb_convert' with build type 'ament_cmake'
[1.163s] INFO:colcon.colcon_cmake.task.cmake.build:Building CMake package in '/home/men3m/Naima/src/zed-ros2-examples/tutorials/zed_rgb_convert'
[1.163s] INFO:colcon.colcon_core.shell:Skip shell extension 'powershell' for command environment: Not usable outside of PowerShell
[1.163s] DEBUG:colcon.colcon_core.shell:Skip shell extension 'dsv' for command environment
[1.167s] DEBUG:colcon.colcon_core.event_handler.log_command:Invoked command in '/home/men3m/Naima/build/zed_tutorial_video' returned '0': CMAKE_PREFIX_PATH=/opt/ros/humble /usr/bin/cmake --build /home/men3m/Naima/build/zed_tutorial_video -- -j16 -l16
[1.169s] DEBUG:colcon.colcon_core.event_handler.log_command:Invoking command in '/home/men3m/Naima/build/zed_tutorial_video': CMAKE_PREFIX_PATH=/opt/ros/humble /usr/bin/cmake --install /home/men3m/Naima/build/zed_tutorial_video
[1.169s] DEBUG:colcon.colcon_core.event_handler.log_command:Invoked command in '/home/men3m/Naima/build/zed_tutorial_depth' returned '0': CMAKE_PREFIX_PATH=/opt/ros/humble /usr/bin/cmake --build /home/men3m/Naima/build/zed_tutorial_depth -- -j16 -l16
[1.171s] DEBUG:colcon.colcon_core.event_handler.log_command:Invoking command in '/home/men3m/Naima/build/zed_tutorial_depth': CMAKE_PREFIX_PATH=/opt/ros/humble /usr/bin/cmake --install /home/men3m/Naima/build/zed_tutorial_depth
[1.171s] DEBUG:colcon.colcon_core.event_handler.log_command:Invoked command in '/home/men3m/Naima/build/zed_tutorial_pos_tracking' returned '0': CMAKE_PREFIX_PATH=/opt/ros/humble /usr/bin/cmake --build /home/men3m/Naima/build/zed_tutorial_pos_tracking -- -j16 -l16
[1.173s] DEBUG:colcon.colcon_core.event_handler.log_command:Invoking command in '/home/men3m/Naima/build/zed_tutorial_pos_tracking': CMAKE_PREFIX_PATH=/opt/ros/humble /usr/bin/cmake --install /home/men3m/Naima/build/zed_tutorial_pos_tracking
[1.174s] Level 1:colcon.colcon_core.environment:create_environment_scripts_only(naima_description)
[1.174s] DEBUG:colcon.colcon_core.event_handler.log_command:Invoked command in '/home/men3m/Naima/build/naima_description' returned '0': CMAKE_PREFIX_PATH=/opt/ros/humble /usr/bin/cmake --install /home/men3m/Naima/build/naima_description
[1.174s] Level 1:colcon.colcon_core.environment:checking '/home/men3m/Naima/install/naima_description' for CMake module files
[1.175s] Level 1:colcon.colcon_core.environment:checking '/home/men3m/Naima/install/naima_description' for CMake config files
[1.175s] Level 1:colcon.colcon_core.shell:create_environment_hook('naima_description', 'cmake_prefix_path')
[1.175s] INFO:colcon.colcon_core.shell:Creating environment hook '/home/men3m/Naima/install/naima_description/share/naima_description/hook/cmake_prefix_path.ps1'
[1.176s] INFO:colcon.colcon_core.shell:Creating environment descriptor '/home/men3m/Naima/install/naima_description/share/naima_description/hook/cmake_prefix_path.dsv'
[1.176s] INFO:colcon.colcon_core.shell:Creating environment hook '/home/men3m/Naima/install/naima_description/share/naima_description/hook/cmake_prefix_path.sh'
[1.177s] Level 1:colcon.colcon_core.environment:checking '/home/men3m/Naima/install/naima_description/bin'
[1.177s] Level 1:colcon.colcon_core.environment:checking '/home/men3m/Naima/install/naima_description/lib/pkgconfig/naima_description.pc'
[1.177s] Level 1:colcon.colcon_core.environment:checking '/home/men3m/Naima/install/naima_description/lib/python3.10/site-packages'
[1.177s] Level 1:colcon.colcon_core.environment:checking '/home/men3m/Naima/install/naima_description/bin'
[1.178s] INFO:colcon.colcon_core.shell:Creating package script '/home/men3m/Naima/install/naima_description/share/naima_description/package.ps1'
[1.178s] INFO:colcon.colcon_core.shell:Creating package descriptor '/home/men3m/Naima/install/naima_description/share/naima_description/package.dsv'
[1.179s] INFO:colcon.colcon_core.shell:Creating package script '/home/men3m/Naima/install/naima_description/share/naima_description/package.sh'
[1.179s] INFO:colcon.colcon_core.shell:Creating package script '/home/men3m/Naima/install/naima_description/share/naima_description/package.bash'
[1.179s] INFO:colcon.colcon_core.shell:Creating package script '/home/men3m/Naima/install/naima_description/share/naima_description/package.zsh'
[1.180s] Level 1:colcon.colcon_core.environment:create_file_with_runtime_dependencies(/home/men3m/Naima/install/naima_description/share/colcon-core/packages/naima_description)
[1.180s] Level 1:colcon.colcon_core.environment:create_environment_scripts_only(naima_description)
[1.180s] Level 1:colcon.colcon_core.environment:checking '/home/men3m/Naima/install/naima_description' for CMake module files
[1.181s] Level 1:colcon.colcon_core.environment:checking '/home/men3m/Naima/install/naima_description' for CMake config files
[1.182s] Level 1:colcon.colcon_core.shell:create_environment_hook('naima_description', 'cmake_prefix_path')
[1.182s] INFO:colcon.colcon_core.shell:Creating environment hook '/home/men3m/Naima/install/naima_description/share/naima_description/hook/cmake_prefix_path.ps1'
[1.182s] INFO:colcon.colcon_core.shell:Creating environment descriptor '/home/men3m/Naima/install/naima_description/share/naima_description/hook/cmake_prefix_path.dsv'
[1.182s] INFO:colcon.colcon_core.shell:Creating environment hook '/home/men3m/Naima/install/naima_description/share/naima_description/hook/cmake_prefix_path.sh'
[1.183s] Level 1:colcon.colcon_core.environment:checking '/home/men3m/Naima/install/naima_description/bin'
[1.183s] Level 1:colcon.colcon_core.environment:checking '/home/men3m/Naima/install/naima_description/lib/pkgconfig/naima_description.pc'
[1.183s] Level 1:colcon.colcon_core.environment:checking '/home/men3m/Naima/install/naima_description/lib/python3.10/site-packages'
[1.183s] Level 1:colcon.colcon_core.environment:checking '/home/men3m/Naima/install/naima_description/bin'
[1.184s] INFO:colcon.colcon_core.shell:Creating package script '/home/men3m/Naima/install/naima_description/share/naima_description/package.ps1'
[1.184s] INFO:colcon.colcon_core.shell:Creating package descriptor '/home/men3m/Naima/install/naima_description/share/naima_description/package.dsv'
[1.185s] INFO:colcon.colcon_core.shell:Creating package script '/home/men3m/Naima/install/naima_description/share/naima_description/package.sh'
[1.185s] INFO:colcon.colcon_core.shell:Creating package script '/home/men3m/Naima/install/naima_description/share/naima_description/package.bash'
[1.185s] INFO:colcon.colcon_core.shell:Creating package script '/home/men3m/Naima/install/naima_description/share/naima_description/package.zsh'
[1.186s] Level 1:colcon.colcon_core.environment:create_file_with_runtime_dependencies(/home/men3m/Naima/install/naima_description/share/colcon-core/packages/naima_description)
[1.186s] Level 1:colcon.colcon_core.environment:create_environment_scripts_only(naima_control)
[1.187s] Level 1:colcon.colcon_core.environment:checking '/home/men3m/Naima/install/naima_control' for CMake module files
[1.188s] DEBUG:colcon.colcon_core.event_handler.log_command:Invoked command in '/home/men3m/Naima/build/naima_control' returned '0': CMAKE_PREFIX_PATH=/opt/ros/humble /usr/bin/cmake --install /home/men3m/Naima/build/naima_control
[1.191s] Level 1:colcon.colcon_core.environment:checking '/home/men3m/Naima/install/naima_control' for CMake config files
[1.192s] Level 1:colcon.colcon_core.shell:create_environment_hook('naima_control', 'cmake_prefix_path')
[1.192s] INFO:colcon.colcon_core.shell:Creating environment hook '/home/men3m/Naima/install/naima_control/share/naima_control/hook/cmake_prefix_path.ps1'
[1.193s] INFO:colcon.colcon_core.shell:Creating environment descriptor '/home/men3m/Naima/install/naima_control/share/naima_control/hook/cmake_prefix_path.dsv'
[1.193s] INFO:colcon.colcon_core.shell:Creating environment hook '/home/men3m/Naima/install/naima_control/share/naima_control/hook/cmake_prefix_path.sh'
[1.194s] Level 1:colcon.colcon_core.environment:checking '/home/men3m/Naima/install/naima_control/bin'
[1.194s] Level 1:colcon.colcon_core.environment:checking '/home/men3m/Naima/install/naima_control/lib/pkgconfig/naima_control.pc'
[1.194s] Level 1:colcon.colcon_core.environment:checking '/home/men3m/Naima/install/naima_control/lib/python3.10/site-packages'
[1.194s] Level 1:colcon.colcon_core.environment:checking '/home/men3m/Naima/install/naima_control/bin'
[1.194s] INFO:colcon.colcon_core.shell:Creating package script '/home/men3m/Naima/install/naima_control/share/naima_control/package.ps1'
[1.195s] INFO:colcon.colcon_core.shell:Creating package descriptor '/home/men3m/Naima/install/naima_control/share/naima_control/package.dsv'
[1.195s] INFO:colcon.colcon_core.shell:Creating package script '/home/men3m/Naima/install/naima_control/share/naima_control/package.sh'
[1.196s] INFO:colcon.colcon_core.shell:Creating package script '/home/men3m/Naima/install/naima_control/share/naima_control/package.bash'
[1.196s] INFO:colcon.colcon_core.shell:Creating package script '/home/men3m/Naima/install/naima_control/share/naima_control/package.zsh'
[1.196s] Level 1:colcon.colcon_core.environment:create_file_with_runtime_dependencies(/home/men3m/Naima/install/naima_control/share/colcon-core/packages/naima_control)
[1.197s] Level 1:colcon.colcon_core.environment:create_environment_scripts_only(naima_control)
[1.197s] Level 1:colcon.colcon_core.environment:checking '/home/men3m/Naima/install/naima_control' for CMake module files
[1.197s] Level 1:colcon.colcon_core.environment:checking '/home/men3m/Naima/install/naima_control' for CMake config files
[1.198s] Level 1:colcon.colcon_core.shell:create_environment_hook('naima_control', 'cmake_prefix_path')
[1.198s] INFO:colcon.colcon_core.shell:Creating environment hook '/home/men3m/Naima/install/naima_control/share/naima_control/hook/cmake_prefix_path.ps1'
[1.198s] INFO:colcon.colcon_core.shell:Creating environment descriptor '/home/men3m/Naima/install/naima_control/share/naima_control/hook/cmake_prefix_path.dsv'
[1.199s] INFO:colcon.colcon_core.shell:Creating environment hook '/home/men3m/Naima/install/naima_control/share/naima_control/hook/cmake_prefix_path.sh'
[1.199s] Level 1:colcon.colcon_core.environment:checking '/home/men3m/Naima/install/naima_control/bin'
[1.199s] Level 1:colcon.colcon_core.environment:checking '/home/men3m/Naima/install/naima_control/lib/pkgconfig/naima_control.pc'
[1.199s] Level 1:colcon.colcon_core.environment:checking '/home/men3m/Naima/install/naima_control/lib/python3.10/site-packages'
[1.199s] Level 1:colcon.colcon_core.environment:checking '/home/men3m/Naima/install/naima_control/bin'
[1.200s] INFO:colcon.colcon_core.shell:Creating package script '/home/men3m/Naima/install/naima_control/share/naima_control/package.ps1'
[1.200s] INFO:colcon.colcon_core.shell:Creating package descriptor '/home/men3m/Naima/install/naima_control/share/naima_control/package.dsv'
[1.200s] INFO:colcon.colcon_core.shell:Creating package script '/home/men3m/Naima/install/naima_control/share/naima_control/package.sh'
[1.201s] INFO:colcon.colcon_core.shell:Creating package script '/home/men3m/Naima/install/naima_control/share/naima_control/package.bash'
[1.201s] INFO:colcon.colcon_core.shell:Creating package script '/home/men3m/Naima/install/naima_control/share/naima_control/package.zsh'
[1.202s] Level 1:colcon.colcon_core.environment:create_file_with_runtime_dependencies(/home/men3m/Naima/install/naima_control/share/colcon-core/packages/naima_control)
[1.202s] Level 1:colcon.colcon_core.environment:create_environment_scripts_only(naima_mapping)
[1.202s] Level 1:colcon.colcon_core.environment:checking '/home/men3m/Naima/install/naima_mapping' for CMake module files
[1.203s] DEBUG:colcon.colcon_core.event_handler.log_command:Invoked command in '/home/men3m/Naima/build/naima_mapping' returned '0': CMAKE_PREFIX_PATH=/opt/ros/humble /usr/bin/cmake --install /home/men3m/Naima/build/naima_mapping
[1.203s] Level 1:colcon.colcon_core.environment:checking '/home/men3m/Naima/install/naima_mapping' for CMake config files
[1.203s] Level 1:colcon.colcon_core.shell:create_environment_hook('naima_mapping', 'cmake_prefix_path')
[1.203s] INFO:colcon.colcon_core.shell:Creating environment hook '/home/men3m/Naima/install/naima_mapping/share/naima_mapping/hook/cmake_prefix_path.ps1'
[1.204s] INFO:colcon.colcon_core.shell:Creating environment descriptor '/home/men3m/Naima/install/naima_mapping/share/naima_mapping/hook/cmake_prefix_path.dsv'
[1.204s] INFO:colcon.colcon_core.shell:Creating environment hook '/home/men3m/Naima/install/naima_mapping/share/naima_mapping/hook/cmake_prefix_path.sh'
[1.205s] Level 1:colcon.colcon_core.environment:checking '/home/men3m/Naima/install/naima_mapping/bin'
[1.205s] Level 1:colcon.colcon_core.environment:checking '/home/men3m/Naima/install/naima_mapping/lib/pkgconfig/naima_mapping.pc'
[1.205s] Level 1:colcon.colcon_core.environment:checking '/home/men3m/Naima/install/naima_mapping/lib/python3.10/site-packages'
[1.205s] Level 1:colcon.colcon_core.environment:checking '/home/men3m/Naima/install/naima_mapping/bin'
[1.205s] INFO:colcon.colcon_core.shell:Creating package script '/home/men3m/Naima/install/naima_mapping/share/naima_mapping/package.ps1'
[1.206s] INFO:colcon.colcon_core.shell:Creating package descriptor '/home/men3m/Naima/install/naima_mapping/share/naima_mapping/package.dsv'
[1.206s] INFO:colcon.colcon_core.shell:Creating package script '/home/men3m/Naima/install/naima_mapping/share/naima_mapping/package.sh'
[1.206s] INFO:colcon.colcon_core.shell:Creating package script '/home/men3m/Naima/install/naima_mapping/share/naima_mapping/package.bash'
[1.207s] INFO:colcon.colcon_core.shell:Creating package script '/home/men3m/Naima/install/naima_mapping/share/naima_mapping/package.zsh'
[1.207s] Level 1:colcon.colcon_core.environment:create_file_with_runtime_dependencies(/home/men3m/Naima/install/naima_mapping/share/colcon-core/packages/naima_mapping)
[1.207s] Level 1:colcon.colcon_core.environment:create_environment_scripts_only(naima_mapping)
[1.208s] Level 1:colcon.colcon_core.environment:checking '/home/men3m/Naima/install/naima_mapping' for CMake module files
[1.208s] Level 1:colcon.colcon_core.environment:checking '/home/men3m/Naima/install/naima_mapping' for CMake config files
[1.208s] Level 1:colcon.colcon_core.shell:create_environment_hook('naima_mapping', 'cmake_prefix_path')
[1.208s] INFO:colcon.colcon_core.shell:Creating environment hook '/home/men3m/Naima/install/naima_mapping/share/naima_mapping/hook/cmake_prefix_path.ps1'
[1.209s] INFO:colcon.colcon_core.shell:Creating environment descriptor '/home/men3m/Naima/install/naima_mapping/share/naima_mapping/hook/cmake_prefix_path.dsv'
[1.209s] INFO:colcon.colcon_core.shell:Creating environment hook '/home/men3m/Naima/install/naima_mapping/share/naima_mapping/hook/cmake_prefix_path.sh'
[1.210s] Level 1:colcon.colcon_core.environment:checking '/home/men3m/Naima/install/naima_mapping/bin'
[1.210s] Level 1:colcon.colcon_core.environment:checking '/home/men3m/Naima/install/naima_mapping/lib/pkgconfig/naima_mapping.pc'
[1.210s] Level 1:colcon.colcon_core.environment:checking '/home/men3m/Naima/install/naima_mapping/lib/python3.10/site-packages'
[1.210s] Level 1:colcon.colcon_core.environment:checking '/home/men3m/Naima/install/naima_mapping/bin'
[1.210s] INFO:colcon.colcon_core.shell:Creating package script '/home/men3m/Naima/install/naima_mapping/share/naima_mapping/package.ps1'
[1.211s] INFO:colcon.colcon_core.shell:Creating package descriptor '/home/men3m/Naima/install/naima_mapping/share/naima_mapping/package.dsv'
[1.211s] INFO:colcon.colcon_core.shell:Creating package script '/home/men3m/Naima/install/naima_mapping/share/naima_mapping/package.sh'
[1.211s] INFO:colcon.colcon_core.shell:Creating package script '/home/men3m/Naima/install/naima_mapping/share/naima_mapping/package.bash'
[1.212s] INFO:colcon.colcon_core.shell:Creating package script '/home/men3m/Naima/install/naima_mapping/share/naima_mapping/package.zsh'
[1.212s] Level 1:colcon.colcon_core.environment:create_file_with_runtime_dependencies(/home/men3m/Naima/install/naima_mapping/share/colcon-core/packages/naima_mapping)
[1.214s] DEBUG:colcon.colcon_core.event_handler.log_command:Invoked command in '/home/men3m/Naima/build/rviz_plugin_zed_od' returned '0': CMAKE_PREFIX_PATH=/opt/ros/humble /usr/bin/cmake --build /home/men3m/Naima/build/rviz_plugin_zed_od -- -j16 -l16
[1.214s] Level 1:colcon.colcon_core.environment:create_environment_scripts_only(zed_topic_benchmark_interfaces)
[1.215s] Level 1:colcon.colcon_core.environment:checking '/home/men3m/Naima/install/zed_topic_benchmark_interfaces' for CMake module files
[1.215s] DEBUG:colcon.colcon_core.event_handler.log_command:Invoking command in '/home/men3m/Naima/build/rviz_plugin_zed_od': CMAKE_PREFIX_PATH=/opt/ros/humble /usr/bin/cmake --install /home/men3m/Naima/build/rviz_plugin_zed_od
[1.215s] DEBUG:colcon.colcon_core.event_handler.log_command:Invoked command in '/home/men3m/Naima/build/zed_topic_benchmark_interfaces' returned '0': CMAKE_PREFIX_PATH=/opt/ros/humble /usr/bin/cmake --install /home/men3m/Naima/build/zed_topic_benchmark_interfaces
[1.216s] Level 1:colcon.colcon_core.environment:checking '/home/men3m/Naima/install/zed_topic_benchmark_interfaces' for CMake config files
[1.216s] Level 1:colcon.colcon_core.shell:create_environment_hook('zed_topic_benchmark_interfaces', 'cmake_prefix_path')
[1.216s] INFO:colcon.colcon_core.shell:Creating environment hook '/home/men3m/Naima/install/zed_topic_benchmark_interfaces/share/zed_topic_benchmark_interfaces/hook/cmake_prefix_path.ps1'
[1.216s] INFO:colcon.colcon_core.shell:Creating environment descriptor '/home/men3m/Naima/install/zed_topic_benchmark_interfaces/share/zed_topic_benchmark_interfaces/hook/cmake_prefix_path.dsv'
[1.217s] INFO:colcon.colcon_core.shell:Creating environment hook '/home/men3m/Naima/install/zed_topic_benchmark_interfaces/share/zed_topic_benchmark_interfaces/hook/cmake_prefix_path.sh'
[1.217s] Level 1:colcon.colcon_core.environment:checking '/home/men3m/Naima/install/zed_topic_benchmark_interfaces/lib'
[1.217s] Level 1:colcon.colcon_core.shell:create_environment_hook('zed_topic_benchmark_interfaces', 'ld_library_path_lib')
[1.218s] INFO:colcon.colcon_core.shell:Creating environment hook '/home/men3m/Naima/install/zed_topic_benchmark_interfaces/share/zed_topic_benchmark_interfaces/hook/ld_library_path_lib.ps1'
[1.218s] INFO:colcon.colcon_core.shell:Creating environment descriptor '/home/men3m/Naima/install/zed_topic_benchmark_interfaces/share/zed_topic_benchmark_interfaces/hook/ld_library_path_lib.dsv'
[1.218s] INFO:colcon.colcon_core.shell:Creating environment hook '/home/men3m/Naima/install/zed_topic_benchmark_interfaces/share/zed_topic_benchmark_interfaces/hook/ld_library_path_lib.sh'
[1.219s] Level 1:colcon.colcon_core.environment:checking '/home/men3m/Naima/install/zed_topic_benchmark_interfaces/bin'
[1.219s] Level 1:colcon.colcon_core.environment:checking '/home/men3m/Naima/install/zed_topic_benchmark_interfaces/lib/pkgconfig/zed_topic_benchmark_interfaces.pc'
[1.219s] Level 1:colcon.colcon_core.environment:checking '/home/men3m/Naima/install/zed_topic_benchmark_interfaces/lib/python3.10/site-packages'
[1.219s] Level 1:colcon.colcon_core.environment:checking '/home/men3m/Naima/install/zed_topic_benchmark_interfaces/bin'
[1.219s] INFO:colcon.colcon_core.shell:Creating package script '/home/men3m/Naima/install/zed_topic_benchmark_interfaces/share/zed_topic_benchmark_interfaces/package.ps1'
[1.220s] INFO:colcon.colcon_core.shell:Creating package descriptor '/home/men3m/Naima/install/zed_topic_benchmark_interfaces/share/zed_topic_benchmark_interfaces/package.dsv'
[1.220s] INFO:colcon.colcon_core.shell:Creating package script '/home/men3m/Naima/install/zed_topic_benchmark_interfaces/share/zed_topic_benchmark_interfaces/package.sh'
[1.221s] INFO:colcon.colcon_core.shell:Creating package script '/home/men3m/Naima/install/zed_topic_benchmark_interfaces/share/zed_topic_benchmark_interfaces/package.bash'
[1.221s] INFO:colcon.colcon_core.shell:Creating package script '/home/men3m/Naima/install/zed_topic_benchmark_interfaces/share/zed_topic_benchmark_interfaces/package.zsh'
[1.221s] Level 1:colcon.colcon_core.environment:create_file_with_runtime_dependencies(/home/men3m/Naima/install/zed_topic_benchmark_interfaces/share/colcon-core/packages/zed_topic_benchmark_interfaces)
[1.222s] Level 1:colcon.colcon_core.environment:create_environment_scripts_only(zed_topic_benchmark_interfaces)
[1.222s] Level 1:colcon.colcon_core.environment:checking '/home/men3m/Naima/install/zed_topic_benchmark_interfaces' for CMake module files
[1.223s] Level 1:colcon.colcon_core.environment:checking '/home/men3m/Naima/install/zed_topic_benchmark_interfaces' for CMake config files
[1.223s] Level 1:colcon.colcon_core.shell:create_environment_hook('zed_topic_benchmark_interfaces', 'cmake_prefix_path')
[1.223s] INFO:colcon.colcon_core.shell:Creating environment hook '/home/men3m/Naima/install/zed_topic_benchmark_interfaces/share/zed_topic_benchmark_interfaces/hook/cmake_prefix_path.ps1'
[1.223s] INFO:colcon.colcon_core.shell:Creating environment descriptor '/home/men3m/Naima/install/zed_topic_benchmark_interfaces/share/zed_topic_benchmark_interfaces/hook/cmake_prefix_path.dsv'
[1.224s] INFO:colcon.colcon_core.shell:Creating environment hook '/home/men3m/Naima/install/zed_topic_benchmark_interfaces/share/zed_topic_benchmark_interfaces/hook/cmake_prefix_path.sh'
[1.224s] Level 1:colcon.colcon_core.environment:checking '/home/men3m/Naima/install/zed_topic_benchmark_interfaces/lib'
[1.224s] Level 1:colcon.colcon_core.shell:create_environment_hook('zed_topic_benchmark_interfaces', 'ld_library_path_lib')
[1.225s] INFO:colcon.colcon_core.shell:Creating environment hook '/home/men3m/Naima/install/zed_topic_benchmark_interfaces/share/zed_topic_benchmark_interfaces/hook/ld_library_path_lib.ps1'
[1.225s] INFO:colcon.colcon_core.shell:Creating environment descriptor '/home/men3m/Naima/install/zed_topic_benchmark_interfaces/share/zed_topic_benchmark_interfaces/hook/ld_library_path_lib.dsv'
[1.225s] INFO:colcon.colcon_core.shell:Creating environment hook '/home/men3m/Naima/install/zed_topic_benchmark_interfaces/share/zed_topic_benchmark_interfaces/hook/ld_library_path_lib.sh'
[1.226s] Level 1:colcon.colcon_core.environment:checking '/home/men3m/Naima/install/zed_topic_benchmark_interfaces/bin'
[1.226s] Level 1:colcon.colcon_core.environment:checking '/home/men3m/Naima/install/zed_topic_benchmark_interfaces/lib/pkgconfig/zed_topic_benchmark_interfaces.pc'
[1.226s] Level 1:colcon.colcon_core.environment:checking '/home/men3m/Naima/install/zed_topic_benchmark_interfaces/lib/python3.10/site-packages'
[1.226s] Level 1:colcon.colcon_core.environment:checking '/home/men3m/Naima/install/zed_topic_benchmark_interfaces/bin'
[1.226s] INFO:colcon.colcon_core.shell:Creating package script '/home/men3m/Naima/install/zed_topic_benchmark_interfaces/share/zed_topic_benchmark_interfaces/package.ps1'
[1.227s] INFO:colcon.colcon_core.shell:Creating package descriptor '/home/men3m/Naima/install/zed_topic_benchmark_interfaces/share/zed_topic_benchmark_interfaces/package.dsv'
[1.227s] INFO:colcon.colcon_core.shell:Creating package script '/home/men3m/Naima/install/zed_topic_benchmark_interfaces/share/zed_topic_benchmark_interfaces/package.sh'
[1.228s] INFO:colcon.colcon_core.shell:Creating package script '/home/men3m/Naima/install/zed_topic_benchmark_interfaces/share/zed_topic_benchmark_interfaces/package.bash'
[1.228s] INFO:colcon.colcon_core.shell:Creating package script '/home/men3m/Naima/install/zed_topic_benchmark_interfaces/share/zed_topic_benchmark_interfaces/package.zsh'
[1.228s] Level 1:colcon.colcon_core.environment:create_file_with_runtime_dependencies(/home/men3m/Naima/install/zed_topic_benchmark_interfaces/share/colcon-core/packages/zed_topic_benchmark_interfaces)
[1.229s] Level 1:colcon.colcon_core.environment:create_environment_scripts_only(naima_msgs)
[1.229s] Level 1:colcon.colcon_core.environment:checking '/home/men3m/Naima/install/naima_msgs' for CMake module files
[1.230s] DEBUG:colcon.colcon_core.event_handler.log_command:Invoked command in '/home/men3m/Naima/build/naima_msgs' returned '0': CMAKE_PREFIX_PATH=/opt/ros/humble /usr/bin/cmake --install /home/men3m/Naima/build/naima_msgs
[1.230s] Level 1:colcon.colcon_core.environment:checking '/home/men3m/Naima/install/naima_msgs' for CMake config files
[1.231s] Level 1:colcon.colcon_core.shell:create_environment_hook('naima_msgs', 'cmake_prefix_path')
[1.231s] INFO:colcon.colcon_core.shell:Creating environment hook '/home/men3m/Naima/install/naima_msgs/share/naima_msgs/hook/cmake_prefix_path.ps1'
[1.231s] INFO:colcon.colcon_core.shell:Creating environment descriptor '/home/men3m/Naima/install/naima_msgs/share/naima_msgs/hook/cmake_prefix_path.dsv'
[1.232s] INFO:colcon.colcon_core.shell:Creating environment hook '/home/men3m/Naima/install/naima_msgs/share/naima_msgs/hook/cmake_prefix_path.sh'
[1.232s] Level 1:colcon.colcon_core.environment:checking '/home/men3m/Naima/install/naima_msgs/lib'
[1.232s] Level 1:colcon.colcon_core.shell:create_environment_hook('naima_msgs', 'ld_library_path_lib')
[1.232s] INFO:colcon.colcon_core.shell:Creating environment hook '/home/men3m/Naima/install/naima_msgs/share/naima_msgs/hook/ld_library_path_lib.ps1'
[1.233s] INFO:colcon.colcon_core.shell:Creating environment descriptor '/home/men3m/Naima/install/naima_msgs/share/naima_msgs/hook/ld_library_path_lib.dsv'
[1.233s] INFO:colcon.colcon_core.shell:Creating environment hook '/home/men3m/Naima/install/naima_msgs/share/naima_msgs/hook/ld_library_path_lib.sh'
[1.233s] Level 1:colcon.colcon_core.environment:checking '/home/men3m/Naima/install/naima_msgs/bin'
[1.233s] Level 1:colcon.colcon_core.environment:checking '/home/men3m/Naima/install/naima_msgs/lib/pkgconfig/naima_msgs.pc'
[1.234s] Level 1:colcon.colcon_core.environment:checking '/home/men3m/Naima/install/naima_msgs/lib/python3.10/site-packages'
[1.234s] Level 1:colcon.colcon_core.environment:checking '/home/men3m/Naima/install/naima_msgs/bin'
[1.234s] INFO:colcon.colcon_core.shell:Creating package script '/home/men3m/Naima/install/naima_msgs/share/naima_msgs/package.ps1'
[1.234s] INFO:colcon.colcon_core.shell:Creating package descriptor '/home/men3m/Naima/install/naima_msgs/share/naima_msgs/package.dsv'
[1.235s] INFO:colcon.colcon_core.shell:Creating package script '/home/men3m/Naima/install/naima_msgs/share/naima_msgs/package.sh'
[1.235s] INFO:colcon.colcon_core.shell:Creating package script '/home/men3m/Naima/install/naima_msgs/share/naima_msgs/package.bash'
[1.236s] INFO:colcon.colcon_core.shell:Creating package script '/home/men3m/Naima/install/naima_msgs/share/naima_msgs/package.zsh'
[1.236s] Level 1:colcon.colcon_core.environment:create_file_with_runtime_dependencies(/home/men3m/Naima/install/naima_msgs/share/colcon-core/packages/naima_msgs)
[1.237s] Level 1:colcon.colcon_core.environment:create_environment_scripts_only(naima_msgs)
[1.237s] Level 1:colcon.colcon_core.environment:checking '/home/men3m/Naima/install/naima_msgs' for CMake module files
[1.237s] Level 1:colcon.colcon_core.environment:checking '/home/men3m/Naima/install/naima_msgs' for CMake config files
[1.238s] Level 1:colcon.colcon_core.shell:create_environment_hook('naima_msgs', 'cmake_prefix_path')
[1.238s] INFO:colcon.colcon_core.shell:Creating environment hook '/home/men3m/Naima/install/naima_msgs/share/naima_msgs/hook/cmake_prefix_path.ps1'
[1.238s] INFO:colcon.colcon_core.shell:Creating environment descriptor '/home/men3m/Naima/install/naima_msgs/share/naima_msgs/hook/cmake_prefix_path.dsv'
[1.239s] INFO:colcon.colcon_core.shell:Creating environment hook '/home/men3m/Naima/install/naima_msgs/share/naima_msgs/hook/cmake_prefix_path.sh'
[1.239s] Level 1:colcon.colcon_core.environment:checking '/home/men3m/Naima/install/naima_msgs/lib'
[1.239s] Level 1:colcon.colcon_core.shell:create_environment_hook('naima_msgs', 'ld_library_path_lib')
[1.239s] INFO:colcon.colcon_core.shell:Creating environment hook '/home/men3m/Naima/install/naima_msgs/share/naima_msgs/hook/ld_library_path_lib.ps1'
[1.240s] INFO:colcon.colcon_core.shell:Creating environment descriptor '/home/men3m/Naima/install/naima_msgs/share/naima_msgs/hook/ld_library_path_lib.dsv'
[1.240s] INFO:colcon.colcon_core.shell:Creating environment hook '/home/men3m/Naima/install/naima_msgs/share/naima_msgs/hook/ld_library_path_lib.sh'
[1.241s] Level 1:colcon.colcon_core.environment:checking '/home/men3m/Naima/install/naima_msgs/bin'
[1.241s] Level 1:colcon.colcon_core.environment:checking '/home/men3m/Naima/install/naima_msgs/lib/pkgconfig/naima_msgs.pc'
[1.241s] Level 1:colcon.colcon_core.environment:checking '/home/men3m/Naima/install/naima_msgs/lib/python3.10/site-packages'
[1.241s] Level 1:colcon.colcon_core.environment:checking '/home/men3m/Naima/install/naima_msgs/bin'
[1.241s] INFO:colcon.colcon_core.shell:Creating package script '/home/men3m/Naima/install/naima_msgs/share/naima_msgs/package.ps1'
[1.242s] INFO:colcon.colcon_core.shell:Creating package descriptor '/home/men3m/Naima/install/naima_msgs/share/naima_msgs/package.dsv'
[1.242s] INFO:colcon.colcon_core.shell:Creating package script '/home/men3m/Naima/install/naima_msgs/share/naima_msgs/package.sh'
[1.243s] INFO:colcon.colcon_core.shell:Creating package script '/home/men3m/Naima/install/naima_msgs/share/naima_msgs/package.bash'
[1.243s] INFO:colcon.colcon_core.shell:Creating package script '/home/men3m/Naima/install/naima_msgs/share/naima_msgs/package.zsh'
[1.243s] Level 1:colcon.colcon_core.environment:create_file_with_runtime_dependencies(/home/men3m/Naima/install/naima_msgs/share/colcon-core/packages/naima_msgs)
[1.244s] INFO:colcon.colcon_ros.task.ament_cmake.build:Building ROS package in '/home/men3m/Naima/src/zed-ros2-examples/tools/zed_benchmark_component' with build type 'ament_cmake'
[1.245s] INFO:colcon.colcon_cmake.task.cmake.build:Building CMake package in '/home/men3m/Naima/src/zed-ros2-examples/tools/zed_benchmark_component'
[1.245s] INFO:colcon.colcon_core.shell:Skip shell extension 'powershell' for command environment: Not usable outside of PowerShell
[1.245s] DEBUG:colcon.colcon_core.shell:Skip shell extension 'dsv' for command environment
[1.248s] INFO:colcon.colcon_ros.task.ament_cmake.build:Building ROS package in '/home/men3m/Naima/src/naima_examples' with build type 'ament_cmake'
[1.248s] INFO:colcon.colcon_cmake.task.cmake.build:Building CMake package in '/home/men3m/Naima/src/naima_examples'
[1.248s] INFO:colcon.colcon_core.shell:Skip shell extension 'powershell' for command environment: Not usable outside of PowerShell
[1.248s] DEBUG:colcon.colcon_core.shell:Skip shell extension 'dsv' for command environment
[1.253s] Level 1:colcon.colcon_core.environment:create_environment_scripts_only(zed_tutorial_video)
[1.253s] Level 1:colcon.colcon_core.environment:checking '/home/men3m/Naima/install/zed_tutorial_video' for CMake module files
[1.256s] Level 1:colcon.colcon_core.environment:checking '/home/men3m/Naima/install/zed_tutorial_video' for CMake config files
[1.257s] DEBUG:colcon.colcon_core.event_handler.log_command:Invoked command in '/home/men3m/Naima/build/zed_tutorial_video' returned '0': CMAKE_PREFIX_PATH=/opt/ros/humble /usr/bin/cmake --install /home/men3m/Naima/build/zed_tutorial_video
[1.257s] Level 1:colcon.colcon_core.shell:create_environment_hook('zed_tutorial_video', 'cmake_prefix_path')
[1.257s] INFO:colcon.colcon_core.shell:Creating environment hook '/home/men3m/Naima/install/zed_tutorial_video/share/zed_tutorial_video/hook/cmake_prefix_path.ps1'
[1.258s] INFO:colcon.colcon_core.shell:Creating environment descriptor '/home/men3m/Naima/install/zed_tutorial_video/share/zed_tutorial_video/hook/cmake_prefix_path.dsv'
[1.258s] INFO:colcon.colcon_core.shell:Creating environment hook '/home/men3m/Naima/install/zed_tutorial_video/share/zed_tutorial_video/hook/cmake_prefix_path.sh'
[1.259s] Level 1:colcon.colcon_core.environment:checking '/home/men3m/Naima/install/zed_tutorial_video/lib'
[1.259s] Level 1:colcon.colcon_core.environment:checking '/home/men3m/Naima/install/zed_tutorial_video/bin'
[1.259s] Level 1:colcon.colcon_core.environment:checking '/home/men3m/Naima/install/zed_tutorial_video/lib/pkgconfig/zed_tutorial_video.pc'
[1.259s] Level 1:colcon.colcon_core.environment:checking '/home/men3m/Naima/install/zed_tutorial_video/lib/python3.10/site-packages'
[1.259s] Level 1:colcon.colcon_core.environment:checking '/home/men3m/Naima/install/zed_tutorial_video/bin'
[1.259s] INFO:colcon.colcon_core.shell:Creating package script '/home/men3m/Naima/install/zed_tutorial_video/share/zed_tutorial_video/package.ps1'
[1.260s] INFO:colcon.colcon_core.shell:Creating package descriptor '/home/men3m/Naima/install/zed_tutorial_video/share/zed_tutorial_video/package.dsv'
[1.260s] INFO:colcon.colcon_core.shell:Creating package script '/home/men3m/Naima/install/zed_tutorial_video/share/zed_tutorial_video/package.sh'
[1.261s] INFO:colcon.colcon_core.shell:Creating package script '/home/men3m/Naima/install/zed_tutorial_video/share/zed_tutorial_video/package.bash'
[1.261s] INFO:colcon.colcon_core.shell:Creating package script '/home/men3m/Naima/install/zed_tutorial_video/share/zed_tutorial_video/package.zsh'
[1.261s] Level 1:colcon.colcon_core.environment:create_file_with_runtime_dependencies(/home/men3m/Naima/install/zed_tutorial_video/share/colcon-core/packages/zed_tutorial_video)
[1.262s] Level 1:colcon.colcon_core.environment:create_environment_scripts_only(zed_tutorial_video)
[1.262s] Level 1:colcon.colcon_core.environment:checking '/home/men3m/Naima/install/zed_tutorial_video' for CMake module files
[1.262s] Level 1:colcon.colcon_core.environment:checking '/home/men3m/Naima/install/zed_tutorial_video' for CMake config files
[1.263s] Level 1:colcon.colcon_core.shell:create_environment_hook('zed_tutorial_video', 'cmake_prefix_path')
[1.263s] INFO:colcon.colcon_core.shell:Creating environment hook '/home/men3m/Naima/install/zed_tutorial_video/share/zed_tutorial_video/hook/cmake_prefix_path.ps1'
[1.263s] INFO:colcon.colcon_core.shell:Creating environment descriptor '/home/men3m/Naima/install/zed_tutorial_video/share/zed_tutorial_video/hook/cmake_prefix_path.dsv'
[1.263s] INFO:colcon.colcon_core.shell:Creating environment hook '/home/men3m/Naima/install/zed_tutorial_video/share/zed_tutorial_video/hook/cmake_prefix_path.sh'
[1.264s] Level 1:colcon.colcon_core.environment:checking '/home/men3m/Naima/install/zed_tutorial_video/lib'
[1.264s] Level 1:colcon.colcon_core.environment:checking '/home/men3m/Naima/install/zed_tutorial_video/bin'
[1.264s] Level 1:colcon.colcon_core.environment:checking '/home/men3m/Naima/install/zed_tutorial_video/lib/pkgconfig/zed_tutorial_video.pc'
[1.264s] Level 1:colcon.colcon_core.environment:checking '/home/men3m/Naima/install/zed_tutorial_video/lib/python3.10/site-packages'
[1.264s] Level 1:colcon.colcon_core.environment:checking '/home/men3m/Naima/install/zed_tutorial_video/bin'
[1.265s] INFO:colcon.colcon_core.shell:Creating package script '/home/men3m/Naima/install/zed_tutorial_video/share/zed_tutorial_video/package.ps1'
[1.265s] INFO:colcon.colcon_core.shell:Creating package descriptor '/home/men3m/Naima/install/zed_tutorial_video/share/zed_tutorial_video/package.dsv'
[1.265s] INFO:colcon.colcon_core.shell:Creating package script '/home/men3m/Naima/install/zed_tutorial_video/share/zed_tutorial_video/package.sh'
[1.266s] INFO:colcon.colcon_core.shell:Creating package script '/home/men3m/Naima/install/zed_tutorial_video/share/zed_tutorial_video/package.bash'
[1.266s] INFO:colcon.colcon_core.shell:Creating package script '/home/men3m/Naima/install/zed_tutorial_video/share/zed_tutorial_video/package.zsh'
[1.267s] Level 1:colcon.colcon_core.environment:create_file_with_runtime_dependencies(/home/men3m/Naima/install/zed_tutorial_video/share/colcon-core/packages/zed_tutorial_video)
[1.270s] DEBUG:colcon.colcon_core.event_handler.log_command:Invoking command in '/home/men3m/Naima/build/zed_wrapper': AMENT_PREFIX_PATH=/home/men3m/Naima/install/zed_components:${AMENT_PREFIX_PATH} CMAKE_PREFIX_PATH=/home/men3m/Naima/install/zed_components:/opt/ros/humble LD_LIBRARY_PATH=/home/men3m/Naima/install/zed_components/lib:/usr/lib/x86_64-linux-gnu/gazebo-11/plugins:/opt/ros/humble/opt/rviz_ogre_vendor/lib:/opt/ros/humble/lib/x86_64-linux-gnu:/opt/ros/humble/lib:/usr/local/cuda-12.4.0/lib64:/usr/local/cuda-12.4.0/lib64 /usr/bin/cmake --build /home/men3m/Naima/build/zed_wrapper -- -j16 -l16
[1.272s] DEBUG:colcon.colcon_core.event_handler.log_command:Invoking command in '/home/men3m/Naima/build/ublox_msgs': AMENT_PREFIX_PATH=/home/men3m/Naima/install/ublox_serialization:${AMENT_PREFIX_PATH} CMAKE_PREFIX_PATH=/home/men3m/Naima/install/ublox_serialization:/opt/ros/humble /usr/bin/cmake --build /home/men3m/Naima/build/ublox_msgs -- -j16 -l16
[1.275s] DEBUG:colcon.colcon_core.event_handler.log_command:Invoking command in '/home/men3m/Naima/build/zed_aruco_localization': AMENT_PREFIX_PATH=/home/men3m/Naima/install/zed_components:${AMENT_PREFIX_PATH} CMAKE_PREFIX_PATH=/home/men3m/Naima/install/zed_components:/opt/ros/humble LD_LIBRARY_PATH=/home/men3m/Naima/install/zed_components/lib:/usr/lib/x86_64-linux-gnu/gazebo-11/plugins:/opt/ros/humble/opt/rviz_ogre_vendor/lib:/opt/ros/humble/lib/x86_64-linux-gnu:/opt/ros/humble/lib:/usr/local/cuda-12.4.0/lib64:/usr/local/cuda-12.4.0/lib64 /usr/bin/cmake --build /home/men3m/Naima/build/zed_aruco_localization -- -j16 -l16
[1.278s] Level 1:colcon.colcon_core.environment:create_environment_scripts_only(zed_tutorial_depth)
[1.278s] Level 1:colcon.colcon_core.environment:checking '/home/men3m/Naima/install/zed_tutorial_depth' for CMake module files
[1.280s] DEBUG:colcon.colcon_core.event_handler.log_command:Invoking command in '/home/men3m/Naima/build/zed_rgb_convert': AMENT_PREFIX_PATH=/home/men3m/Naima/install/zed_components:${AMENT_PREFIX_PATH} CMAKE_PREFIX_PATH=/home/men3m/Naima/install/zed_components:/opt/ros/humble LD_LIBRARY_PATH=/home/men3m/Naima/install/zed_components/lib:/usr/lib/x86_64-linux-gnu/gazebo-11/plugins:/opt/ros/humble/opt/rviz_ogre_vendor/lib:/opt/ros/humble/lib/x86_64-linux-gnu:/opt/ros/humble/lib:/usr/local/cuda-12.4.0/lib64:/usr/local/cuda-12.4.0/lib64 /usr/bin/cmake --build /home/men3m/Naima/build/zed_rgb_convert -- -j16 -l16
[1.280s] DEBUG:colcon.colcon_core.event_handler.log_command:Invoked command in '/home/men3m/Naima/build/zed_tutorial_depth' returned '0': CMAKE_PREFIX_PATH=/opt/ros/humble /usr/bin/cmake --install /home/men3m/Naima/build/zed_tutorial_depth
[1.281s] Level 1:colcon.colcon_core.environment:checking '/home/men3m/Naima/install/zed_tutorial_depth' for CMake config files
[1.281s] Level 1:colcon.colcon_core.shell:create_environment_hook('zed_tutorial_depth', 'cmake_prefix_path')
[1.281s] INFO:colcon.colcon_core.shell:Creating environment hook '/home/men3m/Naima/install/zed_tutorial_depth/share/zed_tutorial_depth/hook/cmake_prefix_path.ps1'
[1.282s] INFO:colcon.colcon_core.shell:Creating environment descriptor '/home/men3m/Naima/install/zed_tutorial_depth/share/zed_tutorial_depth/hook/cmake_prefix_path.dsv'
[1.282s] INFO:colcon.colcon_core.shell:Creating environment hook '/home/men3m/Naima/install/zed_tutorial_depth/share/zed_tutorial_depth/hook/cmake_prefix_path.sh'
[1.283s] Level 1:colcon.colcon_core.environment:checking '/home/men3m/Naima/install/zed_tutorial_depth/lib'
[1.283s] Level 1:colcon.colcon_core.environment:checking '/home/men3m/Naima/install/zed_tutorial_depth/bin'
[1.283s] Level 1:colcon.colcon_core.environment:checking '/home/men3m/Naima/install/zed_tutorial_depth/lib/pkgconfig/zed_tutorial_depth.pc'
[1.283s] Level 1:colcon.colcon_core.environment:checking '/home/men3m/Naima/install/zed_tutorial_depth/lib/python3.10/site-packages'
[1.284s] Level 1:colcon.colcon_core.environment:checking '/home/men3m/Naima/install/zed_tutorial_depth/bin'
[1.284s] INFO:colcon.colcon_core.shell:Creating package script '/home/men3m/Naima/install/zed_tutorial_depth/share/zed_tutorial_depth/package.ps1'
[1.285s] INFO:colcon.colcon_core.shell:Creating package descriptor '/home/men3m/Naima/install/zed_tutorial_depth/share/zed_tutorial_depth/package.dsv'
[1.285s] INFO:colcon.colcon_core.shell:Creating package script '/home/men3m/Naima/install/zed_tutorial_depth/share/zed_tutorial_depth/package.sh'
[1.286s] INFO:colcon.colcon_core.shell:Creating package script '/home/men3m/Naima/install/zed_tutorial_depth/share/zed_tutorial_depth/package.bash'
[1.286s] INFO:colcon.colcon_core.shell:Creating package script '/home/men3m/Naima/install/zed_tutorial_depth/share/zed_tutorial_depth/package.zsh'
[1.286s] Level 1:colcon.colcon_core.environment:create_file_with_runtime_dependencies(/home/men3m/Naima/install/zed_tutorial_depth/share/colcon-core/packages/zed_tutorial_depth)
[1.287s] Level 1:colcon.colcon_core.environment:create_environment_scripts_only(zed_tutorial_depth)
[1.287s] Level 1:colcon.colcon_core.environment:checking '/home/men3m/Naima/install/zed_tutorial_depth' for CMake module files
[1.288s] Level 1:colcon.colcon_core.environment:checking '/home/men3m/Naima/install/zed_tutorial_depth' for CMake config files
[1.288s] Level 1:colcon.colcon_core.shell:create_environment_hook('zed_tutorial_depth', 'cmake_prefix_path')
[1.289s] INFO:colcon.colcon_core.shell:Creating environment hook '/home/men3m/Naima/install/zed_tutorial_depth/share/zed_tutorial_depth/hook/cmake_prefix_path.ps1'
[1.289s] INFO:colcon.colcon_core.shell:Creating environment descriptor '/home/men3m/Naima/install/zed_tutorial_depth/share/zed_tutorial_depth/hook/cmake_prefix_path.dsv'
[1.289s] INFO:colcon.colcon_core.shell:Creating environment hook '/home/men3m/Naima/install/zed_tutorial_depth/share/zed_tutorial_depth/hook/cmake_prefix_path.sh'
[1.290s] Level 1:colcon.colcon_core.environment:checking '/home/men3m/Naima/install/zed_tutorial_depth/lib'
[1.290s] Level 1:colcon.colcon_core.environment:checking '/home/men3m/Naima/install/zed_tutorial_depth/bin'
[1.290s] Level 1:colcon.colcon_core.environment:checking '/home/men3m/Naima/install/zed_tutorial_depth/lib/pkgconfig/zed_tutorial_depth.pc'
[1.291s] Level 1:colcon.colcon_core.environment:checking '/home/men3m/Naima/install/zed_tutorial_depth/lib/python3.10/site-packages'
[1.291s] Level 1:colcon.colcon_core.environment:checking '/home/men3m/Naima/install/zed_tutorial_depth/bin'
[1.291s] INFO:colcon.colcon_core.shell:Creating package script '/home/men3m/Naima/install/zed_tutorial_depth/share/zed_tutorial_depth/package.ps1'
[1.292s] INFO:colcon.colcon_core.shell:Creating package descriptor '/home/men3m/Naima/install/zed_tutorial_depth/share/zed_tutorial_depth/package.dsv'
[1.292s] INFO:colcon.colcon_core.shell:Creating package script '/home/men3m/Naima/install/zed_tutorial_depth/share/zed_tutorial_depth/package.sh'
[1.293s] INFO:colcon.colcon_core.shell:Creating package script '/home/men3m/Naima/install/zed_tutorial_depth/share/zed_tutorial_depth/package.bash'
[1.293s] INFO:colcon.colcon_core.shell:Creating package script '/home/men3m/Naima/install/zed_tutorial_depth/share/zed_tutorial_depth/package.zsh'
[1.294s] Level 1:colcon.colcon_core.environment:create_file_with_runtime_dependencies(/home/men3m/Naima/install/zed_tutorial_depth/share/colcon-core/packages/zed_tutorial_depth)
[1.294s] Level 1:colcon.colcon_core.environment:create_environment_scripts_only(zed_tutorial_pos_tracking)
[1.294s] Level 1:colcon.colcon_core.environment:checking '/home/men3m/Naima/install/zed_tutorial_pos_tracking' for CMake module files
[1.296s] DEBUG:colcon.colcon_core.event_handler.log_command:Invoked command in '/home/men3m/Naima/build/zed_tutorial_pos_tracking' returned '0': CMAKE_PREFIX_PATH=/opt/ros/humble /usr/bin/cmake --install /home/men3m/Naima/build/zed_tutorial_pos_tracking
[1.296s] Level 1:colcon.colcon_core.environment:checking '/home/men3m/Naima/install/zed_tutorial_pos_tracking' for CMake config files
[1.296s] Level 1:colcon.colcon_core.shell:create_environment_hook('zed_tutorial_pos_tracking', 'cmake_prefix_path')
[1.296s] INFO:colcon.colcon_core.shell:Creating environment hook '/home/men3m/Naima/install/zed_tutorial_pos_tracking/share/zed_tutorial_pos_tracking/hook/cmake_prefix_path.ps1'
[1.297s] INFO:colcon.colcon_core.shell:Creating environment descriptor '/home/men3m/Naima/install/zed_tutorial_pos_tracking/share/zed_tutorial_pos_tracking/hook/cmake_prefix_path.dsv'
[1.297s] INFO:colcon.colcon_core.shell:Creating environment hook '/home/men3m/Naima/install/zed_tutorial_pos_tracking/share/zed_tutorial_pos_tracking/hook/cmake_prefix_path.sh'
[1.298s] Level 1:colcon.colcon_core.environment:checking '/home/men3m/Naima/install/zed_tutorial_pos_tracking/lib'
[1.298s] Level 1:colcon.colcon_core.environment:checking '/home/men3m/Naima/install/zed_tutorial_pos_tracking/bin'
[1.298s] Level 1:colcon.colcon_core.environment:checking '/home/men3m/Naima/install/zed_tutorial_pos_tracking/lib/pkgconfig/zed_tutorial_pos_tracking.pc'
[1.298s] Level 1:colcon.colcon_core.environment:checking '/home/men3m/Naima/install/zed_tutorial_pos_tracking/lib/python3.10/site-packages'
[1.298s] Level 1:colcon.colcon_core.environment:checking '/home/men3m/Naima/install/zed_tutorial_pos_tracking/bin'
[1.298s] INFO:colcon.colcon_core.shell:Creating package script '/home/men3m/Naima/install/zed_tutorial_pos_tracking/share/zed_tutorial_pos_tracking/package.ps1'
[1.299s] INFO:colcon.colcon_core.shell:Creating package descriptor '/home/men3m/Naima/install/zed_tutorial_pos_tracking/share/zed_tutorial_pos_tracking/package.dsv'
[1.299s] INFO:colcon.colcon_core.shell:Creating package script '/home/men3m/Naima/install/zed_tutorial_pos_tracking/share/zed_tutorial_pos_tracking/package.sh'
[1.299s] INFO:colcon.colcon_core.shell:Creating package script '/home/men3m/Naima/install/zed_tutorial_pos_tracking/share/zed_tutorial_pos_tracking/package.bash'
[1.300s] INFO:colcon.colcon_core.shell:Creating package script '/home/men3m/Naima/install/zed_tutorial_pos_tracking/share/zed_tutorial_pos_tracking/package.zsh'
[1.300s] Level 1:colcon.colcon_core.environment:create_file_with_runtime_dependencies(/home/men3m/Naima/install/zed_tutorial_pos_tracking/share/colcon-core/packages/zed_tutorial_pos_tracking)
[1.301s] Level 1:colcon.colcon_core.environment:create_environment_scripts_only(zed_tutorial_pos_tracking)
[1.301s] Level 1:colcon.colcon_core.environment:checking '/home/men3m/Naima/install/zed_tutorial_pos_tracking' for CMake module files
[1.301s] Level 1:colcon.colcon_core.environment:checking '/home/men3m/Naima/install/zed_tutorial_pos_tracking' for CMake config files
[1.302s] Level 1:colcon.colcon_core.shell:create_environment_hook('zed_tutorial_pos_tracking', 'cmake_prefix_path')
[1.302s] INFO:colcon.colcon_core.shell:Creating environment hook '/home/men3m/Naima/install/zed_tutorial_pos_tracking/share/zed_tutorial_pos_tracking/hook/cmake_prefix_path.ps1'
[1.302s] INFO:colcon.colcon_core.shell:Creating environment descriptor '/home/men3m/Naima/install/zed_tutorial_pos_tracking/share/zed_tutorial_pos_tracking/hook/cmake_prefix_path.dsv'
[1.302s] INFO:colcon.colcon_core.shell:Creating environment hook '/home/men3m/Naima/install/zed_tutorial_pos_tracking/share/zed_tutorial_pos_tracking/hook/cmake_prefix_path.sh'
[1.303s] Level 1:colcon.colcon_core.environment:checking '/home/men3m/Naima/install/zed_tutorial_pos_tracking/lib'
[1.303s] Level 1:colcon.colcon_core.environment:checking '/home/men3m/Naima/install/zed_tutorial_pos_tracking/bin'
[1.303s] Level 1:colcon.colcon_core.environment:checking '/home/men3m/Naima/install/zed_tutorial_pos_tracking/lib/pkgconfig/zed_tutorial_pos_tracking.pc'
[1.303s] Level 1:colcon.colcon_core.environment:checking '/home/men3m/Naima/install/zed_tutorial_pos_tracking/lib/python3.10/site-packages'
[1.303s] Level 1:colcon.colcon_core.environment:checking '/home/men3m/Naima/install/zed_tutorial_pos_tracking/bin'
[1.304s] INFO:colcon.colcon_core.shell:Creating package script '/home/men3m/Naima/install/zed_tutorial_pos_tracking/share/zed_tutorial_pos_tracking/package.ps1'
[1.304s] INFO:colcon.colcon_core.shell:Creating package descriptor '/home/men3m/Naima/install/zed_tutorial_pos_tracking/share/zed_tutorial_pos_tracking/package.dsv'
[1.305s] INFO:colcon.colcon_core.shell:Creating package script '/home/men3m/Naima/install/zed_tutorial_pos_tracking/share/zed_tutorial_pos_tracking/package.sh'
[1.305s] INFO:colcon.colcon_core.shell:Creating package script '/home/men3m/Naima/install/zed_tutorial_pos_tracking/share/zed_tutorial_pos_tracking/package.bash'
[1.305s] INFO:colcon.colcon_core.shell:Creating package script '/home/men3m/Naima/install/zed_tutorial_pos_tracking/share/zed_tutorial_pos_tracking/package.zsh'
[1.306s] Level 1:colcon.colcon_core.environment:create_file_with_runtime_dependencies(/home/men3m/Naima/install/zed_tutorial_pos_tracking/share/colcon-core/packages/zed_tutorial_pos_tracking)
[1.306s] Level 1:colcon.colcon_core.environment:create_environment_scripts_only(rviz_plugin_zed_od)
[1.306s] Level 1:colcon.colcon_core.environment:checking '/home/men3m/Naima/install/rviz_plugin_zed_od' for CMake module files
[1.307s] DEBUG:colcon.colcon_core.event_handler.log_command:Invoked command in '/home/men3m/Naima/build/rviz_plugin_zed_od' returned '0': CMAKE_PREFIX_PATH=/opt/ros/humble /usr/bin/cmake --install /home/men3m/Naima/build/rviz_plugin_zed_od
[1.307s] Level 1:colcon.colcon_core.environment:checking '/home/men3m/Naima/install/rviz_plugin_zed_od' for CMake config files
[1.308s] Level 1:colcon.colcon_core.shell:create_environment_hook('rviz_plugin_zed_od', 'cmake_prefix_path')
[1.308s] INFO:colcon.colcon_core.shell:Creating environment hook '/home/men3m/Naima/install/rviz_plugin_zed_od/share/rviz_plugin_zed_od/hook/cmake_prefix_path.ps1'
[1.308s] INFO:colcon.colcon_core.shell:Creating environment descriptor '/home/men3m/Naima/install/rviz_plugin_zed_od/share/rviz_plugin_zed_od/hook/cmake_prefix_path.dsv'
[1.309s] INFO:colcon.colcon_core.shell:Creating environment hook '/home/men3m/Naima/install/rviz_plugin_zed_od/share/rviz_plugin_zed_od/hook/cmake_prefix_path.sh'
[1.309s] Level 1:colcon.colcon_core.environment:checking '/home/men3m/Naima/install/rviz_plugin_zed_od/lib'
[1.309s] Level 1:colcon.colcon_core.shell:create_environment_hook('rviz_plugin_zed_od', 'ld_library_path_lib')
[1.309s] INFO:colcon.colcon_core.shell:Creating environment hook '/home/men3m/Naima/install/rviz_plugin_zed_od/share/rviz_plugin_zed_od/hook/ld_library_path_lib.ps1'
[1.310s] INFO:colcon.colcon_core.shell:Creating environment descriptor '/home/men3m/Naima/install/rviz_plugin_zed_od/share/rviz_plugin_zed_od/hook/ld_library_path_lib.dsv'
[1.310s] INFO:colcon.colcon_core.shell:Creating environment hook '/home/men3m/Naima/install/rviz_plugin_zed_od/share/rviz_plugin_zed_od/hook/ld_library_path_lib.sh'
[1.310s] Level 1:colcon.colcon_core.environment:checking '/home/men3m/Naima/install/rviz_plugin_zed_od/bin'
[1.310s] Level 1:colcon.colcon_core.environment:checking '/home/men3m/Naima/install/rviz_plugin_zed_od/lib/pkgconfig/rviz_plugin_zed_od.pc'
[1.311s] Level 1:colcon.colcon_core.environment:checking '/home/men3m/Naima/install/rviz_plugin_zed_od/lib/python3.10/site-packages'
[1.311s] Level 1:colcon.colcon_core.environment:checking '/home/men3m/Naima/install/rviz_plugin_zed_od/bin'
[1.311s] INFO:colcon.colcon_core.shell:Creating package script '/home/men3m/Naima/install/rviz_plugin_zed_od/share/rviz_plugin_zed_od/package.ps1'
[1.311s] INFO:colcon.colcon_core.shell:Creating package descriptor '/home/men3m/Naima/install/rviz_plugin_zed_od/share/rviz_plugin_zed_od/package.dsv'
[1.312s] INFO:colcon.colcon_core.shell:Creating package script '/home/men3m/Naima/install/rviz_plugin_zed_od/share/rviz_plugin_zed_od/package.sh'
[1.312s] INFO:colcon.colcon_core.shell:Creating package script '/home/men3m/Naima/install/rviz_plugin_zed_od/share/rviz_plugin_zed_od/package.bash'
[1.313s] INFO:colcon.colcon_core.shell:Creating package script '/home/men3m/Naima/install/rviz_plugin_zed_od/share/rviz_plugin_zed_od/package.zsh'
[1.313s] Level 1:colcon.colcon_core.environment:create_file_with_runtime_dependencies(/home/men3m/Naima/install/rviz_plugin_zed_od/share/colcon-core/packages/rviz_plugin_zed_od)
[1.313s] Level 1:colcon.colcon_core.environment:create_environment_scripts_only(rviz_plugin_zed_od)
[1.314s] Level 1:colcon.colcon_core.environment:checking '/home/men3m/Naima/install/rviz_plugin_zed_od' for CMake module files
[1.314s] Level 1:colcon.colcon_core.environment:checking '/home/men3m/Naima/install/rviz_plugin_zed_od' for CMake config files
[1.314s] Level 1:colcon.colcon_core.shell:create_environment_hook('rviz_plugin_zed_od', 'cmake_prefix_path')
[1.315s] INFO:colcon.colcon_core.shell:Creating environment hook '/home/men3m/Naima/install/rviz_plugin_zed_od/share/rviz_plugin_zed_od/hook/cmake_prefix_path.ps1'
[1.315s] INFO:colcon.colcon_core.shell:Creating environment descriptor '/home/men3m/Naima/install/rviz_plugin_zed_od/share/rviz_plugin_zed_od/hook/cmake_prefix_path.dsv'
[1.315s] INFO:colcon.colcon_core.shell:Creating environment hook '/home/men3m/Naima/install/rviz_plugin_zed_od/share/rviz_plugin_zed_od/hook/cmake_prefix_path.sh'
[1.316s] Level 1:colcon.colcon_core.environment:checking '/home/men3m/Naima/install/rviz_plugin_zed_od/lib'
[1.316s] Level 1:colcon.colcon_core.shell:create_environment_hook('rviz_plugin_zed_od', 'ld_library_path_lib')
[1.316s] INFO:colcon.colcon_core.shell:Creating environment hook '/home/men3m/Naima/install/rviz_plugin_zed_od/share/rviz_plugin_zed_od/hook/ld_library_path_lib.ps1'
[1.317s] INFO:colcon.colcon_core.shell:Creating environment descriptor '/home/men3m/Naima/install/rviz_plugin_zed_od/share/rviz_plugin_zed_od/hook/ld_library_path_lib.dsv'
[1.317s] INFO:colcon.colcon_core.shell:Creating environment hook '/home/men3m/Naima/install/rviz_plugin_zed_od/share/rviz_plugin_zed_od/hook/ld_library_path_lib.sh'
[1.317s] Level 1:colcon.colcon_core.environment:checking '/home/men3m/Naima/install/rviz_plugin_zed_od/bin'
[1.317s] Level 1:colcon.colcon_core.environment:checking '/home/men3m/Naima/install/rviz_plugin_zed_od/lib/pkgconfig/rviz_plugin_zed_od.pc'
[1.317s] Level 1:colcon.colcon_core.environment:checking '/home/men3m/Naima/install/rviz_plugin_zed_od/lib/python3.10/site-packages'
[1.318s] Level 1:colcon.colcon_core.environment:checking '/home/men3m/Naima/install/rviz_plugin_zed_od/bin'
[1.318s] INFO:colcon.colcon_core.shell:Creating package script '/home/men3m/Naima/install/rviz_plugin_zed_od/share/rviz_plugin_zed_od/package.ps1'
[1.318s] INFO:colcon.colcon_core.shell:Creating package descriptor '/home/men3m/Naima/install/rviz_plugin_zed_od/share/rviz_plugin_zed_od/package.dsv'
[1.319s] INFO:colcon.colcon_core.shell:Creating package script '/home/men3m/Naima/install/rviz_plugin_zed_od/share/rviz_plugin_zed_od/package.sh'
[1.319s] INFO:colcon.colcon_core.shell:Creating package script '/home/men3m/Naima/install/rviz_plugin_zed_od/share/rviz_plugin_zed_od/package.bash'
[1.320s] INFO:colcon.colcon_core.shell:Creating package script '/home/men3m/Naima/install/rviz_plugin_zed_od/share/rviz_plugin_zed_od/package.zsh'
[1.320s] Level 1:colcon.colcon_core.environment:create_file_with_runtime_dependencies(/home/men3m/Naima/install/rviz_plugin_zed_od/share/colcon-core/packages/rviz_plugin_zed_od)
[1.325s] DEBUG:colcon.colcon_core.event_handler.log_command:Invoking command in '/home/men3m/Naima/build/zed_topic_benchmark_component': AMENT_PREFIX_PATH=/home/men3m/Naima/install/zed_topic_benchmark_interfaces:${AMENT_PREFIX_PATH} CMAKE_PREFIX_PATH=/home/men3m/Naima/install/zed_topic_benchmark_interfaces:/opt/ros/humble LD_LIBRARY_PATH=/home/men3m/Naima/install/zed_topic_benchmark_interfaces/lib:/usr/lib/x86_64-linux-gnu/gazebo-11/plugins:/opt/ros/humble/opt/rviz_ogre_vendor/lib:/opt/ros/humble/lib/x86_64-linux-gnu:/opt/ros/humble/lib:/usr/local/cuda-12.4.0/lib64:/usr/local/cuda-12.4.0/lib64 PYTHONPATH=/home/men3m/Naima/install/zed_topic_benchmark_interfaces/local/lib/python3.10/dist-packages:${PYTHONPATH} /usr/bin/cmake --build /home/men3m/Naima/build/zed_topic_benchmark_component -- -j16 -l16
[1.331s] DEBUG:colcon.colcon_core.event_handler.log_command:Invoking command in '/home/men3m/Naima/build/naima_examples': AMENT_PREFIX_PATH=/home/men3m/Naima/install/naima_msgs:${AMENT_PREFIX_PATH} CMAKE_PREFIX_PATH=/home/men3m/Naima/install/naima_msgs:/opt/ros/humble LD_LIBRARY_PATH=/home/men3m/Naima/install/naima_msgs/lib:/usr/lib/x86_64-linux-gnu/gazebo-11/plugins:/opt/ros/humble/opt/rviz_ogre_vendor/lib:/opt/ros/humble/lib/x86_64-linux-gnu:/opt/ros/humble/lib:/usr/local/cuda-12.4.0/lib64:/usr/local/cuda-12.4.0/lib64 PYTHONPATH=/home/men3m/Naima/install/naima_msgs/local/lib/python3.10/dist-packages:${PYTHONPATH} /usr/bin/cmake --build /home/men3m/Naima/build/naima_examples -- -j16 -l16
[1.331s] DEBUG:colcon.colcon_core.event_handler.log_command:Invoked command in '/home/men3m/Naima/build/zed_wrapper' returned '0': AMENT_PREFIX_PATH=/home/men3m/Naima/install/zed_components:${AMENT_PREFIX_PATH} CMAKE_PREFIX_PATH=/home/men3m/Naima/install/zed_components:/opt/ros/humble LD_LIBRARY_PATH=/home/men3m/Naima/install/zed_components/lib:/usr/lib/x86_64-linux-gnu/gazebo-11/plugins:/opt/ros/humble/opt/rviz_ogre_vendor/lib:/opt/ros/humble/lib/x86_64-linux-gnu:/opt/ros/humble/lib:/usr/local/cuda-12.4.0/lib64:/usr/local/cuda-12.4.0/lib64 /usr/bin/cmake --build /home/men3m/Naima/build/zed_wrapper -- -j16 -l16
[1.332s] DEBUG:colcon.colcon_core.event_handler.log_command:Invoking command in '/home/men3m/Naima/build/zed_wrapper': AMENT_PREFIX_PATH=/home/men3m/Naima/install/zed_components:${AMENT_PREFIX_PATH} CMAKE_PREFIX_PATH=/home/men3m/Naima/install/zed_components:/opt/ros/humble LD_LIBRARY_PATH=/home/men3m/Naima/install/zed_components/lib:/usr/lib/x86_64-linux-gnu/gazebo-11/plugins:/opt/ros/humble/opt/rviz_ogre_vendor/lib:/opt/ros/humble/lib/x86_64-linux-gnu:/opt/ros/humble/lib:/usr/local/cuda-12.4.0/lib64:/usr/local/cuda-12.4.0/lib64 /usr/bin/cmake --install /home/men3m/Naima/build/zed_wrapper
[1.342s] Level 1:colcon.colcon_core.environment:create_environment_scripts_only(zed_wrapper)
[1.343s] DEBUG:colcon.colcon_core.event_handler.log_command:Invoked command in '/home/men3m/Naima/build/zed_wrapper' returned '0': AMENT_PREFIX_PATH=/home/men3m/Naima/install/zed_components:${AMENT_PREFIX_PATH} CMAKE_PREFIX_PATH=/home/men3m/Naima/install/zed_components:/opt/ros/humble LD_LIBRARY_PATH=/home/men3m/Naima/install/zed_components/lib:/usr/lib/x86_64-linux-gnu/gazebo-11/plugins:/opt/ros/humble/opt/rviz_ogre_vendor/lib:/opt/ros/humble/lib/x86_64-linux-gnu:/opt/ros/humble/lib:/usr/local/cuda-12.4.0/lib64:/usr/local/cuda-12.4.0/lib64 /usr/bin/cmake --install /home/men3m/Naima/build/zed_wrapper
[1.343s] Level 1:colcon.colcon_core.environment:checking '/home/men3m/Naima/install/zed_wrapper' for CMake module files
[1.344s] Level 1:colcon.colcon_core.environment:checking '/home/men3m/Naima/install/zed_wrapper' for CMake config files
[1.344s] Level 1:colcon.colcon_core.shell:create_environment_hook('zed_wrapper', 'cmake_prefix_path')
[1.344s] INFO:colcon.colcon_core.shell:Creating environment hook '/home/men3m/Naima/install/zed_wrapper/share/zed_wrapper/hook/cmake_prefix_path.ps1'
[1.345s] INFO:colcon.colcon_core.shell:Creating environment descriptor '/home/men3m/Naima/install/zed_wrapper/share/zed_wrapper/hook/cmake_prefix_path.dsv'
[1.345s] INFO:colcon.colcon_core.shell:Creating environment hook '/home/men3m/Naima/install/zed_wrapper/share/zed_wrapper/hook/cmake_prefix_path.sh'
[1.346s] Level 1:colcon.colcon_core.environment:checking '/home/men3m/Naima/install/zed_wrapper/bin'
[1.346s] Level 1:colcon.colcon_core.environment:checking '/home/men3m/Naima/install/zed_wrapper/lib/pkgconfig/zed_wrapper.pc'
[1.346s] Level 1:colcon.colcon_core.environment:checking '/home/men3m/Naima/install/zed_wrapper/lib/python3.10/site-packages'
[1.346s] Level 1:colcon.colcon_core.environment:checking '/home/men3m/Naima/install/zed_wrapper/bin'
[1.346s] INFO:colcon.colcon_core.shell:Creating package script '/home/men3m/Naima/install/zed_wrapper/share/zed_wrapper/package.ps1'
[1.347s] INFO:colcon.colcon_core.shell:Creating package descriptor '/home/men3m/Naima/install/zed_wrapper/share/zed_wrapper/package.dsv'
[1.347s] INFO:colcon.colcon_core.shell:Creating package script '/home/men3m/Naima/install/zed_wrapper/share/zed_wrapper/package.sh'
[1.348s] INFO:colcon.colcon_core.shell:Creating package script '/home/men3m/Naima/install/zed_wrapper/share/zed_wrapper/package.bash'
[1.348s] INFO:colcon.colcon_core.shell:Creating package script '/home/men3m/Naima/install/zed_wrapper/share/zed_wrapper/package.zsh'
[1.348s] Level 1:colcon.colcon_core.environment:create_file_with_runtime_dependencies(/home/men3m/Naima/install/zed_wrapper/share/colcon-core/packages/zed_wrapper)
[1.349s] Level 1:colcon.colcon_core.environment:create_environment_scripts_only(zed_wrapper)
[1.349s] Level 1:colcon.colcon_core.environment:checking '/home/men3m/Naima/install/zed_wrapper' for CMake module files
[1.350s] Level 1:colcon.colcon_core.environment:checking '/home/men3m/Naima/install/zed_wrapper' for CMake config files
[1.350s] Level 1:colcon.colcon_core.shell:create_environment_hook('zed_wrapper', 'cmake_prefix_path')
[1.350s] INFO:colcon.colcon_core.shell:Creating environment hook '/home/men3m/Naima/install/zed_wrapper/share/zed_wrapper/hook/cmake_prefix_path.ps1'
[1.350s] INFO:colcon.colcon_core.shell:Creating environment descriptor '/home/men3m/Naima/install/zed_wrapper/share/zed_wrapper/hook/cmake_prefix_path.dsv'
[1.351s] INFO:colcon.colcon_core.shell:Creating environment hook '/home/men3m/Naima/install/zed_wrapper/share/zed_wrapper/hook/cmake_prefix_path.sh'
[1.351s] Level 1:colcon.colcon_core.environment:checking '/home/men3m/Naima/install/zed_wrapper/bin'
[1.351s] Level 1:colcon.colcon_core.environment:checking '/home/men3m/Naima/install/zed_wrapper/lib/pkgconfig/zed_wrapper.pc'
[1.352s] Level 1:colcon.colcon_core.environment:checking '/home/men3m/Naima/install/zed_wrapper/lib/python3.10/site-packages'
[1.352s] Level 1:colcon.colcon_core.environment:checking '/home/men3m/Naima/install/zed_wrapper/bin'
[1.352s] INFO:colcon.colcon_core.shell:Creating package script '/home/men3m/Naima/install/zed_wrapper/share/zed_wrapper/package.ps1'
[1.352s] INFO:colcon.colcon_core.shell:Creating package descriptor '/home/men3m/Naima/install/zed_wrapper/share/zed_wrapper/package.dsv'
[1.353s] INFO:colcon.colcon_core.shell:Creating package script '/home/men3m/Naima/install/zed_wrapper/share/zed_wrapper/package.sh'
[1.353s] INFO:colcon.colcon_core.shell:Creating package script '/home/men3m/Naima/install/zed_wrapper/share/zed_wrapper/package.bash'
[1.354s] INFO:colcon.colcon_core.shell:Creating package script '/home/men3m/Naima/install/zed_wrapper/share/zed_wrapper/package.zsh'
[1.354s] Level 1:colcon.colcon_core.environment:create_file_with_runtime_dependencies(/home/men3m/Naima/install/zed_wrapper/share/colcon-core/packages/zed_wrapper)
[1.355s] INFO:colcon.colcon_ros.task.ament_cmake.build:Building ROS package in '/home/men3m/Naima/src/zed-ros2-examples/tutorials/zed_multi_camera' with build type 'ament_cmake'
[1.355s] INFO:colcon.colcon_cmake.task.cmake.build:Building CMake package in '/home/men3m/Naima/src/zed-ros2-examples/tutorials/zed_multi_camera'
[1.355s] INFO:colcon.colcon_core.shell:Skip shell extension 'powershell' for command environment: Not usable outside of PowerShell
[1.355s] DEBUG:colcon.colcon_core.shell:Skip shell extension 'dsv' for command environment
[1.359s] INFO:colcon.colcon_ros.task.ament_cmake.build:Building ROS package in '/home/men3m/Naima/src/zed-ros2-examples/examples/zed_depth_to_laserscan' with build type 'ament_cmake'
[1.359s] INFO:colcon.colcon_cmake.task.cmake.build:Building CMake package in '/home/men3m/Naima/src/zed-ros2-examples/examples/zed_depth_to_laserscan'
[1.360s] INFO:colcon.colcon_core.shell:Skip shell extension 'powershell' for command environment: Not usable outside of PowerShell
[1.360s] DEBUG:colcon.colcon_core.shell:Skip shell extension 'dsv' for command environment
[1.366s] INFO:colcon.colcon_ros.task.ament_cmake.build:Building ROS package in '/home/men3m/Naima/src/zed-ros2-examples/zed_display_rviz2' with build type 'ament_cmake'
[1.366s] INFO:colcon.colcon_cmake.task.cmake.build:Building CMake package in '/home/men3m/Naima/src/zed-ros2-examples/zed_display_rviz2'
[1.367s] INFO:colcon.colcon_core.shell:Skip shell extension 'powershell' for command environment: Not usable outside of PowerShell
[1.367s] DEBUG:colcon.colcon_core.shell:Skip shell extension 'dsv' for command environment
[1.377s] INFO:colcon.colcon_ros.task.ament_cmake.build:Building ROS package in '/home/men3m/Naima/src/zed-ros2-examples/tutorials/zed_robot_integration' with build type 'ament_cmake'
[1.377s] INFO:colcon.colcon_cmake.task.cmake.build:Building CMake package in '/home/men3m/Naima/src/zed-ros2-examples/tutorials/zed_robot_integration'
[1.378s] INFO:colcon.colcon_core.shell:Skip shell extension 'powershell' for command environment: Not usable outside of PowerShell
[1.378s] DEBUG:colcon.colcon_core.shell:Skip shell extension 'dsv' for command environment
[1.384s] INFO:colcon.colcon_ros.task.ament_cmake.build:Building ROS package in '/home/men3m/Naima/src/zed-ros2-wrapper/zed_ros2' with build type 'ament_cmake'
[1.384s] INFO:colcon.colcon_cmake.task.cmake.build:Building CMake package in '/home/men3m/Naima/src/zed-ros2-wrapper/zed_ros2'
[1.385s] INFO:colcon.colcon_core.shell:Skip shell extension 'powershell' for command environment: Not usable outside of PowerShell
[1.385s] DEBUG:colcon.colcon_core.shell:Skip shell extension 'dsv' for command environment
[1.396s] DEBUG:colcon.colcon_core.event_handler.log_command:Invoked command in '/home/men3m/Naima/build/zed_aruco_localization' returned '0': AMENT_PREFIX_PATH=/home/men3m/Naima/install/zed_components:${AMENT_PREFIX_PATH} CMAKE_PREFIX_PATH=/home/men3m/Naima/install/zed_components:/opt/ros/humble LD_LIBRARY_PATH=/home/men3m/Naima/install/zed_components/lib:/usr/lib/x86_64-linux-gnu/gazebo-11/plugins:/opt/ros/humble/opt/rviz_ogre_vendor/lib:/opt/ros/humble/lib/x86_64-linux-gnu:/opt/ros/humble/lib:/usr/local/cuda-12.4.0/lib64:/usr/local/cuda-12.4.0/lib64 /usr/bin/cmake --build /home/men3m/Naima/build/zed_aruco_localization -- -j16 -l16
[1.397s] DEBUG:colcon.colcon_core.event_handler.log_command:Invoking command in '/home/men3m/Naima/build/zed_aruco_localization': AMENT_PREFIX_PATH=/home/men3m/Naima/install/zed_components:${AMENT_PREFIX_PATH} CMAKE_PREFIX_PATH=/home/men3m/Naima/install/zed_components:/opt/ros/humble LD_LIBRARY_PATH=/home/men3m/Naima/install/zed_components/lib:/usr/lib/x86_64-linux-gnu/gazebo-11/plugins:/opt/ros/humble/opt/rviz_ogre_vendor/lib:/opt/ros/humble/lib/x86_64-linux-gnu:/opt/ros/humble/lib:/usr/local/cuda-12.4.0/lib64:/usr/local/cuda-12.4.0/lib64 /usr/bin/cmake --install /home/men3m/Naima/build/zed_aruco_localization
[1.402s] DEBUG:colcon.colcon_core.event_handler.log_command:Invoked command in '/home/men3m/Naima/build/naima_localization' returned '0': CMAKE_PREFIX_PATH=/opt/ros/humble /usr/bin/cmake --build /home/men3m/Naima/build/naima_localization -- -j16 -l16
[1.404s] DEBUG:colcon.colcon_core.event_handler.log_command:Invoking command in '/home/men3m/Naima/build/naima_localization': CMAKE_PREFIX_PATH=/opt/ros/humble /usr/bin/cmake --install /home/men3m/Naima/build/naima_localization
[1.425s] DEBUG:colcon.colcon_core.event_handler.log_command:Invoked command in '/home/men3m/Naima/build/zed_rgb_convert' returned '0': AMENT_PREFIX_PATH=/home/men3m/Naima/install/zed_components:${AMENT_PREFIX_PATH} CMAKE_PREFIX_PATH=/home/men3m/Naima/install/zed_components:/opt/ros/humble LD_LIBRARY_PATH=/home/men3m/Naima/install/zed_components/lib:/usr/lib/x86_64-linux-gnu/gazebo-11/plugins:/opt/ros/humble/opt/rviz_ogre_vendor/lib:/opt/ros/humble/lib/x86_64-linux-gnu:/opt/ros/humble/lib:/usr/local/cuda-12.4.0/lib64:/usr/local/cuda-12.4.0/lib64 /usr/bin/cmake --build /home/men3m/Naima/build/zed_rgb_convert -- -j16 -l16
[1.427s] DEBUG:colcon.colcon_core.event_handler.log_command:Invoking command in '/home/men3m/Naima/build/zed_rgb_convert': AMENT_PREFIX_PATH=/home/men3m/Naima/install/zed_components:${AMENT_PREFIX_PATH} CMAKE_PREFIX_PATH=/home/men3m/Naima/install/zed_components:/opt/ros/humble LD_LIBRARY_PATH=/home/men3m/Naima/install/zed_components/lib:/usr/lib/x86_64-linux-gnu/gazebo-11/plugins:/opt/ros/humble/opt/rviz_ogre_vendor/lib:/opt/ros/humble/lib/x86_64-linux-gnu:/opt/ros/humble/lib:/usr/local/cuda-12.4.0/lib64:/usr/local/cuda-12.4.0/lib64 /usr/bin/cmake --install /home/men3m/Naima/build/zed_rgb_convert
[1.434s] DEBUG:colcon.colcon_core.event_handler.log_command:Invoking command in '/home/men3m/Naima/build/zed_multi_camera': AMENT_PREFIX_PATH=/home/men3m/Naima/install/zed_wrapper:/home/men3m/Naima/install/zed_components:${AMENT_PREFIX_PATH} CMAKE_PREFIX_PATH=/home/men3m/Naima/install/zed_wrapper:/home/men3m/Naima/install/zed_components:/opt/ros/humble LD_LIBRARY_PATH=/home/men3m/Naima/install/zed_components/lib:/usr/lib/x86_64-linux-gnu/gazebo-11/plugins:/opt/ros/humble/opt/rviz_ogre_vendor/lib:/opt/ros/humble/lib/x86_64-linux-gnu:/opt/ros/humble/lib:/usr/local/cuda-12.4.0/lib64:/usr/local/cuda-12.4.0/lib64 /usr/bin/cmake --build /home/men3m/Naima/build/zed_multi_camera -- -j16 -l16
[1.438s] DEBUG:colcon.colcon_core.event_handler.log_command:Invoking command in '/home/men3m/Naima/build/zed_depth_to_laserscan': AMENT_PREFIX_PATH=/home/men3m/Naima/install/zed_wrapper:/home/men3m/Naima/install/zed_components:${AMENT_PREFIX_PATH} CMAKE_PREFIX_PATH=/home/men3m/Naima/install/zed_wrapper:/home/men3m/Naima/install/zed_components:/opt/ros/humble LD_LIBRARY_PATH=/home/men3m/Naima/install/zed_components/lib:/usr/lib/x86_64-linux-gnu/gazebo-11/plugins:/opt/ros/humble/opt/rviz_ogre_vendor/lib:/opt/ros/humble/lib/x86_64-linux-gnu:/opt/ros/humble/lib:/usr/local/cuda-12.4.0/lib64:/usr/local/cuda-12.4.0/lib64 /usr/bin/cmake --build /home/men3m/Naima/build/zed_depth_to_laserscan -- -j16 -l16
[1.441s] DEBUG:colcon.colcon_core.event_handler.log_command:Invoking command in '/home/men3m/Naima/build/zed_display_rviz2': AMENT_PREFIX_PATH=/home/men3m/Naima/install/zed_wrapper:/home/men3m/Naima/install/zed_components:${AMENT_PREFIX_PATH} CMAKE_PREFIX_PATH=/home/men3m/Naima/install/zed_wrapper:/home/men3m/Naima/install/zed_components:/opt/ros/humble LD_LIBRARY_PATH=/home/men3m/Naima/install/zed_components/lib:/usr/lib/x86_64-linux-gnu/gazebo-11/plugins:/opt/ros/humble/opt/rviz_ogre_vendor/lib:/opt/ros/humble/lib/x86_64-linux-gnu:/opt/ros/humble/lib:/usr/local/cuda-12.4.0/lib64:/usr/local/cuda-12.4.0/lib64 /usr/bin/cmake --build /home/men3m/Naima/build/zed_display_rviz2 -- -j16 -l16
[1.453s] DEBUG:colcon.colcon_core.event_handler.log_command:Invoking command in '/home/men3m/Naima/build/zed_robot_integration': AMENT_PREFIX_PATH=/home/men3m/Naima/install/zed_wrapper:/home/men3m/Naima/install/zed_components:${AMENT_PREFIX_PATH} CMAKE_PREFIX_PATH=/home/men3m/Naima/install/zed_wrapper:/home/men3m/Naima/install/zed_components:/opt/ros/humble LD_LIBRARY_PATH=/home/men3m/Naima/install/zed_components/lib:/usr/lib/x86_64-linux-gnu/gazebo-11/plugins:/opt/ros/humble/opt/rviz_ogre_vendor/lib:/opt/ros/humble/lib/x86_64-linux-gnu:/opt/ros/humble/lib:/usr/local/cuda-12.4.0/lib64:/usr/local/cuda-12.4.0/lib64 /usr/bin/cmake --build /home/men3m/Naima/build/zed_robot_integration -- -j16 -l16
[1.459s] Level 1:colcon.colcon_core.environment:create_environment_scripts_only(zed_aruco_localization)
[1.459s] Level 1:colcon.colcon_core.environment:checking '/home/men3m/Naima/install/zed_aruco_localization' for CMake module files
[1.461s] Level 1:colcon.colcon_core.environment:checking '/home/men3m/Naima/install/zed_aruco_localization' for CMake config files
[1.462s] Level 1:colcon.colcon_core.shell:create_environment_hook('zed_aruco_localization', 'cmake_prefix_path')
[1.462s] INFO:colcon.colcon_core.shell:Creating environment hook '/home/men3m/Naima/install/zed_aruco_localization/share/zed_aruco_localization/hook/cmake_prefix_path.ps1'
[1.463s] INFO:colcon.colcon_core.shell:Creating environment descriptor '/home/men3m/Naima/install/zed_aruco_localization/share/zed_aruco_localization/hook/cmake_prefix_path.dsv'
[1.464s] INFO:colcon.colcon_core.shell:Creating environment hook '/home/men3m/Naima/install/zed_aruco_localization/share/zed_aruco_localization/hook/cmake_prefix_path.sh'
[1.465s] Level 1:colcon.colcon_core.environment:checking '/home/men3m/Naima/install/zed_aruco_localization/lib'
[1.465s] Level 1:colcon.colcon_core.shell:create_environment_hook('zed_aruco_localization', 'ld_library_path_lib')
[1.466s] INFO:colcon.colcon_core.shell:Creating environment hook '/home/men3m/Naima/install/zed_aruco_localization/share/zed_aruco_localization/hook/ld_library_path_lib.ps1'
[1.466s] INFO:colcon.colcon_core.shell:Creating environment descriptor '/home/men3m/Naima/install/zed_aruco_localization/share/zed_aruco_localization/hook/ld_library_path_lib.dsv'
[1.467s] INFO:colcon.colcon_core.shell:Creating environment hook '/home/men3m/Naima/install/zed_aruco_localization/share/zed_aruco_localization/hook/ld_library_path_lib.sh'
[1.467s] Level 1:colcon.colcon_core.environment:checking '/home/men3m/Naima/install/zed_aruco_localization/bin'
[1.467s] Level 1:colcon.colcon_core.environment:checking '/home/men3m/Naima/install/zed_aruco_localization/lib/pkgconfig/zed_aruco_localization.pc'
[1.468s] Level 1:colcon.colcon_core.environment:checking '/home/men3m/Naima/install/zed_aruco_localization/lib/python3.10/site-packages'
[1.468s] Level 1:colcon.colcon_core.environment:checking '/home/men3m/Naima/install/zed_aruco_localization/bin'
[1.468s] INFO:colcon.colcon_core.shell:Creating package script '/home/men3m/Naima/install/zed_aruco_localization/share/zed_aruco_localization/package.ps1'
[1.469s] INFO:colcon.colcon_core.shell:Creating package descriptor '/home/men3m/Naima/install/zed_aruco_localization/share/zed_aruco_localization/package.dsv'
[1.470s] INFO:colcon.colcon_core.shell:Creating package script '/home/men3m/Naima/install/zed_aruco_localization/share/zed_aruco_localization/package.sh'
[1.471s] INFO:colcon.colcon_core.shell:Creating package script '/home/men3m/Naima/install/zed_aruco_localization/share/zed_aruco_localization/package.bash'
[1.472s] INFO:colcon.colcon_core.shell:Creating package script '/home/men3m/Naima/install/zed_aruco_localization/share/zed_aruco_localization/package.zsh'
[1.473s] Level 1:colcon.colcon_core.environment:create_file_with_runtime_dependencies(/home/men3m/Naima/install/zed_aruco_localization/share/colcon-core/packages/zed_aruco_localization)
[1.473s] DEBUG:colcon.colcon_core.event_handler.log_command:Invoking command in '/home/men3m/Naima/build/zed_ros2': AMENT_PREFIX_PATH=/home/men3m/Naima/install/zed_wrapper:/home/men3m/Naima/install/zed_components:${AMENT_PREFIX_PATH} CMAKE_PREFIX_PATH=/home/men3m/Naima/install/zed_wrapper:/home/men3m/Naima/install/zed_components:/opt/ros/humble LD_LIBRARY_PATH=/home/men3m/Naima/install/zed_components/lib:/usr/lib/x86_64-linux-gnu/gazebo-11/plugins:/opt/ros/humble/opt/rviz_ogre_vendor/lib:/opt/ros/humble/lib/x86_64-linux-gnu:/opt/ros/humble/lib:/usr/local/cuda-12.4.0/lib64:/usr/local/cuda-12.4.0/lib64 /usr/bin/cmake --build /home/men3m/Naima/build/zed_ros2 -- -j16 -l16
[1.474s] Level 1:colcon.colcon_core.environment:create_environment_scripts_only(zed_aruco_localization)
[1.474s] Level 1:colcon.colcon_core.environment:checking '/home/men3m/Naima/install/zed_aruco_localization' for CMake module files
[1.475s] Level 1:colcon.colcon_core.environment:checking '/home/men3m/Naima/install/zed_aruco_localization' for CMake config files
[1.475s] Level 1:colcon.colcon_core.shell:create_environment_hook('zed_aruco_localization', 'cmake_prefix_path')
[1.476s] INFO:colcon.colcon_core.shell:Creating environment hook '/home/men3m/Naima/install/zed_aruco_localization/share/zed_aruco_localization/hook/cmake_prefix_path.ps1'
[1.477s] INFO:colcon.colcon_core.shell:Creating environment descriptor '/home/men3m/Naima/install/zed_aruco_localization/share/zed_aruco_localization/hook/cmake_prefix_path.dsv'
[1.477s] INFO:colcon.colcon_core.shell:Creating environment hook '/home/men3m/Naima/install/zed_aruco_localization/share/zed_aruco_localization/hook/cmake_prefix_path.sh'
[1.478s] Level 1:colcon.colcon_core.environment:checking '/home/men3m/Naima/install/zed_aruco_localization/lib'
[1.478s] Level 1:colcon.colcon_core.shell:create_environment_hook('zed_aruco_localization', 'ld_library_path_lib')
[1.479s] INFO:colcon.colcon_core.shell:Creating environment hook '/home/men3m/Naima/install/zed_aruco_localization/share/zed_aruco_localization/hook/ld_library_path_lib.ps1'
[1.479s] DEBUG:colcon.colcon_core.event_handler.log_command:Invoked command in '/home/men3m/Naima/build/zed_aruco_localization' returned '0': AMENT_PREFIX_PATH=/home/men3m/Naima/install/zed_components:${AMENT_PREFIX_PATH} CMAKE_PREFIX_PATH=/home/men3m/Naima/install/zed_components:/opt/ros/humble LD_LIBRARY_PATH=/home/men3m/Naima/install/zed_components/lib:/usr/lib/x86_64-linux-gnu/gazebo-11/plugins:/opt/ros/humble/opt/rviz_ogre_vendor/lib:/opt/ros/humble/lib/x86_64-linux-gnu:/opt/ros/humble/lib:/usr/local/cuda-12.4.0/lib64:/usr/local/cuda-12.4.0/lib64 /usr/bin/cmake --install /home/men3m/Naima/build/zed_aruco_localization
[1.481s] INFO:colcon.colcon_core.shell:Creating environment descriptor '/home/men3m/Naima/install/zed_aruco_localization/share/zed_aruco_localization/hook/ld_library_path_lib.dsv'
[1.481s] INFO:colcon.colcon_core.shell:Creating environment hook '/home/men3m/Naima/install/zed_aruco_localization/share/zed_aruco_localization/hook/ld_library_path_lib.sh'
[1.482s] Level 1:colcon.colcon_core.environment:checking '/home/men3m/Naima/install/zed_aruco_localization/bin'
[1.482s] Level 1:colcon.colcon_core.environment:checking '/home/men3m/Naima/install/zed_aruco_localization/lib/pkgconfig/zed_aruco_localization.pc'
[1.482s] Level 1:colcon.colcon_core.environment:checking '/home/men3m/Naima/install/zed_aruco_localization/lib/python3.10/site-packages'
[1.482s] Level 1:colcon.colcon_core.environment:checking '/home/men3m/Naima/install/zed_aruco_localization/bin'
[1.483s] INFO:colcon.colcon_core.shell:Creating package script '/home/men3m/Naima/install/zed_aruco_localization/share/zed_aruco_localization/package.ps1'
[1.489s] INFO:colcon.colcon_core.shell:Creating package descriptor '/home/men3m/Naima/install/zed_aruco_localization/share/zed_aruco_localization/package.dsv'
[1.490s] INFO:colcon.colcon_core.shell:Creating package script '/home/men3m/Naima/install/zed_aruco_localization/share/zed_aruco_localization/package.sh'
[1.491s] INFO:colcon.colcon_core.shell:Creating package script '/home/men3m/Naima/install/zed_aruco_localization/share/zed_aruco_localization/package.bash'
[1.492s] INFO:colcon.colcon_core.shell:Creating package script '/home/men3m/Naima/install/zed_aruco_localization/share/zed_aruco_localization/package.zsh'
[1.492s] Level 1:colcon.colcon_core.environment:create_file_with_runtime_dependencies(/home/men3m/Naima/install/zed_aruco_localization/share/colcon-core/packages/zed_aruco_localization)
[1.494s] DEBUG:colcon.colcon_core.event_handler.log_command:Invoked command in '/home/men3m/Naima/build/zed_topic_benchmark_component' returned '0': AMENT_PREFIX_PATH=/home/men3m/Naima/install/zed_topic_benchmark_interfaces:${AMENT_PREFIX_PATH} CMAKE_PREFIX_PATH=/home/men3m/Naima/install/zed_topic_benchmark_interfaces:/opt/ros/humble LD_LIBRARY_PATH=/home/men3m/Naima/install/zed_topic_benchmark_interfaces/lib:/usr/lib/x86_64-linux-gnu/gazebo-11/plugins:/opt/ros/humble/opt/rviz_ogre_vendor/lib:/opt/ros/humble/lib/x86_64-linux-gnu:/opt/ros/humble/lib:/usr/local/cuda-12.4.0/lib64:/usr/local/cuda-12.4.0/lib64 PYTHONPATH=/home/men3m/Naima/install/zed_topic_benchmark_interfaces/local/lib/python3.10/dist-packages:${PYTHONPATH} /usr/bin/cmake --build /home/men3m/Naima/build/zed_topic_benchmark_component -- -j16 -l16
[1.497s] DEBUG:colcon.colcon_core.event_handler.log_command:Invoking command in '/home/men3m/Naima/build/zed_topic_benchmark_component': AMENT_PREFIX_PATH=/home/men3m/Naima/install/zed_topic_benchmark_interfaces:${AMENT_PREFIX_PATH} CMAKE_PREFIX_PATH=/home/men3m/Naima/install/zed_topic_benchmark_interfaces:/opt/ros/humble LD_LIBRARY_PATH=/home/men3m/Naima/install/zed_topic_benchmark_interfaces/lib:/usr/lib/x86_64-linux-gnu/gazebo-11/plugins:/opt/ros/humble/opt/rviz_ogre_vendor/lib:/opt/ros/humble/lib/x86_64-linux-gnu:/opt/ros/humble/lib:/usr/local/cuda-12.4.0/lib64:/usr/local/cuda-12.4.0/lib64 PYTHONPATH=/home/men3m/Naima/install/zed_topic_benchmark_interfaces/local/lib/python3.10/dist-packages:${PYTHONPATH} /usr/bin/cmake --install /home/men3m/Naima/build/zed_topic_benchmark_component
[1.498s] Level 1:colcon.colcon_core.environment:create_environment_scripts_only(zed_rgb_convert)
[1.498s] Level 1:colcon.colcon_core.environment:checking '/home/men3m/Naima/install/zed_rgb_convert' for CMake module files
[1.499s] DEBUG:colcon.colcon_core.event_handler.log_command:Invoked command in '/home/men3m/Naima/build/zed_rgb_convert' returned '0': AMENT_PREFIX_PATH=/home/men3m/Naima/install/zed_components:${AMENT_PREFIX_PATH} CMAKE_PREFIX_PATH=/home/men3m/Naima/install/zed_components:/opt/ros/humble LD_LIBRARY_PATH=/home/men3m/Naima/install/zed_components/lib:/usr/lib/x86_64-linux-gnu/gazebo-11/plugins:/opt/ros/humble/opt/rviz_ogre_vendor/lib:/opt/ros/humble/lib/x86_64-linux-gnu:/opt/ros/humble/lib:/usr/local/cuda-12.4.0/lib64:/usr/local/cuda-12.4.0/lib64 /usr/bin/cmake --install /home/men3m/Naima/build/zed_rgb_convert
[1.500s] Level 1:colcon.colcon_core.environment:checking '/home/men3m/Naima/install/zed_rgb_convert' for CMake config files
[1.500s] Level 1:colcon.colcon_core.shell:create_environment_hook('zed_rgb_convert', 'cmake_prefix_path')
[1.501s] INFO:colcon.colcon_core.shell:Creating environment hook '/home/men3m/Naima/install/zed_rgb_convert/share/zed_rgb_convert/hook/cmake_prefix_path.ps1'
[1.501s] INFO:colcon.colcon_core.shell:Creating environment descriptor '/home/men3m/Naima/install/zed_rgb_convert/share/zed_rgb_convert/hook/cmake_prefix_path.dsv'
[1.502s] INFO:colcon.colcon_core.shell:Creating environment hook '/home/men3m/Naima/install/zed_rgb_convert/share/zed_rgb_convert/hook/cmake_prefix_path.sh'
[1.503s] Level 1:colcon.colcon_core.environment:checking '/home/men3m/Naima/install/zed_rgb_convert/lib'
[1.503s] Level 1:colcon.colcon_core.shell:create_environment_hook('zed_rgb_convert', 'ld_library_path_lib')
[1.504s] INFO:colcon.colcon_core.shell:Creating environment hook '/home/men3m/Naima/install/zed_rgb_convert/share/zed_rgb_convert/hook/ld_library_path_lib.ps1'
[1.506s] INFO:colcon.colcon_core.shell:Creating environment descriptor '/home/men3m/Naima/install/zed_rgb_convert/share/zed_rgb_convert/hook/ld_library_path_lib.dsv'
[1.507s] INFO:colcon.colcon_core.shell:Creating environment hook '/home/men3m/Naima/install/zed_rgb_convert/share/zed_rgb_convert/hook/ld_library_path_lib.sh'
[1.508s] Level 1:colcon.colcon_core.environment:checking '/home/men3m/Naima/install/zed_rgb_convert/bin'
[1.508s] Level 1:colcon.colcon_core.environment:checking '/home/men3m/Naima/install/zed_rgb_convert/lib/pkgconfig/zed_rgb_convert.pc'
[1.508s] Level 1:colcon.colcon_core.environment:checking '/home/men3m/Naima/install/zed_rgb_convert/lib/python3.10/site-packages'
[1.508s] Level 1:colcon.colcon_core.environment:checking '/home/men3m/Naima/install/zed_rgb_convert/bin'
[1.509s] INFO:colcon.colcon_core.shell:Creating package script '/home/men3m/Naima/install/zed_rgb_convert/share/zed_rgb_convert/package.ps1'
[1.510s] INFO:colcon.colcon_core.shell:Creating package descriptor '/home/men3m/Naima/install/zed_rgb_convert/share/zed_rgb_convert/package.dsv'
[1.510s] INFO:colcon.colcon_core.shell:Creating package script '/home/men3m/Naima/install/zed_rgb_convert/share/zed_rgb_convert/package.sh'
[1.511s] INFO:colcon.colcon_core.shell:Creating package script '/home/men3m/Naima/install/zed_rgb_convert/share/zed_rgb_convert/package.bash'
[1.511s] INFO:colcon.colcon_core.shell:Creating package script '/home/men3m/Naima/install/zed_rgb_convert/share/zed_rgb_convert/package.zsh'
[1.512s] Level 1:colcon.colcon_core.environment:create_file_with_runtime_dependencies(/home/men3m/Naima/install/zed_rgb_convert/share/colcon-core/packages/zed_rgb_convert)
[1.512s] Level 1:colcon.colcon_core.environment:create_environment_scripts_only(zed_rgb_convert)
[1.513s] Level 1:colcon.colcon_core.environment:checking '/home/men3m/Naima/install/zed_rgb_convert' for CMake module files
[1.514s] Level 1:colcon.colcon_core.environment:checking '/home/men3m/Naima/install/zed_rgb_convert' for CMake config files
[1.514s] Level 1:colcon.colcon_core.shell:create_environment_hook('zed_rgb_convert', 'cmake_prefix_path')
[1.514s] INFO:colcon.colcon_core.shell:Creating environment hook '/home/men3m/Naima/install/zed_rgb_convert/share/zed_rgb_convert/hook/cmake_prefix_path.ps1'
[1.515s] INFO:colcon.colcon_core.shell:Creating environment descriptor '/home/men3m/Naima/install/zed_rgb_convert/share/zed_rgb_convert/hook/cmake_prefix_path.dsv'
[1.516s] INFO:colcon.colcon_core.shell:Creating environment hook '/home/men3m/Naima/install/zed_rgb_convert/share/zed_rgb_convert/hook/cmake_prefix_path.sh'
[1.516s] Level 1:colcon.colcon_core.environment:checking '/home/men3m/Naima/install/zed_rgb_convert/lib'
[1.516s] Level 1:colcon.colcon_core.shell:create_environment_hook('zed_rgb_convert', 'ld_library_path_lib')
[1.517s] INFO:colcon.colcon_core.shell:Creating environment hook '/home/men3m/Naima/install/zed_rgb_convert/share/zed_rgb_convert/hook/ld_library_path_lib.ps1'
[1.517s] INFO:colcon.colcon_core.shell:Creating environment descriptor '/home/men3m/Naima/install/zed_rgb_convert/share/zed_rgb_convert/hook/ld_library_path_lib.dsv'
[1.518s] INFO:colcon.colcon_core.shell:Creating environment hook '/home/men3m/Naima/install/zed_rgb_convert/share/zed_rgb_convert/hook/ld_library_path_lib.sh'
[1.518s] Level 1:colcon.colcon_core.environment:checking '/home/men3m/Naima/install/zed_rgb_convert/bin'
[1.518s] Level 1:colcon.colcon_core.environment:checking '/home/men3m/Naima/install/zed_rgb_convert/lib/pkgconfig/zed_rgb_convert.pc'
[1.519s] Level 1:colcon.colcon_core.environment:checking '/home/men3m/Naima/install/zed_rgb_convert/lib/python3.10/site-packages'
[1.519s] Level 1:colcon.colcon_core.environment:checking '/home/men3m/Naima/install/zed_rgb_convert/bin'
[1.519s] INFO:colcon.colcon_core.shell:Creating package script '/home/men3m/Naima/install/zed_rgb_convert/share/zed_rgb_convert/package.ps1'
[1.520s] INFO:colcon.colcon_core.shell:Creating package descriptor '/home/men3m/Naima/install/zed_rgb_convert/share/zed_rgb_convert/package.dsv'
[1.521s] INFO:colcon.colcon_core.shell:Creating package script '/home/men3m/Naima/install/zed_rgb_convert/share/zed_rgb_convert/package.sh'
[1.521s] INFO:colcon.colcon_core.shell:Creating package script '/home/men3m/Naima/install/zed_rgb_convert/share/zed_rgb_convert/package.bash'
[1.522s] INFO:colcon.colcon_core.shell:Creating package script '/home/men3m/Naima/install/zed_rgb_convert/share/zed_rgb_convert/package.zsh'
[1.523s] Level 1:colcon.colcon_core.environment:create_file_with_runtime_dependencies(/home/men3m/Naima/install/zed_rgb_convert/share/colcon-core/packages/zed_rgb_convert)
[1.526s] DEBUG:colcon.colcon_core.event_handler.log_command:Invoked command in '/home/men3m/Naima/build/naima_examples' returned '0': AMENT_PREFIX_PATH=/home/men3m/Naima/install/naima_msgs:${AMENT_PREFIX_PATH} CMAKE_PREFIX_PATH=/home/men3m/Naima/install/naima_msgs:/opt/ros/humble LD_LIBRARY_PATH=/home/men3m/Naima/install/naima_msgs/lib:/usr/lib/x86_64-linux-gnu/gazebo-11/plugins:/opt/ros/humble/opt/rviz_ogre_vendor/lib:/opt/ros/humble/lib/x86_64-linux-gnu:/opt/ros/humble/lib:/usr/local/cuda-12.4.0/lib64:/usr/local/cuda-12.4.0/lib64 PYTHONPATH=/home/men3m/Naima/install/naima_msgs/local/lib/python3.10/dist-packages:${PYTHONPATH} /usr/bin/cmake --build /home/men3m/Naima/build/naima_examples -- -j16 -l16
[1.527s] DEBUG:colcon.colcon_core.event_handler.log_command:Invoking command in '/home/men3m/Naima/build/naima_examples': AMENT_PREFIX_PATH=/home/men3m/Naima/install/naima_msgs:${AMENT_PREFIX_PATH} CMAKE_PREFIX_PATH=/home/men3m/Naima/install/naima_msgs:/opt/ros/humble LD_LIBRARY_PATH=/home/men3m/Naima/install/naima_msgs/lib:/usr/lib/x86_64-linux-gnu/gazebo-11/plugins:/opt/ros/humble/opt/rviz_ogre_vendor/lib:/opt/ros/humble/lib/x86_64-linux-gnu:/opt/ros/humble/lib:/usr/local/cuda-12.4.0/lib64:/usr/local/cuda-12.4.0/lib64 PYTHONPATH=/home/men3m/Naima/install/naima_msgs/local/lib/python3.10/dist-packages:${PYTHONPATH} /usr/bin/cmake --install /home/men3m/Naima/build/naima_examples
[1.528s] Level 1:colcon.colcon_core.environment:create_environment_scripts_only(naima_localization)
[1.529s] Level 1:colcon.colcon_core.environment:checking '/home/men3m/Naima/install/naima_localization' for CMake module files
[1.529s] DEBUG:colcon.colcon_core.event_handler.log_command:Invoked command in '/home/men3m/Naima/build/naima_localization' returned '0': CMAKE_PREFIX_PATH=/opt/ros/humble /usr/bin/cmake --install /home/men3m/Naima/build/naima_localization
[1.530s] Level 1:colcon.colcon_core.environment:checking '/home/men3m/Naima/install/naima_localization' for CMake config files
[1.530s] Level 1:colcon.colcon_core.shell:create_environment_hook('naima_localization', 'cmake_prefix_path')
[1.531s] INFO:colcon.colcon_core.shell:Creating environment hook '/home/men3m/Naima/install/naima_localization/share/naima_localization/hook/cmake_prefix_path.ps1'
[1.531s] INFO:colcon.colcon_core.shell:Creating environment descriptor '/home/men3m/Naima/install/naima_localization/share/naima_localization/hook/cmake_prefix_path.dsv'
[1.532s] INFO:colcon.colcon_core.shell:Creating environment hook '/home/men3m/Naima/install/naima_localization/share/naima_localization/hook/cmake_prefix_path.sh'
[1.533s] Level 1:colcon.colcon_core.environment:checking '/home/men3m/Naima/install/naima_localization/lib'
[1.533s] Level 1:colcon.colcon_core.environment:checking '/home/men3m/Naima/install/naima_localization/bin'
[1.533s] Level 1:colcon.colcon_core.environment:checking '/home/men3m/Naima/install/naima_localization/lib/pkgconfig/naima_localization.pc'
[1.533s] Level 1:colcon.colcon_core.environment:checking '/home/men3m/Naima/install/naima_localization/lib/python3.10/site-packages'
[1.533s] Level 1:colcon.colcon_core.environment:checking '/home/men3m/Naima/install/naima_localization/bin'
[1.534s] INFO:colcon.colcon_core.shell:Creating package script '/home/men3m/Naima/install/naima_localization/share/naima_localization/package.ps1'
[1.535s] INFO:colcon.colcon_core.shell:Creating package descriptor '/home/men3m/Naima/install/naima_localization/share/naima_localization/package.dsv'
[1.535s] INFO:colcon.colcon_core.shell:Creating package script '/home/men3m/Naima/install/naima_localization/share/naima_localization/package.sh'
[1.536s] INFO:colcon.colcon_core.shell:Creating package script '/home/men3m/Naima/install/naima_localization/share/naima_localization/package.bash'
[1.536s] INFO:colcon.colcon_core.shell:Creating package script '/home/men3m/Naima/install/naima_localization/share/naima_localization/package.zsh'
[1.537s] Level 1:colcon.colcon_core.environment:create_file_with_runtime_dependencies(/home/men3m/Naima/install/naima_localization/share/colcon-core/packages/naima_localization)
[1.538s] Level 1:colcon.colcon_core.environment:create_environment_scripts_only(naima_localization)
[1.538s] Level 1:colcon.colcon_core.environment:checking '/home/men3m/Naima/install/naima_localization' for CMake module files
[1.539s] Level 1:colcon.colcon_core.environment:checking '/home/men3m/Naima/install/naima_localization' for CMake config files
[1.539s] Level 1:colcon.colcon_core.shell:create_environment_hook('naima_localization', 'cmake_prefix_path')
[1.539s] INFO:colcon.colcon_core.shell:Creating environment hook '/home/men3m/Naima/install/naima_localization/share/naima_localization/hook/cmake_prefix_path.ps1'
[1.540s] INFO:colcon.colcon_core.shell:Creating environment descriptor '/home/men3m/Naima/install/naima_localization/share/naima_localization/hook/cmake_prefix_path.dsv'
[1.540s] INFO:colcon.colcon_core.shell:Creating environment hook '/home/men3m/Naima/install/naima_localization/share/naima_localization/hook/cmake_prefix_path.sh'
[1.541s] Level 1:colcon.colcon_core.environment:checking '/home/men3m/Naima/install/naima_localization/lib'
[1.541s] Level 1:colcon.colcon_core.environment:checking '/home/men3m/Naima/install/naima_localization/bin'
[1.541s] Level 1:colcon.colcon_core.environment:checking '/home/men3m/Naima/install/naima_localization/lib/pkgconfig/naima_localization.pc'
[1.541s] Level 1:colcon.colcon_core.environment:checking '/home/men3m/Naima/install/naima_localization/lib/python3.10/site-packages'
[1.542s] Level 1:colcon.colcon_core.environment:checking '/home/men3m/Naima/install/naima_localization/bin'
[1.542s] INFO:colcon.colcon_core.shell:Creating package script '/home/men3m/Naima/install/naima_localization/share/naima_localization/package.ps1'
[1.543s] INFO:colcon.colcon_core.shell:Creating package descriptor '/home/men3m/Naima/install/naima_localization/share/naima_localization/package.dsv'
[1.544s] INFO:colcon.colcon_core.shell:Creating package script '/home/men3m/Naima/install/naima_localization/share/naima_localization/package.sh'
[1.544s] INFO:colcon.colcon_core.shell:Creating package script '/home/men3m/Naima/install/naima_localization/share/naima_localization/package.bash'
[1.545s] INFO:colcon.colcon_core.shell:Creating package script '/home/men3m/Naima/install/naima_localization/share/naima_localization/package.zsh'
[1.545s] Level 1:colcon.colcon_core.environment:create_file_with_runtime_dependencies(/home/men3m/Naima/install/naima_localization/share/colcon-core/packages/naima_localization)
[1.547s] DEBUG:colcon.colcon_core.event_handler.log_command:Invoked command in '/home/men3m/Naima/build/zed_multi_camera' returned '0': AMENT_PREFIX_PATH=/home/men3m/Naima/install/zed_wrapper:/home/men3m/Naima/install/zed_components:${AMENT_PREFIX_PATH} CMAKE_PREFIX_PATH=/home/men3m/Naima/install/zed_wrapper:/home/men3m/Naima/install/zed_components:/opt/ros/humble LD_LIBRARY_PATH=/home/men3m/Naima/install/zed_components/lib:/usr/lib/x86_64-linux-gnu/gazebo-11/plugins:/opt/ros/humble/opt/rviz_ogre_vendor/lib:/opt/ros/humble/lib/x86_64-linux-gnu:/opt/ros/humble/lib:/usr/local/cuda-12.4.0/lib64:/usr/local/cuda-12.4.0/lib64 /usr/bin/cmake --build /home/men3m/Naima/build/zed_multi_camera -- -j16 -l16
[1.549s] DEBUG:colcon.colcon_core.event_handler.log_command:Invoking command in '/home/men3m/Naima/build/zed_multi_camera': AMENT_PREFIX_PATH=/home/men3m/Naima/install/zed_wrapper:/home/men3m/Naima/install/zed_components:${AMENT_PREFIX_PATH} CMAKE_PREFIX_PATH=/home/men3m/Naima/install/zed_wrapper:/home/men3m/Naima/install/zed_components:/opt/ros/humble LD_LIBRARY_PATH=/home/men3m/Naima/install/zed_components/lib:/usr/lib/x86_64-linux-gnu/gazebo-11/plugins:/opt/ros/humble/opt/rviz_ogre_vendor/lib:/opt/ros/humble/lib/x86_64-linux-gnu:/opt/ros/humble/lib:/usr/local/cuda-12.4.0/lib64:/usr/local/cuda-12.4.0/lib64 /usr/bin/cmake --install /home/men3m/Naima/build/zed_multi_camera
[1.549s] DEBUG:colcon.colcon_core.event_handler.log_command:Invoked command in '/home/men3m/Naima/build/zed_robot_integration' returned '0': AMENT_PREFIX_PATH=/home/men3m/Naima/install/zed_wrapper:/home/men3m/Naima/install/zed_components:${AMENT_PREFIX_PATH} CMAKE_PREFIX_PATH=/home/men3m/Naima/install/zed_wrapper:/home/men3m/Naima/install/zed_components:/opt/ros/humble LD_LIBRARY_PATH=/home/men3m/Naima/install/zed_components/lib:/usr/lib/x86_64-linux-gnu/gazebo-11/plugins:/opt/ros/humble/opt/rviz_ogre_vendor/lib:/opt/ros/humble/lib/x86_64-linux-gnu:/opt/ros/humble/lib:/usr/local/cuda-12.4.0/lib64:/usr/local/cuda-12.4.0/lib64 /usr/bin/cmake --build /home/men3m/Naima/build/zed_robot_integration -- -j16 -l16
[1.551s] DEBUG:colcon.colcon_core.event_handler.log_command:Invoking command in '/home/men3m/Naima/build/zed_robot_integration': AMENT_PREFIX_PATH=/home/men3m/Naima/install/zed_wrapper:/home/men3m/Naima/install/zed_components:${AMENT_PREFIX_PATH} CMAKE_PREFIX_PATH=/home/men3m/Naima/install/zed_wrapper:/home/men3m/Naima/install/zed_components:/opt/ros/humble LD_LIBRARY_PATH=/home/men3m/Naima/install/zed_components/lib:/usr/lib/x86_64-linux-gnu/gazebo-11/plugins:/opt/ros/humble/opt/rviz_ogre_vendor/lib:/opt/ros/humble/lib/x86_64-linux-gnu:/opt/ros/humble/lib:/usr/local/cuda-12.4.0/lib64:/usr/local/cuda-12.4.0/lib64 /usr/bin/cmake --install /home/men3m/Naima/build/zed_robot_integration
[1.551s] DEBUG:colcon.colcon_core.event_handler.log_command:Invoked command in '/home/men3m/Naima/build/zed_display_rviz2' returned '0': AMENT_PREFIX_PATH=/home/men3m/Naima/install/zed_wrapper:/home/men3m/Naima/install/zed_components:${AMENT_PREFIX_PATH} CMAKE_PREFIX_PATH=/home/men3m/Naima/install/zed_wrapper:/home/men3m/Naima/install/zed_components:/opt/ros/humble LD_LIBRARY_PATH=/home/men3m/Naima/install/zed_components/lib:/usr/lib/x86_64-linux-gnu/gazebo-11/plugins:/opt/ros/humble/opt/rviz_ogre_vendor/lib:/opt/ros/humble/lib/x86_64-linux-gnu:/opt/ros/humble/lib:/usr/local/cuda-12.4.0/lib64:/usr/local/cuda-12.4.0/lib64 /usr/bin/cmake --build /home/men3m/Naima/build/zed_display_rviz2 -- -j16 -l16
[1.553s] DEBUG:colcon.colcon_core.event_handler.log_command:Invoking command in '/home/men3m/Naima/build/zed_display_rviz2': AMENT_PREFIX_PATH=/home/men3m/Naima/install/zed_wrapper:/home/men3m/Naima/install/zed_components:${AMENT_PREFIX_PATH} CMAKE_PREFIX_PATH=/home/men3m/Naima/install/zed_wrapper:/home/men3m/Naima/install/zed_components:/opt/ros/humble LD_LIBRARY_PATH=/home/men3m/Naima/install/zed_components/lib:/usr/lib/x86_64-linux-gnu/gazebo-11/plugins:/opt/ros/humble/opt/rviz_ogre_vendor/lib:/opt/ros/humble/lib/x86_64-linux-gnu:/opt/ros/humble/lib:/usr/local/cuda-12.4.0/lib64:/usr/local/cuda-12.4.0/lib64 /usr/bin/cmake --install /home/men3m/Naima/build/zed_display_rviz2
[1.554s] DEBUG:colcon.colcon_core.event_handler.log_command:Invoked command in '/home/men3m/Naima/build/zed_depth_to_laserscan' returned '0': AMENT_PREFIX_PATH=/home/men3m/Naima/install/zed_wrapper:/home/men3m/Naima/install/zed_components:${AMENT_PREFIX_PATH} CMAKE_PREFIX_PATH=/home/men3m/Naima/install/zed_wrapper:/home/men3m/Naima/install/zed_components:/opt/ros/humble LD_LIBRARY_PATH=/home/men3m/Naima/install/zed_components/lib:/usr/lib/x86_64-linux-gnu/gazebo-11/plugins:/opt/ros/humble/opt/rviz_ogre_vendor/lib:/opt/ros/humble/lib/x86_64-linux-gnu:/opt/ros/humble/lib:/usr/local/cuda-12.4.0/lib64:/usr/local/cuda-12.4.0/lib64 /usr/bin/cmake --build /home/men3m/Naima/build/zed_depth_to_laserscan -- -j16 -l16
[1.556s] DEBUG:colcon.colcon_core.event_handler.log_command:Invoking command in '/home/men3m/Naima/build/zed_depth_to_laserscan': AMENT_PREFIX_PATH=/home/men3m/Naima/install/zed_wrapper:/home/men3m/Naima/install/zed_components:${AMENT_PREFIX_PATH} CMAKE_PREFIX_PATH=/home/men3m/Naima/install/zed_wrapper:/home/men3m/Naima/install/zed_components:/opt/ros/humble LD_LIBRARY_PATH=/home/men3m/Naima/install/zed_components/lib:/usr/lib/x86_64-linux-gnu/gazebo-11/plugins:/opt/ros/humble/opt/rviz_ogre_vendor/lib:/opt/ros/humble/lib/x86_64-linux-gnu:/opt/ros/humble/lib:/usr/local/cuda-12.4.0/lib64:/usr/local/cuda-12.4.0/lib64 /usr/bin/cmake --install /home/men3m/Naima/build/zed_depth_to_laserscan
[1.556s] Level 1:colcon.colcon_core.environment:create_environment_scripts_only(zed_topic_benchmark_component)
[1.557s] Level 1:colcon.colcon_core.environment:checking '/home/men3m/Naima/install/zed_topic_benchmark_component' for CMake module files
[1.557s] DEBUG:colcon.colcon_core.event_handler.log_command:Invoked command in '/home/men3m/Naima/build/zed_topic_benchmark_component' returned '0': AMENT_PREFIX_PATH=/home/men3m/Naima/install/zed_topic_benchmark_interfaces:${AMENT_PREFIX_PATH} CMAKE_PREFIX_PATH=/home/men3m/Naima/install/zed_topic_benchmark_interfaces:/opt/ros/humble LD_LIBRARY_PATH=/home/men3m/Naima/install/zed_topic_benchmark_interfaces/lib:/usr/lib/x86_64-linux-gnu/gazebo-11/plugins:/opt/ros/humble/opt/rviz_ogre_vendor/lib:/opt/ros/humble/lib/x86_64-linux-gnu:/opt/ros/humble/lib:/usr/local/cuda-12.4.0/lib64:/usr/local/cuda-12.4.0/lib64 PYTHONPATH=/home/men3m/Naima/install/zed_topic_benchmark_interfaces/local/lib/python3.10/dist-packages:${PYTHONPATH} /usr/bin/cmake --install /home/men3m/Naima/build/zed_topic_benchmark_component
[1.559s] Level 1:colcon.colcon_core.environment:checking '/home/men3m/Naima/install/zed_topic_benchmark_component' for CMake config files
[1.563s] Level 1:colcon.colcon_core.shell:create_environment_hook('zed_topic_benchmark_component', 'cmake_prefix_path')
[1.563s] INFO:colcon.colcon_core.shell:Creating environment hook '/home/men3m/Naima/install/zed_topic_benchmark_component/share/zed_topic_benchmark_component/hook/cmake_prefix_path.ps1'
[1.563s] INFO:colcon.colcon_core.shell:Creating environment descriptor '/home/men3m/Naima/install/zed_topic_benchmark_component/share/zed_topic_benchmark_component/hook/cmake_prefix_path.dsv'
[1.564s] INFO:colcon.colcon_core.shell:Creating environment hook '/home/men3m/Naima/install/zed_topic_benchmark_component/share/zed_topic_benchmark_component/hook/cmake_prefix_path.sh'
[1.564s] Level 1:colcon.colcon_core.environment:checking '/home/men3m/Naima/install/zed_topic_benchmark_component/lib'
[1.564s] Level 1:colcon.colcon_core.shell:create_environment_hook('zed_topic_benchmark_component', 'ld_library_path_lib')
[1.565s] INFO:colcon.colcon_core.shell:Creating environment hook '/home/men3m/Naima/install/zed_topic_benchmark_component/share/zed_topic_benchmark_component/hook/ld_library_path_lib.ps1'
[1.565s] INFO:colcon.colcon_core.shell:Creating environment descriptor '/home/men3m/Naima/install/zed_topic_benchmark_component/share/zed_topic_benchmark_component/hook/ld_library_path_lib.dsv'
[1.565s] INFO:colcon.colcon_core.shell:Creating environment hook '/home/men3m/Naima/install/zed_topic_benchmark_component/share/zed_topic_benchmark_component/hook/ld_library_path_lib.sh'
[1.566s] Level 1:colcon.colcon_core.environment:checking '/home/men3m/Naima/install/zed_topic_benchmark_component/bin'
[1.566s] Level 1:colcon.colcon_core.environment:checking '/home/men3m/Naima/install/zed_topic_benchmark_component/lib/pkgconfig/zed_topic_benchmark_component.pc'
[1.566s] Level 1:colcon.colcon_core.environment:checking '/home/men3m/Naima/install/zed_topic_benchmark_component/lib/python3.10/site-packages'
[1.566s] Level 1:colcon.colcon_core.environment:checking '/home/men3m/Naima/install/zed_topic_benchmark_component/bin'
[1.566s] INFO:colcon.colcon_core.shell:Creating package script '/home/men3m/Naima/install/zed_topic_benchmark_component/share/zed_topic_benchmark_component/package.ps1'
[1.567s] INFO:colcon.colcon_core.shell:Creating package descriptor '/home/men3m/Naima/install/zed_topic_benchmark_component/share/zed_topic_benchmark_component/package.dsv'
[1.567s] INFO:colcon.colcon_core.shell:Creating package script '/home/men3m/Naima/install/zed_topic_benchmark_component/share/zed_topic_benchmark_component/package.sh'
[1.568s] INFO:colcon.colcon_core.shell:Creating package script '/home/men3m/Naima/install/zed_topic_benchmark_component/share/zed_topic_benchmark_component/package.bash'
[1.568s] INFO:colcon.colcon_core.shell:Creating package script '/home/men3m/Naima/install/zed_topic_benchmark_component/share/zed_topic_benchmark_component/package.zsh'
[1.568s] Level 1:colcon.colcon_core.environment:create_file_with_runtime_dependencies(/home/men3m/Naima/install/zed_topic_benchmark_component/share/colcon-core/packages/zed_topic_benchmark_component)
[1.569s] Level 1:colcon.colcon_core.environment:create_environment_scripts_only(zed_topic_benchmark_component)
[1.569s] Level 1:colcon.colcon_core.environment:checking '/home/men3m/Naima/install/zed_topic_benchmark_component' for CMake module files
[1.570s] Level 1:colcon.colcon_core.environment:checking '/home/men3m/Naima/install/zed_topic_benchmark_component' for CMake config files
[1.570s] Level 1:colcon.colcon_core.shell:create_environment_hook('zed_topic_benchmark_component', 'cmake_prefix_path')
[1.570s] INFO:colcon.colcon_core.shell:Creating environment hook '/home/men3m/Naima/install/zed_topic_benchmark_component/share/zed_topic_benchmark_component/hook/cmake_prefix_path.ps1'
[1.571s] INFO:colcon.colcon_core.shell:Creating environment descriptor '/home/men3m/Naima/install/zed_topic_benchmark_component/share/zed_topic_benchmark_component/hook/cmake_prefix_path.dsv'
[1.571s] INFO:colcon.colcon_core.shell:Creating environment hook '/home/men3m/Naima/install/zed_topic_benchmark_component/share/zed_topic_benchmark_component/hook/cmake_prefix_path.sh'
[1.571s] Level 1:colcon.colcon_core.environment:checking '/home/men3m/Naima/install/zed_topic_benchmark_component/lib'
[1.571s] Level 1:colcon.colcon_core.shell:create_environment_hook('zed_topic_benchmark_component', 'ld_library_path_lib')
[1.572s] INFO:colcon.colcon_core.shell:Creating environment hook '/home/men3m/Naima/install/zed_topic_benchmark_component/share/zed_topic_benchmark_component/hook/ld_library_path_lib.ps1'
[1.572s] INFO:colcon.colcon_core.shell:Creating environment descriptor '/home/men3m/Naima/install/zed_topic_benchmark_component/share/zed_topic_benchmark_component/hook/ld_library_path_lib.dsv'
[1.572s] INFO:colcon.colcon_core.shell:Creating environment hook '/home/men3m/Naima/install/zed_topic_benchmark_component/share/zed_topic_benchmark_component/hook/ld_library_path_lib.sh'
[1.573s] Level 1:colcon.colcon_core.environment:checking '/home/men3m/Naima/install/zed_topic_benchmark_component/bin'
[1.573s] Level 1:colcon.colcon_core.environment:checking '/home/men3m/Naima/install/zed_topic_benchmark_component/lib/pkgconfig/zed_topic_benchmark_component.pc'
[1.573s] Level 1:colcon.colcon_core.environment:checking '/home/men3m/Naima/install/zed_topic_benchmark_component/lib/python3.10/site-packages'
[1.573s] Level 1:colcon.colcon_core.environment:checking '/home/men3m/Naima/install/zed_topic_benchmark_component/bin'
[1.573s] INFO:colcon.colcon_core.shell:Creating package script '/home/men3m/Naima/install/zed_topic_benchmark_component/share/zed_topic_benchmark_component/package.ps1'
[1.574s] INFO:colcon.colcon_core.shell:Creating package descriptor '/home/men3m/Naima/install/zed_topic_benchmark_component/share/zed_topic_benchmark_component/package.dsv'
[1.574s] INFO:colcon.colcon_core.shell:Creating package script '/home/men3m/Naima/install/zed_topic_benchmark_component/share/zed_topic_benchmark_component/package.sh'
[1.574s] INFO:colcon.colcon_core.shell:Creating package script '/home/men3m/Naima/install/zed_topic_benchmark_component/share/zed_topic_benchmark_component/package.bash'
[1.575s] INFO:colcon.colcon_core.shell:Creating package script '/home/men3m/Naima/install/zed_topic_benchmark_component/share/zed_topic_benchmark_component/package.zsh'
[1.575s] Level 1:colcon.colcon_core.environment:create_file_with_runtime_dependencies(/home/men3m/Naima/install/zed_topic_benchmark_component/share/colcon-core/packages/zed_topic_benchmark_component)
[1.577s] DEBUG:colcon.colcon_core.event_handler.log_command:Invoked command in '/home/men3m/Naima/build/zed_ros2' returned '0': AMENT_PREFIX_PATH=/home/men3m/Naima/install/zed_wrapper:/home/men3m/Naima/install/zed_components:${AMENT_PREFIX_PATH} CMAKE_PREFIX_PATH=/home/men3m/Naima/install/zed_wrapper:/home/men3m/Naima/install/zed_components:/opt/ros/humble LD_LIBRARY_PATH=/home/men3m/Naima/install/zed_components/lib:/usr/lib/x86_64-linux-gnu/gazebo-11/plugins:/opt/ros/humble/opt/rviz_ogre_vendor/lib:/opt/ros/humble/lib/x86_64-linux-gnu:/opt/ros/humble/lib:/usr/local/cuda-12.4.0/lib64:/usr/local/cuda-12.4.0/lib64 /usr/bin/cmake --build /home/men3m/Naima/build/zed_ros2 -- -j16 -l16
[1.578s] DEBUG:colcon.colcon_core.event_handler.log_command:Invoking command in '/home/men3m/Naima/build/zed_ros2': AMENT_PREFIX_PATH=/home/men3m/Naima/install/zed_wrapper:/home/men3m/Naima/install/zed_components:${AMENT_PREFIX_PATH} CMAKE_PREFIX_PATH=/home/men3m/Naima/install/zed_wrapper:/home/men3m/Naima/install/zed_components:/opt/ros/humble LD_LIBRARY_PATH=/home/men3m/Naima/install/zed_components/lib:/usr/lib/x86_64-linux-gnu/gazebo-11/plugins:/opt/ros/humble/opt/rviz_ogre_vendor/lib:/opt/ros/humble/lib/x86_64-linux-gnu:/opt/ros/humble/lib:/usr/local/cuda-12.4.0/lib64:/usr/local/cuda-12.4.0/lib64 /usr/bin/cmake --install /home/men3m/Naima/build/zed_ros2
[1.579s] INFO:colcon.colcon_ros.task.ament_cmake.build:Building ROS package in '/home/men3m/Naima/src/zed-ros2-examples/tools/zed_benchmark' with build type 'ament_cmake'
[1.579s] INFO:colcon.colcon_cmake.task.cmake.build:Building CMake package in '/home/men3m/Naima/src/zed-ros2-examples/tools/zed_benchmark'
[1.579s] INFO:colcon.colcon_core.shell:Skip shell extension 'powershell' for command environment: Not usable outside of PowerShell
[1.579s] DEBUG:colcon.colcon_core.shell:Skip shell extension 'dsv' for command environment
[1.591s] Level 1:colcon.colcon_core.environment:create_environment_scripts_only(naima_examples)
[1.591s] Level 1:colcon.colcon_core.environment:checking '/home/men3m/Naima/install/naima_examples' for CMake module files
[1.593s] DEBUG:colcon.colcon_core.event_handler.log_command:Invoked command in '/home/men3m/Naima/build/naima_examples' returned '0': AMENT_PREFIX_PATH=/home/men3m/Naima/install/naima_msgs:${AMENT_PREFIX_PATH} CMAKE_PREFIX_PATH=/home/men3m/Naima/install/naima_msgs:/opt/ros/humble LD_LIBRARY_PATH=/home/men3m/Naima/install/naima_msgs/lib:/usr/lib/x86_64-linux-gnu/gazebo-11/plugins:/opt/ros/humble/opt/rviz_ogre_vendor/lib:/opt/ros/humble/lib/x86_64-linux-gnu:/opt/ros/humble/lib:/usr/local/cuda-12.4.0/lib64:/usr/local/cuda-12.4.0/lib64 PYTHONPATH=/home/men3m/Naima/install/naima_msgs/local/lib/python3.10/dist-packages:${PYTHONPATH} /usr/bin/cmake --install /home/men3m/Naima/build/naima_examples
[1.593s] Level 1:colcon.colcon_core.environment:checking '/home/men3m/Naima/install/naima_examples' for CMake config files
[1.594s] Level 1:colcon.colcon_core.shell:create_environment_hook('naima_examples', 'cmake_prefix_path')
[1.594s] INFO:colcon.colcon_core.shell:Creating environment hook '/home/men3m/Naima/install/naima_examples/share/naima_examples/hook/cmake_prefix_path.ps1'
[1.594s] INFO:colcon.colcon_core.shell:Creating environment descriptor '/home/men3m/Naima/install/naima_examples/share/naima_examples/hook/cmake_prefix_path.dsv'
[1.595s] INFO:colcon.colcon_core.shell:Creating environment hook '/home/men3m/Naima/install/naima_examples/share/naima_examples/hook/cmake_prefix_path.sh'
[1.595s] Level 1:colcon.colcon_core.environment:checking '/home/men3m/Naima/install/naima_examples/lib'
[1.595s] Level 1:colcon.colcon_core.shell:create_environment_hook('naima_examples', 'ld_library_path_lib')
[1.595s] INFO:colcon.colcon_core.shell:Creating environment hook '/home/men3m/Naima/install/naima_examples/share/naima_examples/hook/ld_library_path_lib.ps1'
[1.596s] INFO:colcon.colcon_core.shell:Creating environment descriptor '/home/men3m/Naima/install/naima_examples/share/naima_examples/hook/ld_library_path_lib.dsv'
[1.596s] INFO:colcon.colcon_core.shell:Creating environment hook '/home/men3m/Naima/install/naima_examples/share/naima_examples/hook/ld_library_path_lib.sh'
[1.596s] Level 1:colcon.colcon_core.environment:checking '/home/men3m/Naima/install/naima_examples/bin'
[1.597s] Level 1:colcon.colcon_core.environment:checking '/home/men3m/Naima/install/naima_examples/lib/pkgconfig/naima_examples.pc'
[1.597s] Level 1:colcon.colcon_core.environment:checking '/home/men3m/Naima/install/naima_examples/lib/python3.10/site-packages'
[1.597s] Level 1:colcon.colcon_core.environment:checking '/home/men3m/Naima/install/naima_examples/bin'
[1.597s] INFO:colcon.colcon_core.shell:Creating package script '/home/men3m/Naima/install/naima_examples/share/naima_examples/package.ps1'
[1.598s] INFO:colcon.colcon_core.shell:Creating package descriptor '/home/men3m/Naima/install/naima_examples/share/naima_examples/package.dsv'
[1.598s] INFO:colcon.colcon_core.shell:Creating package script '/home/men3m/Naima/install/naima_examples/share/naima_examples/package.sh'
[1.598s] INFO:colcon.colcon_core.shell:Creating package script '/home/men3m/Naima/install/naima_examples/share/naima_examples/package.bash'
[1.599s] INFO:colcon.colcon_core.shell:Creating package script '/home/men3m/Naima/install/naima_examples/share/naima_examples/package.zsh'
[1.599s] Level 1:colcon.colcon_core.environment:create_file_with_runtime_dependencies(/home/men3m/Naima/install/naima_examples/share/colcon-core/packages/naima_examples)
[1.599s] Level 1:colcon.colcon_core.environment:create_environment_scripts_only(naima_examples)
[1.600s] Level 1:colcon.colcon_core.environment:checking '/home/men3m/Naima/install/naima_examples' for CMake module files
[1.600s] Level 1:colcon.colcon_core.environment:checking '/home/men3m/Naima/install/naima_examples' for CMake config files
[1.600s] Level 1:colcon.colcon_core.shell:create_environment_hook('naima_examples', 'cmake_prefix_path')
[1.600s] INFO:colcon.colcon_core.shell:Creating environment hook '/home/men3m/Naima/install/naima_examples/share/naima_examples/hook/cmake_prefix_path.ps1'
[1.601s] INFO:colcon.colcon_core.shell:Creating environment descriptor '/home/men3m/Naima/install/naima_examples/share/naima_examples/hook/cmake_prefix_path.dsv'
[1.601s] INFO:colcon.colcon_core.shell:Creating environment hook '/home/men3m/Naima/install/naima_examples/share/naima_examples/hook/cmake_prefix_path.sh'
[1.602s] Level 1:colcon.colcon_core.environment:checking '/home/men3m/Naima/install/naima_examples/lib'
[1.602s] Level 1:colcon.colcon_core.shell:create_environment_hook('naima_examples', 'ld_library_path_lib')
[1.602s] INFO:colcon.colcon_core.shell:Creating environment hook '/home/men3m/Naima/install/naima_examples/share/naima_examples/hook/ld_library_path_lib.ps1'
[1.602s] INFO:colcon.colcon_core.shell:Creating environment descriptor '/home/men3m/Naima/install/naima_examples/share/naima_examples/hook/ld_library_path_lib.dsv'
[1.602s] INFO:colcon.colcon_core.shell:Creating environment hook '/home/men3m/Naima/install/naima_examples/share/naima_examples/hook/ld_library_path_lib.sh'
[1.603s] Level 1:colcon.colcon_core.environment:checking '/home/men3m/Naima/install/naima_examples/bin'
[1.603s] Level 1:colcon.colcon_core.environment:checking '/home/men3m/Naima/install/naima_examples/lib/pkgconfig/naima_examples.pc'
[1.603s] Level 1:colcon.colcon_core.environment:checking '/home/men3m/Naima/install/naima_examples/lib/python3.10/site-packages'
[1.603s] Level 1:colcon.colcon_core.environment:checking '/home/men3m/Naima/install/naima_examples/bin'
[1.603s] INFO:colcon.colcon_core.shell:Creating package script '/home/men3m/Naima/install/naima_examples/share/naima_examples/package.ps1'
[1.604s] INFO:colcon.colcon_core.shell:Creating package descriptor '/home/men3m/Naima/install/naima_examples/share/naima_examples/package.dsv'
[1.604s] INFO:colcon.colcon_core.shell:Creating package script '/home/men3m/Naima/install/naima_examples/share/naima_examples/package.sh'
[1.605s] INFO:colcon.colcon_core.shell:Creating package script '/home/men3m/Naima/install/naima_examples/share/naima_examples/package.bash'
[1.605s] INFO:colcon.colcon_core.shell:Creating package script '/home/men3m/Naima/install/naima_examples/share/naima_examples/package.zsh'
[1.605s] Level 1:colcon.colcon_core.environment:create_file_with_runtime_dependencies(/home/men3m/Naima/install/naima_examples/share/colcon-core/packages/naima_examples)
[1.608s] Level 1:colcon.colcon_core.environment:create_environment_scripts_only(zed_robot_integration)
[1.608s] Level 1:colcon.colcon_core.environment:checking '/home/men3m/Naima/install/zed_robot_integration' for CMake module files
[1.609s] DEBUG:colcon.colcon_core.event_handler.log_command:Invoking command in '/home/men3m/Naima/src/naima': PYTHONPATH=/home/men3m/Naima/build/naima/prefix_override:/usr/lib/python3/dist-packages/colcon_core/task/python/colcon_distutils_commands:/home/men3m/Naima/install/naima/lib/python3.10/site-packages:${PYTHONPATH} /usr/bin/python3 -W ignore:setup.py install is deprecated -W ignore:easy_install command is deprecated setup.py egg_info --egg-base ../../build/naima build --build-base /home/men3m/Naima/build/naima/build install --record /home/men3m/Naima/build/naima/install.log --single-version-externally-managed install_data
[1.609s] DEBUG:colcon.colcon_core.event_handler.log_command:Invoked command in '/home/men3m/Naima/build/zed_robot_integration' returned '0': AMENT_PREFIX_PATH=/home/men3m/Naima/install/zed_wrapper:/home/men3m/Naima/install/zed_components:${AMENT_PREFIX_PATH} CMAKE_PREFIX_PATH=/home/men3m/Naima/install/zed_wrapper:/home/men3m/Naima/install/zed_components:/opt/ros/humble LD_LIBRARY_PATH=/home/men3m/Naima/install/zed_components/lib:/usr/lib/x86_64-linux-gnu/gazebo-11/plugins:/opt/ros/humble/opt/rviz_ogre_vendor/lib:/opt/ros/humble/lib/x86_64-linux-gnu:/opt/ros/humble/lib:/usr/local/cuda-12.4.0/lib64:/usr/local/cuda-12.4.0/lib64 /usr/bin/cmake --install /home/men3m/Naima/build/zed_robot_integration
[1.610s] Level 1:colcon.colcon_core.environment:checking '/home/men3m/Naima/install/zed_robot_integration' for CMake config files
[1.610s] Level 1:colcon.colcon_core.shell:create_environment_hook('zed_robot_integration', 'cmake_prefix_path')
[1.610s] INFO:colcon.colcon_core.shell:Creating environment hook '/home/men3m/Naima/install/zed_robot_integration/share/zed_robot_integration/hook/cmake_prefix_path.ps1'
[1.610s] INFO:colcon.colcon_core.shell:Creating environment descriptor '/home/men3m/Naima/install/zed_robot_integration/share/zed_robot_integration/hook/cmake_prefix_path.dsv'
[1.611s] INFO:colcon.colcon_core.shell:Creating environment hook '/home/men3m/Naima/install/zed_robot_integration/share/zed_robot_integration/hook/cmake_prefix_path.sh'
[1.611s] Level 1:colcon.colcon_core.environment:checking '/home/men3m/Naima/install/zed_robot_integration/bin'
[1.611s] Level 1:colcon.colcon_core.environment:checking '/home/men3m/Naima/install/zed_robot_integration/lib/pkgconfig/zed_robot_integration.pc'
[1.611s] Level 1:colcon.colcon_core.environment:checking '/home/men3m/Naima/install/zed_robot_integration/lib/python3.10/site-packages'
[1.612s] Level 1:colcon.colcon_core.environment:checking '/home/men3m/Naima/install/zed_robot_integration/bin'
[1.612s] INFO:colcon.colcon_core.shell:Creating package script '/home/men3m/Naima/install/zed_robot_integration/share/zed_robot_integration/package.ps1'
[1.612s] INFO:colcon.colcon_core.shell:Creating package descriptor '/home/men3m/Naima/install/zed_robot_integration/share/zed_robot_integration/package.dsv'
[1.613s] INFO:colcon.colcon_core.shell:Creating package script '/home/men3m/Naima/install/zed_robot_integration/share/zed_robot_integration/package.sh'
[1.613s] INFO:colcon.colcon_core.shell:Creating package script '/home/men3m/Naima/install/zed_robot_integration/share/zed_robot_integration/package.bash'
[1.613s] INFO:colcon.colcon_core.shell:Creating package script '/home/men3m/Naima/install/zed_robot_integration/share/zed_robot_integration/package.zsh'
[1.614s] Level 1:colcon.colcon_core.environment:create_file_with_runtime_dependencies(/home/men3m/Naima/install/zed_robot_integration/share/colcon-core/packages/zed_robot_integration)
[1.614s] Level 1:colcon.colcon_core.environment:create_environment_scripts_only(zed_robot_integration)
[1.614s] Level 1:colcon.colcon_core.environment:checking '/home/men3m/Naima/install/zed_robot_integration' for CMake module files
[1.615s] Level 1:colcon.colcon_core.environment:checking '/home/men3m/Naima/install/zed_robot_integration' for CMake config files
[1.615s] Level 1:colcon.colcon_core.shell:create_environment_hook('zed_robot_integration', 'cmake_prefix_path')
[1.615s] INFO:colcon.colcon_core.shell:Creating environment hook '/home/men3m/Naima/install/zed_robot_integration/share/zed_robot_integration/hook/cmake_prefix_path.ps1'
[1.615s] INFO:colcon.colcon_core.shell:Creating environment descriptor '/home/men3m/Naima/install/zed_robot_integration/share/zed_robot_integration/hook/cmake_prefix_path.dsv'
[1.616s] INFO:colcon.colcon_core.shell:Creating environment hook '/home/men3m/Naima/install/zed_robot_integration/share/zed_robot_integration/hook/cmake_prefix_path.sh'
[1.616s] Level 1:colcon.colcon_core.environment:checking '/home/men3m/Naima/install/zed_robot_integration/bin'
[1.616s] Level 1:colcon.colcon_core.environment:checking '/home/men3m/Naima/install/zed_robot_integration/lib/pkgconfig/zed_robot_integration.pc'
[1.616s] Level 1:colcon.colcon_core.environment:checking '/home/men3m/Naima/install/zed_robot_integration/lib/python3.10/site-packages'
[1.617s] Level 1:colcon.colcon_core.environment:checking '/home/men3m/Naima/install/zed_robot_integration/bin'
[1.617s] INFO:colcon.colcon_core.shell:Creating package script '/home/men3m/Naima/install/zed_robot_integration/share/zed_robot_integration/package.ps1'
[1.617s] INFO:colcon.colcon_core.shell:Creating package descriptor '/home/men3m/Naima/install/zed_robot_integration/share/zed_robot_integration/package.dsv'
[1.618s] INFO:colcon.colcon_core.shell:Creating package script '/home/men3m/Naima/install/zed_robot_integration/share/zed_robot_integration/package.sh'
[1.618s] INFO:colcon.colcon_core.shell:Creating package script '/home/men3m/Naima/install/zed_robot_integration/share/zed_robot_integration/package.bash'
[1.619s] INFO:colcon.colcon_core.shell:Creating package script '/home/men3m/Naima/install/zed_robot_integration/share/zed_robot_integration/package.zsh'
[1.619s] Level 1:colcon.colcon_core.environment:create_file_with_runtime_dependencies(/home/men3m/Naima/install/zed_robot_integration/share/colcon-core/packages/zed_robot_integration)
[1.619s] Level 1:colcon.colcon_core.environment:create_environment_scripts_only(zed_multi_camera)
[1.619s] Level 1:colcon.colcon_core.environment:checking '/home/men3m/Naima/install/zed_multi_camera' for CMake module files
[1.621s] DEBUG:colcon.colcon_core.event_handler.log_command:Invoked command in '/home/men3m/Naima/build/zed_multi_camera' returned '0': AMENT_PREFIX_PATH=/home/men3m/Naima/install/zed_wrapper:/home/men3m/Naima/install/zed_components:${AMENT_PREFIX_PATH} CMAKE_PREFIX_PATH=/home/men3m/Naima/install/zed_wrapper:/home/men3m/Naima/install/zed_components:/opt/ros/humble LD_LIBRARY_PATH=/home/men3m/Naima/install/zed_components/lib:/usr/lib/x86_64-linux-gnu/gazebo-11/plugins:/opt/ros/humble/opt/rviz_ogre_vendor/lib:/opt/ros/humble/lib/x86_64-linux-gnu:/opt/ros/humble/lib:/usr/local/cuda-12.4.0/lib64:/usr/local/cuda-12.4.0/lib64 /usr/bin/cmake --install /home/men3m/Naima/build/zed_multi_camera
[1.621s] Level 1:colcon.colcon_core.environment:checking '/home/men3m/Naima/install/zed_multi_camera' for CMake config files
[1.621s] Level 1:colcon.colcon_core.shell:create_environment_hook('zed_multi_camera', 'cmake_prefix_path')
[1.621s] INFO:colcon.colcon_core.shell:Creating environment hook '/home/men3m/Naima/install/zed_multi_camera/share/zed_multi_camera/hook/cmake_prefix_path.ps1'
[1.621s] INFO:colcon.colcon_core.shell:Creating environment descriptor '/home/men3m/Naima/install/zed_multi_camera/share/zed_multi_camera/hook/cmake_prefix_path.dsv'
[1.622s] INFO:colcon.colcon_core.shell:Creating environment hook '/home/men3m/Naima/install/zed_multi_camera/share/zed_multi_camera/hook/cmake_prefix_path.sh'
[1.622s] Level 1:colcon.colcon_core.environment:checking '/home/men3m/Naima/install/zed_multi_camera/bin'
[1.622s] Level 1:colcon.colcon_core.environment:checking '/home/men3m/Naima/install/zed_multi_camera/lib/pkgconfig/zed_multi_camera.pc'
[1.623s] Level 1:colcon.colcon_core.environment:checking '/home/men3m/Naima/install/zed_multi_camera/lib/python3.10/site-packages'
[1.623s] Level 1:colcon.colcon_core.environment:checking '/home/men3m/Naima/install/zed_multi_camera/bin'
[1.623s] INFO:colcon.colcon_core.shell:Creating package script '/home/men3m/Naima/install/zed_multi_camera/share/zed_multi_camera/package.ps1'
[1.623s] INFO:colcon.colcon_core.shell:Creating package descriptor '/home/men3m/Naima/install/zed_multi_camera/share/zed_multi_camera/package.dsv'
[1.624s] INFO:colcon.colcon_core.shell:Creating package script '/home/men3m/Naima/install/zed_multi_camera/share/zed_multi_camera/package.sh'
[1.624s] INFO:colcon.colcon_core.shell:Creating package script '/home/men3m/Naima/install/zed_multi_camera/share/zed_multi_camera/package.bash'
[1.624s] INFO:colcon.colcon_core.shell:Creating package script '/home/men3m/Naima/install/zed_multi_camera/share/zed_multi_camera/package.zsh'
[1.625s] Level 1:colcon.colcon_core.environment:create_file_with_runtime_dependencies(/home/men3m/Naima/install/zed_multi_camera/share/colcon-core/packages/zed_multi_camera)
[1.625s] Level 1:colcon.colcon_core.environment:create_environment_scripts_only(zed_multi_camera)
[1.625s] Level 1:colcon.colcon_core.environment:checking '/home/men3m/Naima/install/zed_multi_camera' for CMake module files
[1.626s] Level 1:colcon.colcon_core.environment:checking '/home/men3m/Naima/install/zed_multi_camera' for CMake config files
[1.626s] Level 1:colcon.colcon_core.shell:create_environment_hook('zed_multi_camera', 'cmake_prefix_path')
[1.626s] INFO:colcon.colcon_core.shell:Creating environment hook '/home/men3m/Naima/install/zed_multi_camera/share/zed_multi_camera/hook/cmake_prefix_path.ps1'
[1.626s] INFO:colcon.colcon_core.shell:Creating environment descriptor '/home/men3m/Naima/install/zed_multi_camera/share/zed_multi_camera/hook/cmake_prefix_path.dsv'
[1.627s] INFO:colcon.colcon_core.shell:Creating environment hook '/home/men3m/Naima/install/zed_multi_camera/share/zed_multi_camera/hook/cmake_prefix_path.sh'
[1.627s] Level 1:colcon.colcon_core.environment:checking '/home/men3m/Naima/install/zed_multi_camera/bin'
[1.627s] Level 1:colcon.colcon_core.environment:checking '/home/men3m/Naima/install/zed_multi_camera/lib/pkgconfig/zed_multi_camera.pc'
[1.627s] Level 1:colcon.colcon_core.environment:checking '/home/men3m/Naima/install/zed_multi_camera/lib/python3.10/site-packages'
[1.628s] Level 1:colcon.colcon_core.environment:checking '/home/men3m/Naima/install/zed_multi_camera/bin'
[1.628s] INFO:colcon.colcon_core.shell:Creating package script '/home/men3m/Naima/install/zed_multi_camera/share/zed_multi_camera/package.ps1'
[1.629s] INFO:colcon.colcon_core.shell:Creating package descriptor '/home/men3m/Naima/install/zed_multi_camera/share/zed_multi_camera/package.dsv'
[1.629s] INFO:colcon.colcon_core.shell:Creating package script '/home/men3m/Naima/install/zed_multi_camera/share/zed_multi_camera/package.sh'
[1.629s] INFO:colcon.colcon_core.shell:Creating package script '/home/men3m/Naima/install/zed_multi_camera/share/zed_multi_camera/package.bash'
[1.630s] INFO:colcon.colcon_core.shell:Creating package script '/home/men3m/Naima/install/zed_multi_camera/share/zed_multi_camera/package.zsh'
[1.630s] Level 1:colcon.colcon_core.environment:create_file_with_runtime_dependencies(/home/men3m/Naima/install/zed_multi_camera/share/colcon-core/packages/zed_multi_camera)
[1.630s] Level 1:colcon.colcon_core.environment:create_environment_scripts_only(zed_depth_to_laserscan)
[1.631s] Level 1:colcon.colcon_core.environment:checking '/home/men3m/Naima/install/zed_depth_to_laserscan' for CMake module files
[1.631s] DEBUG:colcon.colcon_core.event_handler.log_command:Invoked command in '/home/men3m/Naima/build/zed_depth_to_laserscan' returned '0': AMENT_PREFIX_PATH=/home/men3m/Naima/install/zed_wrapper:/home/men3m/Naima/install/zed_components:${AMENT_PREFIX_PATH} CMAKE_PREFIX_PATH=/home/men3m/Naima/install/zed_wrapper:/home/men3m/Naima/install/zed_components:/opt/ros/humble LD_LIBRARY_PATH=/home/men3m/Naima/install/zed_components/lib:/usr/lib/x86_64-linux-gnu/gazebo-11/plugins:/opt/ros/humble/opt/rviz_ogre_vendor/lib:/opt/ros/humble/lib/x86_64-linux-gnu:/opt/ros/humble/lib:/usr/local/cuda-12.4.0/lib64:/usr/local/cuda-12.4.0/lib64 /usr/bin/cmake --install /home/men3m/Naima/build/zed_depth_to_laserscan
[1.632s] Level 1:colcon.colcon_core.environment:checking '/home/men3m/Naima/install/zed_depth_to_laserscan' for CMake config files
[1.632s] Level 1:colcon.colcon_core.shell:create_environment_hook('zed_depth_to_laserscan', 'cmake_prefix_path')
[1.632s] INFO:colcon.colcon_core.shell:Creating environment hook '/home/men3m/Naima/install/zed_depth_to_laserscan/share/zed_depth_to_laserscan/hook/cmake_prefix_path.ps1'
[1.632s] INFO:colcon.colcon_core.shell:Creating environment descriptor '/home/men3m/Naima/install/zed_depth_to_laserscan/share/zed_depth_to_laserscan/hook/cmake_prefix_path.dsv'
[1.633s] INFO:colcon.colcon_core.shell:Creating environment hook '/home/men3m/Naima/install/zed_depth_to_laserscan/share/zed_depth_to_laserscan/hook/cmake_prefix_path.sh'
[1.633s] Level 1:colcon.colcon_core.environment:checking '/home/men3m/Naima/install/zed_depth_to_laserscan/bin'
[1.633s] Level 1:colcon.colcon_core.environment:checking '/home/men3m/Naima/install/zed_depth_to_laserscan/lib/pkgconfig/zed_depth_to_laserscan.pc'
[1.633s] Level 1:colcon.colcon_core.environment:checking '/home/men3m/Naima/install/zed_depth_to_laserscan/lib/python3.10/site-packages'
[1.634s] Level 1:colcon.colcon_core.environment:checking '/home/men3m/Naima/install/zed_depth_to_laserscan/bin'
[1.634s] INFO:colcon.colcon_core.shell:Creating package script '/home/men3m/Naima/install/zed_depth_to_laserscan/share/zed_depth_to_laserscan/package.ps1'
[1.634s] INFO:colcon.colcon_core.shell:Creating package descriptor '/home/men3m/Naima/install/zed_depth_to_laserscan/share/zed_depth_to_laserscan/package.dsv'
[1.634s] INFO:colcon.colcon_core.shell:Creating package script '/home/men3m/Naima/install/zed_depth_to_laserscan/share/zed_depth_to_laserscan/package.sh'
[1.635s] INFO:colcon.colcon_core.shell:Creating package script '/home/men3m/Naima/install/zed_depth_to_laserscan/share/zed_depth_to_laserscan/package.bash'
[1.635s] INFO:colcon.colcon_core.shell:Creating package script '/home/men3m/Naima/install/zed_depth_to_laserscan/share/zed_depth_to_laserscan/package.zsh'
[1.635s] Level 1:colcon.colcon_core.environment:create_file_with_runtime_dependencies(/home/men3m/Naima/install/zed_depth_to_laserscan/share/colcon-core/packages/zed_depth_to_laserscan)
[1.636s] Level 1:colcon.colcon_core.environment:create_environment_scripts_only(zed_depth_to_laserscan)
[1.636s] Level 1:colcon.colcon_core.environment:checking '/home/men3m/Naima/install/zed_depth_to_laserscan' for CMake module files
[1.636s] Level 1:colcon.colcon_core.environment:checking '/home/men3m/Naima/install/zed_depth_to_laserscan' for CMake config files
[1.637s] Level 1:colcon.colcon_core.shell:create_environment_hook('zed_depth_to_laserscan', 'cmake_prefix_path')
[1.637s] INFO:colcon.colcon_core.shell:Creating environment hook '/home/men3m/Naima/install/zed_depth_to_laserscan/share/zed_depth_to_laserscan/hook/cmake_prefix_path.ps1'
[1.637s] INFO:colcon.colcon_core.shell:Creating environment descriptor '/home/men3m/Naima/install/zed_depth_to_laserscan/share/zed_depth_to_laserscan/hook/cmake_prefix_path.dsv'
[1.637s] INFO:colcon.colcon_core.shell:Creating environment hook '/home/men3m/Naima/install/zed_depth_to_laserscan/share/zed_depth_to_laserscan/hook/cmake_prefix_path.sh'
[1.638s] Level 1:colcon.colcon_core.environment:checking '/home/men3m/Naima/install/zed_depth_to_laserscan/bin'
[1.638s] Level 1:colcon.colcon_core.environment:checking '/home/men3m/Naima/install/zed_depth_to_laserscan/lib/pkgconfig/zed_depth_to_laserscan.pc'
[1.638s] Level 1:colcon.colcon_core.environment:checking '/home/men3m/Naima/install/zed_depth_to_laserscan/lib/python3.10/site-packages'
[1.638s] Level 1:colcon.colcon_core.environment:checking '/home/men3m/Naima/install/zed_depth_to_laserscan/bin'
[1.638s] INFO:colcon.colcon_core.shell:Creating package script '/home/men3m/Naima/install/zed_depth_to_laserscan/share/zed_depth_to_laserscan/package.ps1'
[1.639s] INFO:colcon.colcon_core.shell:Creating package descriptor '/home/men3m/Naima/install/zed_depth_to_laserscan/share/zed_depth_to_laserscan/package.dsv'
[1.639s] INFO:colcon.colcon_core.shell:Creating package script '/home/men3m/Naima/install/zed_depth_to_laserscan/share/zed_depth_to_laserscan/package.sh'
[1.640s] INFO:colcon.colcon_core.shell:Creating package script '/home/men3m/Naima/install/zed_depth_to_laserscan/share/zed_depth_to_laserscan/package.bash'
[1.640s] INFO:colcon.colcon_core.shell:Creating package script '/home/men3m/Naima/install/zed_depth_to_laserscan/share/zed_depth_to_laserscan/package.zsh'
[1.640s] Level 1:colcon.colcon_core.environment:create_file_with_runtime_dependencies(/home/men3m/Naima/install/zed_depth_to_laserscan/share/colcon-core/packages/zed_depth_to_laserscan)
[1.641s] Level 1:colcon.colcon_core.environment:create_environment_scripts_only(zed_display_rviz2)
[1.641s] Level 1:colcon.colcon_core.environment:checking '/home/men3m/Naima/install/zed_display_rviz2' for CMake module files
[1.642s] DEBUG:colcon.colcon_core.event_handler.log_command:Invoked command in '/home/men3m/Naima/build/zed_display_rviz2' returned '0': AMENT_PREFIX_PATH=/home/men3m/Naima/install/zed_wrapper:/home/men3m/Naima/install/zed_components:${AMENT_PREFIX_PATH} CMAKE_PREFIX_PATH=/home/men3m/Naima/install/zed_wrapper:/home/men3m/Naima/install/zed_components:/opt/ros/humble LD_LIBRARY_PATH=/home/men3m/Naima/install/zed_components/lib:/usr/lib/x86_64-linux-gnu/gazebo-11/plugins:/opt/ros/humble/opt/rviz_ogre_vendor/lib:/opt/ros/humble/lib/x86_64-linux-gnu:/opt/ros/humble/lib:/usr/local/cuda-12.4.0/lib64:/usr/local/cuda-12.4.0/lib64 /usr/bin/cmake --install /home/men3m/Naima/build/zed_display_rviz2
[1.642s] Level 1:colcon.colcon_core.environment:checking '/home/men3m/Naima/install/zed_display_rviz2' for CMake config files
[1.642s] Level 1:colcon.colcon_core.shell:create_environment_hook('zed_display_rviz2', 'cmake_prefix_path')
[1.642s] INFO:colcon.colcon_core.shell:Creating environment hook '/home/men3m/Naima/install/zed_display_rviz2/share/zed_display_rviz2/hook/cmake_prefix_path.ps1'
[1.643s] INFO:colcon.colcon_core.shell:Creating environment descriptor '/home/men3m/Naima/install/zed_display_rviz2/share/zed_display_rviz2/hook/cmake_prefix_path.dsv'
[1.643s] INFO:colcon.colcon_core.shell:Creating environment hook '/home/men3m/Naima/install/zed_display_rviz2/share/zed_display_rviz2/hook/cmake_prefix_path.sh'
[1.643s] Level 1:colcon.colcon_core.environment:checking '/home/men3m/Naima/install/zed_display_rviz2/bin'
[1.643s] Level 1:colcon.colcon_core.environment:checking '/home/men3m/Naima/install/zed_display_rviz2/lib/pkgconfig/zed_display_rviz2.pc'
[1.643s] Level 1:colcon.colcon_core.environment:checking '/home/men3m/Naima/install/zed_display_rviz2/lib/python3.10/site-packages'
[1.644s] Level 1:colcon.colcon_core.environment:checking '/home/men3m/Naima/install/zed_display_rviz2/bin'
[1.644s] INFO:colcon.colcon_core.shell:Creating package script '/home/men3m/Naima/install/zed_display_rviz2/share/zed_display_rviz2/package.ps1'
[1.644s] INFO:colcon.colcon_core.shell:Creating package descriptor '/home/men3m/Naima/install/zed_display_rviz2/share/zed_display_rviz2/package.dsv'
[1.645s] INFO:colcon.colcon_core.shell:Creating package script '/home/men3m/Naima/install/zed_display_rviz2/share/zed_display_rviz2/package.sh'
[1.645s] INFO:colcon.colcon_core.shell:Creating package script '/home/men3m/Naima/install/zed_display_rviz2/share/zed_display_rviz2/package.bash'
[1.645s] INFO:colcon.colcon_core.shell:Creating package script '/home/men3m/Naima/install/zed_display_rviz2/share/zed_display_rviz2/package.zsh'
[1.645s] Level 1:colcon.colcon_core.environment:create_file_with_runtime_dependencies(/home/men3m/Naima/install/zed_display_rviz2/share/colcon-core/packages/zed_display_rviz2)
[1.646s] Level 1:colcon.colcon_core.environment:create_environment_scripts_only(zed_display_rviz2)
[1.646s] Level 1:colcon.colcon_core.environment:checking '/home/men3m/Naima/install/zed_display_rviz2' for CMake module files
[1.646s] Level 1:colcon.colcon_core.environment:checking '/home/men3m/Naima/install/zed_display_rviz2' for CMake config files
[1.647s] Level 1:colcon.colcon_core.shell:create_environment_hook('zed_display_rviz2', 'cmake_prefix_path')
[1.647s] INFO:colcon.colcon_core.shell:Creating environment hook '/home/men3m/Naima/install/zed_display_rviz2/share/zed_display_rviz2/hook/cmake_prefix_path.ps1'
[1.647s] INFO:colcon.colcon_core.shell:Creating environment descriptor '/home/men3m/Naima/install/zed_display_rviz2/share/zed_display_rviz2/hook/cmake_prefix_path.dsv'
[1.647s] INFO:colcon.colcon_core.shell:Creating environment hook '/home/men3m/Naima/install/zed_display_rviz2/share/zed_display_rviz2/hook/cmake_prefix_path.sh'
[1.648s] Level 1:colcon.colcon_core.environment:checking '/home/men3m/Naima/install/zed_display_rviz2/bin'
[1.648s] Level 1:colcon.colcon_core.environment:checking '/home/men3m/Naima/install/zed_display_rviz2/lib/pkgconfig/zed_display_rviz2.pc'
[1.648s] Level 1:colcon.colcon_core.environment:checking '/home/men3m/Naima/install/zed_display_rviz2/lib/python3.10/site-packages'
[1.648s] Level 1:colcon.colcon_core.environment:checking '/home/men3m/Naima/install/zed_display_rviz2/bin'
[1.648s] INFO:colcon.colcon_core.shell:Creating package script '/home/men3m/Naima/install/zed_display_rviz2/share/zed_display_rviz2/package.ps1'
[1.649s] INFO:colcon.colcon_core.shell:Creating package descriptor '/home/men3m/Naima/install/zed_display_rviz2/share/zed_display_rviz2/package.dsv'
[1.649s] INFO:colcon.colcon_core.shell:Creating package script '/home/men3m/Naima/install/zed_display_rviz2/share/zed_display_rviz2/package.sh'
[1.650s] INFO:colcon.colcon_core.shell:Creating package script '/home/men3m/Naima/install/zed_display_rviz2/share/zed_display_rviz2/package.bash'
[1.650s] INFO:colcon.colcon_core.shell:Creating package script '/home/men3m/Naima/install/zed_display_rviz2/share/zed_display_rviz2/package.zsh'
[1.650s] Level 1:colcon.colcon_core.environment:create_file_with_runtime_dependencies(/home/men3m/Naima/install/zed_display_rviz2/share/colcon-core/packages/zed_display_rviz2)
[1.652s] INFO:colcon.colcon_ros.task.ament_cmake.build:Building ROS package in '/home/men3m/Naima/src/zed-ros2-examples/tutorials/zed_ipc' with build type 'ament_cmake'
[1.653s] INFO:colcon.colcon_cmake.task.cmake.build:Building CMake package in '/home/men3m/Naima/src/zed-ros2-examples/tutorials/zed_ipc'
[1.653s] INFO:colcon.colcon_core.shell:Skip shell extension 'powershell' for command environment: Not usable outside of PowerShell
[1.653s] DEBUG:colcon.colcon_core.shell:Skip shell extension 'dsv' for command environment
[1.654s] DEBUG:colcon.colcon_core.event_handler.log_command:Invoking command in '/home/men3m/Naima/src/naima_bringup': PYTHONPATH=/home/men3m/Naima/build/naima_bringup/prefix_override:/usr/lib/python3/dist-packages/colcon_core/task/python/colcon_distutils_commands:/home/men3m/Naima/install/naima_bringup/lib/python3.10/site-packages:${PYTHONPATH} /usr/bin/python3 -W ignore:setup.py install is deprecated -W ignore:easy_install command is deprecated setup.py egg_info --egg-base ../../build/naima_bringup build --build-base /home/men3m/Naima/build/naima_bringup/build install --record /home/men3m/Naima/build/naima_bringup/install.log --single-version-externally-managed install_data
[1.656s] Level 1:colcon.colcon_core.environment:create_environment_scripts_only(zed_ros2)
[1.657s] Level 1:colcon.colcon_core.environment:checking '/home/men3m/Naima/install/zed_ros2' for CMake module files
[1.657s] DEBUG:colcon.colcon_core.event_handler.log_command:Invoked command in '/home/men3m/Naima/build/zed_ros2' returned '0': AMENT_PREFIX_PATH=/home/men3m/Naima/install/zed_wrapper:/home/men3m/Naima/install/zed_components:${AMENT_PREFIX_PATH} CMAKE_PREFIX_PATH=/home/men3m/Naima/install/zed_wrapper:/home/men3m/Naima/install/zed_components:/opt/ros/humble LD_LIBRARY_PATH=/home/men3m/Naima/install/zed_components/lib:/usr/lib/x86_64-linux-gnu/gazebo-11/plugins:/opt/ros/humble/opt/rviz_ogre_vendor/lib:/opt/ros/humble/lib/x86_64-linux-gnu:/opt/ros/humble/lib:/usr/local/cuda-12.4.0/lib64:/usr/local/cuda-12.4.0/lib64 /usr/bin/cmake --install /home/men3m/Naima/build/zed_ros2
[1.657s] Level 1:colcon.colcon_core.environment:checking '/home/men3m/Naima/install/zed_ros2' for CMake config files
[1.658s] Level 1:colcon.colcon_core.shell:create_environment_hook('zed_ros2', 'cmake_prefix_path')
[1.658s] INFO:colcon.colcon_core.shell:Creating environment hook '/home/men3m/Naima/install/zed_ros2/share/zed_ros2/hook/cmake_prefix_path.ps1'
[1.658s] INFO:colcon.colcon_core.shell:Creating environment descriptor '/home/men3m/Naima/install/zed_ros2/share/zed_ros2/hook/cmake_prefix_path.dsv'
[1.658s] INFO:colcon.colcon_core.shell:Creating environment hook '/home/men3m/Naima/install/zed_ros2/share/zed_ros2/hook/cmake_prefix_path.sh'
[1.659s] Level 1:colcon.colcon_core.environment:checking '/home/men3m/Naima/install/zed_ros2/bin'
[1.659s] Level 1:colcon.colcon_core.environment:checking '/home/men3m/Naima/install/zed_ros2/lib/pkgconfig/zed_ros2.pc'
[1.659s] Level 1:colcon.colcon_core.environment:checking '/home/men3m/Naima/install/zed_ros2/lib/python3.10/site-packages'
[1.659s] Level 1:colcon.colcon_core.environment:checking '/home/men3m/Naima/install/zed_ros2/bin'
[1.660s] INFO:colcon.colcon_core.shell:Creating package script '/home/men3m/Naima/install/zed_ros2/share/zed_ros2/package.ps1'
[1.660s] INFO:colcon.colcon_core.shell:Creating package descriptor '/home/men3m/Naima/install/zed_ros2/share/zed_ros2/package.dsv'
[1.660s] INFO:colcon.colcon_core.shell:Creating package script '/home/men3m/Naima/install/zed_ros2/share/zed_ros2/package.sh'
[1.661s] INFO:colcon.colcon_core.shell:Creating package script '/home/men3m/Naima/install/zed_ros2/share/zed_ros2/package.bash'
[1.661s] INFO:colcon.colcon_core.shell:Creating package script '/home/men3m/Naima/install/zed_ros2/share/zed_ros2/package.zsh'
[1.661s] Level 1:colcon.colcon_core.environment:create_file_with_runtime_dependencies(/home/men3m/Naima/install/zed_ros2/share/colcon-core/packages/zed_ros2)
[1.662s] Level 1:colcon.colcon_core.environment:create_environment_scripts_only(zed_ros2)
[1.662s] Level 1:colcon.colcon_core.environment:checking '/home/men3m/Naima/install/zed_ros2' for CMake module files
[1.662s] Level 1:colcon.colcon_core.environment:checking '/home/men3m/Naima/install/zed_ros2' for CMake config files
[1.662s] Level 1:colcon.colcon_core.shell:create_environment_hook('zed_ros2', 'cmake_prefix_path')
[1.663s] INFO:colcon.colcon_core.shell:Creating environment hook '/home/men3m/Naima/install/zed_ros2/share/zed_ros2/hook/cmake_prefix_path.ps1'
[1.663s] INFO:colcon.colcon_core.shell:Creating environment descriptor '/home/men3m/Naima/install/zed_ros2/share/zed_ros2/hook/cmake_prefix_path.dsv'
[1.663s] INFO:colcon.colcon_core.shell:Creating environment hook '/home/men3m/Naima/install/zed_ros2/share/zed_ros2/hook/cmake_prefix_path.sh'
[1.664s] Level 1:colcon.colcon_core.environment:checking '/home/men3m/Naima/install/zed_ros2/bin'
[1.664s] Level 1:colcon.colcon_core.environment:checking '/home/men3m/Naima/install/zed_ros2/lib/pkgconfig/zed_ros2.pc'
[1.664s] Level 1:colcon.colcon_core.environment:checking '/home/men3m/Naima/install/zed_ros2/lib/python3.10/site-packages'
[1.664s] Level 1:colcon.colcon_core.environment:checking '/home/men3m/Naima/install/zed_ros2/bin'
[1.664s] INFO:colcon.colcon_core.shell:Creating package script '/home/men3m/Naima/install/zed_ros2/share/zed_ros2/package.ps1'
[1.665s] INFO:colcon.colcon_core.shell:Creating package descriptor '/home/men3m/Naima/install/zed_ros2/share/zed_ros2/package.dsv'
[1.665s] INFO:colcon.colcon_core.shell:Creating package script '/home/men3m/Naima/install/zed_ros2/share/zed_ros2/package.sh'
[1.666s] INFO:colcon.colcon_core.shell:Creating package script '/home/men3m/Naima/install/zed_ros2/share/zed_ros2/package.bash'
[1.666s] INFO:colcon.colcon_core.shell:Creating package script '/home/men3m/Naima/install/zed_ros2/share/zed_ros2/package.zsh'
[1.666s] Level 1:colcon.colcon_core.environment:create_file_with_runtime_dependencies(/home/men3m/Naima/install/zed_ros2/share/colcon-core/packages/zed_ros2)
[1.670s] DEBUG:colcon.colcon_core.event_handler.log_command:Invoking command in '/home/men3m/Naima/build/zed_topic_benchmark': AMENT_PREFIX_PATH=/home/men3m/Naima/install/zed_topic_benchmark_component:/home/men3m/Naima/install/zed_topic_benchmark_interfaces:${AMENT_PREFIX_PATH} CMAKE_PREFIX_PATH=/home/men3m/Naima/install/zed_topic_benchmark_component:/home/men3m/Naima/install/zed_topic_benchmark_interfaces:/opt/ros/humble LD_LIBRARY_PATH=/home/men3m/Naima/install/zed_topic_benchmark_component/lib:/home/men3m/Naima/install/zed_topic_benchmark_interfaces/lib:/usr/lib/x86_64-linux-gnu/gazebo-11/plugins:/opt/ros/humble/opt/rviz_ogre_vendor/lib:/opt/ros/humble/lib/x86_64-linux-gnu:/opt/ros/humble/lib:/usr/local/cuda-12.4.0/lib64:/usr/local/cuda-12.4.0/lib64 PYTHONPATH=/home/men3m/Naima/install/zed_topic_benchmark_interfaces/local/lib/python3.10/dist-packages:${PYTHONPATH} /usr/bin/cmake --build /home/men3m/Naima/build/zed_topic_benchmark -- -j16 -l16
[1.672s] DEBUG:colcon.colcon_core.event_handler.log_command:Invoking command in '/home/men3m/Naima/build/zed_ipc': AMENT_PREFIX_PATH=/home/men3m/Naima/install/zed_multi_camera:/home/men3m/Naima/install/zed_wrapper:/home/men3m/Naima/install/zed_components:${AMENT_PREFIX_PATH} CMAKE_PREFIX_PATH=/home/men3m/Naima/install/zed_multi_camera:/home/men3m/Naima/install/zed_wrapper:/home/men3m/Naima/install/zed_components:/opt/ros/humble LD_LIBRARY_PATH=/home/men3m/Naima/install/zed_components/lib:/usr/lib/x86_64-linux-gnu/gazebo-11/plugins:/opt/ros/humble/opt/rviz_ogre_vendor/lib:/opt/ros/humble/lib/x86_64-linux-gnu:/opt/ros/humble/lib:/usr/local/cuda-12.4.0/lib64:/usr/local/cuda-12.4.0/lib64 /usr/bin/cmake --build /home/men3m/Naima/build/zed_ipc -- -j16 -l16
[1.732s] DEBUG:colcon.colcon_core.event_handler.log_command:Invoked command in '/home/men3m/Naima/build/zed_topic_benchmark' returned '0': AMENT_PREFIX_PATH=/home/men3m/Naima/install/zed_topic_benchmark_component:/home/men3m/Naima/install/zed_topic_benchmark_interfaces:${AMENT_PREFIX_PATH} CMAKE_PREFIX_PATH=/home/men3m/Naima/install/zed_topic_benchmark_component:/home/men3m/Naima/install/zed_topic_benchmark_interfaces:/opt/ros/humble LD_LIBRARY_PATH=/home/men3m/Naima/install/zed_topic_benchmark_component/lib:/home/men3m/Naima/install/zed_topic_benchmark_interfaces/lib:/usr/lib/x86_64-linux-gnu/gazebo-11/plugins:/opt/ros/humble/opt/rviz_ogre_vendor/lib:/opt/ros/humble/lib/x86_64-linux-gnu:/opt/ros/humble/lib:/usr/local/cuda-12.4.0/lib64:/usr/local/cuda-12.4.0/lib64 PYTHONPATH=/home/men3m/Naima/install/zed_topic_benchmark_interfaces/local/lib/python3.10/dist-packages:${PYTHONPATH} /usr/bin/cmake --build /home/men3m/Naima/build/zed_topic_benchmark -- -j16 -l16
[1.734s] DEBUG:colcon.colcon_core.event_handler.log_command:Invoking command in '/home/men3m/Naima/build/zed_topic_benchmark': AMENT_PREFIX_PATH=/home/men3m/Naima/install/zed_topic_benchmark_component:/home/men3m/Naima/install/zed_topic_benchmark_interfaces:${AMENT_PREFIX_PATH} CMAKE_PREFIX_PATH=/home/men3m/Naima/install/zed_topic_benchmark_component:/home/men3m/Naima/install/zed_topic_benchmark_interfaces:/opt/ros/humble LD_LIBRARY_PATH=/home/men3m/Naima/install/zed_topic_benchmark_component/lib:/home/men3m/Naima/install/zed_topic_benchmark_interfaces/lib:/usr/lib/x86_64-linux-gnu/gazebo-11/plugins:/opt/ros/humble/opt/rviz_ogre_vendor/lib:/opt/ros/humble/lib/x86_64-linux-gnu:/opt/ros/humble/lib:/usr/local/cuda-12.4.0/lib64:/usr/local/cuda-12.4.0/lib64 PYTHONPATH=/home/men3m/Naima/install/zed_topic_benchmark_interfaces/local/lib/python3.10/dist-packages:${PYTHONPATH} /usr/bin/cmake --install /home/men3m/Naima/build/zed_topic_benchmark
[1.735s] DEBUG:colcon.colcon_core.event_handler.log_command:Invoked command in '/home/men3m/Naima/build/zed_ipc' returned '0': AMENT_PREFIX_PATH=/home/men3m/Naima/install/zed_multi_camera:/home/men3m/Naima/install/zed_wrapper:/home/men3m/Naima/install/zed_components:${AMENT_PREFIX_PATH} CMAKE_PREFIX_PATH=/home/men3m/Naima/install/zed_multi_camera:/home/men3m/Naima/install/zed_wrapper:/home/men3m/Naima/install/zed_components:/opt/ros/humble LD_LIBRARY_PATH=/home/men3m/Naima/install/zed_components/lib:/usr/lib/x86_64-linux-gnu/gazebo-11/plugins:/opt/ros/humble/opt/rviz_ogre_vendor/lib:/opt/ros/humble/lib/x86_64-linux-gnu:/opt/ros/humble/lib:/usr/local/cuda-12.4.0/lib64:/usr/local/cuda-12.4.0/lib64 /usr/bin/cmake --build /home/men3m/Naima/build/zed_ipc -- -j16 -l16
[1.736s] DEBUG:colcon.colcon_core.event_handler.log_command:Invoking command in '/home/men3m/Naima/build/zed_ipc': AMENT_PREFIX_PATH=/home/men3m/Naima/install/zed_multi_camera:/home/men3m/Naima/install/zed_wrapper:/home/men3m/Naima/install/zed_components:${AMENT_PREFIX_PATH} CMAKE_PREFIX_PATH=/home/men3m/Naima/install/zed_multi_camera:/home/men3m/Naima/install/zed_wrapper:/home/men3m/Naima/install/zed_components:/opt/ros/humble LD_LIBRARY_PATH=/home/men3m/Naima/install/zed_components/lib:/usr/lib/x86_64-linux-gnu/gazebo-11/plugins:/opt/ros/humble/opt/rviz_ogre_vendor/lib:/opt/ros/humble/lib/x86_64-linux-gnu:/opt/ros/humble/lib:/usr/local/cuda-12.4.0/lib64:/usr/local/cuda-12.4.0/lib64 /usr/bin/cmake --install /home/men3m/Naima/build/zed_ipc
[1.745s] Level 1:colcon.colcon_core.environment:create_environment_scripts_only(zed_topic_benchmark)
[1.745s] Level 1:colcon.colcon_core.environment:checking '/home/men3m/Naima/install/zed_topic_benchmark' for CMake module files
[1.746s] DEBUG:colcon.colcon_core.event_handler.log_command:Invoked command in '/home/men3m/Naima/build/zed_topic_benchmark' returned '0': AMENT_PREFIX_PATH=/home/men3m/Naima/install/zed_topic_benchmark_component:/home/men3m/Naima/install/zed_topic_benchmark_interfaces:${AMENT_PREFIX_PATH} CMAKE_PREFIX_PATH=/home/men3m/Naima/install/zed_topic_benchmark_component:/home/men3m/Naima/install/zed_topic_benchmark_interfaces:/opt/ros/humble LD_LIBRARY_PATH=/home/men3m/Naima/install/zed_topic_benchmark_component/lib:/home/men3m/Naima/install/zed_topic_benchmark_interfaces/lib:/usr/lib/x86_64-linux-gnu/gazebo-11/plugins:/opt/ros/humble/opt/rviz_ogre_vendor/lib:/opt/ros/humble/lib/x86_64-linux-gnu:/opt/ros/humble/lib:/usr/local/cuda-12.4.0/lib64:/usr/local/cuda-12.4.0/lib64 PYTHONPATH=/home/men3m/Naima/install/zed_topic_benchmark_interfaces/local/lib/python3.10/dist-packages:${PYTHONPATH} /usr/bin/cmake --install /home/men3m/Naima/build/zed_topic_benchmark
[1.747s] Level 1:colcon.colcon_core.environment:checking '/home/men3m/Naima/install/zed_topic_benchmark' for CMake config files
[1.747s] Level 1:colcon.colcon_core.shell:create_environment_hook('zed_topic_benchmark', 'cmake_prefix_path')
[1.747s] INFO:colcon.colcon_core.shell:Creating environment hook '/home/men3m/Naima/install/zed_topic_benchmark/share/zed_topic_benchmark/hook/cmake_prefix_path.ps1'
[1.747s] INFO:colcon.colcon_core.shell:Creating environment descriptor '/home/men3m/Naima/install/zed_topic_benchmark/share/zed_topic_benchmark/hook/cmake_prefix_path.dsv'
[1.748s] INFO:colcon.colcon_core.shell:Creating environment hook '/home/men3m/Naima/install/zed_topic_benchmark/share/zed_topic_benchmark/hook/cmake_prefix_path.sh'
[1.748s] Level 1:colcon.colcon_core.environment:checking '/home/men3m/Naima/install/zed_topic_benchmark/lib'
[1.748s] Level 1:colcon.colcon_core.environment:checking '/home/men3m/Naima/install/zed_topic_benchmark/bin'
[1.748s] Level 1:colcon.colcon_core.environment:checking '/home/men3m/Naima/install/zed_topic_benchmark/lib/pkgconfig/zed_topic_benchmark.pc'
[1.749s] Level 1:colcon.colcon_core.environment:checking '/home/men3m/Naima/install/zed_topic_benchmark/lib/python3.10/site-packages'
[1.749s] Level 1:colcon.colcon_core.environment:checking '/home/men3m/Naima/install/zed_topic_benchmark/bin'
[1.749s] INFO:colcon.colcon_core.shell:Creating package script '/home/men3m/Naima/install/zed_topic_benchmark/share/zed_topic_benchmark/package.ps1'
[1.749s] INFO:colcon.colcon_core.shell:Creating package descriptor '/home/men3m/Naima/install/zed_topic_benchmark/share/zed_topic_benchmark/package.dsv'
[1.750s] INFO:colcon.colcon_core.shell:Creating package script '/home/men3m/Naima/install/zed_topic_benchmark/share/zed_topic_benchmark/package.sh'
[1.750s] INFO:colcon.colcon_core.shell:Creating package script '/home/men3m/Naima/install/zed_topic_benchmark/share/zed_topic_benchmark/package.bash'
[1.750s] INFO:colcon.colcon_core.shell:Creating package script '/home/men3m/Naima/install/zed_topic_benchmark/share/zed_topic_benchmark/package.zsh'
[1.751s] Level 1:colcon.colcon_core.environment:create_file_with_runtime_dependencies(/home/men3m/Naima/install/zed_topic_benchmark/share/colcon-core/packages/zed_topic_benchmark)
[1.751s] Level 1:colcon.colcon_core.environment:create_environment_scripts_only(zed_topic_benchmark)
[1.751s] Level 1:colcon.colcon_core.environment:checking '/home/men3m/Naima/install/zed_topic_benchmark' for CMake module files
[1.752s] Level 1:colcon.colcon_core.environment:checking '/home/men3m/Naima/install/zed_topic_benchmark' for CMake config files
[1.752s] Level 1:colcon.colcon_core.shell:create_environment_hook('zed_topic_benchmark', 'cmake_prefix_path')
[1.752s] INFO:colcon.colcon_core.shell:Creating environment hook '/home/men3m/Naima/install/zed_topic_benchmark/share/zed_topic_benchmark/hook/cmake_prefix_path.ps1'
[1.753s] INFO:colcon.colcon_core.shell:Creating environment descriptor '/home/men3m/Naima/install/zed_topic_benchmark/share/zed_topic_benchmark/hook/cmake_prefix_path.dsv'
[1.753s] INFO:colcon.colcon_core.shell:Creating environment hook '/home/men3m/Naima/install/zed_topic_benchmark/share/zed_topic_benchmark/hook/cmake_prefix_path.sh'
[1.753s] Level 1:colcon.colcon_core.environment:checking '/home/men3m/Naima/install/zed_topic_benchmark/lib'
[1.753s] Level 1:colcon.colcon_core.environment:checking '/home/men3m/Naima/install/zed_topic_benchmark/bin'
[1.753s] Level 1:colcon.colcon_core.environment:checking '/home/men3m/Naima/install/zed_topic_benchmark/lib/pkgconfig/zed_topic_benchmark.pc'
[1.754s] Level 1:colcon.colcon_core.environment:checking '/home/men3m/Naima/install/zed_topic_benchmark/lib/python3.10/site-packages'
[1.754s] Level 1:colcon.colcon_core.environment:checking '/home/men3m/Naima/install/zed_topic_benchmark/bin'
[1.754s] INFO:colcon.colcon_core.shell:Creating package script '/home/men3m/Naima/install/zed_topic_benchmark/share/zed_topic_benchmark/package.ps1'
[1.754s] INFO:colcon.colcon_core.shell:Creating package descriptor '/home/men3m/Naima/install/zed_topic_benchmark/share/zed_topic_benchmark/package.dsv'
[1.755s] INFO:colcon.colcon_core.shell:Creating package script '/home/men3m/Naima/install/zed_topic_benchmark/share/zed_topic_benchmark/package.sh'
[1.755s] INFO:colcon.colcon_core.shell:Creating package script '/home/men3m/Naima/install/zed_topic_benchmark/share/zed_topic_benchmark/package.bash'
[1.756s] INFO:colcon.colcon_core.shell:Creating package script '/home/men3m/Naima/install/zed_topic_benchmark/share/zed_topic_benchmark/package.zsh'
[1.756s] Level 1:colcon.colcon_core.environment:create_file_with_runtime_dependencies(/home/men3m/Naima/install/zed_topic_benchmark/share/colcon-core/packages/zed_topic_benchmark)
[1.757s] Level 1:colcon.colcon_core.environment:create_environment_scripts_only(zed_ipc)
[1.757s] Level 1:colcon.colcon_core.environment:checking '/home/men3m/Naima/install/zed_ipc' for CMake module files
[1.757s] DEBUG:colcon.colcon_core.event_handler.log_command:Invoked command in '/home/men3m/Naima/build/zed_ipc' returned '0': AMENT_PREFIX_PATH=/home/men3m/Naima/install/zed_multi_camera:/home/men3m/Naima/install/zed_wrapper:/home/men3m/Naima/install/zed_components:${AMENT_PREFIX_PATH} CMAKE_PREFIX_PATH=/home/men3m/Naima/install/zed_multi_camera:/home/men3m/Naima/install/zed_wrapper:/home/men3m/Naima/install/zed_components:/opt/ros/humble LD_LIBRARY_PATH=/home/men3m/Naima/install/zed_components/lib:/usr/lib/x86_64-linux-gnu/gazebo-11/plugins:/opt/ros/humble/opt/rviz_ogre_vendor/lib:/opt/ros/humble/lib/x86_64-linux-gnu:/opt/ros/humble/lib:/usr/local/cuda-12.4.0/lib64:/usr/local/cuda-12.4.0/lib64 /usr/bin/cmake --install /home/men3m/Naima/build/zed_ipc
[1.758s] Level 1:colcon.colcon_core.environment:checking '/home/men3m/Naima/install/zed_ipc' for CMake config files
[1.758s] Level 1:colcon.colcon_core.shell:create_environment_hook('zed_ipc', 'cmake_prefix_path')
[1.758s] INFO:colcon.colcon_core.shell:Creating environment hook '/home/men3m/Naima/install/zed_ipc/share/zed_ipc/hook/cmake_prefix_path.ps1'
[1.759s] INFO:colcon.colcon_core.shell:Creating environment descriptor '/home/men3m/Naima/install/zed_ipc/share/zed_ipc/hook/cmake_prefix_path.dsv'
[1.759s] INFO:colcon.colcon_core.shell:Creating environment hook '/home/men3m/Naima/install/zed_ipc/share/zed_ipc/hook/cmake_prefix_path.sh'
[1.760s] Level 1:colcon.colcon_core.environment:checking '/home/men3m/Naima/install/zed_ipc/lib'
[1.760s] Level 1:colcon.colcon_core.shell:create_environment_hook('zed_ipc', 'ld_library_path_lib')
[1.760s] INFO:colcon.colcon_core.shell:Creating environment hook '/home/men3m/Naima/install/zed_ipc/share/zed_ipc/hook/ld_library_path_lib.ps1'
[1.760s] INFO:colcon.colcon_core.shell:Creating environment descriptor '/home/men3m/Naima/install/zed_ipc/share/zed_ipc/hook/ld_library_path_lib.dsv'
[1.760s] INFO:colcon.colcon_core.shell:Creating environment hook '/home/men3m/Naima/install/zed_ipc/share/zed_ipc/hook/ld_library_path_lib.sh'
[1.761s] Level 1:colcon.colcon_core.environment:checking '/home/men3m/Naima/install/zed_ipc/bin'
[1.761s] Level 1:colcon.colcon_core.environment:checking '/home/men3m/Naima/install/zed_ipc/lib/pkgconfig/zed_ipc.pc'
[1.761s] Level 1:colcon.colcon_core.environment:checking '/home/men3m/Naima/install/zed_ipc/lib/python3.10/site-packages'
[1.761s] Level 1:colcon.colcon_core.environment:checking '/home/men3m/Naima/install/zed_ipc/bin'
[1.762s] INFO:colcon.colcon_core.shell:Creating package script '/home/men3m/Naima/install/zed_ipc/share/zed_ipc/package.ps1'
[1.762s] INFO:colcon.colcon_core.shell:Creating package descriptor '/home/men3m/Naima/install/zed_ipc/share/zed_ipc/package.dsv'
[1.762s] INFO:colcon.colcon_core.shell:Creating package script '/home/men3m/Naima/install/zed_ipc/share/zed_ipc/package.sh'
[1.763s] INFO:colcon.colcon_core.shell:Creating package script '/home/men3m/Naima/install/zed_ipc/share/zed_ipc/package.bash'
[1.763s] INFO:colcon.colcon_core.shell:Creating package script '/home/men3m/Naima/install/zed_ipc/share/zed_ipc/package.zsh'
[1.763s] Level 1:colcon.colcon_core.environment:create_file_with_runtime_dependencies(/home/men3m/Naima/install/zed_ipc/share/colcon-core/packages/zed_ipc)
[1.764s] Level 1:colcon.colcon_core.environment:create_environment_scripts_only(zed_ipc)
[1.764s] Level 1:colcon.colcon_core.environment:checking '/home/men3m/Naima/install/zed_ipc' for CMake module files
[1.764s] Level 1:colcon.colcon_core.environment:checking '/home/men3m/Naima/install/zed_ipc' for CMake config files
[1.765s] Level 1:colcon.colcon_core.shell:create_environment_hook('zed_ipc', 'cmake_prefix_path')
[1.765s] INFO:colcon.colcon_core.shell:Creating environment hook '/home/men3m/Naima/install/zed_ipc/share/zed_ipc/hook/cmake_prefix_path.ps1'
[1.765s] INFO:colcon.colcon_core.shell:Creating environment descriptor '/home/men3m/Naima/install/zed_ipc/share/zed_ipc/hook/cmake_prefix_path.dsv'
[1.766s] INFO:colcon.colcon_core.shell:Creating environment hook '/home/men3m/Naima/install/zed_ipc/share/zed_ipc/hook/cmake_prefix_path.sh'
[1.766s] Level 1:colcon.colcon_core.environment:checking '/home/men3m/Naima/install/zed_ipc/lib'
[1.766s] Level 1:colcon.colcon_core.shell:create_environment_hook('zed_ipc', 'ld_library_path_lib')
[1.766s] INFO:colcon.colcon_core.shell:Creating environment hook '/home/men3m/Naima/install/zed_ipc/share/zed_ipc/hook/ld_library_path_lib.ps1'
[1.767s] INFO:colcon.colcon_core.shell:Creating environment descriptor '/home/men3m/Naima/install/zed_ipc/share/zed_ipc/hook/ld_library_path_lib.dsv'
[1.767s] INFO:colcon.colcon_core.shell:Creating environment hook '/home/men3m/Naima/install/zed_ipc/share/zed_ipc/hook/ld_library_path_lib.sh'
[1.767s] Level 1:colcon.colcon_core.environment:checking '/home/men3m/Naima/install/zed_ipc/bin'
[1.767s] Level 1:colcon.colcon_core.environment:checking '/home/men3m/Naima/install/zed_ipc/lib/pkgconfig/zed_ipc.pc'
[1.767s] Level 1:colcon.colcon_core.environment:checking '/home/men3m/Naima/install/zed_ipc/lib/python3.10/site-packages'
[1.768s] Level 1:colcon.colcon_core.environment:checking '/home/men3m/Naima/install/zed_ipc/bin'
[1.768s] INFO:colcon.colcon_core.shell:Creating package script '/home/men3m/Naima/install/zed_ipc/share/zed_ipc/package.ps1'
[1.768s] INFO:colcon.colcon_core.shell:Creating package descriptor '/home/men3m/Naima/install/zed_ipc/share/zed_ipc/package.dsv'
[1.769s] INFO:colcon.colcon_core.shell:Creating package script '/home/men3m/Naima/install/zed_ipc/share/zed_ipc/package.sh'
[1.769s] INFO:colcon.colcon_core.shell:Creating package script '/home/men3m/Naima/install/zed_ipc/share/zed_ipc/package.bash'
[1.769s] INFO:colcon.colcon_core.shell:Creating package script '/home/men3m/Naima/install/zed_ipc/share/zed_ipc/package.zsh'
[1.770s] Level 1:colcon.colcon_core.environment:create_file_with_runtime_dependencies(/home/men3m/Naima/install/zed_ipc/share/colcon-core/packages/zed_ipc)
[1.774s] DEBUG:colcon.colcon_core.event_handler.log_command:Invoked command in '/home/men3m/Naima/build/ublox_msgs' returned '0': AMENT_PREFIX_PATH=/home/men3m/Naima/install/ublox_serialization:${AMENT_PREFIX_PATH} CMAKE_PREFIX_PATH=/home/men3m/Naima/install/ublox_serialization:/opt/ros/humble /usr/bin/cmake --build /home/men3m/Naima/build/ublox_msgs -- -j16 -l16
[1.776s] DEBUG:colcon.colcon_core.event_handler.log_command:Invoking command in '/home/men3m/Naima/build/ublox_msgs': AMENT_PREFIX_PATH=/home/men3m/Naima/install/ublox_serialization:${AMENT_PREFIX_PATH} CMAKE_PREFIX_PATH=/home/men3m/Naima/install/ublox_serialization:/opt/ros/humble /usr/bin/cmake --install /home/men3m/Naima/build/ublox_msgs
[1.890s] Level 1:colcon.colcon_core.environment:create_environment_scripts_only(ublox_msgs)
[1.890s] Level 1:colcon.colcon_core.environment:checking '/home/men3m/Naima/install/ublox_msgs' for CMake module files
[1.898s] DEBUG:colcon.colcon_core.event_handler.log_command:Invoked command in '/home/men3m/Naima/build/ublox_msgs' returned '0': AMENT_PREFIX_PATH=/home/men3m/Naima/install/ublox_serialization:${AMENT_PREFIX_PATH} CMAKE_PREFIX_PATH=/home/men3m/Naima/install/ublox_serialization:/opt/ros/humble /usr/bin/cmake --install /home/men3m/Naima/build/ublox_msgs
[1.898s] Level 1:colcon.colcon_core.environment:checking '/home/men3m/Naima/install/ublox_msgs' for CMake config files
[1.900s] Level 1:colcon.colcon_core.shell:create_environment_hook('ublox_msgs', 'cmake_prefix_path')
[1.900s] INFO:colcon.colcon_core.shell:Creating environment hook '/home/men3m/Naima/install/ublox_msgs/share/ublox_msgs/hook/cmake_prefix_path.ps1'
[1.901s] INFO:colcon.colcon_core.shell:Creating environment descriptor '/home/men3m/Naima/install/ublox_msgs/share/ublox_msgs/hook/cmake_prefix_path.dsv'
[1.901s] INFO:colcon.colcon_core.shell:Creating environment hook '/home/men3m/Naima/install/ublox_msgs/share/ublox_msgs/hook/cmake_prefix_path.sh'
[1.902s] Level 1:colcon.colcon_core.environment:checking '/home/men3m/Naima/install/ublox_msgs/lib'
[1.902s] Level 1:colcon.colcon_core.shell:create_environment_hook('ublox_msgs', 'ld_library_path_lib')
[1.902s] INFO:colcon.colcon_core.shell:Creating environment hook '/home/men3m/Naima/install/ublox_msgs/share/ublox_msgs/hook/ld_library_path_lib.ps1'
[1.902s] INFO:colcon.colcon_core.shell:Creating environment descriptor '/home/men3m/Naima/install/ublox_msgs/share/ublox_msgs/hook/ld_library_path_lib.dsv'
[1.902s] INFO:colcon.colcon_core.shell:Creating environment hook '/home/men3m/Naima/install/ublox_msgs/share/ublox_msgs/hook/ld_library_path_lib.sh'
[1.903s] Level 1:colcon.colcon_core.environment:checking '/home/men3m/Naima/install/ublox_msgs/bin'
[1.903s] Level 1:colcon.colcon_core.environment:checking '/home/men3m/Naima/install/ublox_msgs/lib/pkgconfig/ublox_msgs.pc'
[1.903s] Level 1:colcon.colcon_core.environment:checking '/home/men3m/Naima/install/ublox_msgs/lib/python3.10/site-packages'
[1.903s] Level 1:colcon.colcon_core.environment:checking '/home/men3m/Naima/install/ublox_msgs/bin'
[1.903s] INFO:colcon.colcon_core.shell:Creating package script '/home/men3m/Naima/install/ublox_msgs/share/ublox_msgs/package.ps1'
[1.904s] INFO:colcon.colcon_core.shell:Creating package descriptor '/home/men3m/Naima/install/ublox_msgs/share/ublox_msgs/package.dsv'
[1.904s] INFO:colcon.colcon_core.shell:Creating package script '/home/men3m/Naima/install/ublox_msgs/share/ublox_msgs/package.sh'
[1.904s] INFO:colcon.colcon_core.shell:Creating package script '/home/men3m/Naima/install/ublox_msgs/share/ublox_msgs/package.bash'
[1.905s] INFO:colcon.colcon_core.shell:Creating package script '/home/men3m/Naima/install/ublox_msgs/share/ublox_msgs/package.zsh'
[1.905s] Level 1:colcon.colcon_core.environment:create_file_with_runtime_dependencies(/home/men3m/Naima/install/ublox_msgs/share/colcon-core/packages/ublox_msgs)
[1.906s] Level 1:colcon.colcon_core.environment:create_environment_scripts_only(ublox_msgs)
[1.906s] Level 1:colcon.colcon_core.environment:checking '/home/men3m/Naima/install/ublox_msgs' for CMake module files
[1.906s] Level 1:colcon.colcon_core.environment:checking '/home/men3m/Naima/install/ublox_msgs' for CMake config files
[1.908s] Level 1:colcon.colcon_core.shell:create_environment_hook('ublox_msgs', 'cmake_prefix_path')
[1.908s] INFO:colcon.colcon_core.shell:Creating environment hook '/home/men3m/Naima/install/ublox_msgs/share/ublox_msgs/hook/cmake_prefix_path.ps1'
[1.908s] INFO:colcon.colcon_core.shell:Creating environment descriptor '/home/men3m/Naima/install/ublox_msgs/share/ublox_msgs/hook/cmake_prefix_path.dsv'
[1.908s] INFO:colcon.colcon_core.shell:Creating environment hook '/home/men3m/Naima/install/ublox_msgs/share/ublox_msgs/hook/cmake_prefix_path.sh'
[1.909s] Level 1:colcon.colcon_core.environment:checking '/home/men3m/Naima/install/ublox_msgs/lib'
[1.909s] Level 1:colcon.colcon_core.shell:create_environment_hook('ublox_msgs', 'ld_library_path_lib')
[1.909s] INFO:colcon.colcon_core.shell:Creating environment hook '/home/men3m/Naima/install/ublox_msgs/share/ublox_msgs/hook/ld_library_path_lib.ps1'
[1.910s] INFO:colcon.colcon_core.shell:Creating environment descriptor '/home/men3m/Naima/install/ublox_msgs/share/ublox_msgs/hook/ld_library_path_lib.dsv'
[1.910s] INFO:colcon.colcon_core.shell:Creating environment hook '/home/men3m/Naima/install/ublox_msgs/share/ublox_msgs/hook/ld_library_path_lib.sh'
[1.911s] Level 1:colcon.colcon_core.environment:checking '/home/men3m/Naima/install/ublox_msgs/bin'
[1.911s] Level 1:colcon.colcon_core.environment:checking '/home/men3m/Naima/install/ublox_msgs/lib/pkgconfig/ublox_msgs.pc'
[1.911s] Level 1:colcon.colcon_core.environment:checking '/home/men3m/Naima/install/ublox_msgs/lib/python3.10/site-packages'
[1.911s] Level 1:colcon.colcon_core.environment:checking '/home/men3m/Naima/install/ublox_msgs/bin'
[1.911s] INFO:colcon.colcon_core.shell:Creating package script '/home/men3m/Naima/install/ublox_msgs/share/ublox_msgs/package.ps1'
[1.912s] INFO:colcon.colcon_core.shell:Creating package descriptor '/home/men3m/Naima/install/ublox_msgs/share/ublox_msgs/package.dsv'
[1.912s] INFO:colcon.colcon_core.shell:Creating package script '/home/men3m/Naima/install/ublox_msgs/share/ublox_msgs/package.sh'
[1.913s] INFO:colcon.colcon_core.shell:Creating package script '/home/men3m/Naima/install/ublox_msgs/share/ublox_msgs/package.bash'
[1.913s] INFO:colcon.colcon_core.shell:Creating package script '/home/men3m/Naima/install/ublox_msgs/share/ublox_msgs/package.zsh'
[1.913s] Level 1:colcon.colcon_core.environment:create_file_with_runtime_dependencies(/home/men3m/Naima/install/ublox_msgs/share/colcon-core/packages/ublox_msgs)
[1.914s] INFO:colcon.colcon_ros.task.ament_cmake.build:Building ROS package in '/home/men3m/Naima/src/naima_ublox_gps/ublox_gps' with build type 'ament_cmake'
[1.914s] INFO:colcon.colcon_cmake.task.cmake.build:Building CMake package in '/home/men3m/Naima/src/naima_ublox_gps/ublox_gps'
[1.914s] INFO:colcon.colcon_core.shell:Skip shell extension 'powershell' for command environment: Not usable outside of PowerShell
[1.914s] DEBUG:colcon.colcon_core.shell:Skip shell extension 'dsv' for command environment
[1.918s] Level 1:colcon.colcon_core.environment:checking '/home/men3m/Naima/install/naima' for CMake module files
[1.919s] DEBUG:colcon.colcon_core.event_handler.log_command:Invoked command in '/home/men3m/Naima/src/naima' returned '0': PYTHONPATH=/home/men3m/Naima/build/naima/prefix_override:/usr/lib/python3/dist-packages/colcon_core/task/python/colcon_distutils_commands:/home/men3m/Naima/install/naima/lib/python3.10/site-packages:${PYTHONPATH} /usr/bin/python3 -W ignore:setup.py install is deprecated -W ignore:easy_install command is deprecated setup.py egg_info --egg-base ../../build/naima build --build-base /home/men3m/Naima/build/naima/build install --record /home/men3m/Naima/build/naima/install.log --single-version-externally-managed install_data
[1.919s] Level 1:colcon.colcon_core.environment:checking '/home/men3m/Naima/install/naima' for CMake config files
[1.919s] Level 1:colcon.colcon_core.environment:checking '/home/men3m/Naima/install/naima/lib'
[1.919s] Level 1:colcon.colcon_core.environment:checking '/home/men3m/Naima/install/naima/bin'
[1.920s] Level 1:colcon.colcon_core.environment:checking '/home/men3m/Naima/install/naima/lib/pkgconfig/naima.pc'
[1.920s] Level 1:colcon.colcon_core.environment:checking '/home/men3m/Naima/install/naima/lib/python3.10/site-packages'
[1.920s] Level 1:colcon.colcon_core.shell:create_environment_hook('naima', 'pythonpath')
[1.920s] INFO:colcon.colcon_core.shell:Creating environment hook '/home/men3m/Naima/install/naima/share/naima/hook/pythonpath.ps1'
[1.920s] INFO:colcon.colcon_core.shell:Creating environment descriptor '/home/men3m/Naima/install/naima/share/naima/hook/pythonpath.dsv'
[1.921s] INFO:colcon.colcon_core.shell:Creating environment hook '/home/men3m/Naima/install/naima/share/naima/hook/pythonpath.sh'
[1.921s] Level 1:colcon.colcon_core.environment:checking '/home/men3m/Naima/install/naima/bin'
[1.921s] Level 1:colcon.colcon_core.environment:create_environment_scripts_only(naima)
[1.921s] INFO:colcon.colcon_core.shell:Creating package script '/home/men3m/Naima/install/naima/share/naima/package.ps1'
[1.922s] INFO:colcon.colcon_core.shell:Creating package descriptor '/home/men3m/Naima/install/naima/share/naima/package.dsv'
[1.922s] INFO:colcon.colcon_core.shell:Creating package script '/home/men3m/Naima/install/naima/share/naima/package.sh'
[1.923s] INFO:colcon.colcon_core.shell:Creating package script '/home/men3m/Naima/install/naima/share/naima/package.bash'
[1.923s] INFO:colcon.colcon_core.shell:Creating package script '/home/men3m/Naima/install/naima/share/naima/package.zsh'
[1.923s] Level 1:colcon.colcon_core.environment:create_file_with_runtime_dependencies(/home/men3m/Naima/install/naima/share/colcon-core/packages/naima)
[1.926s] DEBUG:colcon.colcon_core.event_handler.log_command:Invoking command in '/home/men3m/Naima/build/ublox_gps': AMENT_PREFIX_PATH=/home/men3m/Naima/install/ublox_msgs:/home/men3m/Naima/install/ublox_serialization:${AMENT_PREFIX_PATH} CMAKE_PREFIX_PATH=/home/men3m/Naima/install/ublox_msgs:/home/men3m/Naima/install/ublox_serialization:/opt/ros/humble LD_LIBRARY_PATH=/home/men3m/Naima/install/ublox_msgs/lib:/usr/lib/x86_64-linux-gnu/gazebo-11/plugins:/opt/ros/humble/opt/rviz_ogre_vendor/lib:/opt/ros/humble/lib/x86_64-linux-gnu:/opt/ros/humble/lib:/usr/local/cuda-12.4.0/lib64:/usr/local/cuda-12.4.0/lib64 PYTHONPATH=/home/men3m/Naima/install/ublox_msgs/local/lib/python3.10/dist-packages:${PYTHONPATH} /usr/bin/cmake --build /home/men3m/Naima/build/ublox_gps -- -j16 -l16
[1.929s] Level 1:colcon.colcon_core.environment:checking '/home/men3m/Naima/install/naima_bringup' for CMake module files
[1.930s] DEBUG:colcon.colcon_core.event_handler.log_command:Invoked command in '/home/men3m/Naima/src/naima_bringup' returned '0': PYTHONPATH=/home/men3m/Naima/build/naima_bringup/prefix_override:/usr/lib/python3/dist-packages/colcon_core/task/python/colcon_distutils_commands:/home/men3m/Naima/install/naima_bringup/lib/python3.10/site-packages:${PYTHONPATH} /usr/bin/python3 -W ignore:setup.py install is deprecated -W ignore:easy_install command is deprecated setup.py egg_info --egg-base ../../build/naima_bringup build --build-base /home/men3m/Naima/build/naima_bringup/build install --record /home/men3m/Naima/build/naima_bringup/install.log --single-version-externally-managed install_data
[1.930s] Level 1:colcon.colcon_core.environment:checking '/home/men3m/Naima/install/naima_bringup' for CMake config files
[1.931s] Level 1:colcon.colcon_core.environment:checking '/home/men3m/Naima/install/naima_bringup/lib'
[1.931s] Level 1:colcon.colcon_core.environment:checking '/home/men3m/Naima/install/naima_bringup/bin'
[1.931s] Level 1:colcon.colcon_core.environment:checking '/home/men3m/Naima/install/naima_bringup/lib/pkgconfig/naima_bringup.pc'
[1.931s] Level 1:colcon.colcon_core.environment:checking '/home/men3m/Naima/install/naima_bringup/lib/python3.10/site-packages'
[1.931s] Level 1:colcon.colcon_core.shell:create_environment_hook('naima_bringup', 'pythonpath')
[1.931s] INFO:colcon.colcon_core.shell:Creating environment hook '/home/men3m/Naima/install/naima_bringup/share/naima_bringup/hook/pythonpath.ps1'
[1.932s] INFO:colcon.colcon_core.shell:Creating environment descriptor '/home/men3m/Naima/install/naima_bringup/share/naima_bringup/hook/pythonpath.dsv'
[1.932s] INFO:colcon.colcon_core.shell:Creating environment hook '/home/men3m/Naima/install/naima_bringup/share/naima_bringup/hook/pythonpath.sh'
[1.932s] Level 1:colcon.colcon_core.environment:checking '/home/men3m/Naima/install/naima_bringup/bin'
[1.932s] Level 1:colcon.colcon_core.environment:create_environment_scripts_only(naima_bringup)
[1.933s] INFO:colcon.colcon_core.shell:Creating package script '/home/men3m/Naima/install/naima_bringup/share/naima_bringup/package.ps1'
[1.933s] INFO:colcon.colcon_core.shell:Creating package descriptor '/home/men3m/Naima/install/naima_bringup/share/naima_bringup/package.dsv'
[1.933s] INFO:colcon.colcon_core.shell:Creating package script '/home/men3m/Naima/install/naima_bringup/share/naima_bringup/package.sh'
[1.934s] INFO:colcon.colcon_core.shell:Creating package script '/home/men3m/Naima/install/naima_bringup/share/naima_bringup/package.bash'
[1.934s] INFO:colcon.colcon_core.shell:Creating package script '/home/men3m/Naima/install/naima_bringup/share/naima_bringup/package.zsh'
[1.934s] Level 1:colcon.colcon_core.environment:create_file_with_runtime_dependencies(/home/men3m/Naima/install/naima_bringup/share/colcon-core/packages/naima_bringup)
[2.074s] DEBUG:colcon.colcon_core.event_handler.log_command:Invoked command in '/home/men3m/Naima/build/ublox_gps' returned '0': AMENT_PREFIX_PATH=/home/men3m/Naima/install/ublox_msgs:/home/men3m/Naima/install/ublox_serialization:${AMENT_PREFIX_PATH} CMAKE_PREFIX_PATH=/home/men3m/Naima/install/ublox_msgs:/home/men3m/Naima/install/ublox_serialization:/opt/ros/humble LD_LIBRARY_PATH=/home/men3m/Naima/install/ublox_msgs/lib:/usr/lib/x86_64-linux-gnu/gazebo-11/plugins:/opt/ros/humble/opt/rviz_ogre_vendor/lib:/opt/ros/humble/lib/x86_64-linux-gnu:/opt/ros/humble/lib:/usr/local/cuda-12.4.0/lib64:/usr/local/cuda-12.4.0/lib64 PYTHONPATH=/home/men3m/Naima/install/ublox_msgs/local/lib/python3.10/dist-packages:${PYTHONPATH} /usr/bin/cmake --build /home/men3m/Naima/build/ublox_gps -- -j16 -l16
[2.077s] DEBUG:colcon.colcon_core.event_handler.log_command:Invoking command in '/home/men3m/Naima/build/ublox_gps': AMENT_PREFIX_PATH=/home/men3m/Naima/install/ublox_msgs:/home/men3m/Naima/install/ublox_serialization:${AMENT_PREFIX_PATH} CMAKE_PREFIX_PATH=/home/men3m/Naima/install/ublox_msgs:/home/men3m/Naima/install/ublox_serialization:/opt/ros/humble LD_LIBRARY_PATH=/home/men3m/Naima/install/ublox_msgs/lib:/usr/lib/x86_64-linux-gnu/gazebo-11/plugins:/opt/ros/humble/opt/rviz_ogre_vendor/lib:/opt/ros/humble/lib/x86_64-linux-gnu:/opt/ros/humble/lib:/usr/local/cuda-12.4.0/lib64:/usr/local/cuda-12.4.0/lib64 PYTHONPATH=/home/men3m/Naima/install/ublox_msgs/local/lib/python3.10/dist-packages:${PYTHONPATH} /usr/bin/cmake --install /home/men3m/Naima/build/ublox_gps
[2.086s] Level 1:colcon.colcon_core.environment:create_environment_scripts_only(ublox_gps)
[2.087s] Level 1:colcon.colcon_core.environment:checking '/home/men3m/Naima/install/ublox_gps' for CMake module files
[2.088s] DEBUG:colcon.colcon_core.event_handler.log_command:Invoked command in '/home/men3m/Naima/build/ublox_gps' returned '0': AMENT_PREFIX_PATH=/home/men3m/Naima/install/ublox_msgs:/home/men3m/Naima/install/ublox_serialization:${AMENT_PREFIX_PATH} CMAKE_PREFIX_PATH=/home/men3m/Naima/install/ublox_msgs:/home/men3m/Naima/install/ublox_serialization:/opt/ros/humble LD_LIBRARY_PATH=/home/men3m/Naima/install/ublox_msgs/lib:/usr/lib/x86_64-linux-gnu/gazebo-11/plugins:/opt/ros/humble/opt/rviz_ogre_vendor/lib:/opt/ros/humble/lib/x86_64-linux-gnu:/opt/ros/humble/lib:/usr/local/cuda-12.4.0/lib64:/usr/local/cuda-12.4.0/lib64 PYTHONPATH=/home/men3m/Naima/install/ublox_msgs/local/lib/python3.10/dist-packages:${PYTHONPATH} /usr/bin/cmake --install /home/men3m/Naima/build/ublox_gps
[2.089s] Level 1:colcon.colcon_core.environment:checking '/home/men3m/Naima/install/ublox_gps' for CMake config files
[2.089s] Level 1:colcon.colcon_core.shell:create_environment_hook('ublox_gps', 'cmake_prefix_path')
[2.089s] INFO:colcon.colcon_core.shell:Creating environment hook '/home/men3m/Naima/install/ublox_gps/share/ublox_gps/hook/cmake_prefix_path.ps1'
[2.090s] INFO:colcon.colcon_core.shell:Creating environment descriptor '/home/men3m/Naima/install/ublox_gps/share/ublox_gps/hook/cmake_prefix_path.dsv'
[2.090s] INFO:colcon.colcon_core.shell:Creating environment hook '/home/men3m/Naima/install/ublox_gps/share/ublox_gps/hook/cmake_prefix_path.sh'
[2.090s] Level 1:colcon.colcon_core.environment:checking '/home/men3m/Naima/install/ublox_gps/lib'
[2.091s] Level 1:colcon.colcon_core.shell:create_environment_hook('ublox_gps', 'ld_library_path_lib')
[2.091s] INFO:colcon.colcon_core.shell:Creating environment hook '/home/men3m/Naima/install/ublox_gps/share/ublox_gps/hook/ld_library_path_lib.ps1'
[2.091s] INFO:colcon.colcon_core.shell:Creating environment descriptor '/home/men3m/Naima/install/ublox_gps/share/ublox_gps/hook/ld_library_path_lib.dsv'
[2.091s] INFO:colcon.colcon_core.shell:Creating environment hook '/home/men3m/Naima/install/ublox_gps/share/ublox_gps/hook/ld_library_path_lib.sh'
[2.092s] Level 1:colcon.colcon_core.environment:checking '/home/men3m/Naima/install/ublox_gps/bin'
[2.092s] Level 1:colcon.colcon_core.environment:checking '/home/men3m/Naima/install/ublox_gps/lib/pkgconfig/ublox_gps.pc'
[2.092s] Level 1:colcon.colcon_core.environment:checking '/home/men3m/Naima/install/ublox_gps/lib/python3.10/site-packages'
[2.092s] Level 1:colcon.colcon_core.environment:checking '/home/men3m/Naima/install/ublox_gps/bin'
[2.092s] INFO:colcon.colcon_core.shell:Creating package script '/home/men3m/Naima/install/ublox_gps/share/ublox_gps/package.ps1'
[2.093s] INFO:colcon.colcon_core.shell:Creating package descriptor '/home/men3m/Naima/install/ublox_gps/share/ublox_gps/package.dsv'
[2.093s] INFO:colcon.colcon_core.shell:Creating package script '/home/men3m/Naima/install/ublox_gps/share/ublox_gps/package.sh'
[2.094s] INFO:colcon.colcon_core.shell:Creating package script '/home/men3m/Naima/install/ublox_gps/share/ublox_gps/package.bash'
[2.094s] INFO:colcon.colcon_core.shell:Creating package script '/home/men3m/Naima/install/ublox_gps/share/ublox_gps/package.zsh'
[2.094s] Level 1:colcon.colcon_core.environment:create_file_with_runtime_dependencies(/home/men3m/Naima/install/ublox_gps/share/colcon-core/packages/ublox_gps)
[2.095s] Level 1:colcon.colcon_core.environment:create_environment_scripts_only(ublox_gps)
[2.095s] Level 1:colcon.colcon_core.environment:checking '/home/men3m/Naima/install/ublox_gps' for CMake module files
[2.096s] Level 1:colcon.colcon_core.environment:checking '/home/men3m/Naima/install/ublox_gps' for CMake config files
[2.096s] Level 1:colcon.colcon_core.shell:create_environment_hook('ublox_gps', 'cmake_prefix_path')
[2.096s] INFO:colcon.colcon_core.shell:Creating environment hook '/home/men3m/Naima/install/ublox_gps/share/ublox_gps/hook/cmake_prefix_path.ps1'
[2.096s] INFO:colcon.colcon_core.shell:Creating environment descriptor '/home/men3m/Naima/install/ublox_gps/share/ublox_gps/hook/cmake_prefix_path.dsv'
[2.097s] INFO:colcon.colcon_core.shell:Creating environment hook '/home/men3m/Naima/install/ublox_gps/share/ublox_gps/hook/cmake_prefix_path.sh'
[2.097s] Level 1:colcon.colcon_core.environment:checking '/home/men3m/Naima/install/ublox_gps/lib'
[2.097s] Level 1:colcon.colcon_core.shell:create_environment_hook('ublox_gps', 'ld_library_path_lib')
[2.097s] INFO:colcon.colcon_core.shell:Creating environment hook '/home/men3m/Naima/install/ublox_gps/share/ublox_gps/hook/ld_library_path_lib.ps1'
[2.098s] INFO:colcon.colcon_core.shell:Creating environment descriptor '/home/men3m/Naima/install/ublox_gps/share/ublox_gps/hook/ld_library_path_lib.dsv'
[2.098s] INFO:colcon.colcon_core.shell:Creating environment hook '/home/men3m/Naima/install/ublox_gps/share/ublox_gps/hook/ld_library_path_lib.sh'
[2.098s] Level 1:colcon.colcon_core.environment:checking '/home/men3m/Naima/install/ublox_gps/bin'
[2.099s] Level 1:colcon.colcon_core.environment:checking '/home/men3m/Naima/install/ublox_gps/lib/pkgconfig/ublox_gps.pc'
[2.099s] Level 1:colcon.colcon_core.environment:checking '/home/men3m/Naima/install/ublox_gps/lib/python3.10/site-packages'
[2.099s] Level 1:colcon.colcon_core.environment:checking '/home/men3m/Naima/install/ublox_gps/bin'
[2.099s] INFO:colcon.colcon_core.shell:Creating package script '/home/men3m/Naima/install/ublox_gps/share/ublox_gps/package.ps1'
[2.100s] INFO:colcon.colcon_core.shell:Creating package descriptor '/home/men3m/Naima/install/ublox_gps/share/ublox_gps/package.dsv'
[2.100s] INFO:colcon.colcon_core.shell:Creating package script '/home/men3m/Naima/install/ublox_gps/share/ublox_gps/package.sh'
[2.100s] INFO:colcon.colcon_core.shell:Creating package script '/home/men3m/Naima/install/ublox_gps/share/ublox_gps/package.bash'
[2.101s] INFO:colcon.colcon_core.shell:Creating package script '/home/men3m/Naima/install/ublox_gps/share/ublox_gps/package.zsh'
[2.102s] Level 1:colcon.colcon_core.environment:create_file_with_runtime_dependencies(/home/men3m/Naima/install/ublox_gps/share/colcon-core/packages/ublox_gps)
[2.102s] INFO:colcon.colcon_ros.task.ament_cmake.build:Building ROS package in '/home/men3m/Naima/src/naima_ublox_gps/ublox' with build type 'ament_cmake'
[2.102s] INFO:colcon.colcon_cmake.task.cmake.build:Building CMake package in '/home/men3m/Naima/src/naima_ublox_gps/ublox'
[2.102s] INFO:colcon.colcon_core.shell:Skip shell extension 'powershell' for command environment: Not usable outside of PowerShell
[2.102s] DEBUG:colcon.colcon_core.shell:Skip shell extension 'dsv' for command environment
[2.114s] DEBUG:colcon.colcon_core.event_handler.log_command:Invoking command in '/home/men3m/Naima/build/ublox': AMENT_PREFIX_PATH=/home/men3m/Naima/install/ublox_gps:/home/men3m/Naima/install/ublox_msgs:/home/men3m/Naima/install/ublox_serialization:${AMENT_PREFIX_PATH} CMAKE_PREFIX_PATH=/home/men3m/Naima/install/ublox_gps:/home/men3m/Naima/install/ublox_msgs:/home/men3m/Naima/install/ublox_serialization:/opt/ros/humble LD_LIBRARY_PATH=/home/men3m/Naima/install/ublox_gps/lib:/home/men3m/Naima/install/ublox_msgs/lib:/usr/lib/x86_64-linux-gnu/gazebo-11/plugins:/opt/ros/humble/opt/rviz_ogre_vendor/lib:/opt/ros/humble/lib/x86_64-linux-gnu:/opt/ros/humble/lib:/usr/local/cuda-12.4.0/lib64:/usr/local/cuda-12.4.0/lib64 PYTHONPATH=/home/men3m/Naima/install/ublox_msgs/local/lib/python3.10/dist-packages:${PYTHONPATH} /usr/bin/cmake --build /home/men3m/Naima/build/ublox -- -j16 -l16
[2.171s] DEBUG:colcon.colcon_core.event_handler.log_command:Invoked command in '/home/men3m/Naima/build/ublox' returned '0': AMENT_PREFIX_PATH=/home/men3m/Naima/install/ublox_gps:/home/men3m/Naima/install/ublox_msgs:/home/men3m/Naima/install/ublox_serialization:${AMENT_PREFIX_PATH} CMAKE_PREFIX_PATH=/home/men3m/Naima/install/ublox_gps:/home/men3m/Naima/install/ublox_msgs:/home/men3m/Naima/install/ublox_serialization:/opt/ros/humble LD_LIBRARY_PATH=/home/men3m/Naima/install/ublox_gps/lib:/home/men3m/Naima/install/ublox_msgs/lib:/usr/lib/x86_64-linux-gnu/gazebo-11/plugins:/opt/ros/humble/opt/rviz_ogre_vendor/lib:/opt/ros/humble/lib/x86_64-linux-gnu:/opt/ros/humble/lib:/usr/local/cuda-12.4.0/lib64:/usr/local/cuda-12.4.0/lib64 PYTHONPATH=/home/men3m/Naima/install/ublox_msgs/local/lib/python3.10/dist-packages:${PYTHONPATH} /usr/bin/cmake --build /home/men3m/Naima/build/ublox -- -j16 -l16
[2.173s] DEBUG:colcon.colcon_core.event_handler.log_command:Invoking command in '/home/men3m/Naima/build/ublox': AMENT_PREFIX_PATH=/home/men3m/Naima/install/ublox_gps:/home/men3m/Naima/install/ublox_msgs:/home/men3m/Naima/install/ublox_serialization:${AMENT_PREFIX_PATH} CMAKE_PREFIX_PATH=/home/men3m/Naima/install/ublox_gps:/home/men3m/Naima/install/ublox_msgs:/home/men3m/Naima/install/ublox_serialization:/opt/ros/humble LD_LIBRARY_PATH=/home/men3m/Naima/install/ublox_gps/lib:/home/men3m/Naima/install/ublox_msgs/lib:/usr/lib/x86_64-linux-gnu/gazebo-11/plugins:/opt/ros/humble/opt/rviz_ogre_vendor/lib:/opt/ros/humble/lib/x86_64-linux-gnu:/opt/ros/humble/lib:/usr/local/cuda-12.4.0/lib64:/usr/local/cuda-12.4.0/lib64 PYTHONPATH=/home/men3m/Naima/install/ublox_msgs/local/lib/python3.10/dist-packages:${PYTHONPATH} /usr/bin/cmake --install /home/men3m/Naima/build/ublox
[2.186s] Level 1:colcon.colcon_core.environment:create_environment_scripts_only(ublox)
[2.187s] Level 1:colcon.colcon_core.environment:checking '/home/men3m/Naima/install/ublox' for CMake module files
[2.187s] DEBUG:colcon.colcon_core.event_handler.log_command:Invoked command in '/home/men3m/Naima/build/ublox' returned '0': AMENT_PREFIX_PATH=/home/men3m/Naima/install/ublox_gps:/home/men3m/Naima/install/ublox_msgs:/home/men3m/Naima/install/ublox_serialization:${AMENT_PREFIX_PATH} CMAKE_PREFIX_PATH=/home/men3m/Naima/install/ublox_gps:/home/men3m/Naima/install/ublox_msgs:/home/men3m/Naima/install/ublox_serialization:/opt/ros/humble LD_LIBRARY_PATH=/home/men3m/Naima/install/ublox_gps/lib:/home/men3m/Naima/install/ublox_msgs/lib:/usr/lib/x86_64-linux-gnu/gazebo-11/plugins:/opt/ros/humble/opt/rviz_ogre_vendor/lib:/opt/ros/humble/lib/x86_64-linux-gnu:/opt/ros/humble/lib:/usr/local/cuda-12.4.0/lib64:/usr/local/cuda-12.4.0/lib64 PYTHONPATH=/home/men3m/Naima/install/ublox_msgs/local/lib/python3.10/dist-packages:${PYTHONPATH} /usr/bin/cmake --install /home/men3m/Naima/build/ublox
[2.187s] Level 1:colcon.colcon_core.environment:checking '/home/men3m/Naima/install/ublox' for CMake config files
[2.188s] Level 1:colcon.colcon_core.shell:create_environment_hook('ublox', 'cmake_prefix_path')
[2.188s] INFO:colcon.colcon_core.shell:Creating environment hook '/home/men3m/Naima/install/ublox/share/ublox/hook/cmake_prefix_path.ps1'
[2.188s] INFO:colcon.colcon_core.shell:Creating environment descriptor '/home/men3m/Naima/install/ublox/share/ublox/hook/cmake_prefix_path.dsv'
[2.189s] INFO:colcon.colcon_core.shell:Creating environment hook '/home/men3m/Naima/install/ublox/share/ublox/hook/cmake_prefix_path.sh'
[2.189s] Level 1:colcon.colcon_core.environment:checking '/home/men3m/Naima/install/ublox/bin'
[2.189s] Level 1:colcon.colcon_core.environment:checking '/home/men3m/Naima/install/ublox/lib/pkgconfig/ublox.pc'
[2.189s] Level 1:colcon.colcon_core.environment:checking '/home/men3m/Naima/install/ublox/lib/python3.10/site-packages'
[2.189s] Level 1:colcon.colcon_core.environment:checking '/home/men3m/Naima/install/ublox/bin'
[2.190s] INFO:colcon.colcon_core.shell:Creating package script '/home/men3m/Naima/install/ublox/share/ublox/package.ps1'
[2.190s] INFO:colcon.colcon_core.shell:Creating package descriptor '/home/men3m/Naima/install/ublox/share/ublox/package.dsv'
[2.190s] INFO:colcon.colcon_core.shell:Creating package script '/home/men3m/Naima/install/ublox/share/ublox/package.sh'
[2.191s] INFO:colcon.colcon_core.shell:Creating package script '/home/men3m/Naima/install/ublox/share/ublox/package.bash'
[2.191s] INFO:colcon.colcon_core.shell:Creating package script '/home/men3m/Naima/install/ublox/share/ublox/package.zsh'
[2.191s] Level 1:colcon.colcon_core.environment:create_file_with_runtime_dependencies(/home/men3m/Naima/install/ublox/share/colcon-core/packages/ublox)
[2.191s] Level 1:colcon.colcon_core.environment:create_environment_scripts_only(ublox)
[2.192s] Level 1:colcon.colcon_core.environment:checking '/home/men3m/Naima/install/ublox' for CMake module files
[2.192s] Level 1:colcon.colcon_core.environment:checking '/home/men3m/Naima/install/ublox' for CMake config files
[2.192s] Level 1:colcon.colcon_core.shell:create_environment_hook('ublox', 'cmake_prefix_path')
[2.192s] INFO:colcon.colcon_core.shell:Creating environment hook '/home/men3m/Naima/install/ublox/share/ublox/hook/cmake_prefix_path.ps1'
[2.193s] INFO:colcon.colcon_core.shell:Creating environment descriptor '/home/men3m/Naima/install/ublox/share/ublox/hook/cmake_prefix_path.dsv'
[2.193s] INFO:colcon.colcon_core.shell:Creating environment hook '/home/men3m/Naima/install/ublox/share/ublox/hook/cmake_prefix_path.sh'
[2.193s] Level 1:colcon.colcon_core.environment:checking '/home/men3m/Naima/install/ublox/bin'
[2.193s] Level 1:colcon.colcon_core.environment:checking '/home/men3m/Naima/install/ublox/lib/pkgconfig/ublox.pc'
[2.193s] Level 1:colcon.colcon_core.environment:checking '/home/men3m/Naima/install/ublox/lib/python3.10/site-packages'
[2.194s] Level 1:colcon.colcon_core.environment:checking '/home/men3m/Naima/install/ublox/bin'
[2.194s] INFO:colcon.colcon_core.shell:Creating package script '/home/men3m/Naima/install/ublox/share/ublox/package.ps1'
[2.194s] INFO:colcon.colcon_core.shell:Creating package descriptor '/home/men3m/Naima/install/ublox/share/ublox/package.dsv'
[2.194s] INFO:colcon.colcon_core.shell:Creating package script '/home/men3m/Naima/install/ublox/share/ublox/package.sh'
[2.195s] INFO:colcon.colcon_core.shell:Creating package script '/home/men3m/Naima/install/ublox/share/ublox/package.bash'
[2.195s] INFO:colcon.colcon_core.shell:Creating package script '/home/men3m/Naima/install/ublox/share/ublox/package.zsh'
[2.195s] Level 1:colcon.colcon_core.environment:create_file_with_runtime_dependencies(/home/men3m/Naima/install/ublox/share/colcon-core/packages/ublox)
[2.196s] DEBUG:colcon.colcon_parallel_executor.executor.parallel:closing loop
[2.196s] DEBUG:colcon.colcon_parallel_executor.executor.parallel:loop closed
[2.196s] DEBUG:colcon.colcon_parallel_executor.executor.parallel:run_until_complete finished with '0'
[2.196s] DEBUG:colcon.colcon_core.event_reactor:joining thread
[2.203s] INFO:colcon.colcon_core.plugin_system:Skipping extension 'colcon_notification.desktop_notification.terminal_notifier': Not used on non-Darwin systems
[2.203s] INFO:colcon.colcon_core.plugin_system:Skipping extension 'colcon_notification.desktop_notification.win32': Not used on non-Windows systems
[2.203s] INFO:colcon.colcon_notification.desktop_notification:Sending desktop notification using 'notify2'
[2.215s] DEBUG:colcon.colcon_core.event_reactor:joined thread
[2.216s] INFO:colcon.colcon_core.shell:Creating prefix script '/home/men3m/Naima/install/local_setup.ps1'
[2.217s] INFO:colcon.colcon_core.shell:Creating prefix util module '/home/men3m/Naima/install/_local_setup_util_ps1.py'
[2.218s] INFO:colcon.colcon_core.shell:Creating prefix chain script '/home/men3m/Naima/install/setup.ps1'
[2.219s] INFO:colcon.colcon_core.shell:Creating prefix script '/home/men3m/Naima/install/local_setup.sh'
[2.220s] INFO:colcon.colcon_core.shell:Creating prefix util module '/home/men3m/Naima/install/_local_setup_util_sh.py'
[2.220s] INFO:colcon.colcon_core.shell:Creating prefix chain script '/home/men3m/Naima/install/setup.sh'
[2.221s] INFO:colcon.colcon_core.shell:Creating prefix script '/home/men3m/Naima/install/local_setup.bash'
[2.221s] INFO:colcon.colcon_core.shell:Creating prefix chain script '/home/men3m/Naima/install/setup.bash'
[2.222s] INFO:colcon.colcon_core.shell:Creating prefix script '/home/men3m/Naima/install/local_setup.zsh'
[2.223s] INFO:colcon.colcon_core.shell:Creating prefix chain script '/home/men3m/Naima/install/setup.zsh'
