[0.007s] Invoking command in '/home/men3m/Naima/build/ublox_msgs': AMENT_PREFIX_PATH=/home/men3m/Naima/install/ublox_serialization:${AMENT_PREFIX_PATH} CMAKE_PREFIX_PATH=/home/men3m/Naima/install/ublox_serialization:/opt/ros/humble /usr/bin/cmake /home/men3m/Naima/src/naima_ublox_gps/ublox_msgs -DCMAKE_INSTALL_PREFIX=/home/men3m/Naima/install/ublox_msgs
[0.059s] -- The C compiler identification is GNU 11.4.0
[0.111s] -- The CXX compiler identification is GNU 11.4.0
[0.117s] -- Detecting C compiler ABI info
[0.178s] -- Detecting C compiler ABI info - done
[0.189s] -- Check for working C compiler: /usr/bin/cc - skipped
[0.189s] -- Detecting C compile features
[0.190s] -- Detecting C compile features - done
[0.194s] -- Detecting CXX compiler ABI info
[0.263s] -- Detecting CXX compiler ABI info - done
[0.269s] -- Check for working CXX compiler: /usr/bin/c++ - skipped
[0.269s] -- Detecting CXX compile features
[0.269s] -- Detecting CXX compile features - done
[0.272s] -- Found ament_cmake_ros: 0.10.0 (/opt/ros/humble/share/ament_cmake_ros/cmake)
[0.404s] -- Found Python3: /usr/bin/python3 (found version "3.10.12") found components: Interpreter 
[0.495s] -- Found rosidl_default_generators: 1.2.0 (/opt/ros/humble/share/rosidl_default_generators/cmake)
[0.499s] -- Using all available rosidl_typesupport_c: rosidl_typesupport_fastrtps_c;rosidl_typesupport_introspection_c
[0.508s] -- Found rosidl_adapter: 3.1.6 (/opt/ros/humble/share/rosidl_adapter/cmake)
[0.554s] -- Using all available rosidl_typesupport_cpp: rosidl_typesupport_fastrtps_cpp;rosidl_typesupport_introspection_cpp
[0.586s] -- Found sensor_msgs: 4.8.0 (/opt/ros/humble/share/sensor_msgs/cmake)
[0.636s] -- Found ublox_serialization: 2.2.0 (/home/men3m/Naima/install/ublox_serialization/share/ublox_serialization/cmake)
[1.669s] -- Using all available rosidl_typesupport_c: rosidl_typesupport_fastrtps_c;rosidl_typesupport_introspection_c
[2.054s] -- Using all available rosidl_typesupport_cpp: rosidl_typesupport_fastrtps_cpp;rosidl_typesupport_introspection_cpp
[2.077s] -- Found PythonInterp: /usr/bin/python3 (found suitable version "3.10.12", minimum required is "3.6") 
[2.080s] -- Found python_cmake_module: 0.10.0 (/opt/ros/humble/share/python_cmake_module/cmake)
[2.105s] -- Found PythonLibs: /usr/lib/x86_64-linux-gnu/libpython3.10.so (found suitable version "3.10.12", minimum required is "3.5") 
[2.106s] -- Using PYTHON_EXECUTABLE: /usr/bin/python3
[2.106s] -- Using PYTHON_INCLUDE_DIRS: /usr/include/python3.10
[2.106s] -- Using PYTHON_LIBRARIES: /usr/lib/x86_64-linux-gnu/libpython3.10.so
[2.126s] -- Found PythonExtra: .so  
[2.209s] [0mCMake Deprecation Warning at /opt/ros/humble/share/rosidl_cmake/cmake/rosidl_target_interfaces.cmake:32 (message):
[2.209s]   Use rosidl_get_typesupport_target() and target_link_libraries() instead of
[2.209s]   rosidl_target_interfaces()
[2.209s] Call Stack (most recent call first):
[2.209s]   CMakeLists.txt:108 (rosidl_target_interfaces)
[2.209s] 
[2.209s] [0m
[2.217s] -- Configuring done
[2.345s] -- Generating done
[2.363s] -- Build files have been written to: /home/men3m/Naima/build/ublox_msgs
[2.376s] Invoked command in '/home/men3m/Naima/build/ublox_msgs' returned '0': AMENT_PREFIX_PATH=/home/men3m/Naima/install/ublox_serialization:${AMENT_PREFIX_PATH} CMAKE_PREFIX_PATH=/home/men3m/Naima/install/ublox_serialization:/opt/ros/humble /usr/bin/cmake /home/men3m/Naima/src/naima_ublox_gps/ublox_msgs -DCMAKE_INSTALL_PREFIX=/home/men3m/Naima/install/ublox_msgs
[2.377s] Invoking command in '/home/men3m/Naima/build/ublox_msgs': AMENT_PREFIX_PATH=/home/men3m/Naima/install/ublox_serialization:${AMENT_PREFIX_PATH} CMAKE_PREFIX_PATH=/home/men3m/Naima/install/ublox_serialization:/opt/ros/humble /usr/bin/cmake --build /home/men3m/Naima/build/ublox_msgs -- -j16 -l16
[2.469s] [  0%] [34m[1mGenerating C code for ROS interfaces[0m
[2.480s] [  0%] [34m[1mGenerating C++ code for ROS interfaces[0m
[2.484s] [  0%] Built target ament_cmake_python_copy_ublox_msgs
[2.707s] running egg_info
[2.708s] creating ublox_msgs.egg-info
[2.708s] writing ublox_msgs.egg-info/PKG-INFO
[2.708s] writing dependency_links to ublox_msgs.egg-info/dependency_links.txt
[2.708s] writing top-level names to ublox_msgs.egg-info/top_level.txt
[2.708s] writing manifest file 'ublox_msgs.egg-info/SOURCES.txt'
[2.710s] reading manifest file 'ublox_msgs.egg-info/SOURCES.txt'
[2.710s] writing manifest file 'ublox_msgs.egg-info/SOURCES.txt'
[2.735s] [  0%] Built target ament_cmake_python_build_ublox_msgs_egg
[18.108s] [  0%] [32mBuilding C object CMakeFiles/ublox_msgs__rosidl_generator_c.dir/rosidl_generator_c/ublox_msgs/msg/detail/aid_alm__functions.c.o[0m
[18.108s] [  0%] [32mBuilding C object CMakeFiles/ublox_msgs__rosidl_generator_c.dir/rosidl_generator_c/ublox_msgs/msg/detail/ack__functions.c.o[0m
[18.108s] [  0%] [32mBuilding C object CMakeFiles/ublox_msgs__rosidl_generator_c.dir/rosidl_generator_c/ublox_msgs/msg/detail/aid_eph__functions.c.o[0m
[18.108s] [  1%] [32mBuilding C object CMakeFiles/ublox_msgs__rosidl_generator_c.dir/rosidl_generator_c/ublox_msgs/msg/detail/aid_hui__functions.c.o[0m
[18.111s] [  1%] [32mBuilding C object CMakeFiles/ublox_msgs__rosidl_generator_c.dir/rosidl_generator_c/ublox_msgs/msg/detail/cfg_cfg__functions.c.o[0m
[18.117s] [  1%] [32mBuilding C object CMakeFiles/ublox_msgs__rosidl_generator_c.dir/rosidl_generator_c/ublox_msgs/msg/detail/cfg_ant__functions.c.o[0m
[18.117s] [  1%] [32mBuilding C object CMakeFiles/ublox_msgs__rosidl_generator_c.dir/rosidl_generator_c/ublox_msgs/msg/detail/cfg_dat__functions.c.o[0m
[18.128s] [  1%] [32mBuilding C object CMakeFiles/ublox_msgs__rosidl_generator_c.dir/rosidl_generator_c/ublox_msgs/msg/detail/cfg_dgnss__functions.c.o[0m
[18.133s] [  2%] [32mBuilding C object CMakeFiles/ublox_msgs__rosidl_generator_c.dir/rosidl_generator_c/ublox_msgs/msg/detail/cfg_gnss__functions.c.o[0m
[18.137s] [  2%] [32mBuilding C object CMakeFiles/ublox_msgs__rosidl_generator_c.dir/rosidl_generator_c/ublox_msgs/msg/detail/cfg_gnss_block__functions.c.o[0m
[18.144s] [  2%] [32mBuilding C object CMakeFiles/ublox_msgs__rosidl_generator_c.dir/rosidl_generator_c/ublox_msgs/msg/detail/cfg_hnr__functions.c.o[0m
[18.146s] [  2%] [32mBuilding C object CMakeFiles/ublox_msgs__rosidl_generator_c.dir/rosidl_generator_c/ublox_msgs/msg/detail/cfg_inf_block__functions.c.o[0m
[18.160s] [  2%] [32mBuilding C object CMakeFiles/ublox_msgs__rosidl_generator_c.dir/rosidl_generator_c/ublox_msgs/msg/detail/cfg_inf__functions.c.o[0m
[18.169s] [  2%] [32mBuilding C object CMakeFiles/ublox_msgs__rosidl_generator_c.dir/rosidl_generator_c/ublox_msgs/msg/detail/cfg_msg__functions.c.o[0m
[18.169s] [  2%] [32mBuilding C object CMakeFiles/ublox_msgs__rosidl_generator_c.dir/rosidl_generator_c/ublox_msgs/msg/detail/cfg_nav5__functions.c.o[0m
[18.175s] [  2%] [32mBuilding C object CMakeFiles/ublox_msgs__rosidl_generator_c.dir/rosidl_generator_c/ublox_msgs/msg/detail/cfg_navx5__functions.c.o[0m
[18.177s] [  3%] [32mBuilding C object CMakeFiles/ublox_msgs__rosidl_generator_c.dir/rosidl_generator_c/ublox_msgs/msg/detail/cfg_nmea6__functions.c.o[0m
[18.185s] [  3%] [32mBuilding C object CMakeFiles/ublox_msgs__rosidl_generator_c.dir/rosidl_generator_c/ublox_msgs/msg/detail/cfg_nmea__functions.c.o[0m
[18.185s] [  3%] [32mBuilding C object CMakeFiles/ublox_msgs__rosidl_generator_c.dir/rosidl_generator_c/ublox_msgs/msg/detail/cfg_nmea7__functions.c.o[0m
[18.188s] [  3%] [32mBuilding C object CMakeFiles/ublox_msgs__rosidl_generator_c.dir/rosidl_generator_c/ublox_msgs/msg/detail/cfg_prt__functions.c.o[0m
[18.191s] [  3%] [32mBuilding C object CMakeFiles/ublox_msgs__rosidl_generator_c.dir/rosidl_generator_c/ublox_msgs/msg/detail/cfg_rate__functions.c.o[0m
[18.207s] [  3%] [32mBuilding C object CMakeFiles/ublox_msgs__rosidl_generator_c.dir/rosidl_generator_c/ublox_msgs/msg/detail/cfg_tmode3__functions.c.o[0m
[18.208s] [  4%] [32mBuilding C object CMakeFiles/ublox_msgs__rosidl_generator_c.dir/rosidl_generator_c/ublox_msgs/msg/detail/cfg_sbas__functions.c.o[0m
[18.209s] [  4%] [32mBuilding C object CMakeFiles/ublox_msgs__rosidl_generator_c.dir/rosidl_generator_c/ublox_msgs/msg/detail/cfg_usb__functions.c.o[0m
[18.216s] [  4%] [32mBuilding C object CMakeFiles/ublox_msgs__rosidl_generator_c.dir/rosidl_generator_c/ublox_msgs/msg/detail/cfg_rst__functions.c.o[0m
[18.218s] [  4%] [32mBuilding C object CMakeFiles/ublox_msgs__rosidl_generator_c.dir/rosidl_generator_c/ublox_msgs/msg/detail/esf_ins__functions.c.o[0m
[18.237s] [  4%] [32mBuilding C object CMakeFiles/ublox_msgs__rosidl_generator_c.dir/rosidl_generator_c/ublox_msgs/msg/detail/esf_meas__functions.c.o[0m
[18.237s] [  4%] [32mBuilding C object CMakeFiles/ublox_msgs__rosidl_generator_c.dir/rosidl_generator_c/ublox_msgs/msg/detail/esf_raw_block__functions.c.o[0m
[18.247s] [  5%] [32mBuilding C object CMakeFiles/ublox_msgs__rosidl_generator_c.dir/rosidl_generator_c/ublox_msgs/msg/detail/esf_status__functions.c.o[0m
[18.247s] [  5%] [32mBuilding C object CMakeFiles/ublox_msgs__rosidl_generator_c.dir/rosidl_generator_c/ublox_msgs/msg/detail/esf_raw__functions.c.o[0m
[18.250s] [  5%] [32mBuilding C object CMakeFiles/ublox_msgs__rosidl_generator_c.dir/rosidl_generator_c/ublox_msgs/msg/detail/esf_status_sens__functions.c.o[0m
[18.250s] [  5%] [32mBuilding C object CMakeFiles/ublox_msgs__rosidl_generator_c.dir/rosidl_generator_c/ublox_msgs/msg/detail/hnr_pvt__functions.c.o[0m
[18.254s] [  5%] [32mBuilding C object CMakeFiles/ublox_msgs__rosidl_generator_c.dir/rosidl_generator_c/ublox_msgs/msg/detail/inf__functions.c.o[0m
[18.265s] [  5%] [32mBuilding C object CMakeFiles/ublox_msgs__rosidl_generator_c.dir/rosidl_generator_c/ublox_msgs/msg/detail/mga_gal__functions.c.o[0m
[18.269s] [  5%] [32mBuilding C object CMakeFiles/ublox_msgs__rosidl_generator_c.dir/rosidl_generator_c/ublox_msgs/msg/detail/mon_gnss__functions.c.o[0m
[18.270s] [  6%] [32mBuilding C object CMakeFiles/ublox_msgs__rosidl_generator_c.dir/rosidl_generator_c/ublox_msgs/msg/detail/mon_hw6__functions.c.o[0m
[18.272s] [  6%] [32mBuilding C object CMakeFiles/ublox_msgs__rosidl_generator_c.dir/rosidl_generator_c/ublox_msgs/msg/detail/mon_ver_extension__functions.c.o[0m
[18.279s] [  6%] [32mBuilding C object CMakeFiles/ublox_msgs__rosidl_generator_c.dir/rosidl_generator_c/ublox_msgs/msg/detail/mon_hw__functions.c.o[0m
[18.279s] [  6%] [32mBuilding C object CMakeFiles/ublox_msgs__rosidl_generator_c.dir/rosidl_generator_c/ublox_msgs/msg/detail/mon_ver__functions.c.o[0m
[18.284s] [  6%] [32mBuilding C object CMakeFiles/ublox_msgs__rosidl_generator_c.dir/rosidl_generator_c/ublox_msgs/msg/detail/nav_att__functions.c.o[0m
[18.302s] [  6%] [32mBuilding C object CMakeFiles/ublox_msgs__rosidl_generator_c.dir/rosidl_generator_c/ublox_msgs/msg/detail/nav_clock__functions.c.o[0m
[18.302s] [  7%] [32mBuilding C object CMakeFiles/ublox_msgs__rosidl_generator_c.dir/rosidl_generator_c/ublox_msgs/msg/detail/nav_dgps__functions.c.o[0m
[18.317s] [  7%] [32mBuilding C object CMakeFiles/ublox_msgs__rosidl_generator_c.dir/rosidl_generator_c/ublox_msgs/msg/detail/nav_dgpssv__functions.c.o[0m
[18.318s] [  7%] [32mBuilding C object CMakeFiles/ublox_msgs__rosidl_generator_c.dir/rosidl_generator_c/ublox_msgs/msg/detail/nav_dop__functions.c.o[0m
[18.320s] [  7%] [32mBuilding C object CMakeFiles/ublox_msgs__rosidl_generator_c.dir/rosidl_generator_c/ublox_msgs/msg/detail/nav_posecef__functions.c.o[0m
[18.320s] [  7%] [32mBuilding C object CMakeFiles/ublox_msgs__rosidl_generator_c.dir/rosidl_generator_c/ublox_msgs/msg/detail/nav_posllh__functions.c.o[0m
[18.329s] [  7%] [32mBuilding C object CMakeFiles/ublox_msgs__rosidl_generator_c.dir/rosidl_generator_c/ublox_msgs/msg/detail/nav_pvt7__functions.c.o[0m
[18.336s] [  8%] [32mBuilding C object CMakeFiles/ublox_msgs__rosidl_generator_c.dir/rosidl_generator_c/ublox_msgs/msg/detail/nav_relposned9__functions.c.o[0m
[18.336s] [  8%] [32mBuilding C object CMakeFiles/ublox_msgs__rosidl_generator_c.dir/rosidl_generator_c/ublox_msgs/msg/detail/nav_relposned__functions.c.o[0m
[18.339s] [  8%] [32mBuilding C object CMakeFiles/ublox_msgs__rosidl_generator_c.dir/rosidl_generator_c/ublox_msgs/msg/detail/nav_pvt__functions.c.o[0m
[18.343s] [  8%] [32mBuilding C object CMakeFiles/ublox_msgs__rosidl_generator_c.dir/rosidl_generator_c/ublox_msgs/msg/detail/nav_sat__functions.c.o[0m
[18.344s] [  8%] [32mBuilding C object CMakeFiles/ublox_msgs__rosidl_generator_c.dir/rosidl_generator_c/ublox_msgs/msg/detail/nav_satsv__functions.c.o[0m
[18.355s] [  8%] [32mBuilding C object CMakeFiles/ublox_msgs__rosidl_generator_c.dir/rosidl_generator_c/ublox_msgs/msg/detail/nav_sbas__functions.c.o[0m
[18.366s] [  9%] [32mBuilding C object CMakeFiles/ublox_msgs__rosidl_generator_c.dir/rosidl_generator_c/ublox_msgs/msg/detail/nav_sol__functions.c.o[0m
[18.368s] [  9%] [32mBuilding C object CMakeFiles/ublox_msgs__rosidl_generator_c.dir/rosidl_generator_c/ublox_msgs/msg/detail/nav_status__functions.c.o[0m
[18.371s] [  9%] [32mBuilding C object CMakeFiles/ublox_msgs__rosidl_generator_c.dir/rosidl_generator_c/ublox_msgs/msg/detail/nav_sbassv__functions.c.o[0m
[18.385s] [  9%] [32mBuilding C object CMakeFiles/ublox_msgs__rosidl_generator_c.dir/rosidl_generator_c/ublox_msgs/msg/detail/nav_svinfo__functions.c.o[0m
[18.385s] [  9%] [32mBuilding C object CMakeFiles/ublox_msgs__rosidl_generator_c.dir/rosidl_generator_c/ublox_msgs/msg/detail/nav_svinfosv__functions.c.o[0m
[18.388s] [  9%] [32mBuilding C object CMakeFiles/ublox_msgs__rosidl_generator_c.dir/rosidl_generator_c/ublox_msgs/msg/detail/nav_svin__functions.c.o[0m
[18.397s] [  9%] [32mBuilding C object CMakeFiles/ublox_msgs__rosidl_generator_c.dir/rosidl_generator_c/ublox_msgs/msg/detail/nav_timegps__functions.c.o[0m
[18.399s] [  9%] [32mBuilding C object CMakeFiles/ublox_msgs__rosidl_generator_c.dir/rosidl_generator_c/ublox_msgs/msg/detail/nav_timeutc__functions.c.o[0m
[18.404s] [ 10%] [32mBuilding C object CMakeFiles/ublox_msgs__rosidl_generator_c.dir/rosidl_generator_c/ublox_msgs/msg/detail/nav_velecef__functions.c.o[0m
[18.405s] [ 10%] [32mBuilding C object CMakeFiles/ublox_msgs__rosidl_generator_c.dir/rosidl_generator_c/ublox_msgs/msg/detail/nav_velned__functions.c.o[0m
[18.422s] [ 10%] [32mBuilding C object CMakeFiles/ublox_msgs__rosidl_generator_c.dir/rosidl_generator_c/ublox_msgs/msg/detail/rxm_eph__functions.c.o[0m
[18.424s] [ 10%] [32mBuilding C object CMakeFiles/ublox_msgs__rosidl_generator_c.dir/rosidl_generator_c/ublox_msgs/msg/detail/rxm_alm__functions.c.o[0m
[18.426s] [ 10%] [32mBuilding C object CMakeFiles/ublox_msgs__rosidl_generator_c.dir/rosidl_generator_c/ublox_msgs/msg/detail/rxm_raw__functions.c.o[0m
[18.433s] [ 11%] [32mBuilding C object CMakeFiles/ublox_msgs__rosidl_generator_c.dir/rosidl_generator_c/ublox_msgs/msg/detail/rxm_rawsv__functions.c.o[0m
[18.433s] [ 11%] [32mBuilding C object CMakeFiles/ublox_msgs__rosidl_generator_c.dir/rosidl_generator_c/ublox_msgs/msg/detail/rxm_rawx__functions.c.o[0m
[18.433s] [ 11%] [32mBuilding C object CMakeFiles/ublox_msgs__rosidl_generator_c.dir/rosidl_generator_c/ublox_msgs/msg/detail/rxm_rawx_meas__functions.c.o[0m
[18.455s] [ 11%] [32mBuilding C object CMakeFiles/ublox_msgs__rosidl_generator_c.dir/rosidl_generator_c/ublox_msgs/msg/detail/rxm_sfrb__functions.c.o[0m
[18.455s] [ 11%] [32mBuilding C object CMakeFiles/ublox_msgs__rosidl_generator_c.dir/rosidl_generator_c/ublox_msgs/msg/detail/rxm_rtcm__functions.c.o[0m
[18.459s] [ 11%] [32mBuilding C object CMakeFiles/ublox_msgs__rosidl_generator_c.dir/rosidl_generator_c/ublox_msgs/msg/detail/rxm_svsi__functions.c.o[0m
[18.459s] [ 11%] [32mBuilding C object CMakeFiles/ublox_msgs__rosidl_generator_c.dir/rosidl_generator_c/ublox_msgs/msg/detail/rxm_sfrbx__functions.c.o[0m
[18.468s] [ 12%] [32mBuilding C object CMakeFiles/ublox_msgs__rosidl_generator_c.dir/rosidl_generator_c/ublox_msgs/msg/detail/rxm_svsisv__functions.c.o[0m
[18.469s] [ 12%] [32mBuilding C object CMakeFiles/ublox_msgs__rosidl_generator_c.dir/rosidl_generator_c/ublox_msgs/msg/detail/tim_tm2__functions.c.o[0m
[18.473s] [ 12%] [32mBuilding C object CMakeFiles/ublox_msgs__rosidl_generator_c.dir/rosidl_generator_c/ublox_msgs/msg/detail/upd_sos_ack__functions.c.o[0m
[18.489s] [ 12%] [32mBuilding C object CMakeFiles/ublox_msgs__rosidl_generator_c.dir/rosidl_generator_c/ublox_msgs/msg/detail/upd_sos__functions.c.o[0m
[18.550s] [ 12%] [32m[1mLinking C shared library libublox_msgs__rosidl_generator_c.so[0m
[18.562s] [ 12%] Built target ublox_msgs__cpp
[18.573s] [ 12%] [34m[1mGenerating C++ type support dispatch for ROS interfaces[0m
[18.574s] [ 12%] [34m[1mGenerating C++ type support for eProsima Fast-RTPS[0m
[18.574s] [ 12%] [34m[1mGenerating C++ introspection for ROS interfaces[0m
[18.596s] [ 12%] Built target ublox_msgs__rosidl_generator_c
[18.608s] [ 12%] [34m[1mGenerating C type support for eProsima Fast-RTPS[0m
[18.608s] [ 12%] [34m[1mGenerating C type support dispatch for ROS interfaces[0m
[18.609s] [ 12%] [34m[1mGenerating C introspection for ROS interfaces[0m
[33.977s] [ 12%] [32mBuilding CXX object CMakeFiles/ublox_msgs__rosidl_typesupport_c.dir/rosidl_typesupport_c/ublox_msgs/msg/aid_alm__type_support.cpp.o[0m
[33.977s] [ 12%] [32mBuilding CXX object CMakeFiles/ublox_msgs__rosidl_typesupport_c.dir/rosidl_typesupport_c/ublox_msgs/msg/cfg_ant__type_support.cpp.o[0m
[33.978s] [ 13%] [32mBuilding CXX object CMakeFiles/ublox_msgs__rosidl_typesupport_c.dir/rosidl_typesupport_c/ublox_msgs/msg/cfg_dat__type_support.cpp.o[0m
[33.978s] [ 13%] [32mBuilding CXX object CMakeFiles/ublox_msgs__rosidl_typesupport_c.dir/rosidl_typesupport_c/ublox_msgs/msg/cfg_cfg__type_support.cpp.o[0m
[33.978s] [ 13%] [32mBuilding CXX object CMakeFiles/ublox_msgs__rosidl_typesupport_c.dir/rosidl_typesupport_c/ublox_msgs/msg/aid_hui__type_support.cpp.o[0m
[33.978s] [ 12%] [32mBuilding CXX object CMakeFiles/ublox_msgs__rosidl_typesupport_c.dir/rosidl_typesupport_c/ublox_msgs/msg/aid_eph__type_support.cpp.o[0m
[33.978s] [ 14%] [32mBuilding CXX object CMakeFiles/ublox_msgs__rosidl_typesupport_c.dir/rosidl_typesupport_c/ublox_msgs/msg/ack__type_support.cpp.o[0m
[33.978s] [ 14%] [32mBuilding CXX object CMakeFiles/ublox_msgs__rosidl_typesupport_c.dir/rosidl_typesupport_c/ublox_msgs/msg/cfg_gnss_block__type_support.cpp.o[0m
[33.979s] [ 14%] [32mBuilding CXX object CMakeFiles/ublox_msgs__rosidl_typesupport_c.dir/rosidl_typesupport_c/ublox_msgs/msg/cfg_gnss__type_support.cpp.o[0m
[33.980s] [ 14%] [32mBuilding CXX object CMakeFiles/ublox_msgs__rosidl_typesupport_c.dir/rosidl_typesupport_c/ublox_msgs/msg/cfg_dgnss__type_support.cpp.o[0m
[33.989s] [ 14%] [32mBuilding CXX object CMakeFiles/ublox_msgs__rosidl_typesupport_c.dir/rosidl_typesupport_c/ublox_msgs/msg/cfg_hnr__type_support.cpp.o[0m
[34.015s] [ 14%] [32mBuilding CXX object CMakeFiles/ublox_msgs__rosidl_typesupport_c.dir/rosidl_typesupport_c/ublox_msgs/msg/cfg_inf_block__type_support.cpp.o[0m
[34.018s] [ 14%] [32mBuilding CXX object CMakeFiles/ublox_msgs__rosidl_typesupport_c.dir/rosidl_typesupport_c/ublox_msgs/msg/cfg_inf__type_support.cpp.o[0m
[34.020s] [ 14%] [32mBuilding CXX object CMakeFiles/ublox_msgs__rosidl_typesupport_c.dir/rosidl_typesupport_c/ublox_msgs/msg/cfg_nav5__type_support.cpp.o[0m
[34.021s] [ 14%] [32mBuilding CXX object CMakeFiles/ublox_msgs__rosidl_typesupport_c.dir/rosidl_typesupport_c/ublox_msgs/msg/cfg_navx5__type_support.cpp.o[0m
[34.022s] [ 14%] [32mBuilding CXX object CMakeFiles/ublox_msgs__rosidl_typesupport_c.dir/rosidl_typesupport_c/ublox_msgs/msg/cfg_nmea7__type_support.cpp.o[0m
[34.025s] [ 14%] [32mBuilding CXX object CMakeFiles/ublox_msgs__rosidl_typesupport_c.dir/rosidl_typesupport_c/ublox_msgs/msg/cfg_nmea6__type_support.cpp.o[0m
[34.025s] [ 14%] [32mBuilding CXX object CMakeFiles/ublox_msgs__rosidl_typesupport_c.dir/rosidl_typesupport_c/ublox_msgs/msg/cfg_nmea__type_support.cpp.o[0m
[34.033s] [ 15%] [32mBuilding CXX object CMakeFiles/ublox_msgs__rosidl_typesupport_c.dir/rosidl_typesupport_c/ublox_msgs/msg/cfg_msg__type_support.cpp.o[0m
[34.039s] [ 16%] [32mBuilding CXX object CMakeFiles/ublox_msgs__rosidl_typesupport_c.dir/rosidl_typesupport_c/ublox_msgs/msg/cfg_prt__type_support.cpp.o[0m
[34.040s] [ 16%] [32mBuilding CXX object CMakeFiles/ublox_msgs__rosidl_typesupport_c.dir/rosidl_typesupport_c/ublox_msgs/msg/cfg_rate__type_support.cpp.o[0m
[34.051s] [ 16%] [32mBuilding CXX object CMakeFiles/ublox_msgs__rosidl_typesupport_c.dir/rosidl_typesupport_c/ublox_msgs/msg/cfg_rst__type_support.cpp.o[0m
[34.061s] [ 16%] [32mBuilding CXX object CMakeFiles/ublox_msgs__rosidl_typesupport_c.dir/rosidl_typesupport_c/ublox_msgs/msg/cfg_sbas__type_support.cpp.o[0m
[34.062s] [ 16%] [32mBuilding CXX object CMakeFiles/ublox_msgs__rosidl_typesupport_c.dir/rosidl_typesupport_c/ublox_msgs/msg/cfg_usb__type_support.cpp.o[0m
[34.065s] [ 16%] [32mBuilding CXX object CMakeFiles/ublox_msgs__rosidl_typesupport_c.dir/rosidl_typesupport_c/ublox_msgs/msg/cfg_tmode3__type_support.cpp.o[0m
[34.069s] [ 17%] [32mBuilding CXX object CMakeFiles/ublox_msgs__rosidl_typesupport_c.dir/rosidl_typesupport_c/ublox_msgs/msg/esf_ins__type_support.cpp.o[0m
[34.069s] [ 17%] [32mBuilding CXX object CMakeFiles/ublox_msgs__rosidl_typesupport_c.dir/rosidl_typesupport_c/ublox_msgs/msg/esf_meas__type_support.cpp.o[0m
[34.074s] [ 17%] [32mBuilding CXX object CMakeFiles/ublox_msgs__rosidl_typesupport_c.dir/rosidl_typesupport_c/ublox_msgs/msg/esf_raw__type_support.cpp.o[0m
[34.082s] [ 17%] [32mBuilding CXX object CMakeFiles/ublox_msgs__rosidl_typesupport_c.dir/rosidl_typesupport_c/ublox_msgs/msg/esf_status__type_support.cpp.o[0m
[34.083s] [ 17%] [32mBuilding CXX object CMakeFiles/ublox_msgs__rosidl_typesupport_c.dir/rosidl_typesupport_c/ublox_msgs/msg/esf_raw_block__type_support.cpp.o[0m
[34.093s] [ 17%] [32mBuilding CXX object CMakeFiles/ublox_msgs__rosidl_typesupport_c.dir/rosidl_typesupport_c/ublox_msgs/msg/hnr_pvt__type_support.cpp.o[0m
[34.101s] [ 17%] [32mBuilding CXX object CMakeFiles/ublox_msgs__rosidl_typesupport_c.dir/rosidl_typesupport_c/ublox_msgs/msg/esf_status_sens__type_support.cpp.o[0m
[34.104s] [ 17%] [32mBuilding CXX object CMakeFiles/ublox_msgs__rosidl_typesupport_c.dir/rosidl_typesupport_c/ublox_msgs/msg/mga_gal__type_support.cpp.o[0m
[34.106s] [ 18%] [32mBuilding CXX object CMakeFiles/ublox_msgs__rosidl_typesupport_c.dir/rosidl_typesupport_c/ublox_msgs/msg/inf__type_support.cpp.o[0m
[34.114s] [ 18%] [32mBuilding CXX object CMakeFiles/ublox_msgs__rosidl_typesupport_c.dir/rosidl_typesupport_c/ublox_msgs/msg/mon_gnss__type_support.cpp.o[0m
[34.114s] [ 18%] [32mBuilding CXX object CMakeFiles/ublox_msgs__rosidl_typesupport_c.dir/rosidl_typesupport_c/ublox_msgs/msg/mon_hw6__type_support.cpp.o[0m
[34.117s] [ 18%] [32mBuilding CXX object CMakeFiles/ublox_msgs__rosidl_typesupport_c.dir/rosidl_typesupport_c/ublox_msgs/msg/mon_ver_extension__type_support.cpp.o[0m
[34.119s] [ 19%] [32mBuilding CXX object CMakeFiles/ublox_msgs__rosidl_typesupport_c.dir/rosidl_typesupport_c/ublox_msgs/msg/mon_hw__type_support.cpp.o[0m
[34.119s] [ 19%] [32mBuilding CXX object CMakeFiles/ublox_msgs__rosidl_typesupport_c.dir/rosidl_typesupport_c/ublox_msgs/msg/mon_ver__type_support.cpp.o[0m
[34.132s] [ 19%] [32mBuilding CXX object CMakeFiles/ublox_msgs__rosidl_typesupport_c.dir/rosidl_typesupport_c/ublox_msgs/msg/nav_clock__type_support.cpp.o[0m
[34.136s] [ 19%] [32mBuilding CXX object CMakeFiles/ublox_msgs__rosidl_typesupport_c.dir/rosidl_typesupport_c/ublox_msgs/msg/nav_att__type_support.cpp.o[0m
[34.145s] [ 19%] [32mBuilding CXX object CMakeFiles/ublox_msgs__rosidl_typesupport_c.dir/rosidl_typesupport_c/ublox_msgs/msg/nav_dgpssv__type_support.cpp.o[0m
[34.145s] [ 19%] [32mBuilding CXX object CMakeFiles/ublox_msgs__rosidl_typesupport_c.dir/rosidl_typesupport_c/ublox_msgs/msg/nav_dgps__type_support.cpp.o[0m
[34.146s] [ 19%] [32mBuilding CXX object CMakeFiles/ublox_msgs__rosidl_typesupport_c.dir/rosidl_typesupport_c/ublox_msgs/msg/nav_dop__type_support.cpp.o[0m
[34.149s] [ 19%] [32mBuilding CXX object CMakeFiles/ublox_msgs__rosidl_typesupport_c.dir/rosidl_typesupport_c/ublox_msgs/msg/nav_posecef__type_support.cpp.o[0m
[34.158s] [ 20%] [32mBuilding CXX object CMakeFiles/ublox_msgs__rosidl_typesupport_c.dir/rosidl_typesupport_c/ublox_msgs/msg/nav_posllh__type_support.cpp.o[0m
[34.158s] [ 20%] [32mBuilding CXX object CMakeFiles/ublox_msgs__rosidl_typesupport_c.dir/rosidl_typesupport_c/ublox_msgs/msg/nav_pvt7__type_support.cpp.o[0m
[34.160s] [ 20%] [32mBuilding CXX object CMakeFiles/ublox_msgs__rosidl_typesupport_c.dir/rosidl_typesupport_c/ublox_msgs/msg/nav_pvt__type_support.cpp.o[0m
[34.171s] [ 20%] [32mBuilding CXX object CMakeFiles/ublox_msgs__rosidl_typesupport_c.dir/rosidl_typesupport_c/ublox_msgs/msg/nav_relposned__type_support.cpp.o[0m
[34.171s] [ 20%] [32mBuilding CXX object CMakeFiles/ublox_msgs__rosidl_typesupport_c.dir/rosidl_typesupport_c/ublox_msgs/msg/nav_relposned9__type_support.cpp.o[0m
[34.182s] [ 20%] [32mBuilding CXX object CMakeFiles/ublox_msgs__rosidl_typesupport_c.dir/rosidl_typesupport_c/ublox_msgs/msg/nav_sat__type_support.cpp.o[0m
[34.185s] [ 21%] [32mBuilding CXX object CMakeFiles/ublox_msgs__rosidl_typesupport_c.dir/rosidl_typesupport_c/ublox_msgs/msg/nav_satsv__type_support.cpp.o[0m
[34.190s] [ 21%] [32mBuilding CXX object CMakeFiles/ublox_msgs__rosidl_typesupport_c.dir/rosidl_typesupport_c/ublox_msgs/msg/nav_sol__type_support.cpp.o[0m
[34.196s] [ 21%] [32mBuilding CXX object CMakeFiles/ublox_msgs__rosidl_typesupport_c.dir/rosidl_typesupport_c/ublox_msgs/msg/nav_sbassv__type_support.cpp.o[0m
[34.197s] [ 21%] [32mBuilding CXX object CMakeFiles/ublox_msgs__rosidl_typesupport_c.dir/rosidl_typesupport_c/ublox_msgs/msg/nav_sbas__type_support.cpp.o[0m
[34.197s] [ 21%] [32mBuilding CXX object CMakeFiles/ublox_msgs__rosidl_typesupport_c.dir/rosidl_typesupport_c/ublox_msgs/msg/nav_status__type_support.cpp.o[0m
[34.198s] [ 21%] [32mBuilding CXX object CMakeFiles/ublox_msgs__rosidl_typesupport_c.dir/rosidl_typesupport_c/ublox_msgs/msg/nav_svinfo__type_support.cpp.o[0m
[34.213s] [ 22%] [32mBuilding CXX object CMakeFiles/ublox_msgs__rosidl_typesupport_c.dir/rosidl_typesupport_c/ublox_msgs/msg/nav_svin__type_support.cpp.o[0m
[34.213s] [ 22%] [32mBuilding CXX object CMakeFiles/ublox_msgs__rosidl_typesupport_c.dir/rosidl_typesupport_c/ublox_msgs/msg/nav_svinfosv__type_support.cpp.o[0m
[34.215s] [ 22%] [32mBuilding CXX object CMakeFiles/ublox_msgs__rosidl_typesupport_c.dir/rosidl_typesupport_c/ublox_msgs/msg/nav_timegps__type_support.cpp.o[0m
[34.220s] [ 22%] [32mBuilding CXX object CMakeFiles/ublox_msgs__rosidl_typesupport_c.dir/rosidl_typesupport_c/ublox_msgs/msg/nav_timeutc__type_support.cpp.o[0m
[34.232s] [ 22%] [32mBuilding CXX object CMakeFiles/ublox_msgs__rosidl_typesupport_c.dir/rosidl_typesupport_c/ublox_msgs/msg/nav_velned__type_support.cpp.o[0m
[34.234s] [ 22%] [32mBuilding CXX object CMakeFiles/ublox_msgs__rosidl_typesupport_c.dir/rosidl_typesupport_c/ublox_msgs/msg/nav_velecef__type_support.cpp.o[0m
[34.237s] [ 22%] [32mBuilding CXX object CMakeFiles/ublox_msgs__rosidl_typesupport_c.dir/rosidl_typesupport_c/ublox_msgs/msg/rxm_alm__type_support.cpp.o[0m
[34.239s] [ 22%] [32mBuilding CXX object CMakeFiles/ublox_msgs__rosidl_typesupport_c.dir/rosidl_typesupport_c/ublox_msgs/msg/rxm_raw__type_support.cpp.o[0m
[34.243s] [ 22%] [32mBuilding CXX object CMakeFiles/ublox_msgs__rosidl_typesupport_c.dir/rosidl_typesupport_c/ublox_msgs/msg/rxm_rawsv__type_support.cpp.o[0m
[34.245s] [ 23%] [32mBuilding CXX object CMakeFiles/ublox_msgs__rosidl_typesupport_c.dir/rosidl_typesupport_c/ublox_msgs/msg/rxm_eph__type_support.cpp.o[0m
[34.256s] [ 23%] [32mBuilding CXX object CMakeFiles/ublox_msgs__rosidl_typesupport_c.dir/rosidl_typesupport_c/ublox_msgs/msg/rxm_rtcm__type_support.cpp.o[0m
[34.256s] [ 23%] [32mBuilding CXX object CMakeFiles/ublox_msgs__rosidl_typesupport_c.dir/rosidl_typesupport_c/ublox_msgs/msg/rxm_rawx_meas__type_support.cpp.o[0m
[34.257s] [ 23%] [32mBuilding CXX object CMakeFiles/ublox_msgs__rosidl_typesupport_c.dir/rosidl_typesupport_c/ublox_msgs/msg/rxm_rawx__type_support.cpp.o[0m
[34.261s] [ 23%] [32mBuilding CXX object CMakeFiles/ublox_msgs__rosidl_typesupport_c.dir/rosidl_typesupport_c/ublox_msgs/msg/rxm_sfrbx__type_support.cpp.o[0m
[34.268s] [ 24%] [32mBuilding CXX object CMakeFiles/ublox_msgs__rosidl_typesupport_c.dir/rosidl_typesupport_c/ublox_msgs/msg/rxm_sfrb__type_support.cpp.o[0m
[34.283s] [ 24%] [32mBuilding CXX object CMakeFiles/ublox_msgs__rosidl_typesupport_c.dir/rosidl_typesupport_c/ublox_msgs/msg/rxm_svsi__type_support.cpp.o[0m
[34.283s] [ 24%] [32mBuilding CXX object CMakeFiles/ublox_msgs__rosidl_typesupport_c.dir/rosidl_typesupport_c/ublox_msgs/msg/rxm_svsisv__type_support.cpp.o[0m
[34.285s] [ 24%] [32mBuilding CXX object CMakeFiles/ublox_msgs__rosidl_typesupport_c.dir/rosidl_typesupport_c/ublox_msgs/msg/upd_sos_ack__type_support.cpp.o[0m
[34.285s] [ 24%] [32mBuilding CXX object CMakeFiles/ublox_msgs__rosidl_typesupport_c.dir/rosidl_typesupport_c/ublox_msgs/msg/tim_tm2__type_support.cpp.o[0m
[34.296s] [ 24%] [32mBuilding CXX object CMakeFiles/ublox_msgs__rosidl_typesupport_c.dir/rosidl_typesupport_c/ublox_msgs/msg/upd_sos__type_support.cpp.o[0m
[34.326s] [ 25%] [32m[1mLinking CXX shared library libublox_msgs__rosidl_typesupport_c.so[0m
[34.400s] [ 25%] Built target ublox_msgs__rosidl_typesupport_c
[34.569s] [ 26%] [32mBuilding CXX object CMakeFiles/ublox_msgs__rosidl_typesupport_cpp.dir/rosidl_typesupport_cpp/ublox_msgs/msg/aid_alm__type_support.cpp.o[0m
[34.569s] [ 26%] [32mBuilding CXX object CMakeFiles/ublox_msgs__rosidl_typesupport_cpp.dir/rosidl_typesupport_cpp/ublox_msgs/msg/cfg_ant__type_support.cpp.o[0m
[34.569s] [ 26%] [32mBuilding CXX object CMakeFiles/ublox_msgs__rosidl_typesupport_cpp.dir/rosidl_typesupport_cpp/ublox_msgs/msg/cfg_dat__type_support.cpp.o[0m
[34.569s] [ 26%] [32mBuilding CXX object CMakeFiles/ublox_msgs__rosidl_typesupport_cpp.dir/rosidl_typesupport_cpp/ublox_msgs/msg/aid_hui__type_support.cpp.o[0m
[34.569s] [ 26%] [32mBuilding CXX object CMakeFiles/ublox_msgs__rosidl_typesupport_cpp.dir/rosidl_typesupport_cpp/ublox_msgs/msg/cfg_dgnss__type_support.cpp.o[0m
[34.570s] [ 27%] [32mBuilding CXX object CMakeFiles/ublox_msgs__rosidl_typesupport_cpp.dir/rosidl_typesupport_cpp/ublox_msgs/msg/cfg_gnss_block__type_support.cpp.o[0m
[34.570s] [ 27%] [32mBuilding CXX object CMakeFiles/ublox_msgs__rosidl_typesupport_cpp.dir/rosidl_typesupport_cpp/ublox_msgs/msg/cfg_gnss__type_support.cpp.o[0m
[34.570s] [ 26%] [32mBuilding CXX object CMakeFiles/ublox_msgs__rosidl_typesupport_cpp.dir/rosidl_typesupport_cpp/ublox_msgs/msg/aid_eph__type_support.cpp.o[0m
[34.570s] [ 27%] [32mBuilding CXX object CMakeFiles/ublox_msgs__rosidl_typesupport_cpp.dir/rosidl_typesupport_cpp/ublox_msgs/msg/cfg_cfg__type_support.cpp.o[0m
[34.570s] [ 26%] [32mBuilding CXX object CMakeFiles/ublox_msgs__rosidl_typesupport_cpp.dir/rosidl_typesupport_cpp/ublox_msgs/msg/ack__type_support.cpp.o[0m
[34.577s] [ 27%] [32mBuilding CXX object CMakeFiles/ublox_msgs__rosidl_typesupport_cpp.dir/rosidl_typesupport_cpp/ublox_msgs/msg/cfg_inf_block__type_support.cpp.o[0m
[34.577s] [ 27%] [32mBuilding CXX object CMakeFiles/ublox_msgs__rosidl_typesupport_cpp.dir/rosidl_typesupport_cpp/ublox_msgs/msg/cfg_hnr__type_support.cpp.o[0m
[34.588s] [ 27%] [32mBuilding CXX object CMakeFiles/ublox_msgs__rosidl_typesupport_introspection_cpp.dir/rosidl_typesupport_introspection_cpp/ublox_msgs/msg/detail/ack__type_support.cpp.o[0m
[34.919s] [ 27%] [32mBuilding CXX object CMakeFiles/ublox_msgs__rosidl_typesupport_introspection_cpp.dir/rosidl_typesupport_introspection_cpp/ublox_msgs/msg/detail/aid_alm__type_support.cpp.o[0m
[34.932s] [ 27%] [32mBuilding CXX object CMakeFiles/ublox_msgs__rosidl_typesupport_cpp.dir/rosidl_typesupport_cpp/ublox_msgs/msg/cfg_inf__type_support.cpp.o[0m
[34.942s] [ 27%] [32mBuilding CXX object CMakeFiles/ublox_msgs__rosidl_typesupport_introspection_cpp.dir/rosidl_typesupport_introspection_cpp/ublox_msgs/msg/detail/aid_eph__type_support.cpp.o[0m
[34.959s] [ 27%] [32mBuilding CXX object CMakeFiles/ublox_msgs__rosidl_typesupport_cpp.dir/rosidl_typesupport_cpp/ublox_msgs/msg/cfg_msg__type_support.cpp.o[0m
[34.977s] [ 27%] [32mBuilding CXX object CMakeFiles/ublox_msgs__rosidl_typesupport_cpp.dir/rosidl_typesupport_cpp/ublox_msgs/msg/cfg_nav5__type_support.cpp.o[0m
[34.984s] [ 28%] [32mBuilding CXX object CMakeFiles/ublox_msgs__rosidl_typesupport_cpp.dir/rosidl_typesupport_cpp/ublox_msgs/msg/cfg_navx5__type_support.cpp.o[0m
[34.990s] [ 29%] [32mBuilding CXX object CMakeFiles/ublox_msgs__rosidl_typesupport_introspection_cpp.dir/rosidl_typesupport_introspection_cpp/ublox_msgs/msg/detail/aid_hui__type_support.cpp.o[0m
[35.012s] [ 29%] [32mBuilding CXX object CMakeFiles/ublox_msgs__rosidl_typesupport_cpp.dir/rosidl_typesupport_cpp/ublox_msgs/msg/cfg_nmea6__type_support.cpp.o[0m
[35.014s] [ 29%] [32mBuilding CXX object CMakeFiles/ublox_msgs__rosidl_typesupport_cpp.dir/rosidl_typesupport_cpp/ublox_msgs/msg/cfg_nmea__type_support.cpp.o[0m
[35.015s] [ 29%] [32mBuilding CXX object CMakeFiles/ublox_msgs__rosidl_typesupport_cpp.dir/rosidl_typesupport_cpp/ublox_msgs/msg/cfg_prt__type_support.cpp.o[0m
[35.029s] [ 29%] [32mBuilding CXX object CMakeFiles/ublox_msgs__rosidl_typesupport_cpp.dir/rosidl_typesupport_cpp/ublox_msgs/msg/cfg_nmea7__type_support.cpp.o[0m
[35.058s] [ 29%] [32mBuilding CXX object CMakeFiles/ublox_msgs__rosidl_typesupport_cpp.dir/rosidl_typesupport_cpp/ublox_msgs/msg/cfg_rate__type_support.cpp.o[0m
[35.290s] [ 29%] [32mBuilding CXX object CMakeFiles/ublox_msgs__rosidl_typesupport_introspection_cpp.dir/rosidl_typesupport_introspection_cpp/ublox_msgs/msg/detail/cfg_ant__type_support.cpp.o[0m
[35.331s] [ 30%] [32mBuilding CXX object CMakeFiles/ublox_msgs__rosidl_typesupport_cpp.dir/rosidl_typesupport_cpp/ublox_msgs/msg/cfg_rst__type_support.cpp.o[0m
[35.346s] [ 30%] [32mBuilding CXX object CMakeFiles/ublox_msgs__rosidl_typesupport_cpp.dir/rosidl_typesupport_cpp/ublox_msgs/msg/cfg_sbas__type_support.cpp.o[0m
[35.360s] [ 30%] [32mBuilding CXX object CMakeFiles/ublox_msgs__rosidl_typesupport_cpp.dir/rosidl_typesupport_cpp/ublox_msgs/msg/cfg_tmode3__type_support.cpp.o[0m
[35.401s] [ 30%] [32mBuilding CXX object CMakeFiles/ublox_msgs__rosidl_typesupport_cpp.dir/rosidl_typesupport_cpp/ublox_msgs/msg/esf_ins__type_support.cpp.o[0m
[35.408s] [ 30%] [32mBuilding CXX object CMakeFiles/ublox_msgs__rosidl_typesupport_cpp.dir/rosidl_typesupport_cpp/ublox_msgs/msg/cfg_usb__type_support.cpp.o[0m
[35.429s] [ 30%] [32mBuilding CXX object CMakeFiles/ublox_msgs__rosidl_typesupport_cpp.dir/rosidl_typesupport_cpp/ublox_msgs/msg/esf_meas__type_support.cpp.o[0m
[35.438s] [ 30%] [32mBuilding CXX object CMakeFiles/ublox_msgs__rosidl_typesupport_cpp.dir/rosidl_typesupport_cpp/ublox_msgs/msg/esf_raw_block__type_support.cpp.o[0m
[35.470s] [ 30%] [32mBuilding CXX object CMakeFiles/ublox_msgs__rosidl_typesupport_introspection_cpp.dir/rosidl_typesupport_introspection_cpp/ublox_msgs/msg/detail/cfg_cfg__type_support.cpp.o[0m
[35.489s] [ 31%] [32mBuilding CXX object CMakeFiles/ublox_msgs__rosidl_typesupport_cpp.dir/rosidl_typesupport_cpp/ublox_msgs/msg/esf_raw__type_support.cpp.o[0m
[35.501s] [ 31%] [32mBuilding CXX object CMakeFiles/ublox_msgs__rosidl_typesupport_introspection_cpp.dir/rosidl_typesupport_introspection_cpp/ublox_msgs/msg/detail/cfg_dat__type_support.cpp.o[0m
[35.541s] [ 31%] [32mBuilding CXX object CMakeFiles/ublox_msgs__rosidl_typesupport_introspection_cpp.dir/rosidl_typesupport_introspection_cpp/ublox_msgs/msg/detail/cfg_dgnss__type_support.cpp.o[0m
[35.727s] [ 31%] [32mBuilding CXX object CMakeFiles/ublox_msgs__rosidl_typesupport_cpp.dir/rosidl_typesupport_cpp/ublox_msgs/msg/esf_status__type_support.cpp.o[0m
[35.734s] [ 31%] [32mBuilding CXX object CMakeFiles/ublox_msgs__rosidl_typesupport_cpp.dir/rosidl_typesupport_cpp/ublox_msgs/msg/esf_status_sens__type_support.cpp.o[0m
[35.784s] [ 31%] [32mBuilding CXX object CMakeFiles/ublox_msgs__rosidl_typesupport_cpp.dir/rosidl_typesupport_cpp/ublox_msgs/msg/hnr_pvt__type_support.cpp.o[0m
[35.808s] [ 31%] [32mBuilding CXX object CMakeFiles/ublox_msgs__rosidl_typesupport_cpp.dir/rosidl_typesupport_cpp/ublox_msgs/msg/inf__type_support.cpp.o[0m
[35.809s] [ 31%] [32mBuilding CXX object CMakeFiles/ublox_msgs__rosidl_typesupport_cpp.dir/rosidl_typesupport_cpp/ublox_msgs/msg/mga_gal__type_support.cpp.o[0m
[35.815s] [ 32%] [32mBuilding CXX object CMakeFiles/ublox_msgs__rosidl_typesupport_cpp.dir/rosidl_typesupport_cpp/ublox_msgs/msg/mon_gnss__type_support.cpp.o[0m
[35.815s] [ 32%] [32mBuilding CXX object CMakeFiles/ublox_msgs__rosidl_typesupport_cpp.dir/rosidl_typesupport_cpp/ublox_msgs/msg/mon_hw6__type_support.cpp.o[0m
[35.830s] [ 32%] [32mBuilding CXX object CMakeFiles/ublox_msgs__rosidl_typesupport_introspection_cpp.dir/rosidl_typesupport_introspection_cpp/ublox_msgs/msg/detail/cfg_gnss_block__type_support.cpp.o[0m
[35.894s] [ 32%] [32mBuilding CXX object CMakeFiles/ublox_msgs__rosidl_typesupport_cpp.dir/rosidl_typesupport_cpp/ublox_msgs/msg/mon_hw__type_support.cpp.o[0m
[35.926s] [ 33%] [32mBuilding CXX object CMakeFiles/ublox_msgs__rosidl_typesupport_introspection_cpp.dir/rosidl_typesupport_introspection_cpp/ublox_msgs/msg/detail/cfg_gnss__type_support.cpp.o[0m
[36.040s] [ 33%] [32mBuilding CXX object CMakeFiles/ublox_msgs__rosidl_typesupport_introspection_cpp.dir/rosidl_typesupport_introspection_cpp/ublox_msgs/msg/detail/cfg_hnr__type_support.cpp.o[0m
[36.093s] [ 33%] [32mBuilding CXX object CMakeFiles/ublox_msgs__rosidl_typesupport_introspection_cpp.dir/rosidl_typesupport_introspection_cpp/ublox_msgs/msg/detail/cfg_inf_block__type_support.cpp.o[0m
[36.103s] [ 33%] [32mBuilding CXX object CMakeFiles/ublox_msgs__rosidl_typesupport_cpp.dir/rosidl_typesupport_cpp/ublox_msgs/msg/mon_ver_extension__type_support.cpp.o[0m
[36.104s] [ 33%] [32mBuilding CXX object CMakeFiles/ublox_msgs__rosidl_typesupport_cpp.dir/rosidl_typesupport_cpp/ublox_msgs/msg/mon_ver__type_support.cpp.o[0m
[36.113s] [ 33%] [32mBuilding CXX object CMakeFiles/ublox_msgs__rosidl_typesupport_cpp.dir/rosidl_typesupport_cpp/ublox_msgs/msg/nav_att__type_support.cpp.o[0m
[36.184s] [ 33%] [32mBuilding CXX object CMakeFiles/ublox_msgs__rosidl_typesupport_cpp.dir/rosidl_typesupport_cpp/ublox_msgs/msg/nav_clock__type_support.cpp.o[0m
[36.187s] [ 34%] [32mBuilding CXX object CMakeFiles/ublox_msgs__rosidl_typesupport_cpp.dir/rosidl_typesupport_cpp/ublox_msgs/msg/nav_dgps__type_support.cpp.o[0m
[36.210s] [ 34%] [32mBuilding CXX object CMakeFiles/ublox_msgs__rosidl_typesupport_cpp.dir/rosidl_typesupport_cpp/ublox_msgs/msg/nav_dgpssv__type_support.cpp.o[0m
[36.220s] [ 34%] [32mBuilding CXX object CMakeFiles/ublox_msgs__rosidl_typesupport_cpp.dir/rosidl_typesupport_cpp/ublox_msgs/msg/nav_dop__type_support.cpp.o[0m
[36.231s] [ 34%] [32mBuilding CXX object CMakeFiles/ublox_msgs__rosidl_typesupport_cpp.dir/rosidl_typesupport_cpp/ublox_msgs/msg/nav_posecef__type_support.cpp.o[0m
[36.270s] [ 34%] [32mBuilding CXX object CMakeFiles/ublox_msgs__rosidl_typesupport_cpp.dir/rosidl_typesupport_cpp/ublox_msgs/msg/nav_posllh__type_support.cpp.o[0m
[36.367s] [ 34%] [32mBuilding CXX object CMakeFiles/ublox_msgs__rosidl_typesupport_cpp.dir/rosidl_typesupport_cpp/ublox_msgs/msg/nav_pvt7__type_support.cpp.o[0m
[36.482s] [ 35%] [32mBuilding CXX object CMakeFiles/ublox_msgs__rosidl_typesupport_cpp.dir/rosidl_typesupport_cpp/ublox_msgs/msg/nav_pvt__type_support.cpp.o[0m
[36.516s] [ 35%] [32mBuilding CXX object CMakeFiles/ublox_msgs__rosidl_typesupport_introspection_cpp.dir/rosidl_typesupport_introspection_cpp/ublox_msgs/msg/detail/cfg_inf__type_support.cpp.o[0m
[36.547s] [ 35%] [32mBuilding CXX object CMakeFiles/ublox_msgs__rosidl_typesupport_introspection_cpp.dir/rosidl_typesupport_introspection_cpp/ublox_msgs/msg/detail/cfg_msg__type_support.cpp.o[0m
[36.548s] [ 35%] [32mBuilding CXX object CMakeFiles/ublox_msgs__rosidl_typesupport_introspection_cpp.dir/rosidl_typesupport_introspection_cpp/ublox_msgs/msg/detail/cfg_nav5__type_support.cpp.o[0m
[36.556s] [ 36%] [32mBuilding CXX object CMakeFiles/ublox_msgs__rosidl_typesupport_introspection_cpp.dir/rosidl_typesupport_introspection_cpp/ublox_msgs/msg/detail/cfg_navx5__type_support.cpp.o[0m
[36.559s] [ 36%] [32mBuilding CXX object CMakeFiles/ublox_msgs__rosidl_typesupport_cpp.dir/rosidl_typesupport_cpp/ublox_msgs/msg/nav_relposned9__type_support.cpp.o[0m
[36.585s] [ 36%] [32mBuilding CXX object CMakeFiles/ublox_msgs__rosidl_typesupport_cpp.dir/rosidl_typesupport_cpp/ublox_msgs/msg/nav_relposned__type_support.cpp.o[0m
[36.601s] [ 36%] [32mBuilding CXX object CMakeFiles/ublox_msgs__rosidl_typesupport_cpp.dir/rosidl_typesupport_cpp/ublox_msgs/msg/nav_sat__type_support.cpp.o[0m
[36.613s] [ 36%] [32mBuilding CXX object CMakeFiles/ublox_msgs__rosidl_typesupport_cpp.dir/rosidl_typesupport_cpp/ublox_msgs/msg/nav_satsv__type_support.cpp.o[0m
[36.644s] [ 36%] [32mBuilding CXX object CMakeFiles/ublox_msgs__rosidl_typesupport_cpp.dir/rosidl_typesupport_cpp/ublox_msgs/msg/nav_sbas__type_support.cpp.o[0m
[36.676s] [ 37%] [32mBuilding CXX object CMakeFiles/ublox_msgs__rosidl_typesupport_cpp.dir/rosidl_typesupport_cpp/ublox_msgs/msg/nav_sbassv__type_support.cpp.o[0m
[36.741s] [ 37%] [32mBuilding CXX object CMakeFiles/ublox_msgs__rosidl_typesupport_introspection_cpp.dir/rosidl_typesupport_introspection_cpp/ublox_msgs/msg/detail/cfg_nmea6__type_support.cpp.o[0m
[36.750s] [ 37%] [32mBuilding CXX object CMakeFiles/ublox_msgs__rosidl_typesupport_cpp.dir/rosidl_typesupport_cpp/ublox_msgs/msg/nav_sol__type_support.cpp.o[0m
[36.923s] [ 37%] [32mBuilding CXX object CMakeFiles/ublox_msgs__rosidl_typesupport_cpp.dir/rosidl_typesupport_cpp/ublox_msgs/msg/nav_status__type_support.cpp.o[0m
[36.964s] [ 37%] [32mBuilding CXX object CMakeFiles/ublox_msgs__rosidl_typesupport_cpp.dir/rosidl_typesupport_cpp/ublox_msgs/msg/nav_svinfo__type_support.cpp.o[0m
[37.015s] [ 37%] [32mBuilding CXX object CMakeFiles/ublox_msgs__rosidl_typesupport_cpp.dir/rosidl_typesupport_cpp/ublox_msgs/msg/nav_svinfosv__type_support.cpp.o[0m
[37.039s] [ 37%] [32mBuilding CXX object CMakeFiles/ublox_msgs__rosidl_typesupport_cpp.dir/rosidl_typesupport_cpp/ublox_msgs/msg/nav_svin__type_support.cpp.o[0m
[37.060s] [ 37%] [32mBuilding CXX object CMakeFiles/ublox_msgs__rosidl_typesupport_cpp.dir/rosidl_typesupport_cpp/ublox_msgs/msg/nav_timegps__type_support.cpp.o[0m
[37.064s] [ 37%] [32mBuilding CXX object CMakeFiles/ublox_msgs__rosidl_typesupport_introspection_cpp.dir/rosidl_typesupport_introspection_cpp/ublox_msgs/msg/detail/cfg_nmea7__type_support.cpp.o[0m
[37.073s] [ 38%] [32mBuilding CXX object CMakeFiles/ublox_msgs__rosidl_typesupport_cpp.dir/rosidl_typesupport_cpp/ublox_msgs/msg/nav_timeutc__type_support.cpp.o[0m
[37.077s] [ 38%] [32mBuilding CXX object CMakeFiles/ublox_msgs__rosidl_typesupport_cpp.dir/rosidl_typesupport_cpp/ublox_msgs/msg/nav_velecef__type_support.cpp.o[0m
[37.111s] [ 38%] [32mBuilding CXX object CMakeFiles/ublox_msgs__rosidl_typesupport_cpp.dir/rosidl_typesupport_cpp/ublox_msgs/msg/nav_velned__type_support.cpp.o[0m
[37.127s] [ 38%] [32mBuilding CXX object CMakeFiles/ublox_msgs__rosidl_typesupport_cpp.dir/rosidl_typesupport_cpp/ublox_msgs/msg/rxm_alm__type_support.cpp.o[0m
[37.129s] [ 38%] [32mBuilding CXX object CMakeFiles/ublox_msgs__rosidl_typesupport_introspection_cpp.dir/rosidl_typesupport_introspection_cpp/ublox_msgs/msg/detail/cfg_nmea__type_support.cpp.o[0m
[37.152s] [ 38%] [32mBuilding CXX object CMakeFiles/ublox_msgs__rosidl_typesupport_cpp.dir/rosidl_typesupport_cpp/ublox_msgs/msg/rxm_eph__type_support.cpp.o[0m
[37.158s] [ 39%] [32mBuilding C object CMakeFiles/ublox_msgs__rosidl_typesupport_introspection_c.dir/rosidl_typesupport_introspection_c/ublox_msgs/msg/detail/ack__type_support.c.o[0m
[37.236s] [ 39%] [32mBuilding C object CMakeFiles/ublox_msgs__rosidl_typesupport_introspection_c.dir/rosidl_typesupport_introspection_c/ublox_msgs/msg/detail/aid_alm__type_support.c.o[0m
[37.287s] [ 39%] [32mBuilding C object CMakeFiles/ublox_msgs__rosidl_typesupport_introspection_c.dir/rosidl_typesupport_introspection_c/ublox_msgs/msg/detail/aid_eph__type_support.c.o[0m
[37.303s] [ 39%] [32mBuilding C object CMakeFiles/ublox_msgs__rosidl_typesupport_introspection_c.dir/rosidl_typesupport_introspection_c/ublox_msgs/msg/detail/aid_hui__type_support.c.o[0m
[37.321s] [ 39%] [32mBuilding CXX object CMakeFiles/ublox_msgs__rosidl_typesupport_cpp.dir/rosidl_typesupport_cpp/ublox_msgs/msg/rxm_raw__type_support.cpp.o[0m
[37.346s] [ 40%] [32mBuilding CXX object CMakeFiles/ublox_msgs__rosidl_typesupport_cpp.dir/rosidl_typesupport_cpp/ublox_msgs/msg/rxm_rawsv__type_support.cpp.o[0m
[37.371s] [ 40%] [32mBuilding CXX object CMakeFiles/ublox_msgs__rosidl_typesupport_cpp.dir/rosidl_typesupport_cpp/ublox_msgs/msg/rxm_rawx_meas__type_support.cpp.o[0m
[37.377s] [ 40%] [32mBuilding C object CMakeFiles/ublox_msgs__rosidl_typesupport_introspection_c.dir/rosidl_typesupport_introspection_c/ublox_msgs/msg/detail/cfg_ant__type_support.c.o[0m
[37.391s] [ 40%] [32mBuilding CXX object CMakeFiles/ublox_msgs__rosidl_typesupport_cpp.dir/rosidl_typesupport_cpp/ublox_msgs/msg/rxm_rawx__type_support.cpp.o[0m
[37.426s] [ 40%] [32mBuilding C object CMakeFiles/ublox_msgs__rosidl_typesupport_introspection_c.dir/rosidl_typesupport_introspection_c/ublox_msgs/msg/detail/cfg_cfg__type_support.c.o[0m
[37.438s] [ 40%] [32mBuilding CXX object CMakeFiles/ublox_msgs__rosidl_typesupport_cpp.dir/rosidl_typesupport_cpp/ublox_msgs/msg/rxm_rtcm__type_support.cpp.o[0m
[37.449s] [ 40%] [32mBuilding CXX object CMakeFiles/ublox_msgs__rosidl_typesupport_cpp.dir/rosidl_typesupport_cpp/ublox_msgs/msg/rxm_sfrb__type_support.cpp.o[0m
[37.467s] [ 40%] [32mBuilding CXX object CMakeFiles/ublox_msgs__rosidl_typesupport_cpp.dir/rosidl_typesupport_cpp/ublox_msgs/msg/rxm_sfrbx__type_support.cpp.o[0m
[37.487s] [ 40%] [32mBuilding CXX object CMakeFiles/ublox_msgs__rosidl_typesupport_cpp.dir/rosidl_typesupport_cpp/ublox_msgs/msg/rxm_svsi__type_support.cpp.o[0m
[37.492s] [ 40%] [32mBuilding C object CMakeFiles/ublox_msgs__rosidl_typesupport_introspection_c.dir/rosidl_typesupport_introspection_c/ublox_msgs/msg/detail/cfg_dat__type_support.c.o[0m
[37.498s] [ 41%] [32mBuilding C object CMakeFiles/ublox_msgs__rosidl_typesupport_introspection_c.dir/rosidl_typesupport_introspection_c/ublox_msgs/msg/detail/cfg_dgnss__type_support.c.o[0m
[37.553s] [ 41%] [32mBuilding C object CMakeFiles/ublox_msgs__rosidl_typesupport_introspection_c.dir/rosidl_typesupport_introspection_c/ublox_msgs/msg/detail/cfg_gnss_block__type_support.c.o[0m
[37.556s] [ 41%] [32mBuilding C object CMakeFiles/ublox_msgs__rosidl_typesupport_introspection_c.dir/rosidl_typesupport_introspection_c/ublox_msgs/msg/detail/cfg_gnss__type_support.c.o[0m
[37.565s] [ 42%] [32mBuilding CXX object CMakeFiles/ublox_msgs__rosidl_typesupport_cpp.dir/rosidl_typesupport_cpp/ublox_msgs/msg/rxm_svsisv__type_support.cpp.o[0m
[37.566s] [ 43%] [32mBuilding CXX object CMakeFiles/ublox_msgs__rosidl_typesupport_fastrtps_c.dir/rosidl_typesupport_fastrtps_c/ublox_msgs/msg/detail/ack__type_support_c.cpp.o[0m
[37.577s] [ 43%] [32mBuilding CXX object CMakeFiles/ublox_msgs__rosidl_typesupport_introspection_cpp.dir/rosidl_typesupport_introspection_cpp/ublox_msgs/msg/detail/cfg_prt__type_support.cpp.o[0m
[37.605s] [ 43%] [32mBuilding CXX object CMakeFiles/ublox_msgs__rosidl_typesupport_cpp.dir/rosidl_typesupport_cpp/ublox_msgs/msg/tim_tm2__type_support.cpp.o[0m
[37.617s] [ 43%] [32mBuilding C object CMakeFiles/ublox_msgs__rosidl_typesupport_introspection_c.dir/rosidl_typesupport_introspection_c/ublox_msgs/msg/detail/cfg_hnr__type_support.c.o[0m
[37.618s] [ 43%] [32mBuilding CXX object CMakeFiles/ublox_msgs__rosidl_typesupport_introspection_cpp.dir/rosidl_typesupport_introspection_cpp/ublox_msgs/msg/detail/cfg_rate__type_support.cpp.o[0m
[37.662s] [ 43%] [32mBuilding CXX object CMakeFiles/ublox_msgs__rosidl_typesupport_fastrtps_cpp.dir/rosidl_typesupport_fastrtps_cpp/ublox_msgs/msg/detail/dds_fastrtps/ack__type_support.cpp.o[0m
[37.681s] [ 43%] [32mBuilding C object CMakeFiles/ublox_msgs__rosidl_typesupport_introspection_c.dir/rosidl_typesupport_introspection_c/ublox_msgs/msg/detail/cfg_inf_block__type_support.c.o[0m
[37.681s] [ 43%] [32mBuilding CXX object CMakeFiles/ublox_msgs__rosidl_typesupport_fastrtps_cpp.dir/rosidl_typesupport_fastrtps_cpp/ublox_msgs/msg/detail/dds_fastrtps/aid_alm__type_support.cpp.o[0m
[37.718s] [ 43%] [32mBuilding CXX object CMakeFiles/ublox_msgs__rosidl_typesupport_introspection_cpp.dir/rosidl_typesupport_introspection_cpp/ublox_msgs/msg/detail/cfg_rst__type_support.cpp.o[0m
[37.736s] [ 43%] [32mBuilding C object CMakeFiles/ublox_msgs__rosidl_typesupport_introspection_c.dir/rosidl_typesupport_introspection_c/ublox_msgs/msg/detail/cfg_inf__type_support.c.o[0m
[37.741s] [ 44%] [32mBuilding CXX object CMakeFiles/ublox_msgs__rosidl_typesupport_fastrtps_cpp.dir/rosidl_typesupport_fastrtps_cpp/ublox_msgs/msg/detail/dds_fastrtps/aid_eph__type_support.cpp.o[0m
[37.763s] [ 44%] [32mBuilding CXX object CMakeFiles/ublox_msgs__rosidl_typesupport_fastrtps_cpp.dir/rosidl_typesupport_fastrtps_cpp/ublox_msgs/msg/detail/dds_fastrtps/aid_hui__type_support.cpp.o[0m
[37.784s] [ 45%] [32mBuilding C object CMakeFiles/ublox_msgs__rosidl_typesupport_introspection_c.dir/rosidl_typesupport_introspection_c/ublox_msgs/msg/detail/cfg_msg__type_support.c.o[0m
[37.785s] [ 45%] [32mBuilding CXX object CMakeFiles/ublox_msgs__rosidl_typesupport_fastrtps_cpp.dir/rosidl_typesupport_fastrtps_cpp/ublox_msgs/msg/detail/dds_fastrtps/cfg_ant__type_support.cpp.o[0m
[37.801s] [ 45%] [32mBuilding CXX object CMakeFiles/ublox_msgs__rosidl_typesupport_fastrtps_cpp.dir/rosidl_typesupport_fastrtps_cpp/ublox_msgs/msg/detail/dds_fastrtps/cfg_cfg__type_support.cpp.o[0m
[37.849s] [ 45%] [32mBuilding CXX object CMakeFiles/ublox_msgs__rosidl_typesupport_fastrtps_cpp.dir/rosidl_typesupport_fastrtps_cpp/ublox_msgs/msg/detail/dds_fastrtps/cfg_dat__type_support.cpp.o[0m
[37.857s] [ 46%] [32mBuilding CXX object CMakeFiles/ublox_msgs__rosidl_typesupport_introspection_cpp.dir/rosidl_typesupport_introspection_cpp/ublox_msgs/msg/detail/cfg_sbas__type_support.cpp.o[0m
[37.860s] [ 46%] [32mBuilding C object CMakeFiles/ublox_msgs__rosidl_typesupport_introspection_c.dir/rosidl_typesupport_introspection_c/ublox_msgs/msg/detail/cfg_nav5__type_support.c.o[0m
[37.867s] [ 46%] [32mBuilding CXX object CMakeFiles/ublox_msgs__rosidl_typesupport_cpp.dir/rosidl_typesupport_cpp/ublox_msgs/msg/upd_sos_ack__type_support.cpp.o[0m
[37.955s] [ 46%] [32mBuilding CXX object CMakeFiles/ublox_msgs__rosidl_typesupport_cpp.dir/rosidl_typesupport_cpp/ublox_msgs/msg/upd_sos__type_support.cpp.o[0m
[37.986s] [ 46%] [32mBuilding CXX object CMakeFiles/ublox_msgs__rosidl_typesupport_fastrtps_cpp.dir/rosidl_typesupport_fastrtps_cpp/ublox_msgs/msg/detail/dds_fastrtps/cfg_dgnss__type_support.cpp.o[0m
[37.998s] [ 46%] [32mBuilding C object CMakeFiles/ublox_msgs__rosidl_typesupport_introspection_c.dir/rosidl_typesupport_introspection_c/ublox_msgs/msg/detail/cfg_navx5__type_support.c.o[0m
[38.080s] [ 46%] [32mBuilding CXX object CMakeFiles/ublox_msgs__rosidl_typesupport_fastrtps_c.dir/rosidl_typesupport_fastrtps_c/ublox_msgs/msg/detail/aid_alm__type_support_c.cpp.o[0m
[38.116s] [ 46%] [32mBuilding C object CMakeFiles/ublox_msgs__rosidl_typesupport_introspection_c.dir/rosidl_typesupport_introspection_c/ublox_msgs/msg/detail/cfg_nmea6__type_support.c.o[0m
[38.127s] [ 46%] [32mBuilding C object CMakeFiles/ublox_msgs__rosidl_typesupport_introspection_c.dir/rosidl_typesupport_introspection_c/ublox_msgs/msg/detail/cfg_nmea7__type_support.c.o[0m
[38.209s] [ 46%] [32mBuilding CXX object CMakeFiles/ublox_msgs__rosidl_typesupport_introspection_cpp.dir/rosidl_typesupport_introspection_cpp/ublox_msgs/msg/detail/cfg_tmode3__type_support.cpp.o[0m
[38.211s] [ 46%] [32mBuilding CXX object CMakeFiles/ublox_msgs__rosidl_typesupport_fastrtps_cpp.dir/rosidl_typesupport_fastrtps_cpp/ublox_msgs/msg/detail/dds_fastrtps/cfg_gnss_block__type_support.cpp.o[0m
[38.228s] [ 46%] [32mBuilding C object CMakeFiles/ublox_msgs__rosidl_typesupport_introspection_c.dir/rosidl_typesupport_introspection_c/ublox_msgs/msg/detail/cfg_nmea__type_support.c.o[0m
[38.239s] [ 47%] [32mBuilding C object CMakeFiles/ublox_msgs__rosidl_typesupport_introspection_c.dir/rosidl_typesupport_introspection_c/ublox_msgs/msg/detail/cfg_prt__type_support.c.o[0m
[38.246s] [ 47%] [32mBuilding CXX object CMakeFiles/ublox_msgs__rosidl_typesupport_introspection_cpp.dir/rosidl_typesupport_introspection_cpp/ublox_msgs/msg/detail/cfg_usb__type_support.cpp.o[0m
[38.287s] [ 48%] [32mBuilding CXX object CMakeFiles/ublox_msgs__rosidl_typesupport_fastrtps_cpp.dir/rosidl_typesupport_fastrtps_cpp/ublox_msgs/msg/detail/dds_fastrtps/cfg_gnss__type_support.cpp.o[0m
[38.298s] [ 48%] [32mBuilding CXX object CMakeFiles/ublox_msgs__rosidl_typesupport_fastrtps_cpp.dir/rosidl_typesupport_fastrtps_cpp/ublox_msgs/msg/detail/dds_fastrtps/cfg_hnr__type_support.cpp.o[0m
[38.307s] [ 48%] [32mBuilding C object CMakeFiles/ublox_msgs__rosidl_typesupport_introspection_c.dir/rosidl_typesupport_introspection_c/ublox_msgs/msg/detail/cfg_rate__type_support.c.o[0m
[38.313s] [ 48%] [32mBuilding C object CMakeFiles/ublox_msgs__rosidl_typesupport_introspection_c.dir/rosidl_typesupport_introspection_c/ublox_msgs/msg/detail/cfg_rst__type_support.c.o[0m
[38.328s] [ 48%] [32mBuilding CXX object CMakeFiles/ublox_msgs__rosidl_typesupport_fastrtps_cpp.dir/rosidl_typesupport_fastrtps_cpp/ublox_msgs/msg/detail/dds_fastrtps/cfg_inf_block__type_support.cpp.o[0m
[38.334s] [ 48%] [32mBuilding CXX object CMakeFiles/ublox_msgs__rosidl_typesupport_introspection_cpp.dir/rosidl_typesupport_introspection_cpp/ublox_msgs/msg/detail/esf_ins__type_support.cpp.o[0m
[38.338s] [ 48%] [32m[1mLinking CXX shared library libublox_msgs__rosidl_typesupport_cpp.so[0m
[38.353s] [ 48%] [32mBuilding CXX object CMakeFiles/ublox_msgs__rosidl_typesupport_fastrtps_cpp.dir/rosidl_typesupport_fastrtps_cpp/ublox_msgs/msg/detail/dds_fastrtps/cfg_inf__type_support.cpp.o[0m
[38.358s] [ 48%] [32mBuilding CXX object CMakeFiles/ublox_msgs__rosidl_typesupport_fastrtps_cpp.dir/rosidl_typesupport_fastrtps_cpp/ublox_msgs/msg/detail/dds_fastrtps/cfg_msg__type_support.cpp.o[0m
[38.362s] [ 48%] [32mBuilding C object CMakeFiles/ublox_msgs__rosidl_typesupport_introspection_c.dir/rosidl_typesupport_introspection_c/ublox_msgs/msg/detail/cfg_sbas__type_support.c.o[0m
[38.363s] [ 48%] [32mBuilding C object CMakeFiles/ublox_msgs__rosidl_typesupport_introspection_c.dir/rosidl_typesupport_introspection_c/ublox_msgs/msg/detail/cfg_tmode3__type_support.c.o[0m
[38.369s] [ 48%] [32mBuilding CXX object CMakeFiles/ublox_msgs__rosidl_typesupport_fastrtps_cpp.dir/rosidl_typesupport_fastrtps_cpp/ublox_msgs/msg/detail/dds_fastrtps/cfg_nav5__type_support.cpp.o[0m
[38.414s] [ 48%] [32mBuilding C object CMakeFiles/ublox_msgs__rosidl_typesupport_introspection_c.dir/rosidl_typesupport_introspection_c/ublox_msgs/msg/detail/cfg_usb__type_support.c.o[0m
[38.417s] [ 49%] [32mBuilding CXX object CMakeFiles/ublox_msgs__rosidl_typesupport_fastrtps_cpp.dir/rosidl_typesupport_fastrtps_cpp/ublox_msgs/msg/detail/dds_fastrtps/cfg_navx5__type_support.cpp.o[0m
[38.426s] [ 49%] Built target ublox_msgs__rosidl_typesupport_cpp
[38.439s] [ 49%] [32mBuilding CXX object CMakeFiles/ublox_msgs__rosidl_typesupport_fastrtps_cpp.dir/rosidl_typesupport_fastrtps_cpp/ublox_msgs/msg/detail/dds_fastrtps/cfg_nmea6__type_support.cpp.o[0m
[38.453s] [ 49%] [32mBuilding C object CMakeFiles/ublox_msgs__rosidl_typesupport_introspection_c.dir/rosidl_typesupport_introspection_c/ublox_msgs/msg/detail/esf_ins__type_support.c.o[0m
[38.510s] [ 49%] [32mBuilding CXX object CMakeFiles/ublox_msgs__rosidl_typesupport_introspection_cpp.dir/rosidl_typesupport_introspection_cpp/ublox_msgs/msg/detail/esf_meas__type_support.cpp.o[0m
[38.530s] [ 49%] [32mBuilding CXX object CMakeFiles/ublox_msgs__rosidl_typesupport_fastrtps_cpp.dir/rosidl_typesupport_fastrtps_cpp/ublox_msgs/msg/detail/dds_fastrtps/cfg_nmea7__type_support.cpp.o[0m
[38.545s] [ 50%] [32mBuilding C object CMakeFiles/ublox_msgs__rosidl_typesupport_introspection_c.dir/rosidl_typesupport_introspection_c/ublox_msgs/msg/detail/esf_meas__type_support.c.o[0m
[38.566s] [ 50%] [32mBuilding CXX object CMakeFiles/ublox_msgs__rosidl_typesupport_fastrtps_c.dir/rosidl_typesupport_fastrtps_c/ublox_msgs/msg/detail/aid_eph__type_support_c.cpp.o[0m
[38.686s] [ 50%] [32mBuilding C object CMakeFiles/ublox_msgs__rosidl_typesupport_introspection_c.dir/rosidl_typesupport_introspection_c/ublox_msgs/msg/detail/esf_raw_block__type_support.c.o[0m
[38.754s] [ 50%] [32mBuilding CXX object CMakeFiles/ublox_msgs__rosidl_typesupport_introspection_cpp.dir/rosidl_typesupport_introspection_cpp/ublox_msgs/msg/detail/esf_raw_block__type_support.cpp.o[0m
[38.809s] [ 51%] [32mBuilding CXX object CMakeFiles/ublox_msgs__rosidl_typesupport_introspection_cpp.dir/rosidl_typesupport_introspection_cpp/ublox_msgs/msg/detail/esf_raw__type_support.cpp.o[0m
[38.833s] [ 51%] [32mBuilding C object CMakeFiles/ublox_msgs__rosidl_typesupport_introspection_c.dir/rosidl_typesupport_introspection_c/ublox_msgs/msg/detail/esf_raw__type_support.c.o[0m
[38.845s] [ 51%] [32mBuilding C object CMakeFiles/ublox_msgs__rosidl_typesupport_introspection_c.dir/rosidl_typesupport_introspection_c/ublox_msgs/msg/detail/esf_status__type_support.c.o[0m
[38.892s] [ 51%] [32mBuilding C object CMakeFiles/ublox_msgs__rosidl_typesupport_introspection_c.dir/rosidl_typesupport_introspection_c/ublox_msgs/msg/detail/hnr_pvt__type_support.c.o[0m
[38.898s] [ 51%] [32mBuilding C object CMakeFiles/ublox_msgs__rosidl_typesupport_introspection_c.dir/rosidl_typesupport_introspection_c/ublox_msgs/msg/detail/esf_status_sens__type_support.c.o[0m
[38.910s] [ 51%] [32mBuilding CXX object CMakeFiles/ublox_msgs__rosidl_typesupport_fastrtps_cpp.dir/rosidl_typesupport_fastrtps_cpp/ublox_msgs/msg/detail/dds_fastrtps/cfg_nmea__type_support.cpp.o[0m
[38.910s] [ 51%] [32mBuilding CXX object CMakeFiles/ublox_msgs__rosidl_typesupport_fastrtps_cpp.dir/rosidl_typesupport_fastrtps_cpp/ublox_msgs/msg/detail/dds_fastrtps/cfg_prt__type_support.cpp.o[0m
[38.911s] [ 52%] [32mBuilding C object CMakeFiles/ublox_msgs__rosidl_typesupport_introspection_c.dir/rosidl_typesupport_introspection_c/ublox_msgs/msg/detail/inf__type_support.c.o[0m
[38.920s] [ 52%] [32mBuilding CXX object CMakeFiles/ublox_msgs__rosidl_typesupport_introspection_cpp.dir/rosidl_typesupport_introspection_cpp/ublox_msgs/msg/detail/esf_status__type_support.cpp.o[0m
[38.924s] [ 52%] [32mBuilding C object CMakeFiles/ublox_msgs__rosidl_typesupport_introspection_c.dir/rosidl_typesupport_introspection_c/ublox_msgs/msg/detail/mga_gal__type_support.c.o[0m
[38.949s] [ 52%] [32mBuilding CXX object CMakeFiles/ublox_msgs__rosidl_typesupport_fastrtps_cpp.dir/rosidl_typesupport_fastrtps_cpp/ublox_msgs/msg/detail/dds_fastrtps/cfg_rate__type_support.cpp.o[0m
[38.968s] [ 52%] [32mBuilding C object CMakeFiles/ublox_msgs__rosidl_typesupport_introspection_c.dir/rosidl_typesupport_introspection_c/ublox_msgs/msg/detail/mon_gnss__type_support.c.o[0m
[38.972s] [ 52%] [32mBuilding CXX object CMakeFiles/ublox_msgs__rosidl_typesupport_fastrtps_cpp.dir/rosidl_typesupport_fastrtps_cpp/ublox_msgs/msg/detail/dds_fastrtps/cfg_rst__type_support.cpp.o[0m
[38.983s] [ 53%] [32mBuilding CXX object CMakeFiles/ublox_msgs__rosidl_typesupport_fastrtps_cpp.dir/rosidl_typesupport_fastrtps_cpp/ublox_msgs/msg/detail/dds_fastrtps/cfg_sbas__type_support.cpp.o[0m
[38.996s] [ 53%] [32mBuilding C object CMakeFiles/ublox_msgs__rosidl_typesupport_introspection_c.dir/rosidl_typesupport_introspection_c/ublox_msgs/msg/detail/mon_hw6__type_support.c.o[0m
[39.002s] [ 53%] [32mBuilding CXX object CMakeFiles/ublox_msgs__rosidl_typesupport_fastrtps_cpp.dir/rosidl_typesupport_fastrtps_cpp/ublox_msgs/msg/detail/dds_fastrtps/cfg_tmode3__type_support.cpp.o[0m
[39.017s] [ 53%] [32mBuilding CXX object CMakeFiles/ublox_msgs__rosidl_typesupport_fastrtps_c.dir/rosidl_typesupport_fastrtps_c/ublox_msgs/msg/detail/aid_hui__type_support_c.cpp.o[0m
[39.022s] [ 53%] [32mBuilding CXX object CMakeFiles/ublox_msgs__rosidl_typesupport_fastrtps_cpp.dir/rosidl_typesupport_fastrtps_cpp/ublox_msgs/msg/detail/dds_fastrtps/cfg_usb__type_support.cpp.o[0m
[39.034s] [ 53%] [32mBuilding CXX object CMakeFiles/ublox_msgs__rosidl_typesupport_fastrtps_c.dir/rosidl_typesupport_fastrtps_c/ublox_msgs/msg/detail/cfg_ant__type_support_c.cpp.o[0m
[39.057s] [ 53%] [32mBuilding CXX object CMakeFiles/ublox_msgs__rosidl_typesupport_fastrtps_cpp.dir/rosidl_typesupport_fastrtps_cpp/ublox_msgs/msg/detail/dds_fastrtps/esf_meas__type_support.cpp.o[0m
[39.060s] [ 53%] [32mBuilding CXX object CMakeFiles/ublox_msgs__rosidl_typesupport_fastrtps_cpp.dir/rosidl_typesupport_fastrtps_cpp/ublox_msgs/msg/detail/dds_fastrtps/esf_ins__type_support.cpp.o[0m
[39.071s] [ 53%] [32mBuilding C object CMakeFiles/ublox_msgs__rosidl_typesupport_introspection_c.dir/rosidl_typesupport_introspection_c/ublox_msgs/msg/detail/mon_hw__type_support.c.o[0m
[39.082s] [ 53%] [32mBuilding CXX object CMakeFiles/ublox_msgs__rosidl_typesupport_introspection_cpp.dir/rosidl_typesupport_introspection_cpp/ublox_msgs/msg/detail/esf_status_sens__type_support.cpp.o[0m
[39.250s] [ 53%] [32mBuilding C object CMakeFiles/ublox_msgs__rosidl_typesupport_introspection_c.dir/rosidl_typesupport_introspection_c/ublox_msgs/msg/detail/mon_ver_extension__type_support.c.o[0m
[39.316s] [ 53%] [32mBuilding C object CMakeFiles/ublox_msgs__rosidl_typesupport_introspection_c.dir/rosidl_typesupport_introspection_c/ublox_msgs/msg/detail/mon_ver__type_support.c.o[0m
[39.336s] [ 53%] [32mBuilding CXX object CMakeFiles/ublox_msgs__rosidl_typesupport_introspection_cpp.dir/rosidl_typesupport_introspection_cpp/ublox_msgs/msg/detail/hnr_pvt__type_support.cpp.o[0m
[39.421s] [ 53%] [32mBuilding CXX object CMakeFiles/ublox_msgs__rosidl_typesupport_introspection_cpp.dir/rosidl_typesupport_introspection_cpp/ublox_msgs/msg/detail/inf__type_support.cpp.o[0m
[39.435s] [ 54%] [32mBuilding C object CMakeFiles/ublox_msgs__rosidl_typesupport_introspection_c.dir/rosidl_typesupport_introspection_c/ublox_msgs/msg/detail/nav_att__type_support.c.o[0m
[39.483s] [ 54%] [32mBuilding CXX object CMakeFiles/ublox_msgs__rosidl_typesupport_fastrtps_cpp.dir/rosidl_typesupport_fastrtps_cpp/ublox_msgs/msg/detail/dds_fastrtps/esf_raw_block__type_support.cpp.o[0m
[39.502s] [ 54%] [32mBuilding C object CMakeFiles/ublox_msgs__rosidl_typesupport_introspection_c.dir/rosidl_typesupport_introspection_c/ublox_msgs/msg/detail/nav_clock__type_support.c.o[0m
[39.512s] [ 55%] [32mBuilding CXX object CMakeFiles/ublox_msgs__rosidl_typesupport_fastrtps_cpp.dir/rosidl_typesupport_fastrtps_cpp/ublox_msgs/msg/detail/dds_fastrtps/esf_raw__type_support.cpp.o[0m
[39.513s] [ 55%] [32mBuilding CXX object CMakeFiles/ublox_msgs__rosidl_typesupport_fastrtps_c.dir/rosidl_typesupport_fastrtps_c/ublox_msgs/msg/detail/cfg_cfg__type_support_c.cpp.o[0m
[39.514s] [ 56%] [32mBuilding CXX object CMakeFiles/ublox_msgs__rosidl_typesupport_fastrtps_c.dir/rosidl_typesupport_fastrtps_c/ublox_msgs/msg/detail/cfg_dat__type_support_c.cpp.o[0m
[39.515s] [ 56%] [32mBuilding CXX object CMakeFiles/ublox_msgs__rosidl_typesupport_introspection_cpp.dir/rosidl_typesupport_introspection_cpp/ublox_msgs/msg/detail/mga_gal__type_support.cpp.o[0m
[39.522s] [ 56%] [32mBuilding CXX object CMakeFiles/ublox_msgs__rosidl_typesupport_fastrtps_cpp.dir/rosidl_typesupport_fastrtps_cpp/ublox_msgs/msg/detail/dds_fastrtps/esf_status__type_support.cpp.o[0m
[39.539s] [ 56%] [32mBuilding CXX object CMakeFiles/ublox_msgs__rosidl_typesupport_fastrtps_cpp.dir/rosidl_typesupport_fastrtps_cpp/ublox_msgs/msg/detail/dds_fastrtps/esf_status_sens__type_support.cpp.o[0m
[39.552s] [ 56%] [32mBuilding C object CMakeFiles/ublox_msgs__rosidl_typesupport_introspection_c.dir/rosidl_typesupport_introspection_c/ublox_msgs/msg/detail/nav_dgps__type_support.c.o[0m
[39.605s] [ 56%] [32mBuilding CXX object CMakeFiles/ublox_msgs__rosidl_typesupport_introspection_cpp.dir/rosidl_typesupport_introspection_cpp/ublox_msgs/msg/detail/mon_gnss__type_support.cpp.o[0m
[39.607s] [ 56%] [32mBuilding CXX object CMakeFiles/ublox_msgs__rosidl_typesupport_fastrtps_cpp.dir/rosidl_typesupport_fastrtps_cpp/ublox_msgs/msg/detail/dds_fastrtps/hnr_pvt__type_support.cpp.o[0m
[39.610s] [ 57%] [32mBuilding CXX object CMakeFiles/ublox_msgs__rosidl_typesupport_introspection_cpp.dir/rosidl_typesupport_introspection_cpp/ublox_msgs/msg/detail/mon_hw6__type_support.cpp.o[0m
[39.611s] [ 57%] [32mBuilding C object CMakeFiles/ublox_msgs__rosidl_typesupport_introspection_c.dir/rosidl_typesupport_introspection_c/ublox_msgs/msg/detail/nav_dgpssv__type_support.c.o[0m
[39.637s] [ 57%] [32mBuilding CXX object CMakeFiles/ublox_msgs__rosidl_typesupport_introspection_cpp.dir/rosidl_typesupport_introspection_cpp/ublox_msgs/msg/detail/mon_hw__type_support.cpp.o[0m
[39.660s] [ 57%] [32mBuilding CXX object CMakeFiles/ublox_msgs__rosidl_typesupport_introspection_cpp.dir/rosidl_typesupport_introspection_cpp/ublox_msgs/msg/detail/mon_ver_extension__type_support.cpp.o[0m
[39.693s] [ 57%] [32mBuilding C object CMakeFiles/ublox_msgs__rosidl_typesupport_introspection_c.dir/rosidl_typesupport_introspection_c/ublox_msgs/msg/detail/nav_dop__type_support.c.o[0m
[39.718s] [ 57%] [32mBuilding C object CMakeFiles/ublox_msgs__rosidl_typesupport_introspection_c.dir/rosidl_typesupport_introspection_c/ublox_msgs/msg/detail/nav_posecef__type_support.c.o[0m
[39.770s] [ 57%] [32mBuilding CXX object CMakeFiles/ublox_msgs__rosidl_typesupport_fastrtps_cpp.dir/rosidl_typesupport_fastrtps_cpp/ublox_msgs/msg/detail/dds_fastrtps/inf__type_support.cpp.o[0m
[39.822s] [ 58%] [32mBuilding C object CMakeFiles/ublox_msgs__rosidl_typesupport_introspection_c.dir/rosidl_typesupport_introspection_c/ublox_msgs/msg/detail/nav_posllh__type_support.c.o[0m
[39.876s] [ 58%] [32mBuilding CXX object CMakeFiles/ublox_msgs__rosidl_typesupport_introspection_cpp.dir/rosidl_typesupport_introspection_cpp/ublox_msgs/msg/detail/mon_ver__type_support.cpp.o[0m
[39.971s] [ 58%] [32mBuilding C object CMakeFiles/ublox_msgs__rosidl_typesupport_introspection_c.dir/rosidl_typesupport_introspection_c/ublox_msgs/msg/detail/nav_pvt7__type_support.c.o[0m
[39.980s] [ 58%] [32mBuilding CXX object CMakeFiles/ublox_msgs__rosidl_typesupport_fastrtps_c.dir/rosidl_typesupport_fastrtps_c/ublox_msgs/msg/detail/cfg_dgnss__type_support_c.cpp.o[0m
[39.983s] [ 58%] [32mBuilding CXX object CMakeFiles/ublox_msgs__rosidl_typesupport_fastrtps_c.dir/rosidl_typesupport_fastrtps_c/ublox_msgs/msg/detail/cfg_gnss_block__type_support_c.cpp.o[0m
[39.993s] [ 58%] [32mBuilding CXX object CMakeFiles/ublox_msgs__rosidl_typesupport_introspection_cpp.dir/rosidl_typesupport_introspection_cpp/ublox_msgs/msg/detail/nav_att__type_support.cpp.o[0m
[40.038s] [ 58%] [32mBuilding CXX object CMakeFiles/ublox_msgs__rosidl_typesupport_fastrtps_cpp.dir/rosidl_typesupport_fastrtps_cpp/ublox_msgs/msg/detail/dds_fastrtps/mga_gal__type_support.cpp.o[0m
[40.039s] [ 58%] [32mBuilding C object CMakeFiles/ublox_msgs__rosidl_typesupport_introspection_c.dir/rosidl_typesupport_introspection_c/ublox_msgs/msg/detail/nav_pvt__type_support.c.o[0m
[40.053s] [ 58%] [32mBuilding CXX object CMakeFiles/ublox_msgs__rosidl_typesupport_introspection_cpp.dir/rosidl_typesupport_introspection_cpp/ublox_msgs/msg/detail/nav_clock__type_support.cpp.o[0m
[40.103s] [ 59%] [32mBuilding CXX object CMakeFiles/ublox_msgs__rosidl_typesupport_fastrtps_cpp.dir/rosidl_typesupport_fastrtps_cpp/ublox_msgs/msg/detail/dds_fastrtps/mon_gnss__type_support.cpp.o[0m
[40.130s] [ 59%] [32mBuilding C object CMakeFiles/ublox_msgs__rosidl_typesupport_introspection_c.dir/rosidl_typesupport_introspection_c/ublox_msgs/msg/detail/nav_relposned9__type_support.c.o[0m
[40.139s] [ 60%] [32mBuilding CXX object CMakeFiles/ublox_msgs__rosidl_typesupport_introspection_cpp.dir/rosidl_typesupport_introspection_cpp/ublox_msgs/msg/detail/nav_dgps__type_support.cpp.o[0m
[40.180s] [ 60%] [32mBuilding CXX object CMakeFiles/ublox_msgs__rosidl_typesupport_introspection_cpp.dir/rosidl_typesupport_introspection_cpp/ublox_msgs/msg/detail/nav_dgpssv__type_support.cpp.o[0m
[40.187s] [ 60%] [32mBuilding CXX object CMakeFiles/ublox_msgs__rosidl_typesupport_fastrtps_cpp.dir/rosidl_typesupport_fastrtps_cpp/ublox_msgs/msg/detail/dds_fastrtps/mon_hw6__type_support.cpp.o[0m
[40.192s] [ 60%] [32mBuilding CXX object CMakeFiles/ublox_msgs__rosidl_typesupport_fastrtps_cpp.dir/rosidl_typesupport_fastrtps_cpp/ublox_msgs/msg/detail/dds_fastrtps/mon_hw__type_support.cpp.o[0m
[40.192s] [ 60%] [32mBuilding CXX object CMakeFiles/ublox_msgs__rosidl_typesupport_introspection_cpp.dir/rosidl_typesupport_introspection_cpp/ublox_msgs/msg/detail/nav_dop__type_support.cpp.o[0m
[40.203s] [ 60%] [32mBuilding C object CMakeFiles/ublox_msgs__rosidl_typesupport_introspection_c.dir/rosidl_typesupport_introspection_c/ublox_msgs/msg/detail/nav_relposned__type_support.c.o[0m
[40.223s] [ 60%] [32mBuilding CXX object CMakeFiles/ublox_msgs__rosidl_typesupport_introspection_cpp.dir/rosidl_typesupport_introspection_cpp/ublox_msgs/msg/detail/nav_posecef__type_support.cpp.o[0m
[40.249s] [ 60%] [32mBuilding C object CMakeFiles/ublox_msgs__rosidl_typesupport_introspection_c.dir/rosidl_typesupport_introspection_c/ublox_msgs/msg/detail/nav_sat__type_support.c.o[0m
[40.278s] [ 60%] [32mBuilding CXX object CMakeFiles/ublox_msgs__rosidl_typesupport_introspection_cpp.dir/rosidl_typesupport_introspection_cpp/ublox_msgs/msg/detail/nav_posllh__type_support.cpp.o[0m
[40.398s] [ 60%] [32mBuilding C object CMakeFiles/ublox_msgs__rosidl_typesupport_introspection_c.dir/rosidl_typesupport_introspection_c/ublox_msgs/msg/detail/nav_satsv__type_support.c.o[0m
[40.444s] [ 60%] [32mBuilding CXX object CMakeFiles/ublox_msgs__rosidl_typesupport_introspection_cpp.dir/rosidl_typesupport_introspection_cpp/ublox_msgs/msg/detail/nav_pvt7__type_support.cpp.o[0m
[40.460s] [ 61%] [32mBuilding CXX object CMakeFiles/ublox_msgs__rosidl_typesupport_introspection_cpp.dir/rosidl_typesupport_introspection_cpp/ublox_msgs/msg/detail/nav_pvt__type_support.cpp.o[0m
[40.463s] [ 62%] [32mBuilding C object CMakeFiles/ublox_msgs__rosidl_typesupport_introspection_c.dir/rosidl_typesupport_introspection_c/ublox_msgs/msg/detail/nav_sbas__type_support.c.o[0m
[40.505s] [ 62%] [32mBuilding CXX object CMakeFiles/ublox_msgs__rosidl_typesupport_fastrtps_cpp.dir/rosidl_typesupport_fastrtps_cpp/ublox_msgs/msg/detail/dds_fastrtps/mon_ver_extension__type_support.cpp.o[0m
[40.525s] [ 62%] [32mBuilding C object CMakeFiles/ublox_msgs__rosidl_typesupport_introspection_c.dir/rosidl_typesupport_introspection_c/ublox_msgs/msg/detail/nav_sbassv__type_support.c.o[0m
[40.525s] [ 62%] [32mBuilding CXX object CMakeFiles/ublox_msgs__rosidl_typesupport_fastrtps_c.dir/rosidl_typesupport_fastrtps_c/ublox_msgs/msg/detail/cfg_gnss__type_support_c.cpp.o[0m
[40.545s] [ 62%] [32mBuilding CXX object CMakeFiles/ublox_msgs__rosidl_typesupport_fastrtps_cpp.dir/rosidl_typesupport_fastrtps_cpp/ublox_msgs/msg/detail/dds_fastrtps/mon_ver__type_support.cpp.o[0m
[40.594s] [ 62%] [32mBuilding CXX object CMakeFiles/ublox_msgs__rosidl_typesupport_introspection_cpp.dir/rosidl_typesupport_introspection_cpp/ublox_msgs/msg/detail/nav_relposned9__type_support.cpp.o[0m
[40.607s] [ 62%] [32mBuilding CXX object CMakeFiles/ublox_msgs__rosidl_typesupport_fastrtps_cpp.dir/rosidl_typesupport_fastrtps_cpp/ublox_msgs/msg/detail/dds_fastrtps/nav_att__type_support.cpp.o[0m
[40.634s] [ 62%] [32mBuilding C object CMakeFiles/ublox_msgs__rosidl_typesupport_introspection_c.dir/rosidl_typesupport_introspection_c/ublox_msgs/msg/detail/nav_sol__type_support.c.o[0m
[40.662s] [ 62%] [32mBuilding CXX object CMakeFiles/ublox_msgs__rosidl_typesupport_fastrtps_cpp.dir/rosidl_typesupport_fastrtps_cpp/ublox_msgs/msg/detail/dds_fastrtps/nav_clock__type_support.cpp.o[0m
[40.727s] [ 63%] [32mBuilding CXX object CMakeFiles/ublox_msgs__rosidl_typesupport_fastrtps_cpp.dir/rosidl_typesupport_fastrtps_cpp/ublox_msgs/msg/detail/dds_fastrtps/nav_dgps__type_support.cpp.o[0m
[40.727s] [ 63%] [32mBuilding CXX object CMakeFiles/ublox_msgs__rosidl_typesupport_introspection_cpp.dir/rosidl_typesupport_introspection_cpp/ublox_msgs/msg/detail/nav_relposned__type_support.cpp.o[0m
[40.731s] [ 63%] [32mBuilding CXX object CMakeFiles/ublox_msgs__rosidl_typesupport_introspection_cpp.dir/rosidl_typesupport_introspection_cpp/ublox_msgs/msg/detail/nav_sat__type_support.cpp.o[0m
[40.739s] [ 63%] [32mBuilding C object CMakeFiles/ublox_msgs__rosidl_typesupport_introspection_c.dir/rosidl_typesupport_introspection_c/ublox_msgs/msg/detail/nav_status__type_support.c.o[0m
[40.784s] [ 63%] [32mBuilding CXX object CMakeFiles/ublox_msgs__rosidl_typesupport_introspection_cpp.dir/rosidl_typesupport_introspection_cpp/ublox_msgs/msg/detail/nav_satsv__type_support.cpp.o[0m
[40.799s] [ 63%] [32mBuilding CXX object CMakeFiles/ublox_msgs__rosidl_typesupport_introspection_cpp.dir/rosidl_typesupport_introspection_cpp/ublox_msgs/msg/detail/nav_sbas__type_support.cpp.o[0m
[40.817s] [ 63%] [32mBuilding C object CMakeFiles/ublox_msgs__rosidl_typesupport_introspection_c.dir/rosidl_typesupport_introspection_c/ublox_msgs/msg/detail/nav_svinfo__type_support.c.o[0m
[40.830s] [ 63%] [32mBuilding CXX object CMakeFiles/ublox_msgs__rosidl_typesupport_fastrtps_cpp.dir/rosidl_typesupport_fastrtps_cpp/ublox_msgs/msg/detail/dds_fastrtps/nav_dgpssv__type_support.cpp.o[0m
[40.878s] [ 63%] [32mBuilding CXX object CMakeFiles/ublox_msgs__rosidl_typesupport_introspection_cpp.dir/rosidl_typesupport_introspection_cpp/ublox_msgs/msg/detail/nav_sbassv__type_support.cpp.o[0m
[40.927s] [ 63%] [32mBuilding C object CMakeFiles/ublox_msgs__rosidl_typesupport_introspection_c.dir/rosidl_typesupport_introspection_c/ublox_msgs/msg/detail/nav_svinfosv__type_support.c.o[0m
[40.992s] [ 64%] [32mBuilding CXX object CMakeFiles/ublox_msgs__rosidl_typesupport_introspection_cpp.dir/rosidl_typesupport_introspection_cpp/ublox_msgs/msg/detail/nav_sol__type_support.cpp.o[0m
[41.005s] [ 64%] [32mBuilding CXX object CMakeFiles/ublox_msgs__rosidl_typesupport_fastrtps_c.dir/rosidl_typesupport_fastrtps_c/ublox_msgs/msg/detail/cfg_hnr__type_support_c.cpp.o[0m
[41.023s] [ 65%] [32mBuilding C object CMakeFiles/ublox_msgs__rosidl_typesupport_introspection_c.dir/rosidl_typesupport_introspection_c/ublox_msgs/msg/detail/nav_svin__type_support.c.o[0m
[41.053s] [ 65%] [32mBuilding CXX object CMakeFiles/ublox_msgs__rosidl_typesupport_fastrtps_cpp.dir/rosidl_typesupport_fastrtps_cpp/ublox_msgs/msg/detail/dds_fastrtps/nav_dop__type_support.cpp.o[0m
[41.058s] [ 65%] [32mBuilding CXX object CMakeFiles/ublox_msgs__rosidl_typesupport_fastrtps_c.dir/rosidl_typesupport_fastrtps_c/ublox_msgs/msg/detail/cfg_inf_block__type_support_c.cpp.o[0m
[41.098s] [ 65%] [32mBuilding C object CMakeFiles/ublox_msgs__rosidl_typesupport_introspection_c.dir/rosidl_typesupport_introspection_c/ublox_msgs/msg/detail/nav_timegps__type_support.c.o[0m
[41.149s] [ 65%] [32mBuilding C object CMakeFiles/ublox_msgs__rosidl_typesupport_introspection_c.dir/rosidl_typesupport_introspection_c/ublox_msgs/msg/detail/nav_timeutc__type_support.c.o[0m
[41.177s] [ 65%] [32mBuilding CXX object CMakeFiles/ublox_msgs__rosidl_typesupport_fastrtps_cpp.dir/rosidl_typesupport_fastrtps_cpp/ublox_msgs/msg/detail/dds_fastrtps/nav_posecef__type_support.cpp.o[0m
[41.190s] [ 65%] [32mBuilding CXX object CMakeFiles/ublox_msgs__rosidl_typesupport_introspection_cpp.dir/rosidl_typesupport_introspection_cpp/ublox_msgs/msg/detail/nav_status__type_support.cpp.o[0m
[41.229s] [ 65%] [32mBuilding C object CMakeFiles/ublox_msgs__rosidl_typesupport_introspection_c.dir/rosidl_typesupport_introspection_c/ublox_msgs/msg/detail/nav_velecef__type_support.c.o[0m
[41.247s] [ 65%] [32mBuilding CXX object CMakeFiles/ublox_msgs__rosidl_typesupport_fastrtps_cpp.dir/rosidl_typesupport_fastrtps_cpp/ublox_msgs/msg/detail/dds_fastrtps/nav_posllh__type_support.cpp.o[0m
[41.252s] [ 65%] [32mBuilding CXX object CMakeFiles/ublox_msgs__rosidl_typesupport_fastrtps_cpp.dir/rosidl_typesupport_fastrtps_cpp/ublox_msgs/msg/detail/dds_fastrtps/nav_pvt7__type_support.cpp.o[0m
[41.264s] [ 65%] [32mBuilding CXX object CMakeFiles/ublox_msgs__rosidl_typesupport_introspection_cpp.dir/rosidl_typesupport_introspection_cpp/ublox_msgs/msg/detail/nav_svinfo__type_support.cpp.o[0m
[41.328s] [ 65%] [32mBuilding C object CMakeFiles/ublox_msgs__rosidl_typesupport_introspection_c.dir/rosidl_typesupport_introspection_c/ublox_msgs/msg/detail/nav_velned__type_support.c.o[0m
[41.328s] [ 65%] [32mBuilding CXX object CMakeFiles/ublox_msgs__rosidl_typesupport_introspection_cpp.dir/rosidl_typesupport_introspection_cpp/ublox_msgs/msg/detail/nav_svinfosv__type_support.cpp.o[0m
[41.343s] [ 65%] [32mBuilding C object CMakeFiles/ublox_msgs__rosidl_typesupport_introspection_c.dir/rosidl_typesupport_introspection_c/ublox_msgs/msg/detail/rxm_alm__type_support.c.o[0m
[41.382s] [ 65%] [32mBuilding CXX object CMakeFiles/ublox_msgs__rosidl_typesupport_introspection_cpp.dir/rosidl_typesupport_introspection_cpp/ublox_msgs/msg/detail/nav_svin__type_support.cpp.o[0m
[41.397s] [ 65%] [32mBuilding CXX object CMakeFiles/ublox_msgs__rosidl_typesupport_introspection_cpp.dir/rosidl_typesupport_introspection_cpp/ublox_msgs/msg/detail/nav_timegps__type_support.cpp.o[0m
[41.403s] [ 66%] [32mBuilding C object CMakeFiles/ublox_msgs__rosidl_typesupport_introspection_c.dir/rosidl_typesupport_introspection_c/ublox_msgs/msg/detail/rxm_eph__type_support.c.o[0m
[41.414s] [ 67%] [32mBuilding CXX object CMakeFiles/ublox_msgs__rosidl_typesupport_introspection_cpp.dir/rosidl_typesupport_introspection_cpp/ublox_msgs/msg/detail/nav_timeutc__type_support.cpp.o[0m
[41.432s] [ 68%] [32mBuilding CXX object CMakeFiles/ublox_msgs__rosidl_typesupport_fastrtps_cpp.dir/rosidl_typesupport_fastrtps_cpp/ublox_msgs/msg/detail/dds_fastrtps/nav_pvt__type_support.cpp.o[0m
[41.474s] [ 68%] [32mBuilding C object CMakeFiles/ublox_msgs__rosidl_typesupport_introspection_c.dir/rosidl_typesupport_introspection_c/ublox_msgs/msg/detail/rxm_raw__type_support.c.o[0m
[41.488s] [ 68%] [32mBuilding C object CMakeFiles/ublox_msgs__rosidl_typesupport_introspection_c.dir/rosidl_typesupport_introspection_c/ublox_msgs/msg/detail/rxm_rawsv__type_support.c.o[0m
[41.499s] [ 68%] [32mBuilding CXX object CMakeFiles/ublox_msgs__rosidl_typesupport_introspection_cpp.dir/rosidl_typesupport_introspection_cpp/ublox_msgs/msg/detail/nav_velecef__type_support.cpp.o[0m
[41.527s] [ 68%] [32mBuilding C object CMakeFiles/ublox_msgs__rosidl_typesupport_introspection_c.dir/rosidl_typesupport_introspection_c/ublox_msgs/msg/detail/rxm_rawx_meas__type_support.c.o[0m
[41.551s] [ 68%] [32mBuilding CXX object CMakeFiles/ublox_msgs__rosidl_typesupport_introspection_cpp.dir/rosidl_typesupport_introspection_cpp/ublox_msgs/msg/detail/nav_velned__type_support.cpp.o[0m
[41.567s] [ 68%] [32mBuilding CXX object CMakeFiles/ublox_msgs__rosidl_typesupport_fastrtps_c.dir/rosidl_typesupport_fastrtps_c/ublox_msgs/msg/detail/cfg_inf__type_support_c.cpp.o[0m
[41.607s] [ 68%] [32mBuilding CXX object CMakeFiles/ublox_msgs__rosidl_typesupport_introspection_cpp.dir/rosidl_typesupport_introspection_cpp/ublox_msgs/msg/detail/rxm_alm__type_support.cpp.o[0m
[41.631s] [ 68%] [32mBuilding C object CMakeFiles/ublox_msgs__rosidl_typesupport_introspection_c.dir/rosidl_typesupport_introspection_c/ublox_msgs/msg/detail/rxm_rawx__type_support.c.o[0m
[41.702s] [ 68%] [32mBuilding C object CMakeFiles/ublox_msgs__rosidl_typesupport_introspection_c.dir/rosidl_typesupport_introspection_c/ublox_msgs/msg/detail/rxm_rtcm__type_support.c.o[0m
[41.714s] [ 69%] [32mBuilding CXX object CMakeFiles/ublox_msgs__rosidl_typesupport_fastrtps_c.dir/rosidl_typesupport_fastrtps_c/ublox_msgs/msg/detail/cfg_msg__type_support_c.cpp.o[0m
[41.750s] [ 69%] [32mBuilding C object CMakeFiles/ublox_msgs__rosidl_typesupport_introspection_c.dir/rosidl_typesupport_introspection_c/ublox_msgs/msg/detail/rxm_sfrb__type_support.c.o[0m
[41.773s] [ 69%] [32mBuilding CXX object CMakeFiles/ublox_msgs__rosidl_typesupport_introspection_cpp.dir/rosidl_typesupport_introspection_cpp/ublox_msgs/msg/detail/rxm_eph__type_support.cpp.o[0m
[41.791s] [ 70%] [32mBuilding C object CMakeFiles/ublox_msgs__rosidl_typesupport_introspection_c.dir/rosidl_typesupport_introspection_c/ublox_msgs/msg/detail/rxm_sfrbx__type_support.c.o[0m
[41.827s] [ 70%] [32mBuilding C object CMakeFiles/ublox_msgs__rosidl_typesupport_introspection_c.dir/rosidl_typesupport_introspection_c/ublox_msgs/msg/detail/rxm_svsi__type_support.c.o[0m
[41.835s] [ 70%] [32mBuilding CXX object CMakeFiles/ublox_msgs__rosidl_typesupport_fastrtps_cpp.dir/rosidl_typesupport_fastrtps_cpp/ublox_msgs/msg/detail/dds_fastrtps/nav_relposned9__type_support.cpp.o[0m
[41.846s] [ 70%] [32mBuilding CXX object CMakeFiles/ublox_msgs__rosidl_typesupport_fastrtps_c.dir/rosidl_typesupport_fastrtps_c/ublox_msgs/msg/detail/cfg_nav5__type_support_c.cpp.o[0m
[41.853s] [ 70%] [32mBuilding CXX object CMakeFiles/ublox_msgs__rosidl_typesupport_introspection_cpp.dir/rosidl_typesupport_introspection_cpp/ublox_msgs/msg/detail/rxm_raw__type_support.cpp.o[0m
[41.904s] [ 70%] [32mBuilding C object CMakeFiles/ublox_msgs__rosidl_typesupport_introspection_c.dir/rosidl_typesupport_introspection_c/ublox_msgs/msg/detail/rxm_svsisv__type_support.c.o[0m
[41.915s] [ 70%] [32mBuilding C object CMakeFiles/ublox_msgs__rosidl_typesupport_introspection_c.dir/rosidl_typesupport_introspection_c/ublox_msgs/msg/detail/tim_tm2__type_support.c.o[0m
[41.925s] [ 70%] [32mBuilding CXX object CMakeFiles/ublox_msgs__rosidl_typesupport_introspection_cpp.dir/rosidl_typesupport_introspection_cpp/ublox_msgs/msg/detail/rxm_rawsv__type_support.cpp.o[0m
[41.937s] [ 70%] [32mBuilding C object CMakeFiles/ublox_msgs__rosidl_typesupport_introspection_c.dir/rosidl_typesupport_introspection_c/ublox_msgs/msg/detail/upd_sos_ack__type_support.c.o[0m
[41.966s] [ 70%] [32mBuilding C object CMakeFiles/ublox_msgs__rosidl_typesupport_introspection_c.dir/rosidl_typesupport_introspection_c/ublox_msgs/msg/detail/upd_sos__type_support.c.o[0m
[41.970s] [ 71%] [32mBuilding CXX object CMakeFiles/ublox_msgs__rosidl_typesupport_introspection_cpp.dir/rosidl_typesupport_introspection_cpp/ublox_msgs/msg/detail/rxm_rawx_meas__type_support.cpp.o[0m
[41.974s] [ 71%] [32mBuilding CXX object CMakeFiles/ublox_msgs__rosidl_typesupport_fastrtps_cpp.dir/rosidl_typesupport_fastrtps_cpp/ublox_msgs/msg/detail/dds_fastrtps/nav_relposned__type_support.cpp.o[0m
[41.998s] [ 71%] [32mBuilding CXX object CMakeFiles/ublox_msgs__rosidl_typesupport_fastrtps_cpp.dir/rosidl_typesupport_fastrtps_cpp/ublox_msgs/msg/detail/dds_fastrtps/nav_sat__type_support.cpp.o[0m
[42.023s] [ 71%] [32mBuilding CXX object CMakeFiles/ublox_msgs__rosidl_typesupport_fastrtps_cpp.dir/rosidl_typesupport_fastrtps_cpp/ublox_msgs/msg/detail/dds_fastrtps/nav_satsv__type_support.cpp.o[0m
[42.023s] [ 71%] [32mBuilding CXX object CMakeFiles/ublox_msgs__rosidl_typesupport_introspection_cpp.dir/rosidl_typesupport_introspection_cpp/ublox_msgs/msg/detail/rxm_rawx__type_support.cpp.o[0m
[42.040s] [ 71%] [32mBuilding CXX object CMakeFiles/ublox_msgs__rosidl_typesupport_fastrtps_c.dir/rosidl_typesupport_fastrtps_c/ublox_msgs/msg/detail/cfg_navx5__type_support_c.cpp.o[0m
[42.054s] [ 72%] [32m[1mLinking C shared library libublox_msgs__rosidl_typesupport_introspection_c.so[0m
[42.054s] [ 72%] [32mBuilding CXX object CMakeFiles/ublox_msgs__rosidl_typesupport_introspection_cpp.dir/rosidl_typesupport_introspection_cpp/ublox_msgs/msg/detail/rxm_rtcm__type_support.cpp.o[0m
[42.161s] [ 72%] [32mBuilding CXX object CMakeFiles/ublox_msgs__rosidl_typesupport_fastrtps_c.dir/rosidl_typesupport_fastrtps_c/ublox_msgs/msg/detail/cfg_nmea6__type_support_c.cpp.o[0m
[42.161s] [ 72%] Built target ublox_msgs__rosidl_typesupport_introspection_c
[42.184s] [ 72%] [32mBuilding CXX object CMakeFiles/ublox_msgs__rosidl_typesupport_introspection_cpp.dir/rosidl_typesupport_introspection_cpp/ublox_msgs/msg/detail/rxm_sfrb__type_support.cpp.o[0m
[42.231s] [ 72%] [32mBuilding CXX object CMakeFiles/ublox_msgs__rosidl_typesupport_fastrtps_c.dir/rosidl_typesupport_fastrtps_c/ublox_msgs/msg/detail/cfg_nmea7__type_support_c.cpp.o[0m
[42.265s] [ 72%] [32mBuilding CXX object CMakeFiles/ublox_msgs__rosidl_typesupport_fastrtps_cpp.dir/rosidl_typesupport_fastrtps_cpp/ublox_msgs/msg/detail/dds_fastrtps/nav_sbas__type_support.cpp.o[0m
[42.308s] [ 72%] [32mBuilding CXX object CMakeFiles/ublox_msgs__rosidl_typesupport_fastrtps_c.dir/rosidl_typesupport_fastrtps_c/ublox_msgs/msg/detail/cfg_nmea__type_support_c.cpp.o[0m
[42.358s] [ 72%] [32mBuilding CXX object CMakeFiles/ublox_msgs__rosidl_typesupport_introspection_cpp.dir/rosidl_typesupport_introspection_cpp/ublox_msgs/msg/detail/rxm_sfrbx__type_support.cpp.o[0m
[42.423s] [ 72%] [32mBuilding CXX object CMakeFiles/ublox_msgs__rosidl_typesupport_fastrtps_cpp.dir/rosidl_typesupport_fastrtps_cpp/ublox_msgs/msg/detail/dds_fastrtps/nav_sbassv__type_support.cpp.o[0m
[42.467s] [ 72%] [32mBuilding CXX object CMakeFiles/ublox_msgs__rosidl_typesupport_introspection_cpp.dir/rosidl_typesupport_introspection_cpp/ublox_msgs/msg/detail/rxm_svsi__type_support.cpp.o[0m
[42.473s] [ 73%] [32mBuilding CXX object CMakeFiles/ublox_msgs__rosidl_typesupport_fastrtps_cpp.dir/rosidl_typesupport_fastrtps_cpp/ublox_msgs/msg/detail/dds_fastrtps/nav_sol__type_support.cpp.o[0m
[42.530s] [ 73%] [32mBuilding CXX object CMakeFiles/ublox_msgs__rosidl_typesupport_fastrtps_cpp.dir/rosidl_typesupport_fastrtps_cpp/ublox_msgs/msg/detail/dds_fastrtps/nav_status__type_support.cpp.o[0m
[42.564s] [ 74%] [32mBuilding CXX object CMakeFiles/ublox_msgs__rosidl_typesupport_introspection_cpp.dir/rosidl_typesupport_introspection_cpp/ublox_msgs/msg/detail/rxm_svsisv__type_support.cpp.o[0m
[42.575s] [ 74%] [32mBuilding CXX object CMakeFiles/ublox_msgs__rosidl_typesupport_fastrtps_cpp.dir/rosidl_typesupport_fastrtps_cpp/ublox_msgs/msg/detail/dds_fastrtps/nav_svinfo__type_support.cpp.o[0m
[42.614s] [ 74%] [32mBuilding CXX object CMakeFiles/ublox_msgs__rosidl_typesupport_introspection_cpp.dir/rosidl_typesupport_introspection_cpp/ublox_msgs/msg/detail/tim_tm2__type_support.cpp.o[0m
[42.636s] [ 74%] [32mBuilding CXX object CMakeFiles/ublox_msgs__rosidl_typesupport_fastrtps_cpp.dir/rosidl_typesupport_fastrtps_cpp/ublox_msgs/msg/detail/dds_fastrtps/nav_svinfosv__type_support.cpp.o[0m
[42.651s] [ 74%] [32mBuilding CXX object CMakeFiles/ublox_msgs__rosidl_typesupport_fastrtps_cpp.dir/rosidl_typesupport_fastrtps_cpp/ublox_msgs/msg/detail/dds_fastrtps/nav_svin__type_support.cpp.o[0m
[42.709s] [ 74%] [32mBuilding CXX object CMakeFiles/ublox_msgs__rosidl_typesupport_fastrtps_cpp.dir/rosidl_typesupport_fastrtps_cpp/ublox_msgs/msg/detail/dds_fastrtps/nav_timegps__type_support.cpp.o[0m
[42.718s] [ 75%] [32mBuilding CXX object CMakeFiles/ublox_msgs__rosidl_typesupport_fastrtps_cpp.dir/rosidl_typesupport_fastrtps_cpp/ublox_msgs/msg/detail/dds_fastrtps/nav_timeutc__type_support.cpp.o[0m
[42.730s] [ 76%] [32mBuilding CXX object CMakeFiles/ublox_msgs__rosidl_typesupport_fastrtps_c.dir/rosidl_typesupport_fastrtps_c/ublox_msgs/msg/detail/cfg_prt__type_support_c.cpp.o[0m
[42.794s] [ 76%] [32mBuilding CXX object CMakeFiles/ublox_msgs__rosidl_typesupport_introspection_cpp.dir/rosidl_typesupport_introspection_cpp/ublox_msgs/msg/detail/upd_sos_ack__type_support.cpp.o[0m
[42.902s] [ 76%] [32mBuilding CXX object CMakeFiles/ublox_msgs__rosidl_typesupport_introspection_cpp.dir/rosidl_typesupport_introspection_cpp/ublox_msgs/msg/detail/upd_sos__type_support.cpp.o[0m
[42.928s] [ 76%] [32mBuilding CXX object CMakeFiles/ublox_msgs__rosidl_typesupport_fastrtps_cpp.dir/rosidl_typesupport_fastrtps_cpp/ublox_msgs/msg/detail/dds_fastrtps/nav_velecef__type_support.cpp.o[0m
[42.983s] [ 76%] [32mBuilding CXX object CMakeFiles/ublox_msgs__rosidl_typesupport_fastrtps_cpp.dir/rosidl_typesupport_fastrtps_cpp/ublox_msgs/msg/detail/dds_fastrtps/nav_velned__type_support.cpp.o[0m
[42.984s] [ 76%] [32mBuilding CXX object CMakeFiles/ublox_msgs__rosidl_typesupport_fastrtps_cpp.dir/rosidl_typesupport_fastrtps_cpp/ublox_msgs/msg/detail/dds_fastrtps/rxm_alm__type_support.cpp.o[0m
[43.055s] [ 76%] [32mBuilding CXX object CMakeFiles/ublox_msgs__rosidl_typesupport_fastrtps_c.dir/rosidl_typesupport_fastrtps_c/ublox_msgs/msg/detail/cfg_rate__type_support_c.cpp.o[0m
[43.099s] [ 76%] [32mBuilding CXX object CMakeFiles/ublox_msgs__rosidl_typesupport_fastrtps_c.dir/rosidl_typesupport_fastrtps_c/ublox_msgs/msg/detail/cfg_rst__type_support_c.cpp.o[0m
[43.103s] [ 76%] [32mBuilding CXX object CMakeFiles/ublox_msgs__rosidl_typesupport_fastrtps_cpp.dir/rosidl_typesupport_fastrtps_cpp/ublox_msgs/msg/detail/dds_fastrtps/rxm_eph__type_support.cpp.o[0m
[43.119s] [ 76%] [32mBuilding CXX object CMakeFiles/ublox_msgs__rosidl_typesupport_fastrtps_cpp.dir/rosidl_typesupport_fastrtps_cpp/ublox_msgs/msg/detail/dds_fastrtps/rxm_raw__type_support.cpp.o[0m
[43.179s] [ 77%] [32mBuilding CXX object CMakeFiles/ublox_msgs__rosidl_typesupport_fastrtps_cpp.dir/rosidl_typesupport_fastrtps_cpp/ublox_msgs/msg/detail/dds_fastrtps/rxm_rawsv__type_support.cpp.o[0m
[43.217s] [ 77%] [32mBuilding CXX object CMakeFiles/ublox_msgs__rosidl_typesupport_fastrtps_c.dir/rosidl_typesupport_fastrtps_c/ublox_msgs/msg/detail/cfg_sbas__type_support_c.cpp.o[0m
[43.231s] [ 77%] [32mBuilding CXX object CMakeFiles/ublox_msgs__rosidl_typesupport_fastrtps_cpp.dir/rosidl_typesupport_fastrtps_cpp/ublox_msgs/msg/detail/dds_fastrtps/rxm_rawx_meas__type_support.cpp.o[0m
[43.276s] [ 77%] [32mBuilding CXX object CMakeFiles/ublox_msgs__rosidl_typesupport_fastrtps_cpp.dir/rosidl_typesupport_fastrtps_cpp/ublox_msgs/msg/detail/dds_fastrtps/rxm_rawx__type_support.cpp.o[0m
[43.293s] [ 77%] [32mBuilding CXX object CMakeFiles/ublox_msgs__rosidl_typesupport_fastrtps_cpp.dir/rosidl_typesupport_fastrtps_cpp/ublox_msgs/msg/detail/dds_fastrtps/rxm_rtcm__type_support.cpp.o[0m
[43.299s] [ 77%] [32mBuilding CXX object CMakeFiles/ublox_msgs__rosidl_typesupport_fastrtps_c.dir/rosidl_typesupport_fastrtps_c/ublox_msgs/msg/detail/cfg_tmode3__type_support_c.cpp.o[0m
[43.304s] [ 77%] [32mBuilding CXX object CMakeFiles/ublox_msgs__rosidl_typesupport_fastrtps_cpp.dir/rosidl_typesupport_fastrtps_cpp/ublox_msgs/msg/detail/dds_fastrtps/rxm_sfrb__type_support.cpp.o[0m
[43.414s] [ 77%] [32mBuilding CXX object CMakeFiles/ublox_msgs__rosidl_typesupport_fastrtps_c.dir/rosidl_typesupport_fastrtps_c/ublox_msgs/msg/detail/cfg_usb__type_support_c.cpp.o[0m
[43.518s] [ 77%] [32mBuilding CXX object CMakeFiles/ublox_msgs__rosidl_typesupport_fastrtps_c.dir/rosidl_typesupport_fastrtps_c/ublox_msgs/msg/detail/esf_ins__type_support_c.cpp.o[0m
[43.524s] [ 77%] [32mBuilding CXX object CMakeFiles/ublox_msgs__rosidl_typesupport_fastrtps_cpp.dir/rosidl_typesupport_fastrtps_cpp/ublox_msgs/msg/detail/dds_fastrtps/rxm_sfrbx__type_support.cpp.o[0m
[43.539s] [ 77%] [32m[1mLinking CXX shared library libublox_msgs__rosidl_typesupport_introspection_cpp.so[0m
[43.599s] [ 78%] [32mBuilding CXX object CMakeFiles/ublox_msgs__rosidl_typesupport_fastrtps_c.dir/rosidl_typesupport_fastrtps_c/ublox_msgs/msg/detail/esf_meas__type_support_c.cpp.o[0m
[43.622s] [ 78%] [32mBuilding CXX object CMakeFiles/ublox_msgs__rosidl_typesupport_fastrtps_c.dir/rosidl_typesupport_fastrtps_c/ublox_msgs/msg/detail/esf_raw_block__type_support_c.cpp.o[0m
[43.659s] [ 78%] [32mBuilding CXX object CMakeFiles/ublox_msgs__rosidl_typesupport_fastrtps_cpp.dir/rosidl_typesupport_fastrtps_cpp/ublox_msgs/msg/detail/dds_fastrtps/rxm_svsi__type_support.cpp.o[0m
[43.721s] [ 79%] [32mBuilding CXX object CMakeFiles/ublox_msgs__rosidl_typesupport_fastrtps_cpp.dir/rosidl_typesupport_fastrtps_cpp/ublox_msgs/msg/detail/dds_fastrtps/rxm_svsisv__type_support.cpp.o[0m
[43.734s] [ 79%] [32mBuilding CXX object CMakeFiles/ublox_msgs__rosidl_typesupport_fastrtps_c.dir/rosidl_typesupport_fastrtps_c/ublox_msgs/msg/detail/esf_raw__type_support_c.cpp.o[0m
[43.751s] [ 79%] [32mBuilding CXX object CMakeFiles/ublox_msgs__rosidl_typesupport_fastrtps_c.dir/rosidl_typesupport_fastrtps_c/ublox_msgs/msg/detail/esf_status__type_support_c.cpp.o[0m
[43.765s] [ 79%] [32mBuilding CXX object CMakeFiles/ublox_msgs__rosidl_typesupport_fastrtps_cpp.dir/rosidl_typesupport_fastrtps_cpp/ublox_msgs/msg/detail/dds_fastrtps/tim_tm2__type_support.cpp.o[0m
[43.823s] [ 79%] Built target ublox_msgs__rosidl_typesupport_introspection_cpp
[43.849s] [ 79%] [32mBuilding CXX object CMakeFiles/ublox_msgs__rosidl_typesupport_fastrtps_c.dir/rosidl_typesupport_fastrtps_c/ublox_msgs/msg/detail/esf_status_sens__type_support_c.cpp.o[0m
[43.851s] [ 79%] [32mBuilding CXX object CMakeFiles/ublox_msgs__rosidl_typesupport_fastrtps_cpp.dir/rosidl_typesupport_fastrtps_cpp/ublox_msgs/msg/detail/dds_fastrtps/upd_sos__type_support.cpp.o[0m
[43.857s] [ 79%] [32mBuilding CXX object CMakeFiles/ublox_msgs__rosidl_typesupport_fastrtps_cpp.dir/rosidl_typesupport_fastrtps_cpp/ublox_msgs/msg/detail/dds_fastrtps/upd_sos_ack__type_support.cpp.o[0m
[43.899s] [ 80%] [32mBuilding CXX object CMakeFiles/ublox_msgs__rosidl_typesupport_fastrtps_c.dir/rosidl_typesupport_fastrtps_c/ublox_msgs/msg/detail/inf__type_support_c.cpp.o[0m
[43.900s] [ 80%] [32mBuilding CXX object CMakeFiles/ublox_msgs__rosidl_typesupport_fastrtps_c.dir/rosidl_typesupport_fastrtps_c/ublox_msgs/msg/detail/mga_gal__type_support_c.cpp.o[0m
[43.904s] [ 80%] [32mBuilding CXX object CMakeFiles/ublox_msgs__rosidl_typesupport_fastrtps_c.dir/rosidl_typesupport_fastrtps_c/ublox_msgs/msg/detail/hnr_pvt__type_support_c.cpp.o[0m
[43.948s] [ 80%] [32mBuilding CXX object CMakeFiles/ublox_msgs__rosidl_typesupport_fastrtps_c.dir/rosidl_typesupport_fastrtps_c/ublox_msgs/msg/detail/mon_gnss__type_support_c.cpp.o[0m
[44.085s] [ 80%] [32mBuilding CXX object CMakeFiles/ublox_msgs__rosidl_typesupport_fastrtps_c.dir/rosidl_typesupport_fastrtps_c/ublox_msgs/msg/detail/mon_hw6__type_support_c.cpp.o[0m
[44.101s] [ 80%] [32mBuilding CXX object CMakeFiles/ublox_msgs__rosidl_typesupport_fastrtps_c.dir/rosidl_typesupport_fastrtps_c/ublox_msgs/msg/detail/mon_hw__type_support_c.cpp.o[0m
[44.130s] [ 80%] [32mBuilding CXX object CMakeFiles/ublox_msgs__rosidl_typesupport_fastrtps_c.dir/rosidl_typesupport_fastrtps_c/ublox_msgs/msg/detail/mon_ver_extension__type_support_c.cpp.o[0m
[44.137s] [ 81%] [32mBuilding CXX object CMakeFiles/ublox_msgs__rosidl_typesupport_fastrtps_c.dir/rosidl_typesupport_fastrtps_c/ublox_msgs/msg/detail/mon_ver__type_support_c.cpp.o[0m
[44.204s] [ 81%] [32mBuilding CXX object CMakeFiles/ublox_msgs__rosidl_typesupport_fastrtps_c.dir/rosidl_typesupport_fastrtps_c/ublox_msgs/msg/detail/nav_att__type_support_c.cpp.o[0m
[44.248s] [ 81%] [32mBuilding CXX object CMakeFiles/ublox_msgs__rosidl_typesupport_fastrtps_c.dir/rosidl_typesupport_fastrtps_c/ublox_msgs/msg/detail/nav_clock__type_support_c.cpp.o[0m
[44.300s] [ 81%] [32mBuilding CXX object CMakeFiles/ublox_msgs__rosidl_typesupport_fastrtps_c.dir/rosidl_typesupport_fastrtps_c/ublox_msgs/msg/detail/nav_dgps__type_support_c.cpp.o[0m
[44.315s] [ 81%] [32mBuilding CXX object CMakeFiles/ublox_msgs__rosidl_typesupport_fastrtps_c.dir/rosidl_typesupport_fastrtps_c/ublox_msgs/msg/detail/nav_dgpssv__type_support_c.cpp.o[0m
[44.339s] [ 81%] [32mBuilding CXX object CMakeFiles/ublox_msgs__rosidl_typesupport_fastrtps_c.dir/rosidl_typesupport_fastrtps_c/ublox_msgs/msg/detail/nav_dop__type_support_c.cpp.o[0m
[44.367s] [ 81%] [32mBuilding CXX object CMakeFiles/ublox_msgs__rosidl_typesupport_fastrtps_c.dir/rosidl_typesupport_fastrtps_c/ublox_msgs/msg/detail/nav_posecef__type_support_c.cpp.o[0m
[44.388s] [ 82%] [32mBuilding CXX object CMakeFiles/ublox_msgs__rosidl_typesupport_fastrtps_c.dir/rosidl_typesupport_fastrtps_c/ublox_msgs/msg/detail/nav_posllh__type_support_c.cpp.o[0m
[44.422s] [ 82%] [32mBuilding CXX object CMakeFiles/ublox_msgs__rosidl_typesupport_fastrtps_c.dir/rosidl_typesupport_fastrtps_c/ublox_msgs/msg/detail/nav_pvt7__type_support_c.cpp.o[0m
[44.454s] [ 82%] [32mBuilding CXX object CMakeFiles/ublox_msgs__rosidl_typesupport_fastrtps_c.dir/rosidl_typesupport_fastrtps_c/ublox_msgs/msg/detail/nav_pvt__type_support_c.cpp.o[0m
[44.455s] [ 82%] [32m[1mLinking CXX shared library libublox_msgs__rosidl_typesupport_fastrtps_cpp.so[0m
[44.468s] [ 82%] [32mBuilding CXX object CMakeFiles/ublox_msgs__rosidl_typesupport_fastrtps_c.dir/rosidl_typesupport_fastrtps_c/ublox_msgs/msg/detail/nav_relposned9__type_support_c.cpp.o[0m
[44.583s] [ 82%] [32mBuilding CXX object CMakeFiles/ublox_msgs__rosidl_typesupport_fastrtps_c.dir/rosidl_typesupport_fastrtps_c/ublox_msgs/msg/detail/nav_relposned__type_support_c.cpp.o[0m
[44.613s] [ 82%] [32mBuilding CXX object CMakeFiles/ublox_msgs__rosidl_typesupport_fastrtps_c.dir/rosidl_typesupport_fastrtps_c/ublox_msgs/msg/detail/nav_sat__type_support_c.cpp.o[0m
[44.616s] [ 83%] [32mBuilding CXX object CMakeFiles/ublox_msgs__rosidl_typesupport_fastrtps_c.dir/rosidl_typesupport_fastrtps_c/ublox_msgs/msg/detail/nav_satsv__type_support_c.cpp.o[0m
[44.636s] [ 83%] [32mBuilding CXX object CMakeFiles/ublox_msgs__rosidl_typesupport_fastrtps_c.dir/rosidl_typesupport_fastrtps_c/ublox_msgs/msg/detail/nav_sbas__type_support_c.cpp.o[0m
[44.686s] [ 83%] [32mBuilding CXX object CMakeFiles/ublox_msgs__rosidl_typesupport_fastrtps_c.dir/rosidl_typesupport_fastrtps_c/ublox_msgs/msg/detail/nav_sbassv__type_support_c.cpp.o[0m
[44.708s] [ 83%] Built target ublox_msgs__rosidl_typesupport_fastrtps_cpp
[44.728s] [ 83%] [32mBuilding CXX object CMakeFiles/ublox_msgs__rosidl_typesupport_fastrtps_c.dir/rosidl_typesupport_fastrtps_c/ublox_msgs/msg/detail/nav_sol__type_support_c.cpp.o[0m
[44.743s] [ 83%] [32mBuilding CXX object CMakeFiles/ublox_msgs__rosidl_typesupport_fastrtps_c.dir/rosidl_typesupport_fastrtps_c/ublox_msgs/msg/detail/nav_status__type_support_c.cpp.o[0m
[44.755s] [ 83%] [32mBuilding CXX object CMakeFiles/ublox_msgs__rosidl_typesupport_fastrtps_c.dir/rosidl_typesupport_fastrtps_c/ublox_msgs/msg/detail/nav_svinfo__type_support_c.cpp.o[0m
[44.766s] [ 83%] [32mBuilding CXX object CMakeFiles/ublox_msgs__rosidl_typesupport_fastrtps_c.dir/rosidl_typesupport_fastrtps_c/ublox_msgs/msg/detail/nav_svinfosv__type_support_c.cpp.o[0m
[44.805s] [ 84%] [32mBuilding CXX object CMakeFiles/ublox_msgs__rosidl_typesupport_fastrtps_c.dir/rosidl_typesupport_fastrtps_c/ublox_msgs/msg/detail/nav_svin__type_support_c.cpp.o[0m
[44.834s] [ 84%] [32mBuilding CXX object CMakeFiles/ublox_msgs__rosidl_typesupport_fastrtps_c.dir/rosidl_typesupport_fastrtps_c/ublox_msgs/msg/detail/nav_timegps__type_support_c.cpp.o[0m
[44.864s] [ 84%] [32mBuilding CXX object CMakeFiles/ublox_msgs__rosidl_typesupport_fastrtps_c.dir/rosidl_typesupport_fastrtps_c/ublox_msgs/msg/detail/nav_timeutc__type_support_c.cpp.o[0m
[44.873s] [ 84%] [32mBuilding CXX object CMakeFiles/ublox_msgs__rosidl_typesupport_fastrtps_c.dir/rosidl_typesupport_fastrtps_c/ublox_msgs/msg/detail/nav_velecef__type_support_c.cpp.o[0m
[44.961s] [ 84%] [32mBuilding CXX object CMakeFiles/ublox_msgs__rosidl_typesupport_fastrtps_c.dir/rosidl_typesupport_fastrtps_c/ublox_msgs/msg/detail/nav_velned__type_support_c.cpp.o[0m
[44.973s] [ 84%] [32mBuilding CXX object CMakeFiles/ublox_msgs__rosidl_typesupport_fastrtps_c.dir/rosidl_typesupport_fastrtps_c/ublox_msgs/msg/detail/rxm_alm__type_support_c.cpp.o[0m
[45.082s] [ 85%] [32mBuilding CXX object CMakeFiles/ublox_msgs__rosidl_typesupport_fastrtps_c.dir/rosidl_typesupport_fastrtps_c/ublox_msgs/msg/detail/rxm_eph__type_support_c.cpp.o[0m
[45.108s] [ 85%] [32mBuilding CXX object CMakeFiles/ublox_msgs__rosidl_typesupport_fastrtps_c.dir/rosidl_typesupport_fastrtps_c/ublox_msgs/msg/detail/rxm_raw__type_support_c.cpp.o[0m
[45.126s] [ 85%] [32mBuilding CXX object CMakeFiles/ublox_msgs__rosidl_typesupport_fastrtps_c.dir/rosidl_typesupport_fastrtps_c/ublox_msgs/msg/detail/rxm_rawsv__type_support_c.cpp.o[0m
[45.140s] [ 85%] [32mBuilding CXX object CMakeFiles/ublox_msgs__rosidl_typesupport_fastrtps_c.dir/rosidl_typesupport_fastrtps_c/ublox_msgs/msg/detail/rxm_rawx_meas__type_support_c.cpp.o[0m
[45.152s] [ 85%] [32mBuilding CXX object CMakeFiles/ublox_msgs__rosidl_typesupport_fastrtps_c.dir/rosidl_typesupport_fastrtps_c/ublox_msgs/msg/detail/rxm_rawx__type_support_c.cpp.o[0m
[45.185s] [ 85%] [32mBuilding CXX object CMakeFiles/ublox_msgs__rosidl_typesupport_fastrtps_c.dir/rosidl_typesupport_fastrtps_c/ublox_msgs/msg/detail/rxm_rtcm__type_support_c.cpp.o[0m
[45.250s] [ 85%] [32mBuilding CXX object CMakeFiles/ublox_msgs__rosidl_typesupport_fastrtps_c.dir/rosidl_typesupport_fastrtps_c/ublox_msgs/msg/detail/rxm_sfrb__type_support_c.cpp.o[0m
[45.252s] [ 85%] [32mBuilding CXX object CMakeFiles/ublox_msgs__rosidl_typesupport_fastrtps_c.dir/rosidl_typesupport_fastrtps_c/ublox_msgs/msg/detail/rxm_svsi__type_support_c.cpp.o[0m
[45.262s] [ 86%] [32mBuilding CXX object CMakeFiles/ublox_msgs__rosidl_typesupport_fastrtps_c.dir/rosidl_typesupport_fastrtps_c/ublox_msgs/msg/detail/rxm_sfrbx__type_support_c.cpp.o[0m
[45.300s] [ 86%] [32mBuilding CXX object CMakeFiles/ublox_msgs__rosidl_typesupport_fastrtps_c.dir/rosidl_typesupport_fastrtps_c/ublox_msgs/msg/detail/rxm_svsisv__type_support_c.cpp.o[0m
[45.321s] [ 86%] [32mBuilding CXX object CMakeFiles/ublox_msgs__rosidl_typesupport_fastrtps_c.dir/rosidl_typesupport_fastrtps_c/ublox_msgs/msg/detail/tim_tm2__type_support_c.cpp.o[0m
[45.333s] [ 86%] [32mBuilding CXX object CMakeFiles/ublox_msgs__rosidl_typesupport_fastrtps_c.dir/rosidl_typesupport_fastrtps_c/ublox_msgs/msg/detail/upd_sos_ack__type_support_c.cpp.o[0m
[45.394s] [ 86%] [32mBuilding CXX object CMakeFiles/ublox_msgs__rosidl_typesupport_fastrtps_c.dir/rosidl_typesupport_fastrtps_c/ublox_msgs/msg/detail/upd_sos__type_support_c.cpp.o[0m
[45.796s] [ 87%] [32m[1mLinking CXX shared library libublox_msgs__rosidl_typesupport_fastrtps_c.so[0m
[45.883s] [ 87%] Built target ublox_msgs__rosidl_typesupport_fastrtps_c
[45.903s] [ 87%] Built target ublox_msgs
[45.923s] [ 87%] [32mBuilding CXX object CMakeFiles/ublox_msgs_lib.dir/src/ublox_msgs.cpp.o[0m
[45.924s] [ 87%] [34m[1mGenerating Python code for ROS interfaces[0m
[47.608s] [ 88%] [32m[1mLinking CXX shared library libublox_msgs_lib.so[0m
[47.697s] [ 88%] Built target ublox_msgs_lib
[75.496s] [ 88%] Built target ublox_msgs__py
[75.520s] [ 89%] [32mBuilding C object CMakeFiles/ublox_msgs__rosidl_generator_py.dir/rosidl_generator_py/ublox_msgs/msg/_aid_alm_s.c.o[0m
[75.520s] [ 89%] [32mBuilding C object CMakeFiles/ublox_msgs__rosidl_generator_py.dir/rosidl_generator_py/ublox_msgs/msg/_ack_s.c.o[0m
[75.520s] [ 89%] [32mBuilding C object CMakeFiles/ublox_msgs__rosidl_generator_py.dir/rosidl_generator_py/ublox_msgs/msg/_aid_hui_s.c.o[0m
[75.520s] [ 89%] [32mBuilding C object CMakeFiles/ublox_msgs__rosidl_generator_py.dir/rosidl_generator_py/ublox_msgs/msg/_cfg_dat_s.c.o[0m
[75.520s] [ 89%] [32mBuilding C object CMakeFiles/ublox_msgs__rosidl_generator_py.dir/rosidl_generator_py/ublox_msgs/msg/_aid_eph_s.c.o[0m
[75.520s] [ 89%] [32mBuilding C object CMakeFiles/ublox_msgs__rosidl_generator_py.dir/rosidl_generator_py/ublox_msgs/msg/_cfg_cfg_s.c.o[0m
[75.520s] [ 89%] [32mBuilding C object CMakeFiles/ublox_msgs__rosidl_generator_py.dir/rosidl_generator_py/ublox_msgs/msg/_cfg_ant_s.c.o[0m
[75.520s] [ 89%] [32mBuilding C object CMakeFiles/ublox_msgs__rosidl_generator_py.dir/rosidl_generator_py/ublox_msgs/msg/_cfg_dgnss_s.c.o[0m
[75.521s] [ 90%] [32mBuilding C object CMakeFiles/ublox_msgs__rosidl_generator_py.dir/rosidl_generator_py/ublox_msgs/msg/_cfg_gnss_block_s.c.o[0m
[75.521s] [ 90%] [32mBuilding C object CMakeFiles/ublox_msgs__rosidl_generator_py.dir/rosidl_generator_py/ublox_msgs/msg/_cfg_gnss_s.c.o[0m
[75.521s] [ 90%] [32mBuilding C object CMakeFiles/ublox_msgs__rosidl_generator_py.dir/rosidl_generator_py/ublox_msgs/msg/_cfg_hnr_s.c.o[0m
[75.521s] [ 90%] [32mBuilding C object CMakeFiles/ublox_msgs__rosidl_generator_py.dir/rosidl_generator_py/ublox_msgs/msg/_cfg_inf_s.c.o[0m
[75.522s] [ 90%] [32mBuilding C object CMakeFiles/ublox_msgs__rosidl_generator_py.dir/rosidl_generator_py/ublox_msgs/msg/_cfg_inf_block_s.c.o[0m
[75.522s] [ 90%] [32mBuilding C object CMakeFiles/ublox_msgs__rosidl_generator_py.dir/rosidl_generator_py/ublox_msgs/msg/_cfg_msg_s.c.o[0m
[75.522s] [ 91%] [32mBuilding C object CMakeFiles/ublox_msgs__rosidl_generator_py.dir/rosidl_generator_py/ublox_msgs/msg/_cfg_navx5_s.c.o[0m
[75.529s] [ 91%] [32mBuilding C object CMakeFiles/ublox_msgs__rosidl_generator_py.dir/rosidl_generator_py/ublox_msgs/msg/_cfg_nav5_s.c.o[0m
[75.656s] [ 91%] [32mBuilding C object CMakeFiles/ublox_msgs__rosidl_generator_py.dir/rosidl_generator_py/ublox_msgs/msg/_cfg_nmea6_s.c.o[0m
[75.660s] [ 91%] [32mBuilding C object CMakeFiles/ublox_msgs__rosidl_generator_py.dir/rosidl_generator_py/ublox_msgs/msg/_cfg_nmea7_s.c.o[0m
[75.660s] [ 91%] [32mBuilding C object CMakeFiles/ublox_msgs__rosidl_generator_py.dir/rosidl_generator_py/ublox_msgs/msg/_cfg_nmea_s.c.o[0m
[75.662s] [ 91%] [32mBuilding C object CMakeFiles/ublox_msgs__rosidl_generator_py.dir/rosidl_generator_py/ublox_msgs/msg/_cfg_rate_s.c.o[0m
[75.662s] [ 91%] [32mBuilding C object CMakeFiles/ublox_msgs__rosidl_generator_py.dir/rosidl_generator_py/ublox_msgs/msg/_cfg_prt_s.c.o[0m
[75.663s] [ 91%] [32mBuilding C object CMakeFiles/ublox_msgs__rosidl_generator_py.dir/rosidl_generator_py/ublox_msgs/msg/_cfg_sbas_s.c.o[0m
[75.663s] [ 92%] [32mBuilding C object CMakeFiles/ublox_msgs__rosidl_generator_py.dir/rosidl_generator_py/ublox_msgs/msg/_cfg_rst_s.c.o[0m
[75.663s] [ 92%] [32mBuilding C object CMakeFiles/ublox_msgs__rosidl_generator_py.dir/rosidl_generator_py/ublox_msgs/msg/_cfg_tmode3_s.c.o[0m
[75.675s] [ 92%] [32mBuilding C object CMakeFiles/ublox_msgs__rosidl_generator_py.dir/rosidl_generator_py/ublox_msgs/msg/_cfg_usb_s.c.o[0m
[75.676s] [ 92%] [32mBuilding C object CMakeFiles/ublox_msgs__rosidl_generator_py.dir/rosidl_generator_py/ublox_msgs/msg/_esf_ins_s.c.o[0m
[75.684s] [ 92%] [32mBuilding C object CMakeFiles/ublox_msgs__rosidl_generator_py.dir/rosidl_generator_py/ublox_msgs/msg/_esf_meas_s.c.o[0m
[75.698s] [ 93%] [32mBuilding C object CMakeFiles/ublox_msgs__rosidl_generator_py.dir/rosidl_generator_py/ublox_msgs/msg/_esf_raw_block_s.c.o[0m
[75.704s] [ 93%] [32mBuilding C object CMakeFiles/ublox_msgs__rosidl_generator_py.dir/rosidl_generator_py/ublox_msgs/msg/_esf_status_s.c.o[0m
[75.704s] [ 93%] [32mBuilding C object CMakeFiles/ublox_msgs__rosidl_generator_py.dir/rosidl_generator_py/ublox_msgs/msg/_esf_raw_s.c.o[0m
[75.705s] [ 93%] [32mBuilding C object CMakeFiles/ublox_msgs__rosidl_generator_py.dir/rosidl_generator_py/ublox_msgs/msg/_esf_status_sens_s.c.o[0m
[75.781s] [ 93%] [32mBuilding C object CMakeFiles/ublox_msgs__rosidl_generator_py.dir/rosidl_generator_py/ublox_msgs/msg/_hnr_pvt_s.c.o[0m
[75.800s] [ 93%] [32mBuilding C object CMakeFiles/ublox_msgs__rosidl_generator_py.dir/rosidl_generator_py/ublox_msgs/msg/_inf_s.c.o[0m
[75.807s] [ 93%] [32mBuilding C object CMakeFiles/ublox_msgs__rosidl_generator_py.dir/rosidl_generator_py/ublox_msgs/msg/_mga_gal_s.c.o[0m
[75.807s] [ 94%] [32mBuilding C object CMakeFiles/ublox_msgs__rosidl_generator_py.dir/rosidl_generator_py/ublox_msgs/msg/_mon_gnss_s.c.o[0m
[75.813s] [ 94%] [32mBuilding C object CMakeFiles/ublox_msgs__rosidl_generator_py.dir/rosidl_generator_py/ublox_msgs/msg/_mon_ver_extension_s.c.o[0m
[75.813s] [ 94%] [32mBuilding C object CMakeFiles/ublox_msgs__rosidl_generator_py.dir/rosidl_generator_py/ublox_msgs/msg/_mon_hw_s.c.o[0m
[75.819s] [ 94%] [32mBuilding C object CMakeFiles/ublox_msgs__rosidl_generator_py.dir/rosidl_generator_py/ublox_msgs/msg/_mon_hw6_s.c.o[0m
[75.826s] [ 94%] [32mBuilding C object CMakeFiles/ublox_msgs__rosidl_generator_py.dir/rosidl_generator_py/ublox_msgs/msg/_mon_ver_s.c.o[0m
[75.827s] [ 94%] [32mBuilding C object CMakeFiles/ublox_msgs__rosidl_generator_py.dir/rosidl_generator_py/ublox_msgs/msg/_nav_att_s.c.o[0m
[75.833s] [ 95%] [32mBuilding C object CMakeFiles/ublox_msgs__rosidl_generator_py.dir/rosidl_generator_py/ublox_msgs/msg/_nav_clock_s.c.o[0m
[75.845s] [ 95%] [32mBuilding C object CMakeFiles/ublox_msgs__rosidl_generator_py.dir/rosidl_generator_py/ublox_msgs/msg/_nav_dgps_s.c.o[0m
[75.847s] [ 95%] [32mBuilding C object CMakeFiles/ublox_msgs__rosidl_generator_py.dir/rosidl_generator_py/ublox_msgs/msg/_nav_dgpssv_s.c.o[0m
[75.857s] [ 95%] [32mBuilding C object CMakeFiles/ublox_msgs__rosidl_generator_py.dir/rosidl_generator_py/ublox_msgs/msg/_nav_dop_s.c.o[0m
[75.857s] [ 95%] [32mBuilding C object CMakeFiles/ublox_msgs__rosidl_generator_py.dir/rosidl_generator_py/ublox_msgs/msg/_nav_posecef_s.c.o[0m
[75.859s] [ 95%] [32mBuilding C object CMakeFiles/ublox_msgs__rosidl_generator_py.dir/rosidl_generator_py/ublox_msgs/msg/_nav_posllh_s.c.o[0m
[75.866s] [ 95%] [32mBuilding C object CMakeFiles/ublox_msgs__rosidl_generator_py.dir/rosidl_generator_py/ublox_msgs/msg/_nav_pvt7_s.c.o[0m
[75.959s] [ 96%] [32mBuilding C object CMakeFiles/ublox_msgs__rosidl_generator_py.dir/rosidl_generator_py/ublox_msgs/msg/_nav_pvt_s.c.o[0m
[75.961s] [ 96%] [32mBuilding C object CMakeFiles/ublox_msgs__rosidl_generator_py.dir/rosidl_generator_py/ublox_msgs/msg/_nav_relposned9_s.c.o[0m
[75.964s] [ 96%] [32mBuilding C object CMakeFiles/ublox_msgs__rosidl_generator_py.dir/rosidl_generator_py/ublox_msgs/msg/_nav_relposned_s.c.o[0m
[75.974s] [ 96%] [32mBuilding C object CMakeFiles/ublox_msgs__rosidl_generator_py.dir/rosidl_generator_py/ublox_msgs/msg/_nav_sat_s.c.o[0m
[75.979s] [ 96%] [32mBuilding C object CMakeFiles/ublox_msgs__rosidl_generator_py.dir/rosidl_generator_py/ublox_msgs/msg/_nav_satsv_s.c.o[0m
[75.980s] [ 96%] [32mBuilding C object CMakeFiles/ublox_msgs__rosidl_generator_py.dir/rosidl_generator_py/ublox_msgs/msg/_nav_sbas_s.c.o[0m
[75.993s] [ 97%] [32mBuilding C object CMakeFiles/ublox_msgs__rosidl_generator_py.dir/rosidl_generator_py/ublox_msgs/msg/_nav_sbassv_s.c.o[0m
[76.000s] [ 97%] [32mBuilding C object CMakeFiles/ublox_msgs__rosidl_generator_py.dir/rosidl_generator_py/ublox_msgs/msg/_nav_sol_s.c.o[0m
[76.000s] [ 97%] [32mBuilding C object CMakeFiles/ublox_msgs__rosidl_generator_py.dir/rosidl_generator_py/ublox_msgs/msg/_nav_status_s.c.o[0m
[76.003s] [ 97%] [32mBuilding C object CMakeFiles/ublox_msgs__rosidl_generator_py.dir/rosidl_generator_py/ublox_msgs/msg/_nav_svinfo_s.c.o[0m
[76.004s] [ 97%] [32mBuilding C object CMakeFiles/ublox_msgs__rosidl_generator_py.dir/rosidl_generator_py/ublox_msgs/msg/_nav_svinfosv_s.c.o[0m
[76.005s] [ 97%] [32mBuilding C object CMakeFiles/ublox_msgs__rosidl_generator_py.dir/rosidl_generator_py/ublox_msgs/msg/_nav_svin_s.c.o[0m
[76.006s] [ 97%] [32mBuilding C object CMakeFiles/ublox_msgs__rosidl_generator_py.dir/rosidl_generator_py/ublox_msgs/msg/_nav_timegps_s.c.o[0m
[76.013s] [ 98%] [32mBuilding C object CMakeFiles/ublox_msgs__rosidl_generator_py.dir/rosidl_generator_py/ublox_msgs/msg/_nav_timeutc_s.c.o[0m
[76.081s] [ 98%] [32mBuilding C object CMakeFiles/ublox_msgs__rosidl_generator_py.dir/rosidl_generator_py/ublox_msgs/msg/_nav_velned_s.c.o[0m
[76.096s] [ 98%] [32mBuilding C object CMakeFiles/ublox_msgs__rosidl_generator_py.dir/rosidl_generator_py/ublox_msgs/msg/_nav_velecef_s.c.o[0m
[76.129s] [ 98%] [32mBuilding C object CMakeFiles/ublox_msgs__rosidl_generator_py.dir/rosidl_generator_py/ublox_msgs/msg/_rxm_alm_s.c.o[0m
[76.130s] [ 98%] [32mBuilding C object CMakeFiles/ublox_msgs__rosidl_generator_py.dir/rosidl_generator_py/ublox_msgs/msg/_rxm_eph_s.c.o[0m
[76.134s] [ 98%] [32mBuilding C object CMakeFiles/ublox_msgs__rosidl_generator_py.dir/rosidl_generator_py/ublox_msgs/msg/_rxm_raw_s.c.o[0m
[76.141s] [ 99%] [32mBuilding C object CMakeFiles/ublox_msgs__rosidl_generator_py.dir/rosidl_generator_py/ublox_msgs/msg/_rxm_rawsv_s.c.o[0m
[76.141s] [ 99%] [32mBuilding C object CMakeFiles/ublox_msgs__rosidl_generator_py.dir/rosidl_generator_py/ublox_msgs/msg/_rxm_rawx_meas_s.c.o[0m
[76.145s] [ 99%] [32mBuilding C object CMakeFiles/ublox_msgs__rosidl_generator_py.dir/rosidl_generator_py/ublox_msgs/msg/_rxm_rawx_s.c.o[0m
[76.151s] [ 99%] [32mBuilding C object CMakeFiles/ublox_msgs__rosidl_generator_py.dir/rosidl_generator_py/ublox_msgs/msg/_rxm_rtcm_s.c.o[0m
[76.161s] [ 99%] [32mBuilding C object CMakeFiles/ublox_msgs__rosidl_generator_py.dir/rosidl_generator_py/ublox_msgs/msg/_rxm_sfrb_s.c.o[0m
[76.162s] [ 99%] [32mBuilding C object CMakeFiles/ublox_msgs__rosidl_generator_py.dir/rosidl_generator_py/ublox_msgs/msg/_rxm_svsisv_s.c.o[0m
[76.165s] [ 99%] [32mBuilding C object CMakeFiles/ublox_msgs__rosidl_generator_py.dir/rosidl_generator_py/ublox_msgs/msg/_rxm_sfrbx_s.c.o[0m
[76.168s] [100%] [32mBuilding C object CMakeFiles/ublox_msgs__rosidl_generator_py.dir/rosidl_generator_py/ublox_msgs/msg/_rxm_svsi_s.c.o[0m
[76.172s] [100%] [32mBuilding C object CMakeFiles/ublox_msgs__rosidl_generator_py.dir/rosidl_generator_py/ublox_msgs/msg/_tim_tm2_s.c.o[0m
[76.176s] [100%] [32mBuilding C object CMakeFiles/ublox_msgs__rosidl_generator_py.dir/rosidl_generator_py/ublox_msgs/msg/_upd_sos_ack_s.c.o[0m
[76.193s] [100%] [32mBuilding C object CMakeFiles/ublox_msgs__rosidl_generator_py.dir/rosidl_generator_py/ublox_msgs/msg/_upd_sos_s.c.o[0m
[76.336s] [100%] [32m[1mLinking C shared library rosidl_generator_py/ublox_msgs/libublox_msgs__rosidl_generator_py.so[0m
[76.389s] [100%] Built target ublox_msgs__rosidl_generator_py
[76.407s] [100%] [32mBuilding C object CMakeFiles/ublox_msgs__rosidl_typesupport_c__pyext.dir/rosidl_generator_py/ublox_msgs/_ublox_msgs_s.ep.rosidl_typesupport_c.c.o[0m
[76.407s] [100%] [32mBuilding C object CMakeFiles/ublox_msgs__rosidl_typesupport_fastrtps_c__pyext.dir/rosidl_generator_py/ublox_msgs/_ublox_msgs_s.ep.rosidl_typesupport_fastrtps_c.c.o[0m
[76.407s] [100%] [32mBuilding C object CMakeFiles/ublox_msgs__rosidl_typesupport_introspection_c__pyext.dir/rosidl_generator_py/ublox_msgs/_ublox_msgs_s.ep.rosidl_typesupport_introspection_c.c.o[0m
[76.661s] [100%] [32m[1mLinking C shared library rosidl_generator_py/ublox_msgs/ublox_msgs_s__rosidl_typesupport_c.cpython-310-x86_64-linux-gnu.so[0m
[76.664s] [100%] [32m[1mLinking C shared library rosidl_generator_py/ublox_msgs/ublox_msgs_s__rosidl_typesupport_introspection_c.cpython-310-x86_64-linux-gnu.so[0m
[76.664s] [100%] [32m[1mLinking C shared library rosidl_generator_py/ublox_msgs/ublox_msgs_s__rosidl_typesupport_fastrtps_c.cpython-310-x86_64-linux-gnu.so[0m
[76.702s] [100%] Built target ublox_msgs__rosidl_typesupport_c__pyext
[76.706s] [100%] Built target ublox_msgs__rosidl_typesupport_fastrtps_c__pyext
[76.710s] [100%] Built target ublox_msgs__rosidl_typesupport_introspection_c__pyext
[76.723s] Invoked command in '/home/men3m/Naima/build/ublox_msgs' returned '0': AMENT_PREFIX_PATH=/home/men3m/Naima/install/ublox_serialization:${AMENT_PREFIX_PATH} CMAKE_PREFIX_PATH=/home/men3m/Naima/install/ublox_serialization:/opt/ros/humble /usr/bin/cmake --build /home/men3m/Naima/build/ublox_msgs -- -j16 -l16
[76.724s] Invoking command in '/home/men3m/Naima/build/ublox_msgs': AMENT_PREFIX_PATH=/home/men3m/Naima/install/ublox_serialization:${AMENT_PREFIX_PATH} CMAKE_PREFIX_PATH=/home/men3m/Naima/install/ublox_serialization:/opt/ros/humble /usr/bin/cmake --install /home/men3m/Naima/build/ublox_msgs
[76.731s] -- Install configuration: ""
[76.732s] -- Installing: /home/men3m/Naima/install/ublox_msgs/share/ament_index/resource_index/rosidl_interfaces/ublox_msgs
[76.732s] -- Installing: /home/men3m/Naima/install/ublox_msgs/include/ublox_msgs/ublox_msgs
[76.732s] -- Installing: /home/men3m/Naima/install/ublox_msgs/include/ublox_msgs/ublox_msgs/msg
[76.732s] -- Installing: /home/men3m/Naima/install/ublox_msgs/include/ublox_msgs/ublox_msgs/msg/rxm_rawx.h
[76.732s] -- Installing: /home/men3m/Naima/install/ublox_msgs/include/ublox_msgs/ublox_msgs/msg/cfg_rate.h
[76.732s] -- Installing: /home/men3m/Naima/install/ublox_msgs/include/ublox_msgs/ublox_msgs/msg/esf_meas.h
[76.732s] -- Installing: /home/men3m/Naima/install/ublox_msgs/include/ublox_msgs/ublox_msgs/msg/mon_hw.h
[76.732s] -- Installing: /home/men3m/Naima/install/ublox_msgs/include/ublox_msgs/ublox_msgs/msg/cfg_sbas.h
[76.733s] -- Installing: /home/men3m/Naima/install/ublox_msgs/include/ublox_msgs/ublox_msgs/msg/nav_dgpssv.h
[76.733s] -- Installing: /home/men3m/Naima/install/ublox_msgs/include/ublox_msgs/ublox_msgs/msg/aid_eph.h
[76.733s] -- Installing: /home/men3m/Naima/install/ublox_msgs/include/ublox_msgs/ublox_msgs/msg/nav_svinfo.h
[76.733s] -- Installing: /home/men3m/Naima/install/ublox_msgs/include/ublox_msgs/ublox_msgs/msg/inf.h
[76.733s] -- Installing: /home/men3m/Naima/install/ublox_msgs/include/ublox_msgs/ublox_msgs/msg/aid_hui.h
[76.733s] -- Installing: /home/men3m/Naima/install/ublox_msgs/include/ublox_msgs/ublox_msgs/msg/nav_dop.h
[76.733s] -- Installing: /home/men3m/Naima/install/ublox_msgs/include/ublox_msgs/ublox_msgs/msg/mon_gnss.h
[76.733s] -- Installing: /home/men3m/Naima/install/ublox_msgs/include/ublox_msgs/ublox_msgs/msg/nav_posllh.h
[76.733s] -- Installing: /home/men3m/Naima/install/ublox_msgs/include/ublox_msgs/ublox_msgs/msg/cfg_cfg.h
[76.734s] -- Installing: /home/men3m/Naima/install/ublox_msgs/include/ublox_msgs/ublox_msgs/msg/rxm_rawx_meas.h
[76.734s] -- Installing: /home/men3m/Naima/install/ublox_msgs/include/ublox_msgs/ublox_msgs/msg/cfg_gnss_block.h
[76.734s] -- Installing: /home/men3m/Naima/install/ublox_msgs/include/ublox_msgs/ublox_msgs/msg/mon_ver_extension.h
[76.734s] -- Installing: /home/men3m/Naima/install/ublox_msgs/include/ublox_msgs/ublox_msgs/msg/rosidl_generator_c__visibility_control.h
[76.734s] -- Installing: /home/men3m/Naima/install/ublox_msgs/include/ublox_msgs/ublox_msgs/msg/cfg_dgnss.h
[76.734s] -- Installing: /home/men3m/Naima/install/ublox_msgs/include/ublox_msgs/ublox_msgs/msg/rxm_alm.h
[76.734s] -- Installing: /home/men3m/Naima/install/ublox_msgs/include/ublox_msgs/ublox_msgs/msg/cfg_tmode3.h
[76.734s] -- Installing: /home/men3m/Naima/install/ublox_msgs/include/ublox_msgs/ublox_msgs/msg/nav_svinfosv.h
[76.734s] -- Installing: /home/men3m/Naima/install/ublox_msgs/include/ublox_msgs/ublox_msgs/msg/esf_raw.h
[76.734s] -- Installing: /home/men3m/Naima/install/ublox_msgs/include/ublox_msgs/ublox_msgs/msg/cfg_inf_block.h
[76.735s] -- Installing: /home/men3m/Naima/install/ublox_msgs/include/ublox_msgs/ublox_msgs/msg/esf_status.h
[76.735s] -- Installing: /home/men3m/Naima/install/ublox_msgs/include/ublox_msgs/ublox_msgs/msg/nav_satsv.h
[76.735s] -- Installing: /home/men3m/Naima/install/ublox_msgs/include/ublox_msgs/ublox_msgs/msg/rxm_rawsv.h
[76.735s] -- Installing: /home/men3m/Naima/install/ublox_msgs/include/ublox_msgs/ublox_msgs/msg/nav_status.h
[76.735s] -- Installing: /home/men3m/Naima/install/ublox_msgs/include/ublox_msgs/ublox_msgs/msg/detail
[76.735s] -- Installing: /home/men3m/Naima/install/ublox_msgs/include/ublox_msgs/ublox_msgs/msg/detail/nav_velned__functions.h
[76.735s] -- Installing: /home/men3m/Naima/install/ublox_msgs/include/ublox_msgs/ublox_msgs/msg/detail/cfg_rst__struct.h
[76.735s] -- Installing: /home/men3m/Naima/install/ublox_msgs/include/ublox_msgs/ublox_msgs/msg/detail/esf_status__functions.c
[76.736s] -- Installing: /home/men3m/Naima/install/ublox_msgs/include/ublox_msgs/ublox_msgs/msg/detail/nav_timeutc__type_support.h
[76.736s] -- Installing: /home/men3m/Naima/install/ublox_msgs/include/ublox_msgs/ublox_msgs/msg/detail/rxm_alm__functions.c
[76.736s] -- Installing: /home/men3m/Naima/install/ublox_msgs/include/ublox_msgs/ublox_msgs/msg/detail/nav_posecef__functions.c
[76.736s] -- Installing: /home/men3m/Naima/install/ublox_msgs/include/ublox_msgs/ublox_msgs/msg/detail/mon_hw__functions.h
[76.736s] -- Installing: /home/men3m/Naima/install/ublox_msgs/include/ublox_msgs/ublox_msgs/msg/detail/nav_timeutc__functions.h
[76.736s] -- Installing: /home/men3m/Naima/install/ublox_msgs/include/ublox_msgs/ublox_msgs/msg/detail/nav_timegps__struct.h
[76.736s] -- Installing: /home/men3m/Naima/install/ublox_msgs/include/ublox_msgs/ublox_msgs/msg/detail/cfg_dat__struct.h
[76.736s] -- Installing: /home/men3m/Naima/install/ublox_msgs/include/ublox_msgs/ublox_msgs/msg/detail/rxm_rtcm__struct.h
[76.736s] -- Installing: /home/men3m/Naima/install/ublox_msgs/include/ublox_msgs/ublox_msgs/msg/detail/nav_svinfosv__functions.c
[76.737s] -- Installing: /home/men3m/Naima/install/ublox_msgs/include/ublox_msgs/ublox_msgs/msg/detail/esf_status__functions.h
[76.737s] -- Installing: /home/men3m/Naima/install/ublox_msgs/include/ublox_msgs/ublox_msgs/msg/detail/nav_pvt7__functions.c
[76.737s] -- Installing: /home/men3m/Naima/install/ublox_msgs/include/ublox_msgs/ublox_msgs/msg/detail/nav_posecef__struct.h
[76.737s] -- Installing: /home/men3m/Naima/install/ublox_msgs/include/ublox_msgs/ublox_msgs/msg/detail/cfg_dgnss__struct.h
[76.737s] -- Installing: /home/men3m/Naima/install/ublox_msgs/include/ublox_msgs/ublox_msgs/msg/detail/cfg_inf__functions.c
[76.737s] -- Installing: /home/men3m/Naima/install/ublox_msgs/include/ublox_msgs/ublox_msgs/msg/detail/mga_gal__functions.h
[76.737s] -- Installing: /home/men3m/Naima/install/ublox_msgs/include/ublox_msgs/ublox_msgs/msg/detail/nav_pvt7__functions.h
[76.737s] -- Installing: /home/men3m/Naima/install/ublox_msgs/include/ublox_msgs/ublox_msgs/msg/detail/aid_eph__functions.c
[76.737s] -- Installing: /home/men3m/Naima/install/ublox_msgs/include/ublox_msgs/ublox_msgs/msg/detail/upd_sos_ack__functions.h
[76.738s] -- Installing: /home/men3m/Naima/install/ublox_msgs/include/ublox_msgs/ublox_msgs/msg/detail/nav_timegps__type_support.h
[76.738s] -- Installing: /home/men3m/Naima/install/ublox_msgs/include/ublox_msgs/ublox_msgs/msg/detail/cfg_sbas__struct.h
[76.738s] -- Installing: /home/men3m/Naima/install/ublox_msgs/include/ublox_msgs/ublox_msgs/msg/detail/nav_sol__type_support.h
[76.738s] -- Installing: /home/men3m/Naima/install/ublox_msgs/include/ublox_msgs/ublox_msgs/msg/detail/nav_sbas__type_support.h
[76.738s] -- Installing: /home/men3m/Naima/install/ublox_msgs/include/ublox_msgs/ublox_msgs/msg/detail/nav_att__functions.h
[76.738s] -- Installing: /home/men3m/Naima/install/ublox_msgs/include/ublox_msgs/ublox_msgs/msg/detail/ack__functions.c
[76.738s] -- Installing: /home/men3m/Naima/install/ublox_msgs/include/ublox_msgs/ublox_msgs/msg/detail/cfg_dat__functions.h
[76.738s] -- Installing: /home/men3m/Naima/install/ublox_msgs/include/ublox_msgs/ublox_msgs/msg/detail/mon_ver_extension__functions.h
[76.738s] -- Installing: /home/men3m/Naima/install/ublox_msgs/include/ublox_msgs/ublox_msgs/msg/detail/aid_alm__functions.h
[76.739s] -- Installing: /home/men3m/Naima/install/ublox_msgs/include/ublox_msgs/ublox_msgs/msg/detail/aid_eph__functions.h
[76.739s] -- Installing: /home/men3m/Naima/install/ublox_msgs/include/ublox_msgs/ublox_msgs/msg/detail/mon_gnss__functions.h
[76.739s] -- Installing: /home/men3m/Naima/install/ublox_msgs/include/ublox_msgs/ublox_msgs/msg/detail/cfg_rate__type_support.h
[76.739s] -- Installing: /home/men3m/Naima/install/ublox_msgs/include/ublox_msgs/ublox_msgs/msg/detail/cfg_cfg__functions.h
[76.740s] -- Installing: /home/men3m/Naima/install/ublox_msgs/include/ublox_msgs/ublox_msgs/msg/detail/rxm_rtcm__type_support.h
[76.740s] -- Installing: /home/men3m/Naima/install/ublox_msgs/include/ublox_msgs/ublox_msgs/msg/detail/esf_raw_block__functions.h
[76.740s] -- Installing: /home/men3m/Naima/install/ublox_msgs/include/ublox_msgs/ublox_msgs/msg/detail/upd_sos_ack__type_support.h
[76.740s] -- Installing: /home/men3m/Naima/install/ublox_msgs/include/ublox_msgs/ublox_msgs/msg/detail/nav_status__struct.h
[76.740s] -- Installing: /home/men3m/Naima/install/ublox_msgs/include/ublox_msgs/ublox_msgs/msg/detail/nav_posllh__functions.c
[76.740s] -- Installing: /home/men3m/Naima/install/ublox_msgs/include/ublox_msgs/ublox_msgs/msg/detail/nav_posllh__type_support.h
[76.740s] -- Installing: /home/men3m/Naima/install/ublox_msgs/include/ublox_msgs/ublox_msgs/msg/detail/cfg_usb__struct.h
[76.740s] -- Installing: /home/men3m/Naima/install/ublox_msgs/include/ublox_msgs/ublox_msgs/msg/detail/nav_pvt__functions.c
[76.740s] -- Installing: /home/men3m/Naima/install/ublox_msgs/include/ublox_msgs/ublox_msgs/msg/detail/rxm_eph__functions.c
[76.741s] -- Installing: /home/men3m/Naima/install/ublox_msgs/include/ublox_msgs/ublox_msgs/msg/detail/aid_eph__type_support.h
[76.741s] -- Installing: /home/men3m/Naima/install/ublox_msgs/include/ublox_msgs/ublox_msgs/msg/detail/cfg_msg__type_support.h
[76.741s] -- Installing: /home/men3m/Naima/install/ublox_msgs/include/ublox_msgs/ublox_msgs/msg/detail/cfg_inf__struct.h
[76.741s] -- Installing: /home/men3m/Naima/install/ublox_msgs/include/ublox_msgs/ublox_msgs/msg/detail/cfg_dgnss__functions.c
[76.741s] -- Installing: /home/men3m/Naima/install/ublox_msgs/include/ublox_msgs/ublox_msgs/msg/detail/mon_ver__functions.h
[76.741s] -- Installing: /home/men3m/Naima/install/ublox_msgs/include/ublox_msgs/ublox_msgs/msg/detail/cfg_nav5__struct.h
[76.741s] -- Installing: /home/men3m/Naima/install/ublox_msgs/include/ublox_msgs/ublox_msgs/msg/detail/cfg_sbas__functions.h
[76.741s] -- Installing: /home/men3m/Naima/install/ublox_msgs/include/ublox_msgs/ublox_msgs/msg/detail/nav_dop__type_support.h
[76.742s] -- Installing: /home/men3m/Naima/install/ublox_msgs/include/ublox_msgs/ublox_msgs/msg/detail/nav_sbas__functions.c
[76.742s] -- Installing: /home/men3m/Naima/install/ublox_msgs/include/ublox_msgs/ublox_msgs/msg/detail/mon_ver_extension__type_support.h
[76.742s] -- Installing: /home/men3m/Naima/install/ublox_msgs/include/ublox_msgs/ublox_msgs/msg/detail/aid_alm__type_support.h
[76.742s] -- Installing: /home/men3m/Naima/install/ublox_msgs/include/ublox_msgs/ublox_msgs/msg/detail/cfg_tmode3__type_support.h
[76.742s] -- Installing: /home/men3m/Naima/install/ublox_msgs/include/ublox_msgs/ublox_msgs/msg/detail/hnr_pvt__type_support.h
[76.742s] -- Installing: /home/men3m/Naima/install/ublox_msgs/include/ublox_msgs/ublox_msgs/msg/detail/rxm_svsi__struct.h
[76.742s] -- Installing: /home/men3m/Naima/install/ublox_msgs/include/ublox_msgs/ublox_msgs/msg/detail/cfg_usb__functions.h
[76.742s] -- Installing: /home/men3m/Naima/install/ublox_msgs/include/ublox_msgs/ublox_msgs/msg/detail/cfg_rate__struct.h
[76.742s] -- Installing: /home/men3m/Naima/install/ublox_msgs/include/ublox_msgs/ublox_msgs/msg/detail/nav_dgps__functions.c
[76.743s] -- Installing: /home/men3m/Naima/install/ublox_msgs/include/ublox_msgs/ublox_msgs/msg/detail/cfg_nmea7__struct.h
[76.743s] -- Installing: /home/men3m/Naima/install/ublox_msgs/include/ublox_msgs/ublox_msgs/msg/detail/cfg_nav5__functions.c
[76.743s] -- Installing: /home/men3m/Naima/install/ublox_msgs/include/ublox_msgs/ublox_msgs/msg/detail/nav_clock__type_support.h
[76.743s] -- Installing: /home/men3m/Naima/install/ublox_msgs/include/ublox_msgs/ublox_msgs/msg/detail/rxm_rawx_meas__functions.h
[76.743s] -- Installing: /home/men3m/Naima/install/ublox_msgs/include/ublox_msgs/ublox_msgs/msg/detail/nav_timeutc__functions.c
[76.743s] -- Installing: /home/men3m/Naima/install/ublox_msgs/include/ublox_msgs/ublox_msgs/msg/detail/aid_hui__functions.c
[76.743s] -- Installing: /home/men3m/Naima/install/ublox_msgs/include/ublox_msgs/ublox_msgs/msg/detail/cfg_usb__type_support.h
[76.743s] -- Installing: /home/men3m/Naima/install/ublox_msgs/include/ublox_msgs/ublox_msgs/msg/detail/rxm_svsisv__functions.c
[76.744s] -- Installing: /home/men3m/Naima/install/ublox_msgs/include/ublox_msgs/ublox_msgs/msg/detail/cfg_inf_block__functions.c
[76.744s] -- Installing: /home/men3m/Naima/install/ublox_msgs/include/ublox_msgs/ublox_msgs/msg/detail/cfg_nmea6__functions.c
[76.744s] -- Installing: /home/men3m/Naima/install/ublox_msgs/include/ublox_msgs/ublox_msgs/msg/detail/nav_satsv__functions.c
[76.744s] -- Installing: /home/men3m/Naima/install/ublox_msgs/include/ublox_msgs/ublox_msgs/msg/detail/nav_sol__functions.h
[76.744s] -- Installing: /home/men3m/Naima/install/ublox_msgs/include/ublox_msgs/ublox_msgs/msg/detail/nav_svin__struct.h
[76.744s] -- Installing: /home/men3m/Naima/install/ublox_msgs/include/ublox_msgs/ublox_msgs/msg/detail/nav_velecef__functions.c
[76.744s] -- Installing: /home/men3m/Naima/install/ublox_msgs/include/ublox_msgs/ublox_msgs/msg/detail/mga_gal__struct.h
[76.744s] -- Installing: /home/men3m/Naima/install/ublox_msgs/include/ublox_msgs/ublox_msgs/msg/detail/rxm_sfrbx__functions.c
[76.744s] -- Installing: /home/men3m/Naima/install/ublox_msgs/include/ublox_msgs/ublox_msgs/msg/detail/cfg_gnss_block__functions.h
[76.745s] -- Installing: /home/men3m/Naima/install/ublox_msgs/include/ublox_msgs/ublox_msgs/msg/detail/nav_dgpssv__functions.c
[76.745s] -- Installing: /home/men3m/Naima/install/ublox_msgs/include/ublox_msgs/ublox_msgs/msg/detail/nav_velecef__functions.h
[76.745s] -- Installing: /home/men3m/Naima/install/ublox_msgs/include/ublox_msgs/ublox_msgs/msg/detail/esf_ins__struct.h
[76.745s] -- Installing: /home/men3m/Naima/install/ublox_msgs/include/ublox_msgs/ublox_msgs/msg/detail/esf_meas__type_support.h
[76.745s] -- Installing: /home/men3m/Naima/install/ublox_msgs/include/ublox_msgs/ublox_msgs/msg/detail/inf__struct.h
[76.745s] -- Installing: /home/men3m/Naima/install/ublox_msgs/include/ublox_msgs/ublox_msgs/msg/detail/nav_relposned9__functions.c
[76.745s] -- Installing: /home/men3m/Naima/install/ublox_msgs/include/ublox_msgs/ublox_msgs/msg/detail/esf_meas__struct.h
[76.745s] -- Installing: /home/men3m/Naima/install/ublox_msgs/include/ublox_msgs/ublox_msgs/msg/detail/cfg_inf_block__functions.h
[76.746s] -- Installing: /home/men3m/Naima/install/ublox_msgs/include/ublox_msgs/ublox_msgs/msg/detail/inf__type_support.h
[76.746s] -- Installing: /home/men3m/Naima/install/ublox_msgs/include/ublox_msgs/ublox_msgs/msg/detail/esf_raw__type_support.h
[76.746s] -- Installing: /home/men3m/Naima/install/ublox_msgs/include/ublox_msgs/ublox_msgs/msg/detail/cfg_prt__functions.c
[76.746s] -- Installing: /home/men3m/Naima/install/ublox_msgs/include/ublox_msgs/ublox_msgs/msg/detail/cfg_tmode3__functions.c
[76.746s] -- Installing: /home/men3m/Naima/install/ublox_msgs/include/ublox_msgs/ublox_msgs/msg/detail/cfg_navx5__functions.h
[76.746s] -- Installing: /home/men3m/Naima/install/ublox_msgs/include/ublox_msgs/ublox_msgs/msg/detail/cfg_rst__type_support.h
[76.746s] -- Installing: /home/men3m/Naima/install/ublox_msgs/include/ublox_msgs/ublox_msgs/msg/detail/nav_velecef__struct.h
[76.746s] -- Installing: /home/men3m/Naima/install/ublox_msgs/include/ublox_msgs/ublox_msgs/msg/detail/rxm_sfrb__functions.h
[76.747s] -- Installing: /home/men3m/Naima/install/ublox_msgs/include/ublox_msgs/ublox_msgs/msg/detail/cfg_ant__struct.h
[76.747s] -- Installing: /home/men3m/Naima/install/ublox_msgs/include/ublox_msgs/ublox_msgs/msg/detail/rxm_rawx_meas__functions.c
[76.747s] -- Installing: /home/men3m/Naima/install/ublox_msgs/include/ublox_msgs/ublox_msgs/msg/detail/cfg_hnr__functions.c
[76.747s] -- Installing: /home/men3m/Naima/install/ublox_msgs/include/ublox_msgs/ublox_msgs/msg/detail/cfg_cfg__type_support.h
[76.747s] -- Installing: /home/men3m/Naima/install/ublox_msgs/include/ublox_msgs/ublox_msgs/msg/detail/cfg_nmea7__functions.h
[76.747s] -- Installing: /home/men3m/Naima/install/ublox_msgs/include/ublox_msgs/ublox_msgs/msg/detail/nav_dop__functions.c
[76.747s] -- Installing: /home/men3m/Naima/install/ublox_msgs/include/ublox_msgs/ublox_msgs/msg/detail/esf_meas__functions.c
[76.747s] -- Installing: /home/men3m/Naima/install/ublox_msgs/include/ublox_msgs/ublox_msgs/msg/detail/nav_dop__functions.h
[76.747s] -- Installing: /home/men3m/Naima/install/ublox_msgs/include/ublox_msgs/ublox_msgs/msg/detail/nav_relposned9__functions.h
[76.748s] -- Installing: /home/men3m/Naima/install/ublox_msgs/include/ublox_msgs/ublox_msgs/msg/detail/esf_raw__functions.c
[76.748s] -- Installing: /home/men3m/Naima/install/ublox_msgs/include/ublox_msgs/ublox_msgs/msg/detail/nav_att__struct.h
[76.748s] -- Installing: /home/men3m/Naima/install/ublox_msgs/include/ublox_msgs/ublox_msgs/msg/detail/nav_dgps__struct.h
[76.748s] -- Installing: /home/men3m/Naima/install/ublox_msgs/include/ublox_msgs/ublox_msgs/msg/detail/mon_ver__struct.h
[76.748s] -- Installing: /home/men3m/Naima/install/ublox_msgs/include/ublox_msgs/ublox_msgs/msg/detail/rxm_rawsv__functions.h
[76.748s] -- Installing: /home/men3m/Naima/install/ublox_msgs/include/ublox_msgs/ublox_msgs/msg/detail/rxm_sfrbx__functions.h
[76.748s] -- Installing: /home/men3m/Naima/install/ublox_msgs/include/ublox_msgs/ublox_msgs/msg/detail/cfg_rate__functions.c
[76.748s] -- Installing: /home/men3m/Naima/install/ublox_msgs/include/ublox_msgs/ublox_msgs/msg/detail/nav_dop__struct.h
[76.749s] -- Installing: /home/men3m/Naima/install/ublox_msgs/include/ublox_msgs/ublox_msgs/msg/detail/cfg_hnr__functions.h
[76.749s] -- Installing: /home/men3m/Naima/install/ublox_msgs/include/ublox_msgs/ublox_msgs/msg/detail/rxm_sfrb__struct.h
[76.749s] -- Installing: /home/men3m/Naima/install/ublox_msgs/include/ublox_msgs/ublox_msgs/msg/detail/aid_hui__functions.h
[76.749s] -- Installing: /home/men3m/Naima/install/ublox_msgs/include/ublox_msgs/ublox_msgs/msg/detail/nav_relposned__struct.h
[76.749s] -- Installing: /home/men3m/Naima/install/ublox_msgs/include/ublox_msgs/ublox_msgs/msg/detail/esf_status_sens__functions.c
[76.749s] -- Installing: /home/men3m/Naima/install/ublox_msgs/include/ublox_msgs/ublox_msgs/msg/detail/nav_pvt__functions.h
[76.749s] -- Installing: /home/men3m/Naima/install/ublox_msgs/include/ublox_msgs/ublox_msgs/msg/detail/nav_status__functions.h
[76.749s] -- Installing: /home/men3m/Naima/install/ublox_msgs/include/ublox_msgs/ublox_msgs/msg/detail/ack__struct.h
[76.750s] -- Installing: /home/men3m/Naima/install/ublox_msgs/include/ublox_msgs/ublox_msgs/msg/detail/aid_hui__struct.h
[76.750s] -- Installing: /home/men3m/Naima/install/ublox_msgs/include/ublox_msgs/ublox_msgs/msg/detail/cfg_gnss__type_support.h
[76.750s] -- Installing: /home/men3m/Naima/install/ublox_msgs/include/ublox_msgs/ublox_msgs/msg/detail/inf__functions.h
[76.750s] -- Installing: /home/men3m/Naima/install/ublox_msgs/include/ublox_msgs/ublox_msgs/msg/detail/nav_relposned__functions.h
[76.750s] -- Installing: /home/men3m/Naima/install/ublox_msgs/include/ublox_msgs/ublox_msgs/msg/detail/rxm_rawx_meas__type_support.h
[76.750s] -- Installing: /home/men3m/Naima/install/ublox_msgs/include/ublox_msgs/ublox_msgs/msg/detail/aid_alm__functions.c
[76.750s] -- Installing: /home/men3m/Naima/install/ublox_msgs/include/ublox_msgs/ublox_msgs/msg/detail/nav_svin__type_support.h
[76.750s] -- Installing: /home/men3m/Naima/install/ublox_msgs/include/ublox_msgs/ublox_msgs/msg/detail/cfg_ant__functions.h
[76.751s] -- Installing: /home/men3m/Naima/install/ublox_msgs/include/ublox_msgs/ublox_msgs/msg/detail/nav_svinfo__struct.h
[76.751s] -- Installing: /home/men3m/Naima/install/ublox_msgs/include/ublox_msgs/ublox_msgs/msg/detail/nav_pvt__struct.h
[76.751s] -- Installing: /home/men3m/Naima/install/ublox_msgs/include/ublox_msgs/ublox_msgs/msg/detail/nav_relposned__type_support.h
[76.751s] -- Installing: /home/men3m/Naima/install/ublox_msgs/include/ublox_msgs/ublox_msgs/msg/detail/mga_gal__functions.c
[76.751s] -- Installing: /home/men3m/Naima/install/ublox_msgs/include/ublox_msgs/ublox_msgs/msg/detail/upd_sos__struct.h
[76.751s] -- Installing: /home/men3m/Naima/install/ublox_msgs/include/ublox_msgs/ublox_msgs/msg/detail/nav_sbas__functions.h
[76.751s] -- Installing: /home/men3m/Naima/install/ublox_msgs/include/ublox_msgs/ublox_msgs/msg/detail/cfg_inf_block__struct.h
[76.751s] -- Installing: /home/men3m/Naima/install/ublox_msgs/include/ublox_msgs/ublox_msgs/msg/detail/nav_pvt__type_support.h
[76.752s] -- Installing: /home/men3m/Naima/install/ublox_msgs/include/ublox_msgs/ublox_msgs/msg/detail/nav_svinfo__functions.c
[76.752s] -- Installing: /home/men3m/Naima/install/ublox_msgs/include/ublox_msgs/ublox_msgs/msg/detail/mon_hw__type_support.h
[76.752s] -- Installing: /home/men3m/Naima/install/ublox_msgs/include/ublox_msgs/ublox_msgs/msg/detail/cfg_nmea__functions.c
[76.752s] -- Installing: /home/men3m/Naima/install/ublox_msgs/include/ublox_msgs/ublox_msgs/msg/detail/cfg_nav5__functions.h
[76.752s] -- Installing: /home/men3m/Naima/install/ublox_msgs/include/ublox_msgs/ublox_msgs/msg/detail/nav_dgps__functions.h
[76.752s] -- Installing: /home/men3m/Naima/install/ublox_msgs/include/ublox_msgs/ublox_msgs/msg/detail/cfg_dgnss__type_support.h
[76.752s] -- Installing: /home/men3m/Naima/install/ublox_msgs/include/ublox_msgs/ublox_msgs/msg/detail/nav_clock__functions.h
[76.752s] -- Installing: /home/men3m/Naima/install/ublox_msgs/include/ublox_msgs/ublox_msgs/msg/detail/cfg_gnss_block__functions.c
[76.752s] -- Installing: /home/men3m/Naima/install/ublox_msgs/include/ublox_msgs/ublox_msgs/msg/detail/cfg_gnss_block__struct.h
[76.753s] -- Installing: /home/men3m/Naima/install/ublox_msgs/include/ublox_msgs/ublox_msgs/msg/detail/cfg_prt__type_support.h
[76.753s] -- Installing: /home/men3m/Naima/install/ublox_msgs/include/ublox_msgs/ublox_msgs/msg/detail/mon_ver_extension__struct.h
[76.753s] -- Installing: /home/men3m/Naima/install/ublox_msgs/include/ublox_msgs/ublox_msgs/msg/detail/rxm_rtcm__functions.c
[76.753s] -- Installing: /home/men3m/Naima/install/ublox_msgs/include/ublox_msgs/ublox_msgs/msg/detail/esf_meas__functions.h
[76.753s] -- Installing: /home/men3m/Naima/install/ublox_msgs/include/ublox_msgs/ublox_msgs/msg/detail/cfg_cfg__functions.c
[76.753s] -- Installing: /home/men3m/Naima/install/ublox_msgs/include/ublox_msgs/ublox_msgs/msg/detail/mon_hw6__functions.c
[76.753s] -- Installing: /home/men3m/Naima/install/ublox_msgs/include/ublox_msgs/ublox_msgs/msg/detail/mon_hw__struct.h
[76.753s] -- Installing: /home/men3m/Naima/install/ublox_msgs/include/ublox_msgs/ublox_msgs/msg/detail/tim_tm2__struct.h
[76.754s] -- Installing: /home/men3m/Naima/install/ublox_msgs/include/ublox_msgs/ublox_msgs/msg/detail/cfg_dat__type_support.h
[76.754s] -- Installing: /home/men3m/Naima/install/ublox_msgs/include/ublox_msgs/ublox_msgs/msg/detail/nav_sol__functions.c
[76.754s] -- Installing: /home/men3m/Naima/install/ublox_msgs/include/ublox_msgs/ublox_msgs/msg/detail/nav_posecef__functions.h
[76.754s] -- Installing: /home/men3m/Naima/install/ublox_msgs/include/ublox_msgs/ublox_msgs/msg/detail/nav_dgpssv__functions.h
[76.754s] -- Installing: /home/men3m/Naima/install/ublox_msgs/include/ublox_msgs/ublox_msgs/msg/detail/nav_relposned9__type_support.h
[76.754s] -- Installing: /home/men3m/Naima/install/ublox_msgs/include/ublox_msgs/ublox_msgs/msg/detail/esf_raw_block__struct.h
[76.754s] -- Installing: /home/men3m/Naima/install/ublox_msgs/include/ublox_msgs/ublox_msgs/msg/detail/rxm_rawx__functions.h
[76.754s] -- Installing: /home/men3m/Naima/install/ublox_msgs/include/ublox_msgs/ublox_msgs/msg/detail/rxm_raw__struct.h
[76.755s] -- Installing: /home/men3m/Naima/install/ublox_msgs/include/ublox_msgs/ublox_msgs/msg/detail/rxm_svsisv__struct.h
[76.755s] -- Installing: /home/men3m/Naima/install/ublox_msgs/include/ublox_msgs/ublox_msgs/msg/detail/esf_ins__functions.c
[76.755s] -- Installing: /home/men3m/Naima/install/ublox_msgs/include/ublox_msgs/ublox_msgs/msg/detail/rxm_sfrbx__struct.h
[76.755s] -- Installing: /home/men3m/Naima/install/ublox_msgs/include/ublox_msgs/ublox_msgs/msg/detail/nav_svin__functions.c
[76.755s] -- Installing: /home/men3m/Naima/install/ublox_msgs/include/ublox_msgs/ublox_msgs/msg/detail/nav_posecef__type_support.h
[76.756s] -- Installing: /home/men3m/Naima/install/ublox_msgs/include/ublox_msgs/ublox_msgs/msg/detail/nav_sbas__struct.h
[76.756s] -- Installing: /home/men3m/Naima/install/ublox_msgs/include/ublox_msgs/ublox_msgs/msg/detail/cfg_navx5__struct.h
[76.756s] -- Installing: /home/men3m/Naima/install/ublox_msgs/include/ublox_msgs/ublox_msgs/msg/detail/nav_posllh__struct.h
[76.756s] -- Installing: /home/men3m/Naima/install/ublox_msgs/include/ublox_msgs/ublox_msgs/msg/detail/cfg_msg__functions.h
[76.756s] -- Installing: /home/men3m/Naima/install/ublox_msgs/include/ublox_msgs/ublox_msgs/msg/detail/rxm_alm__type_support.h
[76.756s] -- Installing: /home/men3m/Naima/install/ublox_msgs/include/ublox_msgs/ublox_msgs/msg/detail/mon_hw__functions.c
[76.756s] -- Installing: /home/men3m/Naima/install/ublox_msgs/include/ublox_msgs/ublox_msgs/msg/detail/cfg_gnss_block__type_support.h
[76.756s] -- Installing: /home/men3m/Naima/install/ublox_msgs/include/ublox_msgs/ublox_msgs/msg/detail/upd_sos__functions.h
[76.756s] -- Installing: /home/men3m/Naima/install/ublox_msgs/include/ublox_msgs/ublox_msgs/msg/detail/aid_hui__type_support.h
[76.757s] -- Installing: /home/men3m/Naima/install/ublox_msgs/include/ublox_msgs/ublox_msgs/msg/detail/cfg_gnss__struct.h
[76.757s] -- Installing: /home/men3m/Naima/install/ublox_msgs/include/ublox_msgs/ublox_msgs/msg/detail/cfg_nmea__struct.h
[76.757s] -- Installing: /home/men3m/Naima/install/ublox_msgs/include/ublox_msgs/ublox_msgs/msg/detail/cfg_ant__functions.c
[76.757s] -- Installing: /home/men3m/Naima/install/ublox_msgs/include/ublox_msgs/ublox_msgs/msg/detail/nav_timeutc__struct.h
[76.757s] -- Installing: /home/men3m/Naima/install/ublox_msgs/include/ublox_msgs/ublox_msgs/msg/detail/aid_eph__struct.h
[76.757s] -- Installing: /home/men3m/Naima/install/ublox_msgs/include/ublox_msgs/ublox_msgs/msg/detail/cfg_nmea__functions.h
[76.757s] -- Installing: /home/men3m/Naima/install/ublox_msgs/include/ublox_msgs/ublox_msgs/msg/detail/hnr_pvt__functions.h
[76.757s] -- Installing: /home/men3m/Naima/install/ublox_msgs/include/ublox_msgs/ublox_msgs/msg/detail/esf_status_sens__type_support.h
[76.758s] -- Installing: /home/men3m/Naima/install/ublox_msgs/include/ublox_msgs/ublox_msgs/msg/detail/nav_status__type_support.h
[76.758s] -- Installing: /home/men3m/Naima/install/ublox_msgs/include/ublox_msgs/ublox_msgs/msg/detail/nav_sbassv__functions.h
[76.758s] -- Installing: /home/men3m/Naima/install/ublox_msgs/include/ublox_msgs/ublox_msgs/msg/detail/nav_pvt7__type_support.h
[76.758s] -- Installing: /home/men3m/Naima/install/ublox_msgs/include/ublox_msgs/ublox_msgs/msg/detail/nav_velned__type_support.h
[76.758s] -- Installing: /home/men3m/Naima/install/ublox_msgs/include/ublox_msgs/ublox_msgs/msg/detail/rxm_rtcm__functions.h
[76.758s] -- Installing: /home/men3m/Naima/install/ublox_msgs/include/ublox_msgs/ublox_msgs/msg/detail/nav_pvt7__struct.h
[76.758s] -- Installing: /home/men3m/Naima/install/ublox_msgs/include/ublox_msgs/ublox_msgs/msg/detail/cfg_nmea6__functions.h
[76.758s] -- Installing: /home/men3m/Naima/install/ublox_msgs/include/ublox_msgs/ublox_msgs/msg/detail/rxm_alm__functions.h
[76.759s] -- Installing: /home/men3m/Naima/install/ublox_msgs/include/ublox_msgs/ublox_msgs/msg/detail/cfg_ant__type_support.h
[76.759s] -- Installing: /home/men3m/Naima/install/ublox_msgs/include/ublox_msgs/ublox_msgs/msg/detail/esf_status_sens__functions.h
[76.759s] -- Installing: /home/men3m/Naima/install/ublox_msgs/include/ublox_msgs/ublox_msgs/msg/detail/nav_satsv__struct.h
[76.759s] -- Installing: /home/men3m/Naima/install/ublox_msgs/include/ublox_msgs/ublox_msgs/msg/detail/nav_sol__struct.h
[76.759s] -- Installing: /home/men3m/Naima/install/ublox_msgs/include/ublox_msgs/ublox_msgs/msg/detail/nav_clock__struct.h
[76.759s] -- Installing: /home/men3m/Naima/install/ublox_msgs/include/ublox_msgs/ublox_msgs/msg/detail/cfg_msg__functions.c
[76.759s] -- Installing: /home/men3m/Naima/install/ublox_msgs/include/ublox_msgs/ublox_msgs/msg/detail/rxm_rawsv__functions.c
[76.759s] -- Installing: /home/men3m/Naima/install/ublox_msgs/include/ublox_msgs/ublox_msgs/msg/detail/cfg_prt__struct.h
[76.760s] -- Installing: /home/men3m/Naima/install/ublox_msgs/include/ublox_msgs/ublox_msgs/msg/detail/nav_timegps__functions.c
[76.760s] -- Installing: /home/men3m/Naima/install/ublox_msgs/include/ublox_msgs/ublox_msgs/msg/detail/cfg_inf__type_support.h
[76.760s] -- Installing: /home/men3m/Naima/install/ublox_msgs/include/ublox_msgs/ublox_msgs/msg/detail/nav_velecef__type_support.h
[76.760s] -- Installing: /home/men3m/Naima/install/ublox_msgs/include/ublox_msgs/ublox_msgs/msg/detail/nav_svinfo__type_support.h
[76.760s] -- Installing: /home/men3m/Naima/install/ublox_msgs/include/ublox_msgs/ublox_msgs/msg/detail/cfg_nmea7__type_support.h
[76.760s] -- Installing: /home/men3m/Naima/install/ublox_msgs/include/ublox_msgs/ublox_msgs/msg/detail/esf_status__type_support.h
[76.760s] -- Installing: /home/men3m/Naima/install/ublox_msgs/include/ublox_msgs/ublox_msgs/msg/detail/cfg_tmode3__struct.h
[76.760s] -- Installing: /home/men3m/Naima/install/ublox_msgs/include/ublox_msgs/ublox_msgs/msg/detail/mon_gnss__type_support.h
[76.760s] -- Installing: /home/men3m/Naima/install/ublox_msgs/include/ublox_msgs/ublox_msgs/msg/detail/nav_sbassv__struct.h
[76.761s] -- Installing: /home/men3m/Naima/install/ublox_msgs/include/ublox_msgs/ublox_msgs/msg/detail/nav_svinfo__functions.h
[76.761s] -- Installing: /home/men3m/Naima/install/ublox_msgs/include/ublox_msgs/ublox_msgs/msg/detail/rxm_raw__functions.h
[76.761s] -- Installing: /home/men3m/Naima/install/ublox_msgs/include/ublox_msgs/ublox_msgs/msg/detail/rxm_rawx_meas__struct.h
[76.761s] -- Installing: /home/men3m/Naima/install/ublox_msgs/include/ublox_msgs/ublox_msgs/msg/detail/rxm_raw__functions.c
[76.761s] -- Installing: /home/men3m/Naima/install/ublox_msgs/include/ublox_msgs/ublox_msgs/msg/detail/mon_gnss__functions.c
[76.761s] -- Installing: /home/men3m/Naima/install/ublox_msgs/include/ublox_msgs/ublox_msgs/msg/detail/esf_status_sens__struct.h
[76.761s] -- Installing: /home/men3m/Naima/install/ublox_msgs/include/ublox_msgs/ublox_msgs/msg/detail/nav_svinfosv__functions.h
[76.761s] -- Installing: /home/men3m/Naima/install/ublox_msgs/include/ublox_msgs/ublox_msgs/msg/detail/rxm_svsi__functions.c
[76.762s] -- Installing: /home/men3m/Naima/install/ublox_msgs/include/ublox_msgs/ublox_msgs/msg/detail/esf_raw__functions.h
[76.762s] -- Installing: /home/men3m/Naima/install/ublox_msgs/include/ublox_msgs/ublox_msgs/msg/detail/nav_dgpssv__type_support.h
[76.762s] -- Installing: /home/men3m/Naima/install/ublox_msgs/include/ublox_msgs/ublox_msgs/msg/detail/cfg_gnss__functions.h
[76.762s] -- Installing: /home/men3m/Naima/install/ublox_msgs/include/ublox_msgs/ublox_msgs/msg/detail/rxm_svsi__type_support.h
[76.762s] -- Installing: /home/men3m/Naima/install/ublox_msgs/include/ublox_msgs/ublox_msgs/msg/detail/nav_svinfosv__type_support.h
[76.762s] -- Installing: /home/men3m/Naima/install/ublox_msgs/include/ublox_msgs/ublox_msgs/msg/detail/rxm_sfrb__type_support.h
[76.762s] -- Installing: /home/men3m/Naima/install/ublox_msgs/include/ublox_msgs/ublox_msgs/msg/detail/ack__functions.h
[76.762s] -- Installing: /home/men3m/Naima/install/ublox_msgs/include/ublox_msgs/ublox_msgs/msg/detail/nav_sat__type_support.h
[76.763s] -- Installing: /home/men3m/Naima/install/ublox_msgs/include/ublox_msgs/ublox_msgs/msg/detail/nav_relposned__functions.c
[76.763s] -- Installing: /home/men3m/Naima/install/ublox_msgs/include/ublox_msgs/ublox_msgs/msg/detail/mon_ver__functions.c
[76.763s] -- Installing: /home/men3m/Naima/install/ublox_msgs/include/ublox_msgs/ublox_msgs/msg/detail/nav_relposned9__struct.h
[76.763s] -- Installing: /home/men3m/Naima/install/ublox_msgs/include/ublox_msgs/ublox_msgs/msg/detail/hnr_pvt__functions.c
[76.763s] -- Installing: /home/men3m/Naima/install/ublox_msgs/include/ublox_msgs/ublox_msgs/msg/detail/nav_sbassv__type_support.h
[76.763s] -- Installing: /home/men3m/Naima/install/ublox_msgs/include/ublox_msgs/ublox_msgs/msg/detail/esf_raw__struct.h
[76.763s] -- Installing: /home/men3m/Naima/install/ublox_msgs/include/ublox_msgs/ublox_msgs/msg/detail/nav_att__type_support.h
[76.763s] -- Installing: /home/men3m/Naima/install/ublox_msgs/include/ublox_msgs/ublox_msgs/msg/detail/esf_raw_block__functions.c
[76.764s] -- Installing: /home/men3m/Naima/install/ublox_msgs/include/ublox_msgs/ublox_msgs/msg/detail/nav_dgps__type_support.h
[76.764s] -- Installing: /home/men3m/Naima/install/ublox_msgs/include/ublox_msgs/ublox_msgs/msg/detail/cfg_hnr__type_support.h
[76.764s] -- Installing: /home/men3m/Naima/install/ublox_msgs/include/ublox_msgs/ublox_msgs/msg/detail/cfg_nmea6__type_support.h
[76.764s] -- Installing: /home/men3m/Naima/install/ublox_msgs/include/ublox_msgs/ublox_msgs/msg/detail/nav_velned__struct.h
[76.764s] -- Installing: /home/men3m/Naima/install/ublox_msgs/include/ublox_msgs/ublox_msgs/msg/detail/nav_status__functions.c
[76.764s] -- Installing: /home/men3m/Naima/install/ublox_msgs/include/ublox_msgs/ublox_msgs/msg/detail/cfg_usb__functions.c
[76.764s] -- Installing: /home/men3m/Naima/install/ublox_msgs/include/ublox_msgs/ublox_msgs/msg/detail/cfg_navx5__type_support.h
[76.764s] -- Installing: /home/men3m/Naima/install/ublox_msgs/include/ublox_msgs/ublox_msgs/msg/detail/rxm_svsisv__functions.h
[76.764s] -- Installing: /home/men3m/Naima/install/ublox_msgs/include/ublox_msgs/ublox_msgs/msg/detail/mon_hw6__type_support.h
[76.765s] -- Installing: /home/men3m/Naima/install/ublox_msgs/include/ublox_msgs/ublox_msgs/msg/detail/nav_att__functions.c
[76.765s] -- Installing: /home/men3m/Naima/install/ublox_msgs/include/ublox_msgs/ublox_msgs/msg/detail/nav_clock__functions.c
[76.765s] -- Installing: /home/men3m/Naima/install/ublox_msgs/include/ublox_msgs/ublox_msgs/msg/detail/nav_sat__struct.h
[76.765s] -- Installing: /home/men3m/Naima/install/ublox_msgs/include/ublox_msgs/ublox_msgs/msg/detail/tim_tm2__functions.h
[76.765s] -- Installing: /home/men3m/Naima/install/ublox_msgs/include/ublox_msgs/ublox_msgs/msg/detail/cfg_hnr__struct.h
[76.765s] -- Installing: /home/men3m/Naima/install/ublox_msgs/include/ublox_msgs/ublox_msgs/msg/detail/cfg_rst__functions.c
[76.765s] -- Installing: /home/men3m/Naima/install/ublox_msgs/include/ublox_msgs/ublox_msgs/msg/detail/cfg_rate__functions.h
[76.765s] -- Installing: /home/men3m/Naima/install/ublox_msgs/include/ublox_msgs/ublox_msgs/msg/detail/cfg_inf_block__type_support.h
[76.766s] -- Installing: /home/men3m/Naima/install/ublox_msgs/include/ublox_msgs/ublox_msgs/msg/detail/cfg_dgnss__functions.h
[76.766s] -- Installing: /home/men3m/Naima/install/ublox_msgs/include/ublox_msgs/ublox_msgs/msg/detail/cfg_dat__functions.c
[76.766s] -- Installing: /home/men3m/Naima/install/ublox_msgs/include/ublox_msgs/ublox_msgs/msg/detail/aid_alm__struct.h
[76.766s] -- Installing: /home/men3m/Naima/install/ublox_msgs/include/ublox_msgs/ublox_msgs/msg/detail/cfg_sbas__functions.c
[76.766s] -- Installing: /home/men3m/Naima/install/ublox_msgs/include/ublox_msgs/ublox_msgs/msg/detail/ack__type_support.h
[76.766s] -- Installing: /home/men3m/Naima/install/ublox_msgs/include/ublox_msgs/ublox_msgs/msg/detail/cfg_cfg__struct.h
[76.766s] -- Installing: /home/men3m/Naima/install/ublox_msgs/include/ublox_msgs/ublox_msgs/msg/detail/cfg_inf__functions.h
[76.766s] -- Installing: /home/men3m/Naima/install/ublox_msgs/include/ublox_msgs/ublox_msgs/msg/detail/nav_timegps__functions.h
[76.767s] -- Installing: /home/men3m/Naima/install/ublox_msgs/include/ublox_msgs/ublox_msgs/msg/detail/rxm_eph__type_support.h
[76.767s] -- Installing: /home/men3m/Naima/install/ublox_msgs/include/ublox_msgs/ublox_msgs/msg/detail/upd_sos_ack__functions.c
[76.767s] -- Installing: /home/men3m/Naima/install/ublox_msgs/include/ublox_msgs/ublox_msgs/msg/detail/nav_svin__functions.h
[76.767s] -- Installing: /home/men3m/Naima/install/ublox_msgs/include/ublox_msgs/ublox_msgs/msg/detail/upd_sos_ack__struct.h
[76.767s] -- Installing: /home/men3m/Naima/install/ublox_msgs/include/ublox_msgs/ublox_msgs/msg/detail/rxm_eph__struct.h
[76.767s] -- Installing: /home/men3m/Naima/install/ublox_msgs/include/ublox_msgs/ublox_msgs/msg/detail/mga_gal__type_support.h
[76.767s] -- Installing: /home/men3m/Naima/install/ublox_msgs/include/ublox_msgs/ublox_msgs/msg/detail/mon_ver__type_support.h
[76.767s] -- Installing: /home/men3m/Naima/install/ublox_msgs/include/ublox_msgs/ublox_msgs/msg/detail/nav_sat__functions.h
[76.768s] -- Installing: /home/men3m/Naima/install/ublox_msgs/include/ublox_msgs/ublox_msgs/msg/detail/upd_sos__functions.c
[76.768s] -- Installing: /home/men3m/Naima/install/ublox_msgs/include/ublox_msgs/ublox_msgs/msg/detail/rxm_alm__struct.h
[76.768s] -- Installing: /home/men3m/Naima/install/ublox_msgs/include/ublox_msgs/ublox_msgs/msg/detail/mon_hw6__struct.h
[76.768s] -- Installing: /home/men3m/Naima/install/ublox_msgs/include/ublox_msgs/ublox_msgs/msg/detail/nav_satsv__type_support.h
[76.768s] -- Installing: /home/men3m/Naima/install/ublox_msgs/include/ublox_msgs/ublox_msgs/msg/detail/mon_hw6__functions.h
[76.768s] -- Installing: /home/men3m/Naima/install/ublox_msgs/include/ublox_msgs/ublox_msgs/msg/detail/cfg_nmea7__functions.c
[76.768s] -- Installing: /home/men3m/Naima/install/ublox_msgs/include/ublox_msgs/ublox_msgs/msg/detail/upd_sos__type_support.h
[76.768s] -- Installing: /home/men3m/Naima/install/ublox_msgs/include/ublox_msgs/ublox_msgs/msg/detail/rxm_rawsv__struct.h
[76.769s] -- Installing: /home/men3m/Naima/install/ublox_msgs/include/ublox_msgs/ublox_msgs/msg/detail/mon_ver_extension__functions.c
[76.769s] -- Installing: /home/men3m/Naima/install/ublox_msgs/include/ublox_msgs/ublox_msgs/msg/detail/hnr_pvt__struct.h
[76.769s] -- Installing: /home/men3m/Naima/install/ublox_msgs/include/ublox_msgs/ublox_msgs/msg/detail/cfg_nmea__type_support.h
[76.769s] -- Installing: /home/men3m/Naima/install/ublox_msgs/include/ublox_msgs/ublox_msgs/msg/detail/tim_tm2__type_support.h
[76.769s] -- Installing: /home/men3m/Naima/install/ublox_msgs/include/ublox_msgs/ublox_msgs/msg/detail/nav_satsv__functions.h
[76.769s] -- Installing: /home/men3m/Naima/install/ublox_msgs/include/ublox_msgs/ublox_msgs/msg/detail/rxm_eph__functions.h
[76.769s] -- Installing: /home/men3m/Naima/install/ublox_msgs/include/ublox_msgs/ublox_msgs/msg/detail/nav_svinfosv__struct.h
[76.769s] -- Installing: /home/men3m/Naima/install/ublox_msgs/include/ublox_msgs/ublox_msgs/msg/detail/esf_raw_block__type_support.h
[76.769s] -- Installing: /home/men3m/Naima/install/ublox_msgs/include/ublox_msgs/ublox_msgs/msg/detail/mon_gnss__struct.h
[76.770s] -- Installing: /home/men3m/Naima/install/ublox_msgs/include/ublox_msgs/ublox_msgs/msg/detail/cfg_msg__struct.h
[76.770s] -- Installing: /home/men3m/Naima/install/ublox_msgs/include/ublox_msgs/ublox_msgs/msg/detail/rxm_svsisv__type_support.h
[76.770s] -- Installing: /home/men3m/Naima/install/ublox_msgs/include/ublox_msgs/ublox_msgs/msg/detail/rxm_rawx__functions.c
[76.770s] -- Installing: /home/men3m/Naima/install/ublox_msgs/include/ublox_msgs/ublox_msgs/msg/detail/esf_ins__type_support.h
[76.770s] -- Installing: /home/men3m/Naima/install/ublox_msgs/include/ublox_msgs/ublox_msgs/msg/detail/rxm_raw__type_support.h
[76.770s] -- Installing: /home/men3m/Naima/install/ublox_msgs/include/ublox_msgs/ublox_msgs/msg/detail/cfg_gnss__functions.c
[76.770s] -- Installing: /home/men3m/Naima/install/ublox_msgs/include/ublox_msgs/ublox_msgs/msg/detail/cfg_sbas__type_support.h
[76.770s] -- Installing: /home/men3m/Naima/install/ublox_msgs/include/ublox_msgs/ublox_msgs/msg/detail/nav_dgpssv__struct.h
[76.771s] -- Installing: /home/men3m/Naima/install/ublox_msgs/include/ublox_msgs/ublox_msgs/msg/detail/rxm_rawx__struct.h
[76.771s] -- Installing: /home/men3m/Naima/install/ublox_msgs/include/ublox_msgs/ublox_msgs/msg/detail/rxm_svsi__functions.h
[76.771s] -- Installing: /home/men3m/Naima/install/ublox_msgs/include/ublox_msgs/ublox_msgs/msg/detail/cfg_nav5__type_support.h
[76.771s] -- Installing: /home/men3m/Naima/install/ublox_msgs/include/ublox_msgs/ublox_msgs/msg/detail/rxm_rawsv__type_support.h
[76.771s] -- Installing: /home/men3m/Naima/install/ublox_msgs/include/ublox_msgs/ublox_msgs/msg/detail/cfg_tmode3__functions.h
[76.771s] -- Installing: /home/men3m/Naima/install/ublox_msgs/include/ublox_msgs/ublox_msgs/msg/detail/rxm_rawx__type_support.h
[76.771s] -- Installing: /home/men3m/Naima/install/ublox_msgs/include/ublox_msgs/ublox_msgs/msg/detail/esf_ins__functions.h
[76.771s] -- Installing: /home/men3m/Naima/install/ublox_msgs/include/ublox_msgs/ublox_msgs/msg/detail/esf_status__struct.h
[76.771s] -- Installing: /home/men3m/Naima/install/ublox_msgs/include/ublox_msgs/ublox_msgs/msg/detail/cfg_rst__functions.h
[76.772s] -- Installing: /home/men3m/Naima/install/ublox_msgs/include/ublox_msgs/ublox_msgs/msg/detail/cfg_navx5__functions.c
[76.772s] -- Installing: /home/men3m/Naima/install/ublox_msgs/include/ublox_msgs/ublox_msgs/msg/detail/nav_velned__functions.c
[76.772s] -- Installing: /home/men3m/Naima/install/ublox_msgs/include/ublox_msgs/ublox_msgs/msg/detail/cfg_nmea6__struct.h
[76.772s] -- Installing: /home/men3m/Naima/install/ublox_msgs/include/ublox_msgs/ublox_msgs/msg/detail/tim_tm2__functions.c
[76.772s] -- Installing: /home/men3m/Naima/install/ublox_msgs/include/ublox_msgs/ublox_msgs/msg/detail/nav_sat__functions.c
[76.772s] -- Installing: /home/men3m/Naima/install/ublox_msgs/include/ublox_msgs/ublox_msgs/msg/detail/rxm_sfrbx__type_support.h
[76.772s] -- Installing: /home/men3m/Naima/install/ublox_msgs/include/ublox_msgs/ublox_msgs/msg/detail/nav_posllh__functions.h
[76.772s] -- Installing: /home/men3m/Naima/install/ublox_msgs/include/ublox_msgs/ublox_msgs/msg/detail/nav_sbassv__functions.c
[76.773s] -- Installing: /home/men3m/Naima/install/ublox_msgs/include/ublox_msgs/ublox_msgs/msg/detail/cfg_prt__functions.h
[76.773s] -- Installing: /home/men3m/Naima/install/ublox_msgs/include/ublox_msgs/ublox_msgs/msg/detail/inf__functions.c
[76.773s] -- Installing: /home/men3m/Naima/install/ublox_msgs/include/ublox_msgs/ublox_msgs/msg/detail/rxm_sfrb__functions.c
[76.773s] -- Installing: /home/men3m/Naima/install/ublox_msgs/include/ublox_msgs/ublox_msgs/msg/nav_relposned.h
[76.773s] -- Installing: /home/men3m/Naima/install/ublox_msgs/include/ublox_msgs/ublox_msgs/msg/cfg_nmea.h
[76.773s] -- Installing: /home/men3m/Naima/install/ublox_msgs/include/ublox_msgs/ublox_msgs/msg/rxm_sfrbx.h
[76.773s] -- Installing: /home/men3m/Naima/install/ublox_msgs/include/ublox_msgs/ublox_msgs/msg/nav_pvt7.h
[76.773s] -- Installing: /home/men3m/Naima/install/ublox_msgs/include/ublox_msgs/ublox_msgs/msg/aid_alm.h
[76.773s] -- Installing: /home/men3m/Naima/install/ublox_msgs/include/ublox_msgs/ublox_msgs/msg/upd_sos.h
[76.774s] -- Installing: /home/men3m/Naima/install/ublox_msgs/include/ublox_msgs/ublox_msgs/msg/rxm_raw.h
[76.774s] -- Installing: /home/men3m/Naima/install/ublox_msgs/include/ublox_msgs/ublox_msgs/msg/upd_sos_ack.h
[76.774s] -- Installing: /home/men3m/Naima/install/ublox_msgs/include/ublox_msgs/ublox_msgs/msg/nav_timeutc.h
[76.774s] -- Installing: /home/men3m/Naima/install/ublox_msgs/include/ublox_msgs/ublox_msgs/msg/mon_ver.h
[76.774s] -- Installing: /home/men3m/Naima/install/ublox_msgs/include/ublox_msgs/ublox_msgs/msg/nav_dgps.h
[76.774s] -- Installing: /home/men3m/Naima/install/ublox_msgs/include/ublox_msgs/ublox_msgs/msg/cfg_navx5.h
[76.774s] -- Installing: /home/men3m/Naima/install/ublox_msgs/include/ublox_msgs/ublox_msgs/msg/nav_posecef.h
[76.774s] -- Installing: /home/men3m/Naima/install/ublox_msgs/include/ublox_msgs/ublox_msgs/msg/mga_gal.h
[76.774s] -- Installing: /home/men3m/Naima/install/ublox_msgs/include/ublox_msgs/ublox_msgs/msg/nav_att.h
[76.775s] -- Installing: /home/men3m/Naima/install/ublox_msgs/include/ublox_msgs/ublox_msgs/msg/cfg_hnr.h
[76.775s] -- Installing: /home/men3m/Naima/install/ublox_msgs/include/ublox_msgs/ublox_msgs/msg/nav_sbas.h
[76.775s] -- Installing: /home/men3m/Naima/install/ublox_msgs/include/ublox_msgs/ublox_msgs/msg/tim_tm2.h
[76.775s] -- Installing: /home/men3m/Naima/install/ublox_msgs/include/ublox_msgs/ublox_msgs/msg/nav_svin.h
[76.775s] -- Installing: /home/men3m/Naima/install/ublox_msgs/include/ublox_msgs/ublox_msgs/msg/cfg_gnss.h
[76.775s] -- Installing: /home/men3m/Naima/install/ublox_msgs/include/ublox_msgs/ublox_msgs/msg/cfg_rst.h
[76.775s] -- Installing: /home/men3m/Naima/install/ublox_msgs/include/ublox_msgs/ublox_msgs/msg/rxm_eph.h
[76.775s] -- Installing: /home/men3m/Naima/install/ublox_msgs/include/ublox_msgs/ublox_msgs/msg/cfg_nav5.h
[76.776s] -- Installing: /home/men3m/Naima/install/ublox_msgs/include/ublox_msgs/ublox_msgs/msg/rxm_svsi.h
[76.776s] -- Installing: /home/men3m/Naima/install/ublox_msgs/include/ublox_msgs/ublox_msgs/msg/cfg_msg.h
[76.776s] -- Installing: /home/men3m/Naima/install/ublox_msgs/include/ublox_msgs/ublox_msgs/msg/esf_status_sens.h
[76.776s] -- Installing: /home/men3m/Naima/install/ublox_msgs/include/ublox_msgs/ublox_msgs/msg/mon_hw6.h
[76.776s] -- Installing: /home/men3m/Naima/install/ublox_msgs/include/ublox_msgs/ublox_msgs/msg/hnr_pvt.h
[76.776s] -- Installing: /home/men3m/Naima/install/ublox_msgs/include/ublox_msgs/ublox_msgs/msg/cfg_ant.h
[76.776s] -- Installing: /home/men3m/Naima/install/ublox_msgs/include/ublox_msgs/ublox_msgs/msg/cfg_nmea7.h
[76.776s] -- Installing: /home/men3m/Naima/install/ublox_msgs/include/ublox_msgs/ublox_msgs/msg/rxm_svsisv.h
[76.776s] -- Installing: /home/men3m/Naima/install/ublox_msgs/include/ublox_msgs/ublox_msgs/msg/ack.h
[76.777s] -- Installing: /home/men3m/Naima/install/ublox_msgs/include/ublox_msgs/ublox_msgs/msg/cfg_prt.h
[76.777s] -- Installing: /home/men3m/Naima/install/ublox_msgs/include/ublox_msgs/ublox_msgs/msg/nav_clock.h
[76.777s] -- Installing: /home/men3m/Naima/install/ublox_msgs/include/ublox_msgs/ublox_msgs/msg/rxm_rtcm.h
[76.777s] -- Installing: /home/men3m/Naima/install/ublox_msgs/include/ublox_msgs/ublox_msgs/msg/esf_ins.h
[76.777s] -- Installing: /home/men3m/Naima/install/ublox_msgs/include/ublox_msgs/ublox_msgs/msg/rxm_sfrb.h
[76.777s] -- Installing: /home/men3m/Naima/install/ublox_msgs/include/ublox_msgs/ublox_msgs/msg/nav_velned.h
[76.777s] -- Installing: /home/men3m/Naima/install/ublox_msgs/include/ublox_msgs/ublox_msgs/msg/nav_sol.h
[76.777s] -- Installing: /home/men3m/Naima/install/ublox_msgs/include/ublox_msgs/ublox_msgs/msg/nav_relposned9.h
[76.777s] -- Installing: /home/men3m/Naima/install/ublox_msgs/include/ublox_msgs/ublox_msgs/msg/nav_sbassv.h
[76.778s] -- Installing: /home/men3m/Naima/install/ublox_msgs/include/ublox_msgs/ublox_msgs/msg/cfg_inf.h
[76.778s] -- Installing: /home/men3m/Naima/install/ublox_msgs/include/ublox_msgs/ublox_msgs/msg/nav_sat.h
[76.778s] -- Installing: /home/men3m/Naima/install/ublox_msgs/include/ublox_msgs/ublox_msgs/msg/esf_raw_block.h
[76.778s] -- Installing: /home/men3m/Naima/install/ublox_msgs/include/ublox_msgs/ublox_msgs/msg/cfg_usb.h
[76.778s] -- Installing: /home/men3m/Naima/install/ublox_msgs/include/ublox_msgs/ublox_msgs/msg/cfg_nmea6.h
[76.778s] -- Installing: /home/men3m/Naima/install/ublox_msgs/include/ublox_msgs/ublox_msgs/msg/nav_timegps.h
[76.778s] -- Installing: /home/men3m/Naima/install/ublox_msgs/include/ublox_msgs/ublox_msgs/msg/nav_pvt.h
[76.778s] -- Installing: /home/men3m/Naima/install/ublox_msgs/include/ublox_msgs/ublox_msgs/msg/cfg_dat.h
[76.778s] -- Installing: /home/men3m/Naima/install/ublox_msgs/include/ublox_msgs/ublox_msgs/msg/nav_velecef.h
[76.779s] -- Installing: /home/men3m/Naima/install/ublox_msgs/share/ublox_msgs/environment/library_path.sh
[76.779s] -- Installing: /home/men3m/Naima/install/ublox_msgs/share/ublox_msgs/environment/library_path.dsv
[76.779s] -- Installing: /home/men3m/Naima/install/ublox_msgs/lib/libublox_msgs__rosidl_generator_c.so
[76.780s] -- Set runtime path of "/home/men3m/Naima/install/ublox_msgs/lib/libublox_msgs__rosidl_generator_c.so" to ""
[76.780s] -- Up-to-date: /home/men3m/Naima/install/ublox_msgs/include/ublox_msgs/ublox_msgs
[76.780s] -- Up-to-date: /home/men3m/Naima/install/ublox_msgs/include/ublox_msgs/ublox_msgs/msg
[76.780s] -- Installing: /home/men3m/Naima/install/ublox_msgs/include/ublox_msgs/ublox_msgs/msg/rosidl_typesupport_fastrtps_c__visibility_control.h
[76.780s] -- Up-to-date: /home/men3m/Naima/install/ublox_msgs/include/ublox_msgs/ublox_msgs/msg/detail
[76.780s] -- Installing: /home/men3m/Naima/install/ublox_msgs/include/ublox_msgs/ublox_msgs/msg/detail/cfg_nmea6__rosidl_typesupport_fastrtps_c.h
[76.780s] -- Installing: /home/men3m/Naima/install/ublox_msgs/include/ublox_msgs/ublox_msgs/msg/detail/tim_tm2__rosidl_typesupport_fastrtps_c.h
[76.781s] -- Installing: /home/men3m/Naima/install/ublox_msgs/include/ublox_msgs/ublox_msgs/msg/detail/mga_gal__rosidl_typesupport_fastrtps_c.h
[76.781s] -- Installing: /home/men3m/Naima/install/ublox_msgs/include/ublox_msgs/ublox_msgs/msg/detail/esf_raw_block__rosidl_typesupport_fastrtps_c.h
[76.781s] -- Installing: /home/men3m/Naima/install/ublox_msgs/include/ublox_msgs/ublox_msgs/msg/detail/rxm_rtcm__rosidl_typesupport_fastrtps_c.h
[76.781s] -- Installing: /home/men3m/Naima/install/ublox_msgs/include/ublox_msgs/ublox_msgs/msg/detail/nav_posllh__rosidl_typesupport_fastrtps_c.h
[76.781s] -- Installing: /home/men3m/Naima/install/ublox_msgs/include/ublox_msgs/ublox_msgs/msg/detail/cfg_ant__rosidl_typesupport_fastrtps_c.h
[76.781s] -- Installing: /home/men3m/Naima/install/ublox_msgs/include/ublox_msgs/ublox_msgs/msg/detail/cfg_inf_block__rosidl_typesupport_fastrtps_c.h
[76.781s] -- Installing: /home/men3m/Naima/install/ublox_msgs/include/ublox_msgs/ublox_msgs/msg/detail/nav_svinfo__rosidl_typesupport_fastrtps_c.h
[76.781s] -- Installing: /home/men3m/Naima/install/ublox_msgs/include/ublox_msgs/ublox_msgs/msg/detail/hnr_pvt__rosidl_typesupport_fastrtps_c.h
[76.781s] -- Installing: /home/men3m/Naima/install/ublox_msgs/include/ublox_msgs/ublox_msgs/msg/detail/upd_sos__rosidl_typesupport_fastrtps_c.h
[76.782s] -- Installing: /home/men3m/Naima/install/ublox_msgs/include/ublox_msgs/ublox_msgs/msg/detail/nav_dgpssv__rosidl_typesupport_fastrtps_c.h
[76.782s] -- Installing: /home/men3m/Naima/install/ublox_msgs/include/ublox_msgs/ublox_msgs/msg/detail/rxm_rawsv__rosidl_typesupport_fastrtps_c.h
[76.782s] -- Installing: /home/men3m/Naima/install/ublox_msgs/include/ublox_msgs/ublox_msgs/msg/detail/nav_timeutc__rosidl_typesupport_fastrtps_c.h
[76.782s] -- Installing: /home/men3m/Naima/install/ublox_msgs/include/ublox_msgs/ublox_msgs/msg/detail/nav_pvt__rosidl_typesupport_fastrtps_c.h
[76.782s] -- Installing: /home/men3m/Naima/install/ublox_msgs/include/ublox_msgs/ublox_msgs/msg/detail/cfg_nav5__rosidl_typesupport_fastrtps_c.h
[76.782s] -- Installing: /home/men3m/Naima/install/ublox_msgs/include/ublox_msgs/ublox_msgs/msg/detail/mon_gnss__rosidl_typesupport_fastrtps_c.h
[76.782s] -- Installing: /home/men3m/Naima/install/ublox_msgs/include/ublox_msgs/ublox_msgs/msg/detail/aid_eph__rosidl_typesupport_fastrtps_c.h
[76.782s] -- Installing: /home/men3m/Naima/install/ublox_msgs/include/ublox_msgs/ublox_msgs/msg/detail/nav_pvt7__rosidl_typesupport_fastrtps_c.h
[76.783s] -- Installing: /home/men3m/Naima/install/ublox_msgs/include/ublox_msgs/ublox_msgs/msg/detail/nav_sbassv__rosidl_typesupport_fastrtps_c.h
[76.783s] -- Installing: /home/men3m/Naima/install/ublox_msgs/include/ublox_msgs/ublox_msgs/msg/detail/cfg_inf__rosidl_typesupport_fastrtps_c.h
[76.783s] -- Installing: /home/men3m/Naima/install/ublox_msgs/include/ublox_msgs/ublox_msgs/msg/detail/aid_alm__rosidl_typesupport_fastrtps_c.h
[76.783s] -- Installing: /home/men3m/Naima/install/ublox_msgs/include/ublox_msgs/ublox_msgs/msg/detail/rxm_svsisv__rosidl_typesupport_fastrtps_c.h
[76.783s] -- Installing: /home/men3m/Naima/install/ublox_msgs/include/ublox_msgs/ublox_msgs/msg/detail/nav_svin__rosidl_typesupport_fastrtps_c.h
[76.783s] -- Installing: /home/men3m/Naima/install/ublox_msgs/include/ublox_msgs/ublox_msgs/msg/detail/nav_sol__rosidl_typesupport_fastrtps_c.h
[76.783s] -- Installing: /home/men3m/Naima/install/ublox_msgs/include/ublox_msgs/ublox_msgs/msg/detail/upd_sos_ack__rosidl_typesupport_fastrtps_c.h
[76.783s] -- Installing: /home/men3m/Naima/install/ublox_msgs/include/ublox_msgs/ublox_msgs/msg/detail/inf__rosidl_typesupport_fastrtps_c.h
[76.783s] -- Installing: /home/men3m/Naima/install/ublox_msgs/include/ublox_msgs/ublox_msgs/msg/detail/nav_relposned__rosidl_typesupport_fastrtps_c.h
[76.784s] -- Installing: /home/men3m/Naima/install/ublox_msgs/include/ublox_msgs/ublox_msgs/msg/detail/rxm_svsi__rosidl_typesupport_fastrtps_c.h
[76.784s] -- Installing: /home/men3m/Naima/install/ublox_msgs/include/ublox_msgs/ublox_msgs/msg/detail/nav_posecef__rosidl_typesupport_fastrtps_c.h
[76.784s] -- Installing: /home/men3m/Naima/install/ublox_msgs/include/ublox_msgs/ublox_msgs/msg/detail/cfg_nmea__rosidl_typesupport_fastrtps_c.h
[76.784s] -- Installing: /home/men3m/Naima/install/ublox_msgs/include/ublox_msgs/ublox_msgs/msg/detail/rxm_raw__rosidl_typesupport_fastrtps_c.h
[76.784s] -- Installing: /home/men3m/Naima/install/ublox_msgs/include/ublox_msgs/ublox_msgs/msg/detail/nav_dop__rosidl_typesupport_fastrtps_c.h
[76.784s] -- Installing: /home/men3m/Naima/install/ublox_msgs/include/ublox_msgs/ublox_msgs/msg/detail/mon_ver__rosidl_typesupport_fastrtps_c.h
[76.784s] -- Installing: /home/men3m/Naima/install/ublox_msgs/include/ublox_msgs/ublox_msgs/msg/detail/cfg_nmea7__rosidl_typesupport_fastrtps_c.h
[76.784s] -- Installing: /home/men3m/Naima/install/ublox_msgs/include/ublox_msgs/ublox_msgs/msg/detail/cfg_rate__rosidl_typesupport_fastrtps_c.h
[76.785s] -- Installing: /home/men3m/Naima/install/ublox_msgs/include/ublox_msgs/ublox_msgs/msg/detail/nav_status__rosidl_typesupport_fastrtps_c.h
[76.785s] -- Installing: /home/men3m/Naima/install/ublox_msgs/include/ublox_msgs/ublox_msgs/msg/detail/cfg_msg__rosidl_typesupport_fastrtps_c.h
[76.785s] -- Installing: /home/men3m/Naima/install/ublox_msgs/include/ublox_msgs/ublox_msgs/msg/detail/nav_svinfosv__rosidl_typesupport_fastrtps_c.h
[76.785s] -- Installing: /home/men3m/Naima/install/ublox_msgs/include/ublox_msgs/ublox_msgs/msg/detail/rxm_sfrbx__rosidl_typesupport_fastrtps_c.h
[76.785s] -- Installing: /home/men3m/Naima/install/ublox_msgs/include/ublox_msgs/ublox_msgs/msg/detail/mon_hw6__rosidl_typesupport_fastrtps_c.h
[76.785s] -- Installing: /home/men3m/Naima/install/ublox_msgs/include/ublox_msgs/ublox_msgs/msg/detail/rxm_rawx__rosidl_typesupport_fastrtps_c.h
[76.785s] -- Installing: /home/men3m/Naima/install/ublox_msgs/include/ublox_msgs/ublox_msgs/msg/detail/rxm_eph__rosidl_typesupport_fastrtps_c.h
[76.785s] -- Installing: /home/men3m/Naima/install/ublox_msgs/include/ublox_msgs/ublox_msgs/msg/detail/cfg_sbas__rosidl_typesupport_fastrtps_c.h
[76.785s] -- Installing: /home/men3m/Naima/install/ublox_msgs/include/ublox_msgs/ublox_msgs/msg/detail/cfg_gnss_block__rosidl_typesupport_fastrtps_c.h
[76.786s] -- Installing: /home/men3m/Naima/install/ublox_msgs/include/ublox_msgs/ublox_msgs/msg/detail/nav_timegps__rosidl_typesupport_fastrtps_c.h
[76.786s] -- Installing: /home/men3m/Naima/install/ublox_msgs/include/ublox_msgs/ublox_msgs/msg/detail/cfg_dat__rosidl_typesupport_fastrtps_c.h
[76.786s] -- Installing: /home/men3m/Naima/install/ublox_msgs/include/ublox_msgs/ublox_msgs/msg/detail/nav_relposned9__rosidl_typesupport_fastrtps_c.h
[76.786s] -- Installing: /home/men3m/Naima/install/ublox_msgs/include/ublox_msgs/ublox_msgs/msg/detail/nav_sat__rosidl_typesupport_fastrtps_c.h
[76.786s] -- Installing: /home/men3m/Naima/install/ublox_msgs/include/ublox_msgs/ublox_msgs/msg/detail/nav_sbas__rosidl_typesupport_fastrtps_c.h
[76.786s] -- Installing: /home/men3m/Naima/install/ublox_msgs/include/ublox_msgs/ublox_msgs/msg/detail/esf_status_sens__rosidl_typesupport_fastrtps_c.h
[76.786s] -- Installing: /home/men3m/Naima/install/ublox_msgs/include/ublox_msgs/ublox_msgs/msg/detail/nav_att__rosidl_typesupport_fastrtps_c.h
[76.786s] -- Installing: /home/men3m/Naima/install/ublox_msgs/include/ublox_msgs/ublox_msgs/msg/detail/cfg_rst__rosidl_typesupport_fastrtps_c.h
[76.787s] -- Installing: /home/men3m/Naima/install/ublox_msgs/include/ublox_msgs/ublox_msgs/msg/detail/esf_raw__rosidl_typesupport_fastrtps_c.h
[76.787s] -- Installing: /home/men3m/Naima/install/ublox_msgs/include/ublox_msgs/ublox_msgs/msg/detail/cfg_navx5__rosidl_typesupport_fastrtps_c.h
[76.787s] -- Installing: /home/men3m/Naima/install/ublox_msgs/include/ublox_msgs/ublox_msgs/msg/detail/aid_hui__rosidl_typesupport_fastrtps_c.h
[76.787s] -- Installing: /home/men3m/Naima/install/ublox_msgs/include/ublox_msgs/ublox_msgs/msg/detail/rxm_sfrb__rosidl_typesupport_fastrtps_c.h
[76.787s] -- Installing: /home/men3m/Naima/install/ublox_msgs/include/ublox_msgs/ublox_msgs/msg/detail/cfg_dgnss__rosidl_typesupport_fastrtps_c.h
[76.787s] -- Installing: /home/men3m/Naima/install/ublox_msgs/include/ublox_msgs/ublox_msgs/msg/detail/rxm_alm__rosidl_typesupport_fastrtps_c.h
[76.787s] -- Installing: /home/men3m/Naima/install/ublox_msgs/include/ublox_msgs/ublox_msgs/msg/detail/nav_satsv__rosidl_typesupport_fastrtps_c.h
[76.787s] -- Installing: /home/men3m/Naima/install/ublox_msgs/include/ublox_msgs/ublox_msgs/msg/detail/ack__rosidl_typesupport_fastrtps_c.h
[76.788s] -- Installing: /home/men3m/Naima/install/ublox_msgs/include/ublox_msgs/ublox_msgs/msg/detail/cfg_hnr__rosidl_typesupport_fastrtps_c.h
[76.788s] -- Installing: /home/men3m/Naima/install/ublox_msgs/include/ublox_msgs/ublox_msgs/msg/detail/cfg_usb__rosidl_typesupport_fastrtps_c.h
[76.788s] -- Installing: /home/men3m/Naima/install/ublox_msgs/include/ublox_msgs/ublox_msgs/msg/detail/cfg_gnss__rosidl_typesupport_fastrtps_c.h
[76.788s] -- Installing: /home/men3m/Naima/install/ublox_msgs/include/ublox_msgs/ublox_msgs/msg/detail/rxm_rawx_meas__rosidl_typesupport_fastrtps_c.h
[76.788s] -- Installing: /home/men3m/Naima/install/ublox_msgs/include/ublox_msgs/ublox_msgs/msg/detail/esf_ins__rosidl_typesupport_fastrtps_c.h
[76.788s] -- Installing: /home/men3m/Naima/install/ublox_msgs/include/ublox_msgs/ublox_msgs/msg/detail/mon_ver_extension__rosidl_typesupport_fastrtps_c.h
[76.788s] -- Installing: /home/men3m/Naima/install/ublox_msgs/include/ublox_msgs/ublox_msgs/msg/detail/nav_clock__rosidl_typesupport_fastrtps_c.h
[76.788s] -- Installing: /home/men3m/Naima/install/ublox_msgs/include/ublox_msgs/ublox_msgs/msg/detail/cfg_cfg__rosidl_typesupport_fastrtps_c.h
[76.788s] -- Installing: /home/men3m/Naima/install/ublox_msgs/include/ublox_msgs/ublox_msgs/msg/detail/cfg_prt__rosidl_typesupport_fastrtps_c.h
[76.789s] -- Installing: /home/men3m/Naima/install/ublox_msgs/include/ublox_msgs/ublox_msgs/msg/detail/nav_velecef__rosidl_typesupport_fastrtps_c.h
[76.789s] -- Installing: /home/men3m/Naima/install/ublox_msgs/include/ublox_msgs/ublox_msgs/msg/detail/nav_velned__rosidl_typesupport_fastrtps_c.h
[76.789s] -- Installing: /home/men3m/Naima/install/ublox_msgs/include/ublox_msgs/ublox_msgs/msg/detail/mon_hw__rosidl_typesupport_fastrtps_c.h
[76.789s] -- Installing: /home/men3m/Naima/install/ublox_msgs/include/ublox_msgs/ublox_msgs/msg/detail/esf_meas__rosidl_typesupport_fastrtps_c.h
[76.789s] -- Installing: /home/men3m/Naima/install/ublox_msgs/include/ublox_msgs/ublox_msgs/msg/detail/esf_status__rosidl_typesupport_fastrtps_c.h
[76.789s] -- Installing: /home/men3m/Naima/install/ublox_msgs/include/ublox_msgs/ublox_msgs/msg/detail/nav_dgps__rosidl_typesupport_fastrtps_c.h
[76.789s] -- Installing: /home/men3m/Naima/install/ublox_msgs/include/ublox_msgs/ublox_msgs/msg/detail/cfg_tmode3__rosidl_typesupport_fastrtps_c.h
[76.789s] -- Installing: /home/men3m/Naima/install/ublox_msgs/lib/libublox_msgs__rosidl_typesupport_fastrtps_c.so
[76.790s] -- Set runtime path of "/home/men3m/Naima/install/ublox_msgs/lib/libublox_msgs__rosidl_typesupport_fastrtps_c.so" to ""
[76.790s] -- Up-to-date: /home/men3m/Naima/install/ublox_msgs/include/ublox_msgs/ublox_msgs
[76.790s] -- Up-to-date: /home/men3m/Naima/install/ublox_msgs/include/ublox_msgs/ublox_msgs/msg
[76.790s] -- Up-to-date: /home/men3m/Naima/install/ublox_msgs/include/ublox_msgs/ublox_msgs/msg/detail
[76.790s] -- Installing: /home/men3m/Naima/install/ublox_msgs/include/ublox_msgs/ublox_msgs/msg/detail/hnr_pvt__rosidl_typesupport_introspection_c.h
[76.791s] -- Installing: /home/men3m/Naima/install/ublox_msgs/include/ublox_msgs/ublox_msgs/msg/detail/nav_velned__rosidl_typesupport_introspection_c.h
[76.791s] -- Installing: /home/men3m/Naima/install/ublox_msgs/include/ublox_msgs/ublox_msgs/msg/detail/cfg_msg__rosidl_typesupport_introspection_c.h
[76.791s] -- Installing: /home/men3m/Naima/install/ublox_msgs/include/ublox_msgs/ublox_msgs/msg/detail/rxm_alm__rosidl_typesupport_introspection_c.h
[76.791s] -- Installing: /home/men3m/Naima/install/ublox_msgs/include/ublox_msgs/ublox_msgs/msg/detail/upd_sos__type_support.c
[76.791s] -- Installing: /home/men3m/Naima/install/ublox_msgs/include/ublox_msgs/ublox_msgs/msg/detail/cfg_inf__type_support.c
[76.791s] -- Installing: /home/men3m/Naima/install/ublox_msgs/include/ublox_msgs/ublox_msgs/msg/detail/esf_status__rosidl_typesupport_introspection_c.h
[76.791s] -- Installing: /home/men3m/Naima/install/ublox_msgs/include/ublox_msgs/ublox_msgs/msg/detail/cfg_usb__rosidl_typesupport_introspection_c.h
[76.792s] -- Installing: /home/men3m/Naima/install/ublox_msgs/include/ublox_msgs/ublox_msgs/msg/detail/rxm_rtcm__type_support.c
[76.792s] -- Installing: /home/men3m/Naima/install/ublox_msgs/include/ublox_msgs/ublox_msgs/msg/detail/nav_timegps__rosidl_typesupport_introspection_c.h
[76.792s] -- Installing: /home/men3m/Naima/install/ublox_msgs/include/ublox_msgs/ublox_msgs/msg/detail/rxm_sfrb__rosidl_typesupport_introspection_c.h
[76.792s] -- Installing: /home/men3m/Naima/install/ublox_msgs/include/ublox_msgs/ublox_msgs/msg/detail/cfg_nmea6__rosidl_typesupport_introspection_c.h
[76.792s] -- Installing: /home/men3m/Naima/install/ublox_msgs/include/ublox_msgs/ublox_msgs/msg/detail/esf_status__type_support.c
[76.792s] -- Installing: /home/men3m/Naima/install/ublox_msgs/include/ublox_msgs/ublox_msgs/msg/detail/nav_dgps__type_support.c
[76.792s] -- Installing: /home/men3m/Naima/install/ublox_msgs/include/ublox_msgs/ublox_msgs/msg/detail/nav_dgpssv__type_support.c
[76.792s] -- Installing: /home/men3m/Naima/install/ublox_msgs/include/ublox_msgs/ublox_msgs/msg/detail/esf_meas__type_support.c
[76.793s] -- Installing: /home/men3m/Naima/install/ublox_msgs/include/ublox_msgs/ublox_msgs/msg/detail/upd_sos__rosidl_typesupport_introspection_c.h
[76.793s] -- Installing: /home/men3m/Naima/install/ublox_msgs/include/ublox_msgs/ublox_msgs/msg/detail/aid_eph__rosidl_typesupport_introspection_c.h
[76.793s] -- Installing: /home/men3m/Naima/install/ublox_msgs/include/ublox_msgs/ublox_msgs/msg/detail/inf__rosidl_typesupport_introspection_c.h
[76.793s] -- Installing: /home/men3m/Naima/install/ublox_msgs/include/ublox_msgs/ublox_msgs/msg/detail/nav_dop__rosidl_typesupport_introspection_c.h
[76.793s] -- Installing: /home/men3m/Naima/install/ublox_msgs/include/ublox_msgs/ublox_msgs/msg/detail/mon_ver__rosidl_typesupport_introspection_c.h
[76.793s] -- Installing: /home/men3m/Naima/install/ublox_msgs/include/ublox_msgs/ublox_msgs/msg/detail/cfg_navx5__type_support.c
[76.793s] -- Installing: /home/men3m/Naima/install/ublox_msgs/include/ublox_msgs/ublox_msgs/msg/detail/cfg_hnr__type_support.c
[76.793s] -- Installing: /home/men3m/Naima/install/ublox_msgs/include/ublox_msgs/ublox_msgs/msg/detail/cfg_rst__rosidl_typesupport_introspection_c.h
[76.794s] -- Installing: /home/men3m/Naima/install/ublox_msgs/include/ublox_msgs/ublox_msgs/msg/detail/rxm_eph__type_support.c
[76.794s] -- Installing: /home/men3m/Naima/install/ublox_msgs/include/ublox_msgs/ublox_msgs/msg/detail/nav_velecef__rosidl_typesupport_introspection_c.h
[76.794s] -- Installing: /home/men3m/Naima/install/ublox_msgs/include/ublox_msgs/ublox_msgs/msg/detail/nav_timeutc__type_support.c
[76.794s] -- Installing: /home/men3m/Naima/install/ublox_msgs/include/ublox_msgs/ublox_msgs/msg/detail/mon_ver__type_support.c
[76.794s] -- Installing: /home/men3m/Naima/install/ublox_msgs/include/ublox_msgs/ublox_msgs/msg/detail/rxm_raw__rosidl_typesupport_introspection_c.h
[76.794s] -- Installing: /home/men3m/Naima/install/ublox_msgs/include/ublox_msgs/ublox_msgs/msg/detail/aid_hui__type_support.c
[76.794s] -- Installing: /home/men3m/Naima/install/ublox_msgs/include/ublox_msgs/ublox_msgs/msg/detail/cfg_usb__type_support.c
[76.794s] -- Installing: /home/men3m/Naima/install/ublox_msgs/include/ublox_msgs/ublox_msgs/msg/detail/nav_dgpssv__rosidl_typesupport_introspection_c.h
[76.795s] -- Installing: /home/men3m/Naima/install/ublox_msgs/include/ublox_msgs/ublox_msgs/msg/detail/nav_sol__type_support.c
[76.795s] -- Installing: /home/men3m/Naima/install/ublox_msgs/include/ublox_msgs/ublox_msgs/msg/detail/cfg_sbas__type_support.c
[76.795s] -- Installing: /home/men3m/Naima/install/ublox_msgs/include/ublox_msgs/ublox_msgs/msg/detail/cfg_prt__type_support.c
[76.795s] -- Installing: /home/men3m/Naima/install/ublox_msgs/include/ublox_msgs/ublox_msgs/msg/detail/rxm_sfrb__type_support.c
[76.795s] -- Installing: /home/men3m/Naima/install/ublox_msgs/include/ublox_msgs/ublox_msgs/msg/detail/esf_raw__rosidl_typesupport_introspection_c.h
[76.795s] -- Installing: /home/men3m/Naima/install/ublox_msgs/include/ublox_msgs/ublox_msgs/msg/detail/cfg_nmea7__type_support.c
[76.795s] -- Installing: /home/men3m/Naima/install/ublox_msgs/include/ublox_msgs/ublox_msgs/msg/detail/mga_gal__rosidl_typesupport_introspection_c.h
[76.795s] -- Installing: /home/men3m/Naima/install/ublox_msgs/include/ublox_msgs/ublox_msgs/msg/detail/cfg_msg__type_support.c
[76.796s] -- Installing: /home/men3m/Naima/install/ublox_msgs/include/ublox_msgs/ublox_msgs/msg/detail/cfg_nmea__type_support.c
[76.796s] -- Installing: /home/men3m/Naima/install/ublox_msgs/include/ublox_msgs/ublox_msgs/msg/detail/cfg_sbas__rosidl_typesupport_introspection_c.h
[76.796s] -- Installing: /home/men3m/Naima/install/ublox_msgs/include/ublox_msgs/ublox_msgs/msg/detail/nav_clock__type_support.c
[76.796s] -- Installing: /home/men3m/Naima/install/ublox_msgs/include/ublox_msgs/ublox_msgs/msg/detail/cfg_inf__rosidl_typesupport_introspection_c.h
[76.796s] -- Installing: /home/men3m/Naima/install/ublox_msgs/include/ublox_msgs/ublox_msgs/msg/detail/mon_hw6__rosidl_typesupport_introspection_c.h
[76.796s] -- Installing: /home/men3m/Naima/install/ublox_msgs/include/ublox_msgs/ublox_msgs/msg/detail/rxm_eph__rosidl_typesupport_introspection_c.h
[76.796s] -- Installing: /home/men3m/Naima/install/ublox_msgs/include/ublox_msgs/ublox_msgs/msg/detail/rxm_svsisv__rosidl_typesupport_introspection_c.h
[76.796s] -- Installing: /home/men3m/Naima/install/ublox_msgs/include/ublox_msgs/ublox_msgs/msg/detail/mon_gnss__type_support.c
[76.797s] -- Installing: /home/men3m/Naima/install/ublox_msgs/include/ublox_msgs/ublox_msgs/msg/detail/tim_tm2__type_support.c
[76.797s] -- Installing: /home/men3m/Naima/install/ublox_msgs/include/ublox_msgs/ublox_msgs/msg/detail/cfg_nmea7__rosidl_typesupport_introspection_c.h
[76.797s] -- Installing: /home/men3m/Naima/install/ublox_msgs/include/ublox_msgs/ublox_msgs/msg/detail/cfg_gnss__rosidl_typesupport_introspection_c.h
[76.797s] -- Installing: /home/men3m/Naima/install/ublox_msgs/include/ublox_msgs/ublox_msgs/msg/detail/nav_svinfo__rosidl_typesupport_introspection_c.h
[76.797s] -- Installing: /home/men3m/Naima/install/ublox_msgs/include/ublox_msgs/ublox_msgs/msg/detail/nav_pvt__type_support.c
[76.797s] -- Installing: /home/men3m/Naima/install/ublox_msgs/include/ublox_msgs/ublox_msgs/msg/detail/cfg_inf_block__rosidl_typesupport_introspection_c.h
[76.797s] -- Installing: /home/men3m/Naima/install/ublox_msgs/include/ublox_msgs/ublox_msgs/msg/detail/nav_velecef__type_support.c
[76.797s] -- Installing: /home/men3m/Naima/install/ublox_msgs/include/ublox_msgs/ublox_msgs/msg/detail/aid_hui__rosidl_typesupport_introspection_c.h
[76.798s] -- Installing: /home/men3m/Naima/install/ublox_msgs/include/ublox_msgs/ublox_msgs/msg/detail/rxm_alm__type_support.c
[76.798s] -- Installing: /home/men3m/Naima/install/ublox_msgs/include/ublox_msgs/ublox_msgs/msg/detail/rxm_sfrbx__rosidl_typesupport_introspection_c.h
[76.798s] -- Installing: /home/men3m/Naima/install/ublox_msgs/include/ublox_msgs/ublox_msgs/msg/detail/rxm_svsisv__type_support.c
[76.798s] -- Installing: /home/men3m/Naima/install/ublox_msgs/include/ublox_msgs/ublox_msgs/msg/detail/mon_ver_extension__type_support.c
[76.798s] -- Installing: /home/men3m/Naima/install/ublox_msgs/include/ublox_msgs/ublox_msgs/msg/detail/mon_gnss__rosidl_typesupport_introspection_c.h
[76.798s] -- Installing: /home/men3m/Naima/install/ublox_msgs/include/ublox_msgs/ublox_msgs/msg/detail/rxm_raw__type_support.c
[76.798s] -- Installing: /home/men3m/Naima/install/ublox_msgs/include/ublox_msgs/ublox_msgs/msg/detail/mon_hw__type_support.c
[76.798s] -- Installing: /home/men3m/Naima/install/ublox_msgs/include/ublox_msgs/ublox_msgs/msg/detail/nav_timeutc__rosidl_typesupport_introspection_c.h
[76.799s] -- Installing: /home/men3m/Naima/install/ublox_msgs/include/ublox_msgs/ublox_msgs/msg/detail/cfg_dat__type_support.c
[76.799s] -- Installing: /home/men3m/Naima/install/ublox_msgs/include/ublox_msgs/ublox_msgs/msg/detail/cfg_ant__type_support.c
[76.799s] -- Installing: /home/men3m/Naima/install/ublox_msgs/include/ublox_msgs/ublox_msgs/msg/detail/cfg_dat__rosidl_typesupport_introspection_c.h
[76.799s] -- Installing: /home/men3m/Naima/install/ublox_msgs/include/ublox_msgs/ublox_msgs/msg/detail/nav_sat__type_support.c
[76.799s] -- Installing: /home/men3m/Naima/install/ublox_msgs/include/ublox_msgs/ublox_msgs/msg/detail/cfg_cfg__type_support.c
[76.799s] -- Installing: /home/men3m/Naima/install/ublox_msgs/include/ublox_msgs/ublox_msgs/msg/detail/nav_posecef__rosidl_typesupport_introspection_c.h
[76.799s] -- Installing: /home/men3m/Naima/install/ublox_msgs/include/ublox_msgs/ublox_msgs/msg/detail/rxm_rawx__type_support.c
[76.799s] -- Installing: /home/men3m/Naima/install/ublox_msgs/include/ublox_msgs/ublox_msgs/msg/detail/esf_raw_block__rosidl_typesupport_introspection_c.h
[76.800s] -- Installing: /home/men3m/Naima/install/ublox_msgs/include/ublox_msgs/ublox_msgs/msg/detail/nav_sbassv__type_support.c
[76.800s] -- Installing: /home/men3m/Naima/install/ublox_msgs/include/ublox_msgs/ublox_msgs/msg/detail/cfg_hnr__rosidl_typesupport_introspection_c.h
[76.800s] -- Installing: /home/men3m/Naima/install/ublox_msgs/include/ublox_msgs/ublox_msgs/msg/detail/nav_att__rosidl_typesupport_introspection_c.h
[76.800s] -- Installing: /home/men3m/Naima/install/ublox_msgs/include/ublox_msgs/ublox_msgs/msg/detail/nav_posllh__type_support.c
[76.800s] -- Installing: /home/men3m/Naima/install/ublox_msgs/include/ublox_msgs/ublox_msgs/msg/detail/nav_relposned__type_support.c
[76.800s] -- Installing: /home/men3m/Naima/install/ublox_msgs/include/ublox_msgs/ublox_msgs/msg/detail/nav_satsv__rosidl_typesupport_introspection_c.h
[76.800s] -- Installing: /home/men3m/Naima/install/ublox_msgs/include/ublox_msgs/ublox_msgs/msg/detail/cfg_nmea6__type_support.c
[76.800s] -- Installing: /home/men3m/Naima/install/ublox_msgs/include/ublox_msgs/ublox_msgs/msg/detail/nav_posllh__rosidl_typesupport_introspection_c.h
[76.801s] -- Installing: /home/men3m/Naima/install/ublox_msgs/include/ublox_msgs/ublox_msgs/msg/detail/nav_velned__type_support.c
[76.801s] -- Installing: /home/men3m/Naima/install/ublox_msgs/include/ublox_msgs/ublox_msgs/msg/detail/nav_relposned__rosidl_typesupport_introspection_c.h
[76.801s] -- Installing: /home/men3m/Naima/install/ublox_msgs/include/ublox_msgs/ublox_msgs/msg/detail/cfg_ant__rosidl_typesupport_introspection_c.h
[76.801s] -- Installing: /home/men3m/Naima/install/ublox_msgs/include/ublox_msgs/ublox_msgs/msg/detail/nav_svinfosv__rosidl_typesupport_introspection_c.h
[76.801s] -- Installing: /home/men3m/Naima/install/ublox_msgs/include/ublox_msgs/ublox_msgs/msg/detail/rxm_rawx_meas__rosidl_typesupport_introspection_c.h
[76.801s] -- Installing: /home/men3m/Naima/install/ublox_msgs/include/ublox_msgs/ublox_msgs/msg/detail/cfg_rate__rosidl_typesupport_introspection_c.h
[76.801s] -- Installing: /home/men3m/Naima/install/ublox_msgs/include/ublox_msgs/ublox_msgs/msg/detail/nav_sbassv__rosidl_typesupport_introspection_c.h
[76.801s] -- Installing: /home/men3m/Naima/install/ublox_msgs/include/ublox_msgs/ublox_msgs/msg/detail/nav_pvt7__rosidl_typesupport_introspection_c.h
[76.802s] -- Installing: /home/men3m/Naima/install/ublox_msgs/include/ublox_msgs/ublox_msgs/msg/detail/nav_sol__rosidl_typesupport_introspection_c.h
[76.802s] -- Installing: /home/men3m/Naima/install/ublox_msgs/include/ublox_msgs/ublox_msgs/msg/detail/cfg_navx5__rosidl_typesupport_introspection_c.h
[76.802s] -- Installing: /home/men3m/Naima/install/ublox_msgs/include/ublox_msgs/ublox_msgs/msg/detail/cfg_rate__type_support.c
[76.802s] -- Installing: /home/men3m/Naima/install/ublox_msgs/include/ublox_msgs/ublox_msgs/msg/detail/nav_satsv__type_support.c
[76.802s] -- Installing: /home/men3m/Naima/install/ublox_msgs/include/ublox_msgs/ublox_msgs/msg/detail/rxm_rtcm__rosidl_typesupport_introspection_c.h
[76.802s] -- Installing: /home/men3m/Naima/install/ublox_msgs/include/ublox_msgs/ublox_msgs/msg/detail/esf_meas__rosidl_typesupport_introspection_c.h
[76.802s] -- Installing: /home/men3m/Naima/install/ublox_msgs/include/ublox_msgs/ublox_msgs/msg/detail/rxm_rawx_meas__type_support.c
[76.802s] -- Installing: /home/men3m/Naima/install/ublox_msgs/include/ublox_msgs/ublox_msgs/msg/detail/ack__rosidl_typesupport_introspection_c.h
[76.803s] -- Installing: /home/men3m/Naima/install/ublox_msgs/include/ublox_msgs/ublox_msgs/msg/detail/nav_clock__rosidl_typesupport_introspection_c.h
[76.803s] -- Installing: /home/men3m/Naima/install/ublox_msgs/include/ublox_msgs/ublox_msgs/msg/detail/nav_sbas__rosidl_typesupport_introspection_c.h
[76.803s] -- Installing: /home/men3m/Naima/install/ublox_msgs/include/ublox_msgs/ublox_msgs/msg/detail/cfg_cfg__rosidl_typesupport_introspection_c.h
[76.803s] -- Installing: /home/men3m/Naima/install/ublox_msgs/include/ublox_msgs/ublox_msgs/msg/detail/aid_alm__rosidl_typesupport_introspection_c.h
[76.803s] -- Installing: /home/men3m/Naima/install/ublox_msgs/include/ublox_msgs/ublox_msgs/msg/detail/nav_relposned9__type_support.c
[76.803s] -- Installing: /home/men3m/Naima/install/ublox_msgs/include/ublox_msgs/ublox_msgs/msg/detail/cfg_prt__rosidl_typesupport_introspection_c.h
[76.804s] -- Installing: /home/men3m/Naima/install/ublox_msgs/include/ublox_msgs/ublox_msgs/msg/detail/nav_att__type_support.c
[76.804s] -- Installing: /home/men3m/Naima/install/ublox_msgs/include/ublox_msgs/ublox_msgs/msg/detail/nav_status__rosidl_typesupport_introspection_c.h
[76.804s] -- Installing: /home/men3m/Naima/install/ublox_msgs/include/ublox_msgs/ublox_msgs/msg/detail/nav_pvt__rosidl_typesupport_introspection_c.h
[76.804s] -- Installing: /home/men3m/Naima/install/ublox_msgs/include/ublox_msgs/ublox_msgs/msg/detail/cfg_nav5__type_support.c
[76.804s] -- Installing: /home/men3m/Naima/install/ublox_msgs/include/ublox_msgs/ublox_msgs/msg/detail/ack__type_support.c
[76.804s] -- Installing: /home/men3m/Naima/install/ublox_msgs/include/ublox_msgs/ublox_msgs/msg/detail/nav_dop__type_support.c
[76.804s] -- Installing: /home/men3m/Naima/install/ublox_msgs/include/ublox_msgs/ublox_msgs/msg/detail/cfg_gnss_block__rosidl_typesupport_introspection_c.h
[76.804s] -- Installing: /home/men3m/Naima/install/ublox_msgs/include/ublox_msgs/ublox_msgs/msg/detail/nav_svin__type_support.c
[76.805s] -- Installing: /home/men3m/Naima/install/ublox_msgs/include/ublox_msgs/ublox_msgs/msg/detail/cfg_dgnss__rosidl_typesupport_introspection_c.h
[76.805s] -- Installing: /home/men3m/Naima/install/ublox_msgs/include/ublox_msgs/ublox_msgs/msg/detail/cfg_rst__type_support.c
[76.805s] -- Installing: /home/men3m/Naima/install/ublox_msgs/include/ublox_msgs/ublox_msgs/msg/detail/upd_sos_ack__type_support.c
[76.805s] -- Installing: /home/men3m/Naima/install/ublox_msgs/include/ublox_msgs/ublox_msgs/msg/detail/nav_relposned9__rosidl_typesupport_introspection_c.h
[76.805s] -- Installing: /home/men3m/Naima/install/ublox_msgs/include/ublox_msgs/ublox_msgs/msg/detail/nav_svinfo__type_support.c
[76.805s] -- Installing: /home/men3m/Naima/install/ublox_msgs/include/ublox_msgs/ublox_msgs/msg/detail/mon_hw6__type_support.c
[76.805s] -- Installing: /home/men3m/Naima/install/ublox_msgs/include/ublox_msgs/ublox_msgs/msg/detail/nav_sat__rosidl_typesupport_introspection_c.h
[76.805s] -- Installing: /home/men3m/Naima/install/ublox_msgs/include/ublox_msgs/ublox_msgs/msg/detail/nav_dgps__rosidl_typesupport_introspection_c.h
[76.806s] -- Installing: /home/men3m/Naima/install/ublox_msgs/include/ublox_msgs/ublox_msgs/msg/detail/rxm_svsi__rosidl_typesupport_introspection_c.h
[76.806s] -- Installing: /home/men3m/Naima/install/ublox_msgs/include/ublox_msgs/ublox_msgs/msg/detail/cfg_nmea__rosidl_typesupport_introspection_c.h
[76.806s] -- Installing: /home/men3m/Naima/install/ublox_msgs/include/ublox_msgs/ublox_msgs/msg/detail/cfg_gnss_block__type_support.c
[76.806s] -- Installing: /home/men3m/Naima/install/ublox_msgs/include/ublox_msgs/ublox_msgs/msg/detail/rxm_svsi__type_support.c
[76.806s] -- Installing: /home/men3m/Naima/install/ublox_msgs/include/ublox_msgs/ublox_msgs/msg/detail/esf_raw__type_support.c
[76.806s] -- Installing: /home/men3m/Naima/install/ublox_msgs/include/ublox_msgs/ublox_msgs/msg/detail/esf_ins__rosidl_typesupport_introspection_c.h
[76.806s] -- Installing: /home/men3m/Naima/install/ublox_msgs/include/ublox_msgs/ublox_msgs/msg/detail/cfg_gnss__type_support.c
[76.806s] -- Installing: /home/men3m/Naima/install/ublox_msgs/include/ublox_msgs/ublox_msgs/msg/detail/rxm_rawsv__type_support.c
[76.806s] -- Installing: /home/men3m/Naima/install/ublox_msgs/include/ublox_msgs/ublox_msgs/msg/detail/nav_svinfosv__type_support.c
[76.807s] -- Installing: /home/men3m/Naima/install/ublox_msgs/include/ublox_msgs/ublox_msgs/msg/detail/mon_ver_extension__rosidl_typesupport_introspection_c.h
[76.807s] -- Installing: /home/men3m/Naima/install/ublox_msgs/include/ublox_msgs/ublox_msgs/msg/detail/rxm_rawsv__rosidl_typesupport_introspection_c.h
[76.807s] -- Installing: /home/men3m/Naima/install/ublox_msgs/include/ublox_msgs/ublox_msgs/msg/detail/upd_sos_ack__rosidl_typesupport_introspection_c.h
[76.807s] -- Installing: /home/men3m/Naima/install/ublox_msgs/include/ublox_msgs/ublox_msgs/msg/detail/esf_raw_block__type_support.c
[76.807s] -- Installing: /home/men3m/Naima/install/ublox_msgs/include/ublox_msgs/ublox_msgs/msg/detail/nav_svin__rosidl_typesupport_introspection_c.h
[76.807s] -- Installing: /home/men3m/Naima/install/ublox_msgs/include/ublox_msgs/ublox_msgs/msg/detail/nav_posecef__type_support.c
[76.807s] -- Installing: /home/men3m/Naima/install/ublox_msgs/include/ublox_msgs/ublox_msgs/msg/detail/aid_alm__type_support.c
[76.807s] -- Installing: /home/men3m/Naima/install/ublox_msgs/include/ublox_msgs/ublox_msgs/msg/detail/mga_gal__type_support.c
[76.808s] -- Installing: /home/men3m/Naima/install/ublox_msgs/include/ublox_msgs/ublox_msgs/msg/detail/rxm_rawx__rosidl_typesupport_introspection_c.h
[76.808s] -- Installing: /home/men3m/Naima/install/ublox_msgs/include/ublox_msgs/ublox_msgs/msg/detail/tim_tm2__rosidl_typesupport_introspection_c.h
[76.808s] -- Installing: /home/men3m/Naima/install/ublox_msgs/include/ublox_msgs/ublox_msgs/msg/detail/nav_sbas__type_support.c
[76.808s] -- Installing: /home/men3m/Naima/install/ublox_msgs/include/ublox_msgs/ublox_msgs/msg/detail/cfg_nav5__rosidl_typesupport_introspection_c.h
[76.808s] -- Installing: /home/men3m/Naima/install/ublox_msgs/include/ublox_msgs/ublox_msgs/msg/detail/cfg_inf_block__type_support.c
[76.808s] -- Installing: /home/men3m/Naima/install/ublox_msgs/include/ublox_msgs/ublox_msgs/msg/detail/hnr_pvt__type_support.c
[76.808s] -- Installing: /home/men3m/Naima/install/ublox_msgs/include/ublox_msgs/ublox_msgs/msg/detail/rxm_sfrbx__type_support.c
[76.809s] -- Installing: /home/men3m/Naima/install/ublox_msgs/include/ublox_msgs/ublox_msgs/msg/detail/cfg_tmode3__type_support.c
[76.809s] -- Installing: /home/men3m/Naima/install/ublox_msgs/include/ublox_msgs/ublox_msgs/msg/detail/nav_pvt7__type_support.c
[76.809s] -- Installing: /home/men3m/Naima/install/ublox_msgs/include/ublox_msgs/ublox_msgs/msg/detail/aid_eph__type_support.c
[76.809s] -- Installing: /home/men3m/Naima/install/ublox_msgs/include/ublox_msgs/ublox_msgs/msg/detail/esf_status_sens__type_support.c
[76.809s] -- Installing: /home/men3m/Naima/install/ublox_msgs/include/ublox_msgs/ublox_msgs/msg/detail/inf__type_support.c
[76.809s] -- Installing: /home/men3m/Naima/install/ublox_msgs/include/ublox_msgs/ublox_msgs/msg/detail/mon_hw__rosidl_typesupport_introspection_c.h
[76.809s] -- Installing: /home/men3m/Naima/install/ublox_msgs/include/ublox_msgs/ublox_msgs/msg/detail/esf_status_sens__rosidl_typesupport_introspection_c.h
[76.809s] -- Installing: /home/men3m/Naima/install/ublox_msgs/include/ublox_msgs/ublox_msgs/msg/detail/cfg_dgnss__type_support.c
[76.810s] -- Installing: /home/men3m/Naima/install/ublox_msgs/include/ublox_msgs/ublox_msgs/msg/detail/nav_status__type_support.c
[76.810s] -- Installing: /home/men3m/Naima/install/ublox_msgs/include/ublox_msgs/ublox_msgs/msg/detail/cfg_tmode3__rosidl_typesupport_introspection_c.h
[76.810s] -- Installing: /home/men3m/Naima/install/ublox_msgs/include/ublox_msgs/ublox_msgs/msg/detail/nav_timegps__type_support.c
[76.810s] -- Installing: /home/men3m/Naima/install/ublox_msgs/include/ublox_msgs/ublox_msgs/msg/detail/esf_ins__type_support.c
[76.810s] -- Installing: /home/men3m/Naima/install/ublox_msgs/include/ublox_msgs/ublox_msgs/msg/rosidl_typesupport_introspection_c__visibility_control.h
[76.810s] -- Installing: /home/men3m/Naima/install/ublox_msgs/lib/libublox_msgs__rosidl_typesupport_introspection_c.so
[76.811s] -- Set runtime path of "/home/men3m/Naima/install/ublox_msgs/lib/libublox_msgs__rosidl_typesupport_introspection_c.so" to ""
[76.811s] -- Installing: /home/men3m/Naima/install/ublox_msgs/lib/libublox_msgs__rosidl_typesupport_c.so
[76.812s] -- Set runtime path of "/home/men3m/Naima/install/ublox_msgs/lib/libublox_msgs__rosidl_typesupport_c.so" to ""
[76.812s] -- Up-to-date: /home/men3m/Naima/install/ublox_msgs/include/ublox_msgs/ublox_msgs
[76.812s] -- Up-to-date: /home/men3m/Naima/install/ublox_msgs/include/ublox_msgs/ublox_msgs/msg
[76.812s] -- Installing: /home/men3m/Naima/install/ublox_msgs/include/ublox_msgs/ublox_msgs/msg/cfg_gnss.hpp
[76.812s] -- Installing: /home/men3m/Naima/install/ublox_msgs/include/ublox_msgs/ublox_msgs/msg/nav_pvt.hpp
[76.812s] -- Installing: /home/men3m/Naima/install/ublox_msgs/include/ublox_msgs/ublox_msgs/msg/nav_sol.hpp
[76.812s] -- Installing: /home/men3m/Naima/install/ublox_msgs/include/ublox_msgs/ublox_msgs/msg/cfg_usb.hpp
[76.812s] -- Installing: /home/men3m/Naima/install/ublox_msgs/include/ublox_msgs/ublox_msgs/msg/cfg_msg.hpp
[76.812s] -- Installing: /home/men3m/Naima/install/ublox_msgs/include/ublox_msgs/ublox_msgs/msg/cfg_dgnss.hpp
[76.812s] -- Installing: /home/men3m/Naima/install/ublox_msgs/include/ublox_msgs/ublox_msgs/msg/rxm_rawx_meas.hpp
[76.813s] -- Installing: /home/men3m/Naima/install/ublox_msgs/include/ublox_msgs/ublox_msgs/msg/upd_sos.hpp
[76.813s] -- Installing: /home/men3m/Naima/install/ublox_msgs/include/ublox_msgs/ublox_msgs/msg/esf_raw_block.hpp
[76.813s] -- Installing: /home/men3m/Naima/install/ublox_msgs/include/ublox_msgs/ublox_msgs/msg/nav_posllh.hpp
[76.813s] -- Installing: /home/men3m/Naima/install/ublox_msgs/include/ublox_msgs/ublox_msgs/msg/cfg_navx5.hpp
[76.813s] -- Installing: /home/men3m/Naima/install/ublox_msgs/include/ublox_msgs/ublox_msgs/msg/nav_relposned.hpp
[76.813s] -- Installing: /home/men3m/Naima/install/ublox_msgs/include/ublox_msgs/ublox_msgs/msg/nav_att.hpp
[76.813s] -- Installing: /home/men3m/Naima/install/ublox_msgs/include/ublox_msgs/ublox_msgs/msg/nav_satsv.hpp
[76.813s] -- Installing: /home/men3m/Naima/install/ublox_msgs/include/ublox_msgs/ublox_msgs/msg/aid_hui.hpp
[76.814s] -- Installing: /home/men3m/Naima/install/ublox_msgs/include/ublox_msgs/ublox_msgs/msg/tim_tm2.hpp
[76.814s] -- Installing: /home/men3m/Naima/install/ublox_msgs/include/ublox_msgs/ublox_msgs/msg/cfg_dat.hpp
[76.814s] -- Installing: /home/men3m/Naima/install/ublox_msgs/include/ublox_msgs/ublox_msgs/msg/nav_relposned9.hpp
[76.814s] -- Installing: /home/men3m/Naima/install/ublox_msgs/include/ublox_msgs/ublox_msgs/msg/esf_raw.hpp
[76.814s] -- Installing: /home/men3m/Naima/install/ublox_msgs/include/ublox_msgs/ublox_msgs/msg/rxm_svsisv.hpp
[76.814s] -- Installing: /home/men3m/Naima/install/ublox_msgs/include/ublox_msgs/ublox_msgs/msg/rxm_eph.hpp
[76.814s] -- Installing: /home/men3m/Naima/install/ublox_msgs/include/ublox_msgs/ublox_msgs/msg/cfg_cfg.hpp
[76.814s] -- Installing: /home/men3m/Naima/install/ublox_msgs/include/ublox_msgs/ublox_msgs/msg/cfg_inf_block.hpp
[76.814s] -- Installing: /home/men3m/Naima/install/ublox_msgs/include/ublox_msgs/ublox_msgs/msg/mon_ver.hpp
[76.815s] -- Installing: /home/men3m/Naima/install/ublox_msgs/include/ublox_msgs/ublox_msgs/msg/mon_gnss.hpp
[76.815s] -- Installing: /home/men3m/Naima/install/ublox_msgs/include/ublox_msgs/ublox_msgs/msg/cfg_nav5.hpp
[76.815s] -- Installing: /home/men3m/Naima/install/ublox_msgs/include/ublox_msgs/ublox_msgs/msg/cfg_rst.hpp
[76.815s] -- Installing: /home/men3m/Naima/install/ublox_msgs/include/ublox_msgs/ublox_msgs/msg/rxm_sfrb.hpp
[76.815s] -- Installing: /home/men3m/Naima/install/ublox_msgs/include/ublox_msgs/ublox_msgs/msg/nav_clock.hpp
[76.815s] -- Installing: /home/men3m/Naima/install/ublox_msgs/include/ublox_msgs/ublox_msgs/msg/nav_svinfo.hpp
[76.815s] -- Installing: /home/men3m/Naima/install/ublox_msgs/include/ublox_msgs/ublox_msgs/msg/inf.hpp
[76.815s] -- Installing: /home/men3m/Naima/install/ublox_msgs/include/ublox_msgs/ublox_msgs/msg/esf_ins.hpp
[76.815s] -- Installing: /home/men3m/Naima/install/ublox_msgs/include/ublox_msgs/ublox_msgs/msg/esf_status_sens.hpp
[76.816s] -- Up-to-date: /home/men3m/Naima/install/ublox_msgs/include/ublox_msgs/ublox_msgs/msg/detail
[76.816s] -- Installing: /home/men3m/Naima/install/ublox_msgs/include/ublox_msgs/ublox_msgs/msg/detail/upd_sos_ack__builder.hpp
[76.816s] -- Installing: /home/men3m/Naima/install/ublox_msgs/include/ublox_msgs/ublox_msgs/msg/detail/cfg_msg__struct.hpp
[76.816s] -- Installing: /home/men3m/Naima/install/ublox_msgs/include/ublox_msgs/ublox_msgs/msg/detail/nav_pvt7__type_support.hpp
[76.816s] -- Installing: /home/men3m/Naima/install/ublox_msgs/include/ublox_msgs/ublox_msgs/msg/detail/mon_ver__builder.hpp
[76.816s] -- Installing: /home/men3m/Naima/install/ublox_msgs/include/ublox_msgs/ublox_msgs/msg/detail/nav_svinfosv__type_support.hpp
[76.816s] -- Installing: /home/men3m/Naima/install/ublox_msgs/include/ublox_msgs/ublox_msgs/msg/detail/rxm_eph__type_support.hpp
[76.816s] -- Installing: /home/men3m/Naima/install/ublox_msgs/include/ublox_msgs/ublox_msgs/msg/detail/nav_velned__builder.hpp
[76.817s] -- Installing: /home/men3m/Naima/install/ublox_msgs/include/ublox_msgs/ublox_msgs/msg/detail/cfg_rst__builder.hpp
[76.817s] -- Installing: /home/men3m/Naima/install/ublox_msgs/include/ublox_msgs/ublox_msgs/msg/detail/aid_eph__traits.hpp
[76.817s] -- Installing: /home/men3m/Naima/install/ublox_msgs/include/ublox_msgs/ublox_msgs/msg/detail/nav_pvt7__traits.hpp
[76.817s] -- Installing: /home/men3m/Naima/install/ublox_msgs/include/ublox_msgs/ublox_msgs/msg/detail/upd_sos_ack__type_support.hpp
[76.817s] -- Installing: /home/men3m/Naima/install/ublox_msgs/include/ublox_msgs/ublox_msgs/msg/detail/cfg_gnss_block__struct.hpp
[76.817s] -- Installing: /home/men3m/Naima/install/ublox_msgs/include/ublox_msgs/ublox_msgs/msg/detail/rxm_rtcm__struct.hpp
[76.817s] -- Installing: /home/men3m/Naima/install/ublox_msgs/include/ublox_msgs/ublox_msgs/msg/detail/mon_hw__type_support.hpp
[76.817s] -- Installing: /home/men3m/Naima/install/ublox_msgs/include/ublox_msgs/ublox_msgs/msg/detail/cfg_rst__traits.hpp
[76.818s] -- Installing: /home/men3m/Naima/install/ublox_msgs/include/ublox_msgs/ublox_msgs/msg/detail/cfg_inf__struct.hpp
[76.818s] -- Installing: /home/men3m/Naima/install/ublox_msgs/include/ublox_msgs/ublox_msgs/msg/detail/esf_raw_block__struct.hpp
[76.818s] -- Installing: /home/men3m/Naima/install/ublox_msgs/include/ublox_msgs/ublox_msgs/msg/detail/nav_dgpssv__type_support.hpp
[76.818s] -- Installing: /home/men3m/Naima/install/ublox_msgs/include/ublox_msgs/ublox_msgs/msg/detail/cfg_usb__struct.hpp
[76.818s] -- Installing: /home/men3m/Naima/install/ublox_msgs/include/ublox_msgs/ublox_msgs/msg/detail/cfg_dat__builder.hpp
[76.818s] -- Installing: /home/men3m/Naima/install/ublox_msgs/include/ublox_msgs/ublox_msgs/msg/detail/rxm_svsisv__traits.hpp
[76.818s] -- Installing: /home/men3m/Naima/install/ublox_msgs/include/ublox_msgs/ublox_msgs/msg/detail/rxm_svsisv__struct.hpp
[76.818s] -- Installing: /home/men3m/Naima/install/ublox_msgs/include/ublox_msgs/ublox_msgs/msg/detail/cfg_nav5__builder.hpp
[76.818s] -- Installing: /home/men3m/Naima/install/ublox_msgs/include/ublox_msgs/ublox_msgs/msg/detail/nav_velecef__struct.hpp
[76.819s] -- Installing: /home/men3m/Naima/install/ublox_msgs/include/ublox_msgs/ublox_msgs/msg/detail/rxm_rawsv__struct.hpp
[76.819s] -- Installing: /home/men3m/Naima/install/ublox_msgs/include/ublox_msgs/ublox_msgs/msg/detail/nav_posecef__builder.hpp
[76.819s] -- Installing: /home/men3m/Naima/install/ublox_msgs/include/ublox_msgs/ublox_msgs/msg/detail/nav_sol__type_support.hpp
[76.819s] -- Installing: /home/men3m/Naima/install/ublox_msgs/include/ublox_msgs/ublox_msgs/msg/detail/cfg_hnr__builder.hpp
[76.819s] -- Installing: /home/men3m/Naima/install/ublox_msgs/include/ublox_msgs/ublox_msgs/msg/detail/cfg_navx5__struct.hpp
[76.819s] -- Installing: /home/men3m/Naima/install/ublox_msgs/include/ublox_msgs/ublox_msgs/msg/detail/rxm_svsi__traits.hpp
[76.820s] -- Installing: /home/men3m/Naima/install/ublox_msgs/include/ublox_msgs/ublox_msgs/msg/detail/cfg_ant__builder.hpp
[76.820s] -- Installing: /home/men3m/Naima/install/ublox_msgs/include/ublox_msgs/ublox_msgs/msg/detail/rxm_sfrbx__struct.hpp
[76.820s] -- Installing: /home/men3m/Naima/install/ublox_msgs/include/ublox_msgs/ublox_msgs/msg/detail/nav_status__struct.hpp
[76.820s] -- Installing: /home/men3m/Naima/install/ublox_msgs/include/ublox_msgs/ublox_msgs/msg/detail/nav_dop__builder.hpp
[76.820s] -- Installing: /home/men3m/Naima/install/ublox_msgs/include/ublox_msgs/ublox_msgs/msg/detail/rxm_rawx_meas__traits.hpp
[76.820s] -- Installing: /home/men3m/Naima/install/ublox_msgs/include/ublox_msgs/ublox_msgs/msg/detail/rxm_svsisv__type_support.hpp
[76.820s] -- Installing: /home/men3m/Naima/install/ublox_msgs/include/ublox_msgs/ublox_msgs/msg/detail/cfg_nmea__struct.hpp
[76.820s] -- Installing: /home/men3m/Naima/install/ublox_msgs/include/ublox_msgs/ublox_msgs/msg/detail/nav_satsv__traits.hpp
[76.821s] -- Installing: /home/men3m/Naima/install/ublox_msgs/include/ublox_msgs/ublox_msgs/msg/detail/nav_sbassv__struct.hpp
[76.821s] -- Installing: /home/men3m/Naima/install/ublox_msgs/include/ublox_msgs/ublox_msgs/msg/detail/cfg_sbas__builder.hpp
[76.821s] -- Installing: /home/men3m/Naima/install/ublox_msgs/include/ublox_msgs/ublox_msgs/msg/detail/aid_alm__traits.hpp
[76.821s] -- Installing: /home/men3m/Naima/install/ublox_msgs/include/ublox_msgs/ublox_msgs/msg/detail/rxm_sfrb__struct.hpp
[76.821s] -- Installing: /home/men3m/Naima/install/ublox_msgs/include/ublox_msgs/ublox_msgs/msg/detail/rxm_raw__struct.hpp
[76.821s] -- Installing: /home/men3m/Naima/install/ublox_msgs/include/ublox_msgs/ublox_msgs/msg/detail/nav_dgps__type_support.hpp
[76.821s] -- Installing: /home/men3m/Naima/install/ublox_msgs/include/ublox_msgs/ublox_msgs/msg/detail/rxm_sfrbx__traits.hpp
[76.821s] -- Installing: /home/men3m/Naima/install/ublox_msgs/include/ublox_msgs/ublox_msgs/msg/detail/cfg_hnr__traits.hpp
[76.821s] -- Installing: /home/men3m/Naima/install/ublox_msgs/include/ublox_msgs/ublox_msgs/msg/detail/inf__traits.hpp
[76.822s] -- Installing: /home/men3m/Naima/install/ublox_msgs/include/ublox_msgs/ublox_msgs/msg/detail/inf__type_support.hpp
[76.822s] -- Installing: /home/men3m/Naima/install/ublox_msgs/include/ublox_msgs/ublox_msgs/msg/detail/cfg_navx5__type_support.hpp
[76.822s] -- Installing: /home/men3m/Naima/install/ublox_msgs/include/ublox_msgs/ublox_msgs/msg/detail/rxm_alm__builder.hpp
[76.822s] -- Installing: /home/men3m/Naima/install/ublox_msgs/include/ublox_msgs/ublox_msgs/msg/detail/rxm_rawsv__type_support.hpp
[76.822s] -- Installing: /home/men3m/Naima/install/ublox_msgs/include/ublox_msgs/ublox_msgs/msg/detail/nav_svinfosv__traits.hpp
[76.822s] -- Installing: /home/men3m/Naima/install/ublox_msgs/include/ublox_msgs/ublox_msgs/msg/detail/nav_sat__type_support.hpp
[76.822s] -- Installing: /home/men3m/Naima/install/ublox_msgs/include/ublox_msgs/ublox_msgs/msg/detail/esf_raw_block__builder.hpp
[76.822s] -- Installing: /home/men3m/Naima/install/ublox_msgs/include/ublox_msgs/ublox_msgs/msg/detail/cfg_cfg__type_support.hpp
[76.822s] -- Installing: /home/men3m/Naima/install/ublox_msgs/include/ublox_msgs/ublox_msgs/msg/detail/nav_att__type_support.hpp
[76.823s] -- Installing: /home/men3m/Naima/install/ublox_msgs/include/ublox_msgs/ublox_msgs/msg/detail/rxm_alm__type_support.hpp
[76.823s] -- Installing: /home/men3m/Naima/install/ublox_msgs/include/ublox_msgs/ublox_msgs/msg/detail/cfg_inf__builder.hpp
[76.823s] -- Installing: /home/men3m/Naima/install/ublox_msgs/include/ublox_msgs/ublox_msgs/msg/detail/esf_status__builder.hpp
[76.823s] -- Installing: /home/men3m/Naima/install/ublox_msgs/include/ublox_msgs/ublox_msgs/msg/detail/cfg_dat__struct.hpp
[76.823s] -- Installing: /home/men3m/Naima/install/ublox_msgs/include/ublox_msgs/ublox_msgs/msg/detail/rxm_rawx__builder.hpp
[76.823s] -- Installing: /home/men3m/Naima/install/ublox_msgs/include/ublox_msgs/ublox_msgs/msg/detail/cfg_nav5__traits.hpp
[76.823s] -- Installing: /home/men3m/Naima/install/ublox_msgs/include/ublox_msgs/ublox_msgs/msg/detail/nav_relposned__builder.hpp
[76.823s] -- Installing: /home/men3m/Naima/install/ublox_msgs/include/ublox_msgs/ublox_msgs/msg/detail/cfg_dgnss__traits.hpp
[76.824s] -- Installing: /home/men3m/Naima/install/ublox_msgs/include/ublox_msgs/ublox_msgs/msg/detail/nav_relposned9__type_support.hpp
[76.824s] -- Installing: /home/men3m/Naima/install/ublox_msgs/include/ublox_msgs/ublox_msgs/msg/detail/esf_ins__builder.hpp
[76.824s] -- Installing: /home/men3m/Naima/install/ublox_msgs/include/ublox_msgs/ublox_msgs/msg/detail/nav_sol__traits.hpp
[76.824s] -- Installing: /home/men3m/Naima/install/ublox_msgs/include/ublox_msgs/ublox_msgs/msg/detail/rxm_raw__traits.hpp
[76.824s] -- Installing: /home/men3m/Naima/install/ublox_msgs/include/ublox_msgs/ublox_msgs/msg/detail/esf_status_sens__builder.hpp
[76.824s] -- Installing: /home/men3m/Naima/install/ublox_msgs/include/ublox_msgs/ublox_msgs/msg/detail/rxm_sfrbx__type_support.hpp
[76.824s] -- Installing: /home/men3m/Naima/install/ublox_msgs/include/ublox_msgs/ublox_msgs/msg/detail/cfg_dgnss__struct.hpp
[76.824s] -- Installing: /home/men3m/Naima/install/ublox_msgs/include/ublox_msgs/ublox_msgs/msg/detail/mon_gnss__builder.hpp
[76.824s] -- Installing: /home/men3m/Naima/install/ublox_msgs/include/ublox_msgs/ublox_msgs/msg/detail/nav_sat__traits.hpp
[76.825s] -- Installing: /home/men3m/Naima/install/ublox_msgs/include/ublox_msgs/ublox_msgs/msg/detail/rxm_eph__struct.hpp
[76.825s] -- Installing: /home/men3m/Naima/install/ublox_msgs/include/ublox_msgs/ublox_msgs/msg/detail/nav_dgps__traits.hpp
[76.825s] -- Installing: /home/men3m/Naima/install/ublox_msgs/include/ublox_msgs/ublox_msgs/msg/detail/mon_hw__builder.hpp
[76.825s] -- Installing: /home/men3m/Naima/install/ublox_msgs/include/ublox_msgs/ublox_msgs/msg/detail/nav_posllh__traits.hpp
[76.825s] -- Installing: /home/men3m/Naima/install/ublox_msgs/include/ublox_msgs/ublox_msgs/msg/detail/aid_hui__traits.hpp
[76.825s] -- Installing: /home/men3m/Naima/install/ublox_msgs/include/ublox_msgs/ublox_msgs/msg/detail/esf_meas__type_support.hpp
[76.825s] -- Installing: /home/men3m/Naima/install/ublox_msgs/include/ublox_msgs/ublox_msgs/msg/detail/nav_svin__struct.hpp
[76.825s] -- Installing: /home/men3m/Naima/install/ublox_msgs/include/ublox_msgs/ublox_msgs/msg/detail/aid_hui__struct.hpp
[76.826s] -- Installing: /home/men3m/Naima/install/ublox_msgs/include/ublox_msgs/ublox_msgs/msg/detail/nav_posecef__struct.hpp
[76.826s] -- Installing: /home/men3m/Naima/install/ublox_msgs/include/ublox_msgs/ublox_msgs/msg/detail/cfg_rate__type_support.hpp
[76.826s] -- Installing: /home/men3m/Naima/install/ublox_msgs/include/ublox_msgs/ublox_msgs/msg/detail/aid_eph__type_support.hpp
[76.826s] -- Installing: /home/men3m/Naima/install/ublox_msgs/include/ublox_msgs/ublox_msgs/msg/detail/nav_att__traits.hpp
[76.826s] -- Installing: /home/men3m/Naima/install/ublox_msgs/include/ublox_msgs/ublox_msgs/msg/detail/cfg_gnss__type_support.hpp
[76.826s] -- Installing: /home/men3m/Naima/install/ublox_msgs/include/ublox_msgs/ublox_msgs/msg/detail/esf_meas__builder.hpp
[76.826s] -- Installing: /home/men3m/Naima/install/ublox_msgs/include/ublox_msgs/ublox_msgs/msg/detail/mga_gal__struct.hpp
[76.826s] -- Installing: /home/men3m/Naima/install/ublox_msgs/include/ublox_msgs/ublox_msgs/msg/detail/nav_dgpssv__builder.hpp
[76.827s] -- Installing: /home/men3m/Naima/install/ublox_msgs/include/ublox_msgs/ublox_msgs/msg/detail/nav_velecef__traits.hpp
[76.827s] -- Installing: /home/men3m/Naima/install/ublox_msgs/include/ublox_msgs/ublox_msgs/msg/detail/cfg_hnr__type_support.hpp
[76.827s] -- Installing: /home/men3m/Naima/install/ublox_msgs/include/ublox_msgs/ublox_msgs/msg/detail/cfg_msg__builder.hpp
[76.827s] -- Installing: /home/men3m/Naima/install/ublox_msgs/include/ublox_msgs/ublox_msgs/msg/detail/nav_sbas__type_support.hpp
[76.827s] -- Installing: /home/men3m/Naima/install/ublox_msgs/include/ublox_msgs/ublox_msgs/msg/detail/nav_sbassv__builder.hpp
[76.827s] -- Installing: /home/men3m/Naima/install/ublox_msgs/include/ublox_msgs/ublox_msgs/msg/detail/nav_pvt7__struct.hpp
[76.827s] -- Installing: /home/men3m/Naima/install/ublox_msgs/include/ublox_msgs/ublox_msgs/msg/detail/esf_ins__traits.hpp
[76.828s] -- Installing: /home/men3m/Naima/install/ublox_msgs/include/ublox_msgs/ublox_msgs/msg/detail/rxm_rtcm__builder.hpp
[76.828s] -- Installing: /home/men3m/Naima/install/ublox_msgs/include/ublox_msgs/ublox_msgs/msg/detail/cfg_nmea6__traits.hpp
[76.828s] -- Installing: /home/men3m/Naima/install/ublox_msgs/include/ublox_msgs/ublox_msgs/msg/detail/upd_sos_ack__traits.hpp
[76.828s] -- Installing: /home/men3m/Naima/install/ublox_msgs/include/ublox_msgs/ublox_msgs/msg/detail/rxm_svsisv__builder.hpp
[76.828s] -- Installing: /home/men3m/Naima/install/ublox_msgs/include/ublox_msgs/ublox_msgs/msg/detail/esf_raw__struct.hpp
[76.828s] -- Installing: /home/men3m/Naima/install/ublox_msgs/include/ublox_msgs/ublox_msgs/msg/detail/cfg_prt__builder.hpp
[76.828s] -- Installing: /home/men3m/Naima/install/ublox_msgs/include/ublox_msgs/ublox_msgs/msg/detail/esf_raw_block__type_support.hpp
[76.828s] -- Installing: /home/men3m/Naima/install/ublox_msgs/include/ublox_msgs/ublox_msgs/msg/detail/mon_gnss__struct.hpp
[76.828s] -- Installing: /home/men3m/Naima/install/ublox_msgs/include/ublox_msgs/ublox_msgs/msg/detail/mon_ver__struct.hpp
[76.829s] -- Installing: /home/men3m/Naima/install/ublox_msgs/include/ublox_msgs/ublox_msgs/msg/detail/rxm_alm__struct.hpp
[76.829s] -- Installing: /home/men3m/Naima/install/ublox_msgs/include/ublox_msgs/ublox_msgs/msg/detail/rxm_rawsv__traits.hpp
[76.829s] -- Installing: /home/men3m/Naima/install/ublox_msgs/include/ublox_msgs/ublox_msgs/msg/detail/ack__traits.hpp
[76.829s] -- Installing: /home/men3m/Naima/install/ublox_msgs/include/ublox_msgs/ublox_msgs/msg/detail/nav_satsv__struct.hpp
[76.829s] -- Installing: /home/men3m/Naima/install/ublox_msgs/include/ublox_msgs/ublox_msgs/msg/detail/cfg_inf__type_support.hpp
[76.829s] -- Installing: /home/men3m/Naima/install/ublox_msgs/include/ublox_msgs/ublox_msgs/msg/detail/ack__builder.hpp
[76.829s] -- Installing: /home/men3m/Naima/install/ublox_msgs/include/ublox_msgs/ublox_msgs/msg/detail/nav_velned__traits.hpp
[76.829s] -- Installing: /home/men3m/Naima/install/ublox_msgs/include/ublox_msgs/ublox_msgs/msg/detail/cfg_dgnss__type_support.hpp
[76.830s] -- Installing: /home/men3m/Naima/install/ublox_msgs/include/ublox_msgs/ublox_msgs/msg/detail/nav_clock__type_support.hpp
[76.830s] -- Installing: /home/men3m/Naima/install/ublox_msgs/include/ublox_msgs/ublox_msgs/msg/detail/cfg_prt__struct.hpp
[76.830s] -- Installing: /home/men3m/Naima/install/ublox_msgs/include/ublox_msgs/ublox_msgs/msg/detail/cfg_nmea6__struct.hpp
[76.830s] -- Installing: /home/men3m/Naima/install/ublox_msgs/include/ublox_msgs/ublox_msgs/msg/detail/cfg_gnss_block__builder.hpp
[76.830s] -- Installing: /home/men3m/Naima/install/ublox_msgs/include/ublox_msgs/ublox_msgs/msg/detail/rxm_raw__builder.hpp
[76.830s] -- Installing: /home/men3m/Naima/install/ublox_msgs/include/ublox_msgs/ublox_msgs/msg/detail/esf_ins__type_support.hpp
[76.830s] -- Installing: /home/men3m/Naima/install/ublox_msgs/include/ublox_msgs/ublox_msgs/msg/detail/rxm_rawsv__builder.hpp
[76.830s] -- Installing: /home/men3m/Naima/install/ublox_msgs/include/ublox_msgs/ublox_msgs/msg/detail/cfg_tmode3__traits.hpp
[76.831s] -- Installing: /home/men3m/Naima/install/ublox_msgs/include/ublox_msgs/ublox_msgs/msg/detail/cfg_prt__type_support.hpp
[76.831s] -- Installing: /home/men3m/Naima/install/ublox_msgs/include/ublox_msgs/ublox_msgs/msg/detail/nav_svinfosv__builder.hpp
[76.831s] -- Installing: /home/men3m/Naima/install/ublox_msgs/include/ublox_msgs/ublox_msgs/msg/detail/nav_posecef__traits.hpp
[76.831s] -- Installing: /home/men3m/Naima/install/ublox_msgs/include/ublox_msgs/ublox_msgs/msg/detail/nav_sbas__struct.hpp
[76.831s] -- Installing: /home/men3m/Naima/install/ublox_msgs/include/ublox_msgs/ublox_msgs/msg/detail/esf_status_sens__type_support.hpp
[76.831s] -- Installing: /home/men3m/Naima/install/ublox_msgs/include/ublox_msgs/ublox_msgs/msg/detail/cfg_inf_block__type_support.hpp
[76.831s] -- Installing: /home/men3m/Naima/install/ublox_msgs/include/ublox_msgs/ublox_msgs/msg/detail/cfg_msg__traits.hpp
[76.831s] -- Installing: /home/men3m/Naima/install/ublox_msgs/include/ublox_msgs/ublox_msgs/msg/detail/nav_svin__builder.hpp
[76.832s] -- Installing: /home/men3m/Naima/install/ublox_msgs/include/ublox_msgs/ublox_msgs/msg/detail/nav_att__builder.hpp
[76.832s] -- Installing: /home/men3m/Naima/install/ublox_msgs/include/ublox_msgs/ublox_msgs/msg/detail/cfg_cfg__traits.hpp
[76.832s] -- Installing: /home/men3m/Naima/install/ublox_msgs/include/ublox_msgs/ublox_msgs/msg/detail/nav_clock__struct.hpp
[76.832s] -- Installing: /home/men3m/Naima/install/ublox_msgs/include/ublox_msgs/ublox_msgs/msg/detail/mga_gal__type_support.hpp
[76.832s] -- Installing: /home/men3m/Naima/install/ublox_msgs/include/ublox_msgs/ublox_msgs/msg/detail/mon_ver__type_support.hpp
[76.832s] -- Installing: /home/men3m/Naima/install/ublox_msgs/include/ublox_msgs/ublox_msgs/msg/detail/nav_att__struct.hpp
[76.832s] -- Installing: /home/men3m/Naima/install/ublox_msgs/include/ublox_msgs/ublox_msgs/msg/detail/upd_sos__type_support.hpp
[76.832s] -- Installing: /home/men3m/Naima/install/ublox_msgs/include/ublox_msgs/ublox_msgs/msg/detail/cfg_dgnss__builder.hpp
[76.832s] -- Installing: /home/men3m/Naima/install/ublox_msgs/include/ublox_msgs/ublox_msgs/msg/detail/nav_status__type_support.hpp
[76.833s] -- Installing: /home/men3m/Naima/install/ublox_msgs/include/ublox_msgs/ublox_msgs/msg/detail/nav_svinfo__traits.hpp
[76.833s] -- Installing: /home/men3m/Naima/install/ublox_msgs/include/ublox_msgs/ublox_msgs/msg/detail/rxm_eph__traits.hpp
[76.833s] -- Installing: /home/men3m/Naima/install/ublox_msgs/include/ublox_msgs/ublox_msgs/msg/detail/aid_eph__builder.hpp
[76.833s] -- Installing: /home/men3m/Naima/install/ublox_msgs/include/ublox_msgs/ublox_msgs/msg/detail/cfg_dat__traits.hpp
[76.833s] -- Installing: /home/men3m/Naima/install/ublox_msgs/include/ublox_msgs/ublox_msgs/msg/detail/nav_timegps__struct.hpp
[76.833s] -- Installing: /home/men3m/Naima/install/ublox_msgs/include/ublox_msgs/ublox_msgs/msg/detail/hnr_pvt__struct.hpp
[76.833s] -- Installing: /home/men3m/Naima/install/ublox_msgs/include/ublox_msgs/ublox_msgs/msg/detail/nav_sbas__builder.hpp
[76.833s] -- Installing: /home/men3m/Naima/install/ublox_msgs/include/ublox_msgs/ublox_msgs/msg/detail/mon_ver__traits.hpp
[76.833s] -- Installing: /home/men3m/Naima/install/ublox_msgs/include/ublox_msgs/ublox_msgs/msg/detail/esf_raw__builder.hpp
[76.834s] -- Installing: /home/men3m/Naima/install/ublox_msgs/include/ublox_msgs/ublox_msgs/msg/detail/rxm_sfrb__builder.hpp
[76.834s] -- Installing: /home/men3m/Naima/install/ublox_msgs/include/ublox_msgs/ublox_msgs/msg/detail/rxm_rawx__type_support.hpp
[76.834s] -- Installing: /home/men3m/Naima/install/ublox_msgs/include/ublox_msgs/ublox_msgs/msg/detail/nav_sat__struct.hpp
[76.834s] -- Installing: /home/men3m/Naima/install/ublox_msgs/include/ublox_msgs/ublox_msgs/msg/detail/nav_svinfosv__struct.hpp
[76.834s] -- Installing: /home/men3m/Naima/install/ublox_msgs/include/ublox_msgs/ublox_msgs/msg/detail/cfg_sbas__struct.hpp
[76.834s] -- Installing: /home/men3m/Naima/install/ublox_msgs/include/ublox_msgs/ublox_msgs/msg/detail/nav_clock__builder.hpp
[76.834s] -- Installing: /home/men3m/Naima/install/ublox_msgs/include/ublox_msgs/ublox_msgs/msg/detail/nav_dop__struct.hpp
[76.834s] -- Installing: /home/men3m/Naima/install/ublox_msgs/include/ublox_msgs/ublox_msgs/msg/detail/mon_hw6__builder.hpp
[76.835s] -- Installing: /home/men3m/Naima/install/ublox_msgs/include/ublox_msgs/ublox_msgs/msg/detail/nav_velned__struct.hpp
[76.835s] -- Installing: /home/men3m/Naima/install/ublox_msgs/include/ublox_msgs/ublox_msgs/msg/detail/cfg_nmea6__builder.hpp
[76.835s] -- Installing: /home/men3m/Naima/install/ublox_msgs/include/ublox_msgs/ublox_msgs/msg/detail/cfg_sbas__type_support.hpp
[76.835s] -- Installing: /home/men3m/Naima/install/ublox_msgs/include/ublox_msgs/ublox_msgs/msg/detail/rxm_svsi__builder.hpp
[76.835s] -- Installing: /home/men3m/Naima/install/ublox_msgs/include/ublox_msgs/ublox_msgs/msg/detail/esf_status__traits.hpp
[76.835s] -- Installing: /home/men3m/Naima/install/ublox_msgs/include/ublox_msgs/ublox_msgs/msg/detail/tim_tm2__traits.hpp
[76.835s] -- Installing: /home/men3m/Naima/install/ublox_msgs/include/ublox_msgs/ublox_msgs/msg/detail/nav_timegps__type_support.hpp
[76.835s] -- Installing: /home/men3m/Naima/install/ublox_msgs/include/ublox_msgs/ublox_msgs/msg/detail/cfg_tmode3__type_support.hpp
[76.836s] -- Installing: /home/men3m/Naima/install/ublox_msgs/include/ublox_msgs/ublox_msgs/msg/detail/hnr_pvt__type_support.hpp
[76.836s] -- Installing: /home/men3m/Naima/install/ublox_msgs/include/ublox_msgs/ublox_msgs/msg/detail/nav_pvt__struct.hpp
[76.836s] -- Installing: /home/men3m/Naima/install/ublox_msgs/include/ublox_msgs/ublox_msgs/msg/detail/nav_timegps__builder.hpp
[76.836s] -- Installing: /home/men3m/Naima/install/ublox_msgs/include/ublox_msgs/ublox_msgs/msg/detail/mon_hw6__traits.hpp
[76.836s] -- Installing: /home/men3m/Naima/install/ublox_msgs/include/ublox_msgs/ublox_msgs/msg/detail/nav_sbas__traits.hpp
[76.836s] -- Installing: /home/men3m/Naima/install/ublox_msgs/include/ublox_msgs/ublox_msgs/msg/detail/rxm_rawx_meas__type_support.hpp
[76.836s] -- Installing: /home/men3m/Naima/install/ublox_msgs/include/ublox_msgs/ublox_msgs/msg/detail/cfg_nav5__type_support.hpp
[76.836s] -- Installing: /home/men3m/Naima/install/ublox_msgs/include/ublox_msgs/ublox_msgs/msg/detail/nav_relposned__traits.hpp
[76.836s] -- Installing: /home/men3m/Naima/install/ublox_msgs/include/ublox_msgs/ublox_msgs/msg/detail/cfg_usb__builder.hpp
[76.837s] -- Installing: /home/men3m/Naima/install/ublox_msgs/include/ublox_msgs/ublox_msgs/msg/detail/mon_ver_extension__struct.hpp
[76.837s] -- Installing: /home/men3m/Naima/install/ublox_msgs/include/ublox_msgs/ublox_msgs/msg/detail/rxm_rawx_meas__struct.hpp
[76.837s] -- Installing: /home/men3m/Naima/install/ublox_msgs/include/ublox_msgs/ublox_msgs/msg/detail/cfg_gnss__traits.hpp
[76.837s] -- Installing: /home/men3m/Naima/install/ublox_msgs/include/ublox_msgs/ublox_msgs/msg/detail/nav_relposned9__traits.hpp
[76.837s] -- Installing: /home/men3m/Naima/install/ublox_msgs/include/ublox_msgs/ublox_msgs/msg/detail/cfg_tmode3__struct.hpp
[76.837s] -- Installing: /home/men3m/Naima/install/ublox_msgs/include/ublox_msgs/ublox_msgs/msg/detail/cfg_usb__type_support.hpp
[76.837s] -- Installing: /home/men3m/Naima/install/ublox_msgs/include/ublox_msgs/ublox_msgs/msg/detail/mon_hw6__type_support.hpp
[76.837s] -- Installing: /home/men3m/Naima/install/ublox_msgs/include/ublox_msgs/ublox_msgs/msg/detail/nav_satsv__type_support.hpp
[76.838s] -- Installing: /home/men3m/Naima/install/ublox_msgs/include/ublox_msgs/ublox_msgs/msg/detail/nav_timeutc__type_support.hpp
[76.838s] -- Installing: /home/men3m/Naima/install/ublox_msgs/include/ublox_msgs/ublox_msgs/msg/detail/nav_pvt__builder.hpp
[76.838s] -- Installing: /home/men3m/Naima/install/ublox_msgs/include/ublox_msgs/ublox_msgs/msg/detail/nav_svin__traits.hpp
[76.838s] -- Installing: /home/men3m/Naima/install/ublox_msgs/include/ublox_msgs/ublox_msgs/msg/detail/mon_gnss__traits.hpp
[76.838s] -- Installing: /home/men3m/Naima/install/ublox_msgs/include/ublox_msgs/ublox_msgs/msg/detail/esf_meas__struct.hpp
[76.838s] -- Installing: /home/men3m/Naima/install/ublox_msgs/include/ublox_msgs/ublox_msgs/msg/detail/nav_sbassv__type_support.hpp
[76.838s] -- Installing: /home/men3m/Naima/install/ublox_msgs/include/ublox_msgs/ublox_msgs/msg/detail/cfg_ant__type_support.hpp
[76.838s] -- Installing: /home/men3m/Naima/install/ublox_msgs/include/ublox_msgs/ublox_msgs/msg/detail/cfg_hnr__struct.hpp
[76.839s] -- Installing: /home/men3m/Naima/install/ublox_msgs/include/ublox_msgs/ublox_msgs/msg/detail/nav_svinfo__type_support.hpp
[76.839s] -- Installing: /home/men3m/Naima/install/ublox_msgs/include/ublox_msgs/ublox_msgs/msg/detail/cfg_dat__type_support.hpp
[76.839s] -- Installing: /home/men3m/Naima/install/ublox_msgs/include/ublox_msgs/ublox_msgs/msg/detail/esf_status__type_support.hpp
[76.839s] -- Installing: /home/men3m/Naima/install/ublox_msgs/include/ublox_msgs/ublox_msgs/msg/detail/upd_sos__builder.hpp
[76.839s] -- Installing: /home/men3m/Naima/install/ublox_msgs/include/ublox_msgs/ublox_msgs/msg/detail/cfg_rst__struct.hpp
[76.839s] -- Installing: /home/men3m/Naima/install/ublox_msgs/include/ublox_msgs/ublox_msgs/msg/detail/cfg_inf__traits.hpp
[76.839s] -- Installing: /home/men3m/Naima/install/ublox_msgs/include/ublox_msgs/ublox_msgs/msg/detail/mon_hw6__struct.hpp
[76.839s] -- Installing: /home/men3m/Naima/install/ublox_msgs/include/ublox_msgs/ublox_msgs/msg/detail/esf_raw_block__traits.hpp
[76.840s] -- Installing: /home/men3m/Naima/install/ublox_msgs/include/ublox_msgs/ublox_msgs/msg/detail/nav_posecef__type_support.hpp
[76.840s] -- Installing: /home/men3m/Naima/install/ublox_msgs/include/ublox_msgs/ublox_msgs/msg/detail/nav_velecef__builder.hpp
[76.840s] -- Installing: /home/men3m/Naima/install/ublox_msgs/include/ublox_msgs/ublox_msgs/msg/detail/ack__struct.hpp
[76.840s] -- Installing: /home/men3m/Naima/install/ublox_msgs/include/ublox_msgs/ublox_msgs/msg/detail/nav_dgps__builder.hpp
[76.840s] -- Installing: /home/men3m/Naima/install/ublox_msgs/include/ublox_msgs/ublox_msgs/msg/detail/mon_ver_extension__traits.hpp
[76.840s] -- Installing: /home/men3m/Naima/install/ublox_msgs/include/ublox_msgs/ublox_msgs/msg/detail/upd_sos__struct.hpp
[76.840s] -- Installing: /home/men3m/Naima/install/ublox_msgs/include/ublox_msgs/ublox_msgs/msg/detail/cfg_msg__type_support.hpp
[76.840s] -- Installing: /home/men3m/Naima/install/ublox_msgs/include/ublox_msgs/ublox_msgs/msg/detail/nav_timeutc__traits.hpp
[76.840s] -- Installing: /home/men3m/Naima/install/ublox_msgs/include/ublox_msgs/ublox_msgs/msg/detail/nav_relposned__struct.hpp
[76.841s] -- Installing: /home/men3m/Naima/install/ublox_msgs/include/ublox_msgs/ublox_msgs/msg/detail/rxm_svsi__type_support.hpp
[76.841s] -- Installing: /home/men3m/Naima/install/ublox_msgs/include/ublox_msgs/ublox_msgs/msg/detail/esf_status__struct.hpp
[76.841s] -- Installing: /home/men3m/Naima/install/ublox_msgs/include/ublox_msgs/ublox_msgs/msg/detail/mon_gnss__type_support.hpp
[76.841s] -- Installing: /home/men3m/Naima/install/ublox_msgs/include/ublox_msgs/ublox_msgs/msg/detail/rxm_rawx__struct.hpp
[76.841s] -- Installing: /home/men3m/Naima/install/ublox_msgs/include/ublox_msgs/ublox_msgs/msg/detail/esf_meas__traits.hpp
[76.841s] -- Installing: /home/men3m/Naima/install/ublox_msgs/include/ublox_msgs/ublox_msgs/msg/detail/cfg_inf_block__builder.hpp
[76.841s] -- Installing: /home/men3m/Naima/install/ublox_msgs/include/ublox_msgs/ublox_msgs/msg/detail/nav_svin__type_support.hpp
[76.841s] -- Installing: /home/men3m/Naima/install/ublox_msgs/include/ublox_msgs/ublox_msgs/msg/detail/nav_dgps__struct.hpp
[76.842s] -- Installing: /home/men3m/Naima/install/ublox_msgs/include/ublox_msgs/ublox_msgs/msg/detail/esf_raw__type_support.hpp
[76.842s] -- Installing: /home/men3m/Naima/install/ublox_msgs/include/ublox_msgs/ublox_msgs/msg/detail/cfg_nav5__struct.hpp
[76.842s] -- Installing: /home/men3m/Naima/install/ublox_msgs/include/ublox_msgs/ublox_msgs/msg/detail/cfg_gnss__struct.hpp
[76.842s] -- Installing: /home/men3m/Naima/install/ublox_msgs/include/ublox_msgs/ublox_msgs/msg/detail/rxm_rtcm__type_support.hpp
[76.842s] -- Installing: /home/men3m/Naima/install/ublox_msgs/include/ublox_msgs/ublox_msgs/msg/detail/cfg_nmea__builder.hpp
[76.842s] -- Installing: /home/men3m/Naima/install/ublox_msgs/include/ublox_msgs/ublox_msgs/msg/detail/ack__type_support.hpp
[76.842s] -- Installing: /home/men3m/Naima/install/ublox_msgs/include/ublox_msgs/ublox_msgs/msg/detail/nav_relposned9__builder.hpp
[76.842s] -- Installing: /home/men3m/Naima/install/ublox_msgs/include/ublox_msgs/ublox_msgs/msg/detail/cfg_navx5__builder.hpp
[76.842s] -- Installing: /home/men3m/Naima/install/ublox_msgs/include/ublox_msgs/ublox_msgs/msg/detail/cfg_sbas__traits.hpp
[76.843s] -- Installing: /home/men3m/Naima/install/ublox_msgs/include/ublox_msgs/ublox_msgs/msg/detail/cfg_ant__traits.hpp
[76.843s] -- Installing: /home/men3m/Naima/install/ublox_msgs/include/ublox_msgs/ublox_msgs/msg/detail/cfg_inf_block__struct.hpp
[76.843s] -- Installing: /home/men3m/Naima/install/ublox_msgs/include/ublox_msgs/ublox_msgs/msg/detail/cfg_usb__traits.hpp
[76.843s] -- Installing: /home/men3m/Naima/install/ublox_msgs/include/ublox_msgs/ublox_msgs/msg/detail/nav_dop__type_support.hpp
[76.843s] -- Installing: /home/men3m/Naima/install/ublox_msgs/include/ublox_msgs/ublox_msgs/msg/detail/rxm_svsi__struct.hpp
[76.844s] -- Installing: /home/men3m/Naima/install/ublox_msgs/include/ublox_msgs/ublox_msgs/msg/detail/tim_tm2__struct.hpp
[76.844s] -- Installing: /home/men3m/Naima/install/ublox_msgs/include/ublox_msgs/ublox_msgs/msg/detail/cfg_prt__traits.hpp
[76.844s] -- Installing: /home/men3m/Naima/install/ublox_msgs/include/ublox_msgs/ublox_msgs/msg/detail/mon_hw__traits.hpp
[76.844s] -- Installing: /home/men3m/Naima/install/ublox_msgs/include/ublox_msgs/ublox_msgs/msg/detail/nav_relposned9__struct.hpp
[76.844s] -- Installing: /home/men3m/Naima/install/ublox_msgs/include/ublox_msgs/ublox_msgs/msg/detail/cfg_rst__type_support.hpp
[76.844s] -- Installing: /home/men3m/Naima/install/ublox_msgs/include/ublox_msgs/ublox_msgs/msg/detail/mon_ver_extension__type_support.hpp
[76.844s] -- Installing: /home/men3m/Naima/install/ublox_msgs/include/ublox_msgs/ublox_msgs/msg/detail/cfg_nmea7__traits.hpp
[76.844s] -- Installing: /home/men3m/Naima/install/ublox_msgs/include/ublox_msgs/ublox_msgs/msg/detail/aid_alm__struct.hpp
[76.845s] -- Installing: /home/men3m/Naima/install/ublox_msgs/include/ublox_msgs/ublox_msgs/msg/detail/cfg_nmea7__type_support.hpp
[76.845s] -- Installing: /home/men3m/Naima/install/ublox_msgs/include/ublox_msgs/ublox_msgs/msg/detail/nav_status__traits.hpp
[76.845s] -- Installing: /home/men3m/Naima/install/ublox_msgs/include/ublox_msgs/ublox_msgs/msg/detail/rxm_eph__builder.hpp
[76.845s] -- Installing: /home/men3m/Naima/install/ublox_msgs/include/ublox_msgs/ublox_msgs/msg/detail/aid_hui__builder.hpp
[76.845s] -- Installing: /home/men3m/Naima/install/ublox_msgs/include/ublox_msgs/ublox_msgs/msg/detail/nav_svinfo__builder.hpp
[76.845s] -- Installing: /home/men3m/Naima/install/ublox_msgs/include/ublox_msgs/ublox_msgs/msg/detail/cfg_gnss__builder.hpp
[76.845s] -- Installing: /home/men3m/Naima/install/ublox_msgs/include/ublox_msgs/ublox_msgs/msg/detail/cfg_rate__traits.hpp
[76.845s] -- Installing: /home/men3m/Naima/install/ublox_msgs/include/ublox_msgs/ublox_msgs/msg/detail/cfg_navx5__traits.hpp
[76.846s] -- Installing: /home/men3m/Naima/install/ublox_msgs/include/ublox_msgs/ublox_msgs/msg/detail/cfg_tmode3__builder.hpp
[76.846s] -- Installing: /home/men3m/Naima/install/ublox_msgs/include/ublox_msgs/ublox_msgs/msg/detail/cfg_rate__builder.hpp
[76.846s] -- Installing: /home/men3m/Naima/install/ublox_msgs/include/ublox_msgs/ublox_msgs/msg/detail/hnr_pvt__traits.hpp
[76.846s] -- Installing: /home/men3m/Naima/install/ublox_msgs/include/ublox_msgs/ublox_msgs/msg/detail/rxm_rawx__traits.hpp
[76.846s] -- Installing: /home/men3m/Naima/install/ublox_msgs/include/ublox_msgs/ublox_msgs/msg/detail/nav_dop__traits.hpp
[76.846s] -- Installing: /home/men3m/Naima/install/ublox_msgs/include/ublox_msgs/ublox_msgs/msg/detail/cfg_inf_block__traits.hpp
[76.846s] -- Installing: /home/men3m/Naima/install/ublox_msgs/include/ublox_msgs/ublox_msgs/msg/detail/rxm_sfrbx__builder.hpp
[76.846s] -- Installing: /home/men3m/Naima/install/ublox_msgs/include/ublox_msgs/ublox_msgs/msg/detail/tim_tm2__builder.hpp
[76.847s] -- Installing: /home/men3m/Naima/install/ublox_msgs/include/ublox_msgs/ublox_msgs/msg/detail/cfg_cfg__builder.hpp
[76.847s] -- Installing: /home/men3m/Naima/install/ublox_msgs/include/ublox_msgs/ublox_msgs/msg/detail/nav_posllh__struct.hpp
[76.847s] -- Installing: /home/men3m/Naima/install/ublox_msgs/include/ublox_msgs/ublox_msgs/msg/detail/nav_sbassv__traits.hpp
[76.847s] -- Installing: /home/men3m/Naima/install/ublox_msgs/include/ublox_msgs/ublox_msgs/msg/detail/nav_sol__struct.hpp
[76.847s] -- Installing: /home/men3m/Naima/install/ublox_msgs/include/ublox_msgs/ublox_msgs/msg/detail/esf_raw__traits.hpp
[76.847s] -- Installing: /home/men3m/Naima/install/ublox_msgs/include/ublox_msgs/ublox_msgs/msg/detail/esf_status_sens__struct.hpp
[76.847s] -- Installing: /home/men3m/Naima/install/ublox_msgs/include/ublox_msgs/ublox_msgs/msg/detail/esf_status_sens__traits.hpp
[76.847s] -- Installing: /home/men3m/Naima/install/ublox_msgs/include/ublox_msgs/ublox_msgs/msg/detail/aid_eph__struct.hpp
[76.848s] -- Installing: /home/men3m/Naima/install/ublox_msgs/include/ublox_msgs/ublox_msgs/msg/detail/cfg_cfg__struct.hpp
[76.848s] -- Installing: /home/men3m/Naima/install/ublox_msgs/include/ublox_msgs/ublox_msgs/msg/detail/cfg_gnss_block__type_support.hpp
[76.848s] -- Installing: /home/men3m/Naima/install/ublox_msgs/include/ublox_msgs/ublox_msgs/msg/detail/esf_ins__struct.hpp
[76.848s] -- Installing: /home/men3m/Naima/install/ublox_msgs/include/ublox_msgs/ublox_msgs/msg/detail/cfg_nmea6__type_support.hpp
[76.848s] -- Installing: /home/men3m/Naima/install/ublox_msgs/include/ublox_msgs/ublox_msgs/msg/detail/nav_satsv__builder.hpp
[76.848s] -- Installing: /home/men3m/Naima/install/ublox_msgs/include/ublox_msgs/ublox_msgs/msg/detail/aid_hui__type_support.hpp
[76.848s] -- Installing: /home/men3m/Naima/install/ublox_msgs/include/ublox_msgs/ublox_msgs/msg/detail/nav_relposned__type_support.hpp
[76.848s] -- Installing: /home/men3m/Naima/install/ublox_msgs/include/ublox_msgs/ublox_msgs/msg/detail/rxm_raw__type_support.hpp
[76.848s] -- Installing: /home/men3m/Naima/install/ublox_msgs/include/ublox_msgs/ublox_msgs/msg/detail/nav_velned__type_support.hpp
[76.849s] -- Installing: /home/men3m/Naima/install/ublox_msgs/include/ublox_msgs/ublox_msgs/msg/detail/mon_hw__struct.hpp
[76.849s] -- Installing: /home/men3m/Naima/install/ublox_msgs/include/ublox_msgs/ublox_msgs/msg/detail/rxm_sfrb__type_support.hpp
[76.849s] -- Installing: /home/men3m/Naima/install/ublox_msgs/include/ublox_msgs/ublox_msgs/msg/detail/nav_status__builder.hpp
[76.849s] -- Installing: /home/men3m/Naima/install/ublox_msgs/include/ublox_msgs/ublox_msgs/msg/detail/tim_tm2__type_support.hpp
[76.849s] -- Installing: /home/men3m/Naima/install/ublox_msgs/include/ublox_msgs/ublox_msgs/msg/detail/nav_timegps__traits.hpp
[76.849s] -- Installing: /home/men3m/Naima/install/ublox_msgs/include/ublox_msgs/ublox_msgs/msg/detail/nav_timeutc__struct.hpp
[76.849s] -- Installing: /home/men3m/Naima/install/ublox_msgs/include/ublox_msgs/ublox_msgs/msg/detail/nav_timeutc__builder.hpp
[76.849s] -- Installing: /home/men3m/Naima/install/ublox_msgs/include/ublox_msgs/ublox_msgs/msg/detail/cfg_nmea7__builder.hpp
[76.850s] -- Installing: /home/men3m/Naima/install/ublox_msgs/include/ublox_msgs/ublox_msgs/msg/detail/upd_sos__traits.hpp
[76.850s] -- Installing: /home/men3m/Naima/install/ublox_msgs/include/ublox_msgs/ublox_msgs/msg/detail/cfg_nmea__traits.hpp
[76.850s] -- Installing: /home/men3m/Naima/install/ublox_msgs/include/ublox_msgs/ublox_msgs/msg/detail/rxm_sfrb__traits.hpp
[76.850s] -- Installing: /home/men3m/Naima/install/ublox_msgs/include/ublox_msgs/ublox_msgs/msg/detail/hnr_pvt__builder.hpp
[76.850s] -- Installing: /home/men3m/Naima/install/ublox_msgs/include/ublox_msgs/ublox_msgs/msg/detail/inf__struct.hpp
[76.850s] -- Installing: /home/men3m/Naima/install/ublox_msgs/include/ublox_msgs/ublox_msgs/msg/detail/nav_svinfo__struct.hpp
[76.850s] -- Installing: /home/men3m/Naima/install/ublox_msgs/include/ublox_msgs/ublox_msgs/msg/detail/nav_pvt__traits.hpp
[76.850s] -- Installing: /home/men3m/Naima/install/ublox_msgs/include/ublox_msgs/ublox_msgs/msg/detail/aid_alm__builder.hpp
[76.850s] -- Installing: /home/men3m/Naima/install/ublox_msgs/include/ublox_msgs/ublox_msgs/msg/detail/inf__builder.hpp
[76.851s] -- Installing: /home/men3m/Naima/install/ublox_msgs/include/ublox_msgs/ublox_msgs/msg/detail/nav_pvt__type_support.hpp
[76.851s] -- Installing: /home/men3m/Naima/install/ublox_msgs/include/ublox_msgs/ublox_msgs/msg/detail/nav_sol__builder.hpp
[76.851s] -- Installing: /home/men3m/Naima/install/ublox_msgs/include/ublox_msgs/ublox_msgs/msg/detail/nav_dgpssv__struct.hpp
[76.851s] -- Installing: /home/men3m/Naima/install/ublox_msgs/include/ublox_msgs/ublox_msgs/msg/detail/nav_posllh__type_support.hpp
[76.851s] -- Installing: /home/men3m/Naima/install/ublox_msgs/include/ublox_msgs/ublox_msgs/msg/detail/aid_alm__type_support.hpp
[76.851s] -- Installing: /home/men3m/Naima/install/ublox_msgs/include/ublox_msgs/ublox_msgs/msg/detail/cfg_nmea__type_support.hpp
[76.851s] -- Installing: /home/men3m/Naima/install/ublox_msgs/include/ublox_msgs/ublox_msgs/msg/detail/nav_velecef__type_support.hpp
[76.851s] -- Installing: /home/men3m/Naima/install/ublox_msgs/include/ublox_msgs/ublox_msgs/msg/detail/nav_dgpssv__traits.hpp
[76.852s] -- Installing: /home/men3m/Naima/install/ublox_msgs/include/ublox_msgs/ublox_msgs/msg/detail/nav_posllh__builder.hpp
[76.852s] -- Installing: /home/men3m/Naima/install/ublox_msgs/include/ublox_msgs/ublox_msgs/msg/detail/cfg_rate__struct.hpp
[76.852s] -- Installing: /home/men3m/Naima/install/ublox_msgs/include/ublox_msgs/ublox_msgs/msg/detail/rxm_rawx_meas__builder.hpp
[76.852s] -- Installing: /home/men3m/Naima/install/ublox_msgs/include/ublox_msgs/ublox_msgs/msg/detail/upd_sos_ack__struct.hpp
[76.852s] -- Installing: /home/men3m/Naima/install/ublox_msgs/include/ublox_msgs/ublox_msgs/msg/detail/mga_gal__builder.hpp
[76.852s] -- Installing: /home/men3m/Naima/install/ublox_msgs/include/ublox_msgs/ublox_msgs/msg/detail/cfg_gnss_block__traits.hpp
[76.852s] -- Installing: /home/men3m/Naima/install/ublox_msgs/include/ublox_msgs/ublox_msgs/msg/detail/nav_clock__traits.hpp
[76.852s] -- Installing: /home/men3m/Naima/install/ublox_msgs/include/ublox_msgs/ublox_msgs/msg/detail/rxm_alm__traits.hpp
[76.852s] -- Installing: /home/men3m/Naima/install/ublox_msgs/include/ublox_msgs/ublox_msgs/msg/detail/rxm_rtcm__traits.hpp
[76.853s] -- Installing: /home/men3m/Naima/install/ublox_msgs/include/ublox_msgs/ublox_msgs/msg/detail/cfg_ant__struct.hpp
[76.853s] -- Installing: /home/men3m/Naima/install/ublox_msgs/include/ublox_msgs/ublox_msgs/msg/detail/mon_ver_extension__builder.hpp
[76.853s] -- Installing: /home/men3m/Naima/install/ublox_msgs/include/ublox_msgs/ublox_msgs/msg/detail/mga_gal__traits.hpp
[76.853s] -- Installing: /home/men3m/Naima/install/ublox_msgs/include/ublox_msgs/ublox_msgs/msg/detail/nav_pvt7__builder.hpp
[76.853s] -- Installing: /home/men3m/Naima/install/ublox_msgs/include/ublox_msgs/ublox_msgs/msg/detail/cfg_nmea7__struct.hpp
[76.853s] -- Installing: /home/men3m/Naima/install/ublox_msgs/include/ublox_msgs/ublox_msgs/msg/detail/nav_sat__builder.hpp
[76.853s] -- Installing: /home/men3m/Naima/install/ublox_msgs/include/ublox_msgs/ublox_msgs/msg/nav_svinfosv.hpp
[76.853s] -- Installing: /home/men3m/Naima/install/ublox_msgs/include/ublox_msgs/ublox_msgs/msg/rxm_sfrbx.hpp
[76.854s] -- Installing: /home/men3m/Naima/install/ublox_msgs/include/ublox_msgs/ublox_msgs/msg/nav_velecef.hpp
[76.854s] -- Installing: /home/men3m/Naima/install/ublox_msgs/include/ublox_msgs/ublox_msgs/msg/nav_pvt7.hpp
[76.854s] -- Installing: /home/men3m/Naima/install/ublox_msgs/include/ublox_msgs/ublox_msgs/msg/nav_dop.hpp
[76.854s] -- Installing: /home/men3m/Naima/install/ublox_msgs/include/ublox_msgs/ublox_msgs/msg/rxm_raw.hpp
[76.854s] -- Installing: /home/men3m/Naima/install/ublox_msgs/include/ublox_msgs/ublox_msgs/msg/mga_gal.hpp
[76.854s] -- Installing: /home/men3m/Naima/install/ublox_msgs/include/ublox_msgs/ublox_msgs/msg/hnr_pvt.hpp
[76.854s] -- Installing: /home/men3m/Naima/install/ublox_msgs/include/ublox_msgs/ublox_msgs/msg/cfg_ant.hpp
[76.854s] -- Installing: /home/men3m/Naima/install/ublox_msgs/include/ublox_msgs/ublox_msgs/msg/mon_hw6.hpp
[76.854s] -- Installing: /home/men3m/Naima/install/ublox_msgs/include/ublox_msgs/ublox_msgs/msg/cfg_prt.hpp
[76.855s] -- Installing: /home/men3m/Naima/install/ublox_msgs/include/ublox_msgs/ublox_msgs/msg/cfg_nmea.hpp
[76.855s] -- Installing: /home/men3m/Naima/install/ublox_msgs/include/ublox_msgs/ublox_msgs/msg/aid_alm.hpp
[76.855s] -- Installing: /home/men3m/Naima/install/ublox_msgs/include/ublox_msgs/ublox_msgs/msg/rxm_rawx.hpp
[76.855s] -- Installing: /home/men3m/Naima/install/ublox_msgs/include/ublox_msgs/ublox_msgs/msg/mon_ver_extension.hpp
[76.855s] -- Installing: /home/men3m/Naima/install/ublox_msgs/include/ublox_msgs/ublox_msgs/msg/rxm_svsi.hpp
[76.855s] -- Installing: /home/men3m/Naima/install/ublox_msgs/include/ublox_msgs/ublox_msgs/msg/nav_posecef.hpp
[76.856s] -- Installing: /home/men3m/Naima/install/ublox_msgs/include/ublox_msgs/ublox_msgs/msg/esf_status.hpp
[76.856s] -- Installing: /home/men3m/Naima/install/ublox_msgs/include/ublox_msgs/ublox_msgs/msg/cfg_sbas.hpp
[76.856s] -- Installing: /home/men3m/Naima/install/ublox_msgs/include/ublox_msgs/ublox_msgs/msg/mon_hw.hpp
[76.856s] -- Installing: /home/men3m/Naima/install/ublox_msgs/include/ublox_msgs/ublox_msgs/msg/cfg_inf.hpp
[76.856s] -- Installing: /home/men3m/Naima/install/ublox_msgs/include/ublox_msgs/ublox_msgs/msg/aid_eph.hpp
[76.856s] -- Installing: /home/men3m/Naima/install/ublox_msgs/include/ublox_msgs/ublox_msgs/msg/nav_sbas.hpp
[76.856s] -- Installing: /home/men3m/Naima/install/ublox_msgs/include/ublox_msgs/ublox_msgs/msg/nav_svin.hpp
[76.856s] -- Installing: /home/men3m/Naima/install/ublox_msgs/include/ublox_msgs/ublox_msgs/msg/nav_timeutc.hpp
[76.856s] -- Installing: /home/men3m/Naima/install/ublox_msgs/include/ublox_msgs/ublox_msgs/msg/esf_meas.hpp
[76.857s] -- Installing: /home/men3m/Naima/install/ublox_msgs/include/ublox_msgs/ublox_msgs/msg/cfg_nmea6.hpp
[76.857s] -- Installing: /home/men3m/Naima/install/ublox_msgs/include/ublox_msgs/ublox_msgs/msg/nav_timegps.hpp
[76.857s] -- Installing: /home/men3m/Naima/install/ublox_msgs/include/ublox_msgs/ublox_msgs/msg/cfg_tmode3.hpp
[76.857s] -- Installing: /home/men3m/Naima/install/ublox_msgs/include/ublox_msgs/ublox_msgs/msg/rxm_rtcm.hpp
[76.857s] -- Installing: /home/men3m/Naima/install/ublox_msgs/include/ublox_msgs/ublox_msgs/msg/nav_status.hpp
[76.857s] -- Installing: /home/men3m/Naima/install/ublox_msgs/include/ublox_msgs/ublox_msgs/msg/nav_dgps.hpp
[76.857s] -- Installing: /home/men3m/Naima/install/ublox_msgs/include/ublox_msgs/ublox_msgs/msg/cfg_gnss_block.hpp
[76.857s] -- Installing: /home/men3m/Naima/install/ublox_msgs/include/ublox_msgs/ublox_msgs/msg/cfg_hnr.hpp
[76.858s] -- Installing: /home/men3m/Naima/install/ublox_msgs/include/ublox_msgs/ublox_msgs/msg/rxm_rawsv.hpp
[76.858s] -- Installing: /home/men3m/Naima/install/ublox_msgs/include/ublox_msgs/ublox_msgs/msg/nav_sbassv.hpp
[76.858s] -- Installing: /home/men3m/Naima/install/ublox_msgs/include/ublox_msgs/ublox_msgs/msg/rosidl_generator_cpp__visibility_control.hpp
[76.858s] -- Installing: /home/men3m/Naima/install/ublox_msgs/include/ublox_msgs/ublox_msgs/msg/ack.hpp
[76.858s] -- Installing: /home/men3m/Naima/install/ublox_msgs/include/ublox_msgs/ublox_msgs/msg/rxm_alm.hpp
[76.858s] -- Installing: /home/men3m/Naima/install/ublox_msgs/include/ublox_msgs/ublox_msgs/msg/nav_dgpssv.hpp
[76.858s] -- Installing: /home/men3m/Naima/install/ublox_msgs/include/ublox_msgs/ublox_msgs/msg/cfg_nmea7.hpp
[76.858s] -- Installing: /home/men3m/Naima/install/ublox_msgs/include/ublox_msgs/ublox_msgs/msg/nav_sat.hpp
[76.858s] -- Installing: /home/men3m/Naima/install/ublox_msgs/include/ublox_msgs/ublox_msgs/msg/nav_velned.hpp
[76.859s] -- Installing: /home/men3m/Naima/install/ublox_msgs/include/ublox_msgs/ublox_msgs/msg/cfg_rate.hpp
[76.859s] -- Installing: /home/men3m/Naima/install/ublox_msgs/include/ublox_msgs/ublox_msgs/msg/upd_sos_ack.hpp
[76.859s] -- Up-to-date: /home/men3m/Naima/install/ublox_msgs/include/ublox_msgs/ublox_msgs
[76.859s] -- Up-to-date: /home/men3m/Naima/install/ublox_msgs/include/ublox_msgs/ublox_msgs/msg
[76.859s] -- Installing: /home/men3m/Naima/install/ublox_msgs/include/ublox_msgs/ublox_msgs/msg/rosidl_typesupport_fastrtps_cpp__visibility_control.h
[76.859s] -- Up-to-date: /home/men3m/Naima/install/ublox_msgs/include/ublox_msgs/ublox_msgs/msg/detail
[76.859s] -- Installing: /home/men3m/Naima/install/ublox_msgs/include/ublox_msgs/ublox_msgs/msg/detail/nav_sol__rosidl_typesupport_fastrtps_cpp.hpp
[76.859s] -- Installing: /home/men3m/Naima/install/ublox_msgs/include/ublox_msgs/ublox_msgs/msg/detail/mon_hw6__rosidl_typesupport_fastrtps_cpp.hpp
[76.860s] -- Installing: /home/men3m/Naima/install/ublox_msgs/include/ublox_msgs/ublox_msgs/msg/detail/mga_gal__rosidl_typesupport_fastrtps_cpp.hpp
[76.860s] -- Installing: /home/men3m/Naima/install/ublox_msgs/include/ublox_msgs/ublox_msgs/msg/detail/nav_clock__rosidl_typesupport_fastrtps_cpp.hpp
[76.860s] -- Installing: /home/men3m/Naima/install/ublox_msgs/include/ublox_msgs/ublox_msgs/msg/detail/nav_velned__rosidl_typesupport_fastrtps_cpp.hpp
[76.860s] -- Installing: /home/men3m/Naima/install/ublox_msgs/include/ublox_msgs/ublox_msgs/msg/detail/nav_dgpssv__rosidl_typesupport_fastrtps_cpp.hpp
[76.860s] -- Installing: /home/men3m/Naima/install/ublox_msgs/include/ublox_msgs/ublox_msgs/msg/detail/rxm_rtcm__rosidl_typesupport_fastrtps_cpp.hpp
[76.860s] -- Installing: /home/men3m/Naima/install/ublox_msgs/include/ublox_msgs/ublox_msgs/msg/detail/cfg_gnss__rosidl_typesupport_fastrtps_cpp.hpp
[76.860s] -- Installing: /home/men3m/Naima/install/ublox_msgs/include/ublox_msgs/ublox_msgs/msg/detail/nav_timeutc__rosidl_typesupport_fastrtps_cpp.hpp
[76.860s] -- Installing: /home/men3m/Naima/install/ublox_msgs/include/ublox_msgs/ublox_msgs/msg/detail/rxm_sfrb__rosidl_typesupport_fastrtps_cpp.hpp
[76.860s] -- Installing: /home/men3m/Naima/install/ublox_msgs/include/ublox_msgs/ublox_msgs/msg/detail/rxm_rawx__rosidl_typesupport_fastrtps_cpp.hpp
[76.861s] -- Installing: /home/men3m/Naima/install/ublox_msgs/include/ublox_msgs/ublox_msgs/msg/detail/cfg_msg__rosidl_typesupport_fastrtps_cpp.hpp
[76.861s] -- Installing: /home/men3m/Naima/install/ublox_msgs/include/ublox_msgs/ublox_msgs/msg/detail/nav_relposned9__rosidl_typesupport_fastrtps_cpp.hpp
[76.861s] -- Installing: /home/men3m/Naima/install/ublox_msgs/include/ublox_msgs/ublox_msgs/msg/detail/tim_tm2__rosidl_typesupport_fastrtps_cpp.hpp
[76.861s] -- Installing: /home/men3m/Naima/install/ublox_msgs/include/ublox_msgs/ublox_msgs/msg/detail/cfg_dat__rosidl_typesupport_fastrtps_cpp.hpp
[76.861s] -- Installing: /home/men3m/Naima/install/ublox_msgs/include/ublox_msgs/ublox_msgs/msg/detail/cfg_sbas__rosidl_typesupport_fastrtps_cpp.hpp
[76.861s] -- Installing: /home/men3m/Naima/install/ublox_msgs/include/ublox_msgs/ublox_msgs/msg/detail/cfg_gnss_block__rosidl_typesupport_fastrtps_cpp.hpp
[76.861s] -- Installing: /home/men3m/Naima/install/ublox_msgs/include/ublox_msgs/ublox_msgs/msg/detail/mon_ver_extension__rosidl_typesupport_fastrtps_cpp.hpp
[76.861s] -- Installing: /home/men3m/Naima/install/ublox_msgs/include/ublox_msgs/ublox_msgs/msg/detail/nav_att__rosidl_typesupport_fastrtps_cpp.hpp
[76.862s] -- Installing: /home/men3m/Naima/install/ublox_msgs/include/ublox_msgs/ublox_msgs/msg/detail/rxm_rawx_meas__rosidl_typesupport_fastrtps_cpp.hpp
[76.862s] -- Installing: /home/men3m/Naima/install/ublox_msgs/include/ublox_msgs/ublox_msgs/msg/detail/nav_dgps__rosidl_typesupport_fastrtps_cpp.hpp
[76.862s] -- Installing: /home/men3m/Naima/install/ublox_msgs/include/ublox_msgs/ublox_msgs/msg/detail/ack__rosidl_typesupport_fastrtps_cpp.hpp
[76.862s] -- Installing: /home/men3m/Naima/install/ublox_msgs/include/ublox_msgs/ublox_msgs/msg/detail/rxm_raw__rosidl_typesupport_fastrtps_cpp.hpp
[76.862s] -- Installing: /home/men3m/Naima/install/ublox_msgs/include/ublox_msgs/ublox_msgs/msg/detail/cfg_ant__rosidl_typesupport_fastrtps_cpp.hpp
[76.862s] -- Installing: /home/men3m/Naima/install/ublox_msgs/include/ublox_msgs/ublox_msgs/msg/detail/nav_status__rosidl_typesupport_fastrtps_cpp.hpp
[76.862s] -- Installing: /home/men3m/Naima/install/ublox_msgs/include/ublox_msgs/ublox_msgs/msg/detail/cfg_nmea__rosidl_typesupport_fastrtps_cpp.hpp
[76.862s] -- Installing: /home/men3m/Naima/install/ublox_msgs/include/ublox_msgs/ublox_msgs/msg/detail/rxm_eph__rosidl_typesupport_fastrtps_cpp.hpp
[76.862s] -- Installing: /home/men3m/Naima/install/ublox_msgs/include/ublox_msgs/ublox_msgs/msg/detail/mon_ver__rosidl_typesupport_fastrtps_cpp.hpp
[76.863s] -- Installing: /home/men3m/Naima/install/ublox_msgs/include/ublox_msgs/ublox_msgs/msg/detail/nav_posecef__rosidl_typesupport_fastrtps_cpp.hpp
[76.863s] -- Installing: /home/men3m/Naima/install/ublox_msgs/include/ublox_msgs/ublox_msgs/msg/detail/nav_satsv__rosidl_typesupport_fastrtps_cpp.hpp
[76.863s] -- Installing: /home/men3m/Naima/install/ublox_msgs/include/ublox_msgs/ublox_msgs/msg/detail/esf_raw_block__rosidl_typesupport_fastrtps_cpp.hpp
[76.863s] -- Installing: /home/men3m/Naima/install/ublox_msgs/include/ublox_msgs/ublox_msgs/msg/detail/nav_pvt7__rosidl_typesupport_fastrtps_cpp.hpp
[76.863s] -- Installing: /home/men3m/Naima/install/ublox_msgs/include/ublox_msgs/ublox_msgs/msg/detail/rxm_sfrbx__rosidl_typesupport_fastrtps_cpp.hpp
[76.863s] -- Installing: /home/men3m/Naima/install/ublox_msgs/include/ublox_msgs/ublox_msgs/msg/detail/cfg_inf_block__rosidl_typesupport_fastrtps_cpp.hpp
[76.863s] -- Installing: /home/men3m/Naima/install/ublox_msgs/include/ublox_msgs/ublox_msgs/msg/detail/nav_pvt__rosidl_typesupport_fastrtps_cpp.hpp
[76.863s] -- Installing: /home/men3m/Naima/install/ublox_msgs/include/ublox_msgs/ublox_msgs/msg/detail/mon_gnss__rosidl_typesupport_fastrtps_cpp.hpp
[76.864s] -- Installing: /home/men3m/Naima/install/ublox_msgs/include/ublox_msgs/ublox_msgs/msg/detail/nav_sbas__rosidl_typesupport_fastrtps_cpp.hpp
[76.864s] -- Installing: /home/men3m/Naima/install/ublox_msgs/include/ublox_msgs/ublox_msgs/msg/detail/mon_hw__rosidl_typesupport_fastrtps_cpp.hpp
[76.864s] -- Installing: /home/men3m/Naima/install/ublox_msgs/include/ublox_msgs/ublox_msgs/msg/detail/cfg_hnr__rosidl_typesupport_fastrtps_cpp.hpp
[76.864s] -- Installing: /home/men3m/Naima/install/ublox_msgs/include/ublox_msgs/ublox_msgs/msg/detail/nav_dop__rosidl_typesupport_fastrtps_cpp.hpp
[76.864s] -- Installing: /home/men3m/Naima/install/ublox_msgs/include/ublox_msgs/ublox_msgs/msg/detail/upd_sos_ack__rosidl_typesupport_fastrtps_cpp.hpp
[76.864s] -- Installing: /home/men3m/Naima/install/ublox_msgs/include/ublox_msgs/ublox_msgs/msg/detail/nav_posllh__rosidl_typesupport_fastrtps_cpp.hpp
[76.864s] -- Installing: /home/men3m/Naima/install/ublox_msgs/include/ublox_msgs/ublox_msgs/msg/detail/nav_velecef__rosidl_typesupport_fastrtps_cpp.hpp
[76.864s] -- Installing: /home/men3m/Naima/install/ublox_msgs/include/ublox_msgs/ublox_msgs/msg/detail/cfg_inf__rosidl_typesupport_fastrtps_cpp.hpp
[76.864s] -- Installing: /home/men3m/Naima/install/ublox_msgs/include/ublox_msgs/ublox_msgs/msg/detail/esf_status_sens__rosidl_typesupport_fastrtps_cpp.hpp
[76.865s] -- Installing: /home/men3m/Naima/install/ublox_msgs/include/ublox_msgs/ublox_msgs/msg/detail/cfg_nav5__rosidl_typesupport_fastrtps_cpp.hpp
[76.865s] -- Installing: /home/men3m/Naima/install/ublox_msgs/include/ublox_msgs/ublox_msgs/msg/detail/dds_fastrtps
[76.865s] -- Installing: /home/men3m/Naima/install/ublox_msgs/include/ublox_msgs/ublox_msgs/msg/detail/rxm_svsi__rosidl_typesupport_fastrtps_cpp.hpp
[76.865s] -- Installing: /home/men3m/Naima/install/ublox_msgs/include/ublox_msgs/ublox_msgs/msg/detail/inf__rosidl_typesupport_fastrtps_cpp.hpp
[76.865s] -- Installing: /home/men3m/Naima/install/ublox_msgs/include/ublox_msgs/ublox_msgs/msg/detail/nav_relposned__rosidl_typesupport_fastrtps_cpp.hpp
[76.865s] -- Installing: /home/men3m/Naima/install/ublox_msgs/include/ublox_msgs/ublox_msgs/msg/detail/aid_hui__rosidl_typesupport_fastrtps_cpp.hpp
[76.865s] -- Installing: /home/men3m/Naima/install/ublox_msgs/include/ublox_msgs/ublox_msgs/msg/detail/nav_sbassv__rosidl_typesupport_fastrtps_cpp.hpp
[76.865s] -- Installing: /home/men3m/Naima/install/ublox_msgs/include/ublox_msgs/ublox_msgs/msg/detail/rxm_alm__rosidl_typesupport_fastrtps_cpp.hpp
[76.866s] -- Installing: /home/men3m/Naima/install/ublox_msgs/include/ublox_msgs/ublox_msgs/msg/detail/aid_alm__rosidl_typesupport_fastrtps_cpp.hpp
[76.866s] -- Installing: /home/men3m/Naima/install/ublox_msgs/include/ublox_msgs/ublox_msgs/msg/detail/nav_svinfosv__rosidl_typesupport_fastrtps_cpp.hpp
[76.866s] -- Installing: /home/men3m/Naima/install/ublox_msgs/include/ublox_msgs/ublox_msgs/msg/detail/cfg_prt__rosidl_typesupport_fastrtps_cpp.hpp
[76.866s] -- Installing: /home/men3m/Naima/install/ublox_msgs/include/ublox_msgs/ublox_msgs/msg/detail/cfg_rate__rosidl_typesupport_fastrtps_cpp.hpp
[76.866s] -- Installing: /home/men3m/Naima/install/ublox_msgs/include/ublox_msgs/ublox_msgs/msg/detail/esf_meas__rosidl_typesupport_fastrtps_cpp.hpp
[76.866s] -- Installing: /home/men3m/Naima/install/ublox_msgs/include/ublox_msgs/ublox_msgs/msg/detail/cfg_nmea7__rosidl_typesupport_fastrtps_cpp.hpp
[76.866s] -- Installing: /home/men3m/Naima/install/ublox_msgs/include/ublox_msgs/ublox_msgs/msg/detail/cfg_nmea6__rosidl_typesupport_fastrtps_cpp.hpp
[76.866s] -- Installing: /home/men3m/Naima/install/ublox_msgs/include/ublox_msgs/ublox_msgs/msg/detail/rxm_rawsv__rosidl_typesupport_fastrtps_cpp.hpp
[76.867s] -- Installing: /home/men3m/Naima/install/ublox_msgs/include/ublox_msgs/ublox_msgs/msg/detail/esf_raw__rosidl_typesupport_fastrtps_cpp.hpp
[76.867s] -- Installing: /home/men3m/Naima/install/ublox_msgs/include/ublox_msgs/ublox_msgs/msg/detail/cfg_tmode3__rosidl_typesupport_fastrtps_cpp.hpp
[76.867s] -- Installing: /home/men3m/Naima/install/ublox_msgs/include/ublox_msgs/ublox_msgs/msg/detail/cfg_cfg__rosidl_typesupport_fastrtps_cpp.hpp
[76.867s] -- Installing: /home/men3m/Naima/install/ublox_msgs/include/ublox_msgs/ublox_msgs/msg/detail/esf_status__rosidl_typesupport_fastrtps_cpp.hpp
[76.867s] -- Installing: /home/men3m/Naima/install/ublox_msgs/include/ublox_msgs/ublox_msgs/msg/detail/rxm_svsisv__rosidl_typesupport_fastrtps_cpp.hpp
[76.867s] -- Installing: /home/men3m/Naima/install/ublox_msgs/include/ublox_msgs/ublox_msgs/msg/detail/upd_sos__rosidl_typesupport_fastrtps_cpp.hpp
[76.867s] -- Installing: /home/men3m/Naima/install/ublox_msgs/include/ublox_msgs/ublox_msgs/msg/detail/nav_timegps__rosidl_typesupport_fastrtps_cpp.hpp
[76.867s] -- Installing: /home/men3m/Naima/install/ublox_msgs/include/ublox_msgs/ublox_msgs/msg/detail/nav_svin__rosidl_typesupport_fastrtps_cpp.hpp
[76.867s] -- Installing: /home/men3m/Naima/install/ublox_msgs/include/ublox_msgs/ublox_msgs/msg/detail/aid_eph__rosidl_typesupport_fastrtps_cpp.hpp
[76.868s] -- Installing: /home/men3m/Naima/install/ublox_msgs/include/ublox_msgs/ublox_msgs/msg/detail/hnr_pvt__rosidl_typesupport_fastrtps_cpp.hpp
[76.868s] -- Installing: /home/men3m/Naima/install/ublox_msgs/include/ublox_msgs/ublox_msgs/msg/detail/cfg_usb__rosidl_typesupport_fastrtps_cpp.hpp
[76.868s] -- Installing: /home/men3m/Naima/install/ublox_msgs/include/ublox_msgs/ublox_msgs/msg/detail/cfg_rst__rosidl_typesupport_fastrtps_cpp.hpp
[76.868s] -- Installing: /home/men3m/Naima/install/ublox_msgs/include/ublox_msgs/ublox_msgs/msg/detail/esf_ins__rosidl_typesupport_fastrtps_cpp.hpp
[76.868s] -- Installing: /home/men3m/Naima/install/ublox_msgs/include/ublox_msgs/ublox_msgs/msg/detail/cfg_dgnss__rosidl_typesupport_fastrtps_cpp.hpp
[76.868s] -- Installing: /home/men3m/Naima/install/ublox_msgs/include/ublox_msgs/ublox_msgs/msg/detail/cfg_navx5__rosidl_typesupport_fastrtps_cpp.hpp
[76.868s] -- Installing: /home/men3m/Naima/install/ublox_msgs/include/ublox_msgs/ublox_msgs/msg/detail/nav_svinfo__rosidl_typesupport_fastrtps_cpp.hpp
[76.868s] -- Installing: /home/men3m/Naima/install/ublox_msgs/include/ublox_msgs/ublox_msgs/msg/detail/nav_sat__rosidl_typesupport_fastrtps_cpp.hpp
[76.869s] -- Installing: /home/men3m/Naima/install/ublox_msgs/lib/libublox_msgs__rosidl_typesupport_fastrtps_cpp.so
[76.870s] -- Set runtime path of "/home/men3m/Naima/install/ublox_msgs/lib/libublox_msgs__rosidl_typesupport_fastrtps_cpp.so" to ""
[76.870s] -- Up-to-date: /home/men3m/Naima/install/ublox_msgs/include/ublox_msgs/ublox_msgs
[76.870s] -- Up-to-date: /home/men3m/Naima/install/ublox_msgs/include/ublox_msgs/ublox_msgs/msg
[76.870s] -- Up-to-date: /home/men3m/Naima/install/ublox_msgs/include/ublox_msgs/ublox_msgs/msg/detail
[76.870s] -- Installing: /home/men3m/Naima/install/ublox_msgs/include/ublox_msgs/ublox_msgs/msg/detail/cfg_nmea6__rosidl_typesupport_introspection_cpp.hpp
[76.870s] -- Installing: /home/men3m/Naima/install/ublox_msgs/include/ublox_msgs/ublox_msgs/msg/detail/rxm_alm__rosidl_typesupport_introspection_cpp.hpp
[76.871s] -- Installing: /home/men3m/Naima/install/ublox_msgs/include/ublox_msgs/ublox_msgs/msg/detail/esf_raw_block__type_support.cpp
[76.871s] -- Installing: /home/men3m/Naima/install/ublox_msgs/include/ublox_msgs/ublox_msgs/msg/detail/upd_sos__type_support.cpp
[76.871s] -- Installing: /home/men3m/Naima/install/ublox_msgs/include/ublox_msgs/ublox_msgs/msg/detail/rxm_svsi__type_support.cpp
[76.871s] -- Installing: /home/men3m/Naima/install/ublox_msgs/include/ublox_msgs/ublox_msgs/msg/detail/cfg_msg__type_support.cpp
[76.871s] -- Installing: /home/men3m/Naima/install/ublox_msgs/include/ublox_msgs/ublox_msgs/msg/detail/nav_posllh__rosidl_typesupport_introspection_cpp.hpp
[76.871s] -- Installing: /home/men3m/Naima/install/ublox_msgs/include/ublox_msgs/ublox_msgs/msg/detail/cfg_dat__type_support.cpp
[76.871s] -- Installing: /home/men3m/Naima/install/ublox_msgs/include/ublox_msgs/ublox_msgs/msg/detail/cfg_tmode3__type_support.cpp
[76.871s] -- Installing: /home/men3m/Naima/install/ublox_msgs/include/ublox_msgs/ublox_msgs/msg/detail/cfg_msg__rosidl_typesupport_introspection_cpp.hpp
[76.872s] -- Installing: /home/men3m/Naima/install/ublox_msgs/include/ublox_msgs/ublox_msgs/msg/detail/cfg_hnr__type_support.cpp
[76.872s] -- Installing: /home/men3m/Naima/install/ublox_msgs/include/ublox_msgs/ublox_msgs/msg/detail/nav_posecef__rosidl_typesupport_introspection_cpp.hpp
[76.872s] -- Installing: /home/men3m/Naima/install/ublox_msgs/include/ublox_msgs/ublox_msgs/msg/detail/aid_eph__rosidl_typesupport_introspection_cpp.hpp
[76.872s] -- Installing: /home/men3m/Naima/install/ublox_msgs/include/ublox_msgs/ublox_msgs/msg/detail/cfg_inf_block__type_support.cpp
[76.872s] -- Installing: /home/men3m/Naima/install/ublox_msgs/include/ublox_msgs/ublox_msgs/msg/detail/esf_status_sens__rosidl_typesupport_introspection_cpp.hpp
[76.872s] -- Installing: /home/men3m/Naima/install/ublox_msgs/include/ublox_msgs/ublox_msgs/msg/detail/nav_pvt__rosidl_typesupport_introspection_cpp.hpp
[76.872s] -- Installing: /home/men3m/Naima/install/ublox_msgs/include/ublox_msgs/ublox_msgs/msg/detail/cfg_inf__rosidl_typesupport_introspection_cpp.hpp
[76.872s] -- Installing: /home/men3m/Naima/install/ublox_msgs/include/ublox_msgs/ublox_msgs/msg/detail/nav_att__rosidl_typesupport_introspection_cpp.hpp
[76.873s] -- Installing: /home/men3m/Naima/install/ublox_msgs/include/ublox_msgs/ublox_msgs/msg/detail/cfg_inf__type_support.cpp
[76.873s] -- Installing: /home/men3m/Naima/install/ublox_msgs/include/ublox_msgs/ublox_msgs/msg/detail/nav_relposned9__type_support.cpp
[76.873s] -- Installing: /home/men3m/Naima/install/ublox_msgs/include/ublox_msgs/ublox_msgs/msg/detail/cfg_rate__type_support.cpp
[76.873s] -- Installing: /home/men3m/Naima/install/ublox_msgs/include/ublox_msgs/ublox_msgs/msg/detail/rxm_eph__rosidl_typesupport_introspection_cpp.hpp
[76.873s] -- Installing: /home/men3m/Naima/install/ublox_msgs/include/ublox_msgs/ublox_msgs/msg/detail/esf_raw__type_support.cpp
[76.873s] -- Installing: /home/men3m/Naima/install/ublox_msgs/include/ublox_msgs/ublox_msgs/msg/detail/upd_sos_ack__rosidl_typesupport_introspection_cpp.hpp
[76.873s] -- Installing: /home/men3m/Naima/install/ublox_msgs/include/ublox_msgs/ublox_msgs/msg/detail/nav_svin__rosidl_typesupport_introspection_cpp.hpp
[76.873s] -- Installing: /home/men3m/Naima/install/ublox_msgs/include/ublox_msgs/ublox_msgs/msg/detail/esf_meas__type_support.cpp
[76.874s] -- Installing: /home/men3m/Naima/install/ublox_msgs/include/ublox_msgs/ublox_msgs/msg/detail/nav_dop__rosidl_typesupport_introspection_cpp.hpp
[76.874s] -- Installing: /home/men3m/Naima/install/ublox_msgs/include/ublox_msgs/ublox_msgs/msg/detail/nav_svinfosv__rosidl_typesupport_introspection_cpp.hpp
[76.874s] -- Installing: /home/men3m/Naima/install/ublox_msgs/include/ublox_msgs/ublox_msgs/msg/detail/nav_svinfosv__type_support.cpp
[76.874s] -- Installing: /home/men3m/Naima/install/ublox_msgs/include/ublox_msgs/ublox_msgs/msg/detail/aid_eph__type_support.cpp
[76.874s] -- Installing: /home/men3m/Naima/install/ublox_msgs/include/ublox_msgs/ublox_msgs/msg/detail/nav_sbas__type_support.cpp
[76.874s] -- Installing: /home/men3m/Naima/install/ublox_msgs/include/ublox_msgs/ublox_msgs/msg/detail/nav_pvt__type_support.cpp
[76.874s] -- Installing: /home/men3m/Naima/install/ublox_msgs/include/ublox_msgs/ublox_msgs/msg/detail/hnr_pvt__rosidl_typesupport_introspection_cpp.hpp
[76.874s] -- Installing: /home/men3m/Naima/install/ublox_msgs/include/ublox_msgs/ublox_msgs/msg/detail/rxm_raw__rosidl_typesupport_introspection_cpp.hpp
[76.875s] -- Installing: /home/men3m/Naima/install/ublox_msgs/include/ublox_msgs/ublox_msgs/msg/detail/nav_svin__type_support.cpp
[76.875s] -- Installing: /home/men3m/Naima/install/ublox_msgs/include/ublox_msgs/ublox_msgs/msg/detail/nav_pvt7__type_support.cpp
[76.875s] -- Installing: /home/men3m/Naima/install/ublox_msgs/include/ublox_msgs/ublox_msgs/msg/detail/esf_status__type_support.cpp
[76.875s] -- Installing: /home/men3m/Naima/install/ublox_msgs/include/ublox_msgs/ublox_msgs/msg/detail/nav_timeutc__rosidl_typesupport_introspection_cpp.hpp
[76.875s] -- Installing: /home/men3m/Naima/install/ublox_msgs/include/ublox_msgs/ublox_msgs/msg/detail/cfg_rate__rosidl_typesupport_introspection_cpp.hpp
[76.875s] -- Installing: /home/men3m/Naima/install/ublox_msgs/include/ublox_msgs/ublox_msgs/msg/detail/cfg_dat__rosidl_typesupport_introspection_cpp.hpp
[76.875s] -- Installing: /home/men3m/Naima/install/ublox_msgs/include/ublox_msgs/ublox_msgs/msg/detail/inf__rosidl_typesupport_introspection_cpp.hpp
[76.875s] -- Installing: /home/men3m/Naima/install/ublox_msgs/include/ublox_msgs/ublox_msgs/msg/detail/aid_alm__rosidl_typesupport_introspection_cpp.hpp
[76.876s] -- Installing: /home/men3m/Naima/install/ublox_msgs/include/ublox_msgs/ublox_msgs/msg/detail/nav_status__type_support.cpp
[76.876s] -- Installing: /home/men3m/Naima/install/ublox_msgs/include/ublox_msgs/ublox_msgs/msg/detail/cfg_dgnss__rosidl_typesupport_introspection_cpp.hpp
[76.876s] -- Installing: /home/men3m/Naima/install/ublox_msgs/include/ublox_msgs/ublox_msgs/msg/detail/nav_svinfo__rosidl_typesupport_introspection_cpp.hpp
[76.876s] -- Installing: /home/men3m/Naima/install/ublox_msgs/include/ublox_msgs/ublox_msgs/msg/detail/esf_raw__rosidl_typesupport_introspection_cpp.hpp
[76.876s] -- Installing: /home/men3m/Naima/install/ublox_msgs/include/ublox_msgs/ublox_msgs/msg/detail/tim_tm2__type_support.cpp
[76.876s] -- Installing: /home/men3m/Naima/install/ublox_msgs/include/ublox_msgs/ublox_msgs/msg/detail/nav_relposned__rosidl_typesupport_introspection_cpp.hpp
[76.876s] -- Installing: /home/men3m/Naima/install/ublox_msgs/include/ublox_msgs/ublox_msgs/msg/detail/rxm_sfrbx__rosidl_typesupport_introspection_cpp.hpp
[76.876s] -- Installing: /home/men3m/Naima/install/ublox_msgs/include/ublox_msgs/ublox_msgs/msg/detail/nav_timeutc__type_support.cpp
[76.877s] -- Installing: /home/men3m/Naima/install/ublox_msgs/include/ublox_msgs/ublox_msgs/msg/detail/nav_relposned9__rosidl_typesupport_introspection_cpp.hpp
[76.877s] -- Installing: /home/men3m/Naima/install/ublox_msgs/include/ublox_msgs/ublox_msgs/msg/detail/cfg_nmea6__type_support.cpp
[76.877s] -- Installing: /home/men3m/Naima/install/ublox_msgs/include/ublox_msgs/ublox_msgs/msg/detail/cfg_nmea7__rosidl_typesupport_introspection_cpp.hpp
[76.877s] -- Installing: /home/men3m/Naima/install/ublox_msgs/include/ublox_msgs/ublox_msgs/msg/detail/rxm_sfrbx__type_support.cpp
[76.877s] -- Installing: /home/men3m/Naima/install/ublox_msgs/include/ublox_msgs/ublox_msgs/msg/detail/cfg_sbas__type_support.cpp
[76.877s] -- Installing: /home/men3m/Naima/install/ublox_msgs/include/ublox_msgs/ublox_msgs/msg/detail/nav_dgpssv__type_support.cpp
[76.877s] -- Installing: /home/men3m/Naima/install/ublox_msgs/include/ublox_msgs/ublox_msgs/msg/detail/nav_dgps__type_support.cpp
[76.877s] -- Installing: /home/men3m/Naima/install/ublox_msgs/include/ublox_msgs/ublox_msgs/msg/detail/mga_gal__type_support.cpp
[76.878s] -- Installing: /home/men3m/Naima/install/ublox_msgs/include/ublox_msgs/ublox_msgs/msg/detail/cfg_usb__type_support.cpp
[76.878s] -- Installing: /home/men3m/Naima/install/ublox_msgs/include/ublox_msgs/ublox_msgs/msg/detail/nav_dgpssv__rosidl_typesupport_introspection_cpp.hpp
[76.878s] -- Installing: /home/men3m/Naima/install/ublox_msgs/include/ublox_msgs/ublox_msgs/msg/detail/nav_dop__type_support.cpp
[76.878s] -- Installing: /home/men3m/Naima/install/ublox_msgs/include/ublox_msgs/ublox_msgs/msg/detail/nav_satsv__rosidl_typesupport_introspection_cpp.hpp
[76.878s] -- Installing: /home/men3m/Naima/install/ublox_msgs/include/ublox_msgs/ublox_msgs/msg/detail/nav_sat__rosidl_typesupport_introspection_cpp.hpp
[76.878s] -- Installing: /home/men3m/Naima/install/ublox_msgs/include/ublox_msgs/ublox_msgs/msg/detail/rxm_rawx__type_support.cpp
[76.878s] -- Installing: /home/men3m/Naima/install/ublox_msgs/include/ublox_msgs/ublox_msgs/msg/detail/rxm_svsi__rosidl_typesupport_introspection_cpp.hpp
[76.878s] -- Installing: /home/men3m/Naima/install/ublox_msgs/include/ublox_msgs/ublox_msgs/msg/detail/cfg_rst__rosidl_typesupport_introspection_cpp.hpp
[76.879s] -- Installing: /home/men3m/Naima/install/ublox_msgs/include/ublox_msgs/ublox_msgs/msg/detail/esf_ins__type_support.cpp
[76.879s] -- Installing: /home/men3m/Naima/install/ublox_msgs/include/ublox_msgs/ublox_msgs/msg/detail/cfg_usb__rosidl_typesupport_introspection_cpp.hpp
[76.879s] -- Installing: /home/men3m/Naima/install/ublox_msgs/include/ublox_msgs/ublox_msgs/msg/detail/nav_clock__type_support.cpp
[76.879s] -- Installing: /home/men3m/Naima/install/ublox_msgs/include/ublox_msgs/ublox_msgs/msg/detail/nav_velned__rosidl_typesupport_introspection_cpp.hpp
[76.879s] -- Installing: /home/men3m/Naima/install/ublox_msgs/include/ublox_msgs/ublox_msgs/msg/detail/nav_svinfo__type_support.cpp
[76.879s] -- Installing: /home/men3m/Naima/install/ublox_msgs/include/ublox_msgs/ublox_msgs/msg/detail/cfg_rst__type_support.cpp
[76.879s] -- Installing: /home/men3m/Naima/install/ublox_msgs/include/ublox_msgs/ublox_msgs/msg/detail/cfg_nav5__type_support.cpp
[76.879s] -- Installing: /home/men3m/Naima/install/ublox_msgs/include/ublox_msgs/ublox_msgs/msg/detail/rxm_eph__type_support.cpp
[76.880s] -- Installing: /home/men3m/Naima/install/ublox_msgs/include/ublox_msgs/ublox_msgs/msg/detail/nav_sol__type_support.cpp
[76.880s] -- Installing: /home/men3m/Naima/install/ublox_msgs/include/ublox_msgs/ublox_msgs/msg/detail/cfg_nmea__rosidl_typesupport_introspection_cpp.hpp
[76.880s] -- Installing: /home/men3m/Naima/install/ublox_msgs/include/ublox_msgs/ublox_msgs/msg/detail/nav_velned__type_support.cpp
[76.880s] -- Installing: /home/men3m/Naima/install/ublox_msgs/include/ublox_msgs/ublox_msgs/msg/detail/mon_ver__type_support.cpp
[76.880s] -- Installing: /home/men3m/Naima/install/ublox_msgs/include/ublox_msgs/ublox_msgs/msg/detail/rxm_rtcm__rosidl_typesupport_introspection_cpp.hpp
[76.880s] -- Installing: /home/men3m/Naima/install/ublox_msgs/include/ublox_msgs/ublox_msgs/msg/detail/nav_pvt7__rosidl_typesupport_introspection_cpp.hpp
[76.880s] -- Installing: /home/men3m/Naima/install/ublox_msgs/include/ublox_msgs/ublox_msgs/msg/detail/inf__type_support.cpp
[76.880s] -- Installing: /home/men3m/Naima/install/ublox_msgs/include/ublox_msgs/ublox_msgs/msg/detail/esf_meas__rosidl_typesupport_introspection_cpp.hpp
[76.881s] -- Installing: /home/men3m/Naima/install/ublox_msgs/include/ublox_msgs/ublox_msgs/msg/detail/nav_clock__rosidl_typesupport_introspection_cpp.hpp
[76.881s] -- Installing: /home/men3m/Naima/install/ublox_msgs/include/ublox_msgs/ublox_msgs/msg/detail/cfg_navx5__type_support.cpp
[76.881s] -- Installing: /home/men3m/Naima/install/ublox_msgs/include/ublox_msgs/ublox_msgs/msg/detail/cfg_navx5__rosidl_typesupport_introspection_cpp.hpp
[76.881s] -- Installing: /home/men3m/Naima/install/ublox_msgs/include/ublox_msgs/ublox_msgs/msg/detail/rxm_rawx__rosidl_typesupport_introspection_cpp.hpp
[76.881s] -- Installing: /home/men3m/Naima/install/ublox_msgs/include/ublox_msgs/ublox_msgs/msg/detail/cfg_prt__type_support.cpp
[76.881s] -- Installing: /home/men3m/Naima/install/ublox_msgs/include/ublox_msgs/ublox_msgs/msg/detail/cfg_nmea__type_support.cpp
[76.881s] -- Installing: /home/men3m/Naima/install/ublox_msgs/include/ublox_msgs/ublox_msgs/msg/detail/nav_timegps__rosidl_typesupport_introspection_cpp.hpp
[76.881s] -- Installing: /home/men3m/Naima/install/ublox_msgs/include/ublox_msgs/ublox_msgs/msg/detail/cfg_gnss_block__rosidl_typesupport_introspection_cpp.hpp
[76.881s] -- Installing: /home/men3m/Naima/install/ublox_msgs/include/ublox_msgs/ublox_msgs/msg/detail/cfg_inf_block__rosidl_typesupport_introspection_cpp.hpp
[76.882s] -- Installing: /home/men3m/Naima/install/ublox_msgs/include/ublox_msgs/ublox_msgs/msg/detail/cfg_sbas__rosidl_typesupport_introspection_cpp.hpp
[76.882s] -- Installing: /home/men3m/Naima/install/ublox_msgs/include/ublox_msgs/ublox_msgs/msg/detail/nav_sol__rosidl_typesupport_introspection_cpp.hpp
[76.882s] -- Installing: /home/men3m/Naima/install/ublox_msgs/include/ublox_msgs/ublox_msgs/msg/detail/rxm_alm__type_support.cpp
[76.882s] -- Installing: /home/men3m/Naima/install/ublox_msgs/include/ublox_msgs/ublox_msgs/msg/detail/cfg_cfg__type_support.cpp
[76.882s] -- Installing: /home/men3m/Naima/install/ublox_msgs/include/ublox_msgs/ublox_msgs/msg/detail/cfg_gnss_block__type_support.cpp
[76.882s] -- Installing: /home/men3m/Naima/install/ublox_msgs/include/ublox_msgs/ublox_msgs/msg/detail/nav_timegps__type_support.cpp
[76.882s] -- Installing: /home/men3m/Naima/install/ublox_msgs/include/ublox_msgs/ublox_msgs/msg/detail/ack__rosidl_typesupport_introspection_cpp.hpp
[76.882s] -- Installing: /home/men3m/Naima/install/ublox_msgs/include/ublox_msgs/ublox_msgs/msg/detail/nav_sbassv__type_support.cpp
[76.883s] -- Installing: /home/men3m/Naima/install/ublox_msgs/include/ublox_msgs/ublox_msgs/msg/detail/nav_dgps__rosidl_typesupport_introspection_cpp.hpp
[76.883s] -- Installing: /home/men3m/Naima/install/ublox_msgs/include/ublox_msgs/ublox_msgs/msg/detail/cfg_prt__rosidl_typesupport_introspection_cpp.hpp
[76.883s] -- Installing: /home/men3m/Naima/install/ublox_msgs/include/ublox_msgs/ublox_msgs/msg/detail/tim_tm2__rosidl_typesupport_introspection_cpp.hpp
[76.883s] -- Installing: /home/men3m/Naima/install/ublox_msgs/include/ublox_msgs/ublox_msgs/msg/detail/nav_posecef__type_support.cpp
[76.883s] -- Installing: /home/men3m/Naima/install/ublox_msgs/include/ublox_msgs/ublox_msgs/msg/detail/mon_hw__rosidl_typesupport_introspection_cpp.hpp
[76.883s] -- Installing: /home/men3m/Naima/install/ublox_msgs/include/ublox_msgs/ublox_msgs/msg/detail/mon_gnss__rosidl_typesupport_introspection_cpp.hpp
[76.883s] -- Installing: /home/men3m/Naima/install/ublox_msgs/include/ublox_msgs/ublox_msgs/msg/detail/ack__type_support.cpp
[76.883s] -- Installing: /home/men3m/Naima/install/ublox_msgs/include/ublox_msgs/ublox_msgs/msg/detail/nav_sbassv__rosidl_typesupport_introspection_cpp.hpp
[76.884s] -- Installing: /home/men3m/Naima/install/ublox_msgs/include/ublox_msgs/ublox_msgs/msg/detail/cfg_tmode3__rosidl_typesupport_introspection_cpp.hpp
[76.884s] -- Installing: /home/men3m/Naima/install/ublox_msgs/include/ublox_msgs/ublox_msgs/msg/detail/nav_satsv__type_support.cpp
[76.884s] -- Installing: /home/men3m/Naima/install/ublox_msgs/include/ublox_msgs/ublox_msgs/msg/detail/nav_status__rosidl_typesupport_introspection_cpp.hpp
[76.884s] -- Installing: /home/men3m/Naima/install/ublox_msgs/include/ublox_msgs/ublox_msgs/msg/detail/esf_raw_block__rosidl_typesupport_introspection_cpp.hpp
[76.884s] -- Installing: /home/men3m/Naima/install/ublox_msgs/include/ublox_msgs/ublox_msgs/msg/detail/mon_ver_extension__type_support.cpp
[76.884s] -- Installing: /home/men3m/Naima/install/ublox_msgs/include/ublox_msgs/ublox_msgs/msg/detail/cfg_gnss__rosidl_typesupport_introspection_cpp.hpp
[76.884s] -- Installing: /home/men3m/Naima/install/ublox_msgs/include/ublox_msgs/ublox_msgs/msg/detail/rxm_rawsv__type_support.cpp
[76.884s] -- Installing: /home/men3m/Naima/install/ublox_msgs/include/ublox_msgs/ublox_msgs/msg/detail/mon_ver__rosidl_typesupport_introspection_cpp.hpp
[76.884s] -- Installing: /home/men3m/Naima/install/ublox_msgs/include/ublox_msgs/ublox_msgs/msg/detail/rxm_sfrb__rosidl_typesupport_introspection_cpp.hpp
[76.885s] -- Installing: /home/men3m/Naima/install/ublox_msgs/include/ublox_msgs/ublox_msgs/msg/detail/esf_status_sens__type_support.cpp
[76.885s] -- Installing: /home/men3m/Naima/install/ublox_msgs/include/ublox_msgs/ublox_msgs/msg/detail/nav_velecef__rosidl_typesupport_introspection_cpp.hpp
[76.885s] -- Installing: /home/men3m/Naima/install/ublox_msgs/include/ublox_msgs/ublox_msgs/msg/detail/hnr_pvt__type_support.cpp
[76.885s] -- Installing: /home/men3m/Naima/install/ublox_msgs/include/ublox_msgs/ublox_msgs/msg/detail/rxm_rtcm__type_support.cpp
[76.885s] -- Installing: /home/men3m/Naima/install/ublox_msgs/include/ublox_msgs/ublox_msgs/msg/detail/nav_sat__type_support.cpp
[76.885s] -- Installing: /home/men3m/Naima/install/ublox_msgs/include/ublox_msgs/ublox_msgs/msg/detail/rxm_svsisv__type_support.cpp
[76.885s] -- Installing: /home/men3m/Naima/install/ublox_msgs/include/ublox_msgs/ublox_msgs/msg/detail/aid_hui__rosidl_typesupport_introspection_cpp.hpp
[76.885s] -- Installing: /home/men3m/Naima/install/ublox_msgs/include/ublox_msgs/ublox_msgs/msg/detail/rxm_rawsv__rosidl_typesupport_introspection_cpp.hpp
[76.886s] -- Installing: /home/men3m/Naima/install/ublox_msgs/include/ublox_msgs/ublox_msgs/msg/detail/upd_sos_ack__type_support.cpp
[76.886s] -- Installing: /home/men3m/Naima/install/ublox_msgs/include/ublox_msgs/ublox_msgs/msg/detail/aid_hui__type_support.cpp
[76.886s] -- Installing: /home/men3m/Naima/install/ublox_msgs/include/ublox_msgs/ublox_msgs/msg/detail/cfg_ant__rosidl_typesupport_introspection_cpp.hpp
[76.886s] -- Installing: /home/men3m/Naima/install/ublox_msgs/include/ublox_msgs/ublox_msgs/msg/detail/mon_ver_extension__rosidl_typesupport_introspection_cpp.hpp
[76.886s] -- Installing: /home/men3m/Naima/install/ublox_msgs/include/ublox_msgs/ublox_msgs/msg/detail/nav_att__type_support.cpp
[76.886s] -- Installing: /home/men3m/Naima/install/ublox_msgs/include/ublox_msgs/ublox_msgs/msg/detail/cfg_gnss__type_support.cpp
[76.886s] -- Installing: /home/men3m/Naima/install/ublox_msgs/include/ublox_msgs/ublox_msgs/msg/detail/upd_sos__rosidl_typesupport_introspection_cpp.hpp
[76.886s] -- Installing: /home/men3m/Naima/install/ublox_msgs/include/ublox_msgs/ublox_msgs/msg/detail/cfg_dgnss__type_support.cpp
[76.887s] -- Installing: /home/men3m/Naima/install/ublox_msgs/include/ublox_msgs/ublox_msgs/msg/detail/cfg_ant__type_support.cpp
[76.887s] -- Installing: /home/men3m/Naima/install/ublox_msgs/include/ublox_msgs/ublox_msgs/msg/detail/cfg_nmea7__type_support.cpp
[76.887s] -- Installing: /home/men3m/Naima/install/ublox_msgs/include/ublox_msgs/ublox_msgs/msg/detail/mon_hw__type_support.cpp
[76.887s] -- Installing: /home/men3m/Naima/install/ublox_msgs/include/ublox_msgs/ublox_msgs/msg/detail/rxm_rawx_meas__rosidl_typesupport_introspection_cpp.hpp
[76.887s] -- Installing: /home/men3m/Naima/install/ublox_msgs/include/ublox_msgs/ublox_msgs/msg/detail/aid_alm__type_support.cpp
[76.887s] -- Installing: /home/men3m/Naima/install/ublox_msgs/include/ublox_msgs/ublox_msgs/msg/detail/rxm_sfrb__type_support.cpp
[76.887s] -- Installing: /home/men3m/Naima/install/ublox_msgs/include/ublox_msgs/ublox_msgs/msg/detail/nav_velecef__type_support.cpp
[76.887s] -- Installing: /home/men3m/Naima/install/ublox_msgs/include/ublox_msgs/ublox_msgs/msg/detail/esf_status__rosidl_typesupport_introspection_cpp.hpp
[76.888s] -- Installing: /home/men3m/Naima/install/ublox_msgs/include/ublox_msgs/ublox_msgs/msg/detail/mga_gal__rosidl_typesupport_introspection_cpp.hpp
[76.888s] -- Installing: /home/men3m/Naima/install/ublox_msgs/include/ublox_msgs/ublox_msgs/msg/detail/nav_sbas__rosidl_typesupport_introspection_cpp.hpp
[76.888s] -- Installing: /home/men3m/Naima/install/ublox_msgs/include/ublox_msgs/ublox_msgs/msg/detail/nav_relposned__type_support.cpp
[76.888s] -- Installing: /home/men3m/Naima/install/ublox_msgs/include/ublox_msgs/ublox_msgs/msg/detail/rxm_raw__type_support.cpp
[76.888s] -- Installing: /home/men3m/Naima/install/ublox_msgs/include/ublox_msgs/ublox_msgs/msg/detail/rxm_svsisv__rosidl_typesupport_introspection_cpp.hpp
[76.888s] -- Installing: /home/men3m/Naima/install/ublox_msgs/include/ublox_msgs/ublox_msgs/msg/detail/cfg_nav5__rosidl_typesupport_introspection_cpp.hpp
[76.888s] -- Installing: /home/men3m/Naima/install/ublox_msgs/include/ublox_msgs/ublox_msgs/msg/detail/rxm_rawx_meas__type_support.cpp
[76.888s] -- Installing: /home/men3m/Naima/install/ublox_msgs/include/ublox_msgs/ublox_msgs/msg/detail/mon_gnss__type_support.cpp
[76.889s] -- Installing: /home/men3m/Naima/install/ublox_msgs/include/ublox_msgs/ublox_msgs/msg/detail/esf_ins__rosidl_typesupport_introspection_cpp.hpp
[76.889s] -- Installing: /home/men3m/Naima/install/ublox_msgs/include/ublox_msgs/ublox_msgs/msg/detail/nav_posllh__type_support.cpp
[76.889s] -- Installing: /home/men3m/Naima/install/ublox_msgs/include/ublox_msgs/ublox_msgs/msg/detail/cfg_hnr__rosidl_typesupport_introspection_cpp.hpp
[76.889s] -- Installing: /home/men3m/Naima/install/ublox_msgs/include/ublox_msgs/ublox_msgs/msg/detail/mon_hw6__rosidl_typesupport_introspection_cpp.hpp
[76.889s] -- Installing: /home/men3m/Naima/install/ublox_msgs/include/ublox_msgs/ublox_msgs/msg/detail/cfg_cfg__rosidl_typesupport_introspection_cpp.hpp
[76.889s] -- Installing: /home/men3m/Naima/install/ublox_msgs/include/ublox_msgs/ublox_msgs/msg/detail/mon_hw6__type_support.cpp
[76.889s] -- Installing: /home/men3m/Naima/install/ublox_msgs/lib/libublox_msgs__rosidl_typesupport_introspection_cpp.so
[76.891s] -- Set runtime path of "/home/men3m/Naima/install/ublox_msgs/lib/libublox_msgs__rosidl_typesupport_introspection_cpp.so" to ""
[76.891s] -- Installing: /home/men3m/Naima/install/ublox_msgs/lib/libublox_msgs__rosidl_typesupport_cpp.so
[76.892s] -- Set runtime path of "/home/men3m/Naima/install/ublox_msgs/lib/libublox_msgs__rosidl_typesupport_cpp.so" to ""
[76.892s] -- Installing: /home/men3m/Naima/install/ublox_msgs/share/ublox_msgs/environment/pythonpath.sh
[76.892s] -- Installing: /home/men3m/Naima/install/ublox_msgs/share/ublox_msgs/environment/pythonpath.dsv
[76.892s] -- Installing: /home/men3m/Naima/install/ublox_msgs/local/lib/python3.10/dist-packages/ublox_msgs-2.2.0-py3.10.egg-info
[76.892s] -- Installing: /home/men3m/Naima/install/ublox_msgs/local/lib/python3.10/dist-packages/ublox_msgs-2.2.0-py3.10.egg-info/dependency_links.txt
[76.892s] -- Installing: /home/men3m/Naima/install/ublox_msgs/local/lib/python3.10/dist-packages/ublox_msgs-2.2.0-py3.10.egg-info/top_level.txt
[76.892s] -- Installing: /home/men3m/Naima/install/ublox_msgs/local/lib/python3.10/dist-packages/ublox_msgs-2.2.0-py3.10.egg-info/SOURCES.txt
[76.893s] -- Installing: /home/men3m/Naima/install/ublox_msgs/local/lib/python3.10/dist-packages/ublox_msgs-2.2.0-py3.10.egg-info/PKG-INFO
[76.893s] -- Installing: /home/men3m/Naima/install/ublox_msgs/local/lib/python3.10/dist-packages/ublox_msgs
[76.893s] -- Installing: /home/men3m/Naima/install/ublox_msgs/local/lib/python3.10/dist-packages/ublox_msgs/_ublox_msgs_s.ep.rosidl_typesupport_c.c
[76.893s] -- Installing: /home/men3m/Naima/install/ublox_msgs/local/lib/python3.10/dist-packages/ublox_msgs/ublox_msgs_s__rosidl_typesupport_c.cpython-310-x86_64-linux-gnu.so
[76.894s] -- Installing: /home/men3m/Naima/install/ublox_msgs/local/lib/python3.10/dist-packages/ublox_msgs/ublox_msgs_s__rosidl_typesupport_fastrtps_c.cpython-310-x86_64-linux-gnu.so
[76.894s] -- Installing: /home/men3m/Naima/install/ublox_msgs/local/lib/python3.10/dist-packages/ublox_msgs/ublox_msgs_s__rosidl_typesupport_introspection_c.cpython-310-x86_64-linux-gnu.so
[76.894s] -- Installing: /home/men3m/Naima/install/ublox_msgs/local/lib/python3.10/dist-packages/ublox_msgs/_ublox_msgs_s.ep.rosidl_typesupport_introspection_c.c
[76.895s] -- Installing: /home/men3m/Naima/install/ublox_msgs/local/lib/python3.10/dist-packages/ublox_msgs/msg
[76.895s] -- Installing: /home/men3m/Naima/install/ublox_msgs/local/lib/python3.10/dist-packages/ublox_msgs/msg/_cfg_hnr_s.c
[76.895s] -- Installing: /home/men3m/Naima/install/ublox_msgs/local/lib/python3.10/dist-packages/ublox_msgs/msg/_cfg_navx5_s.c
[76.895s] -- Installing: /home/men3m/Naima/install/ublox_msgs/local/lib/python3.10/dist-packages/ublox_msgs/msg/_tim_tm2_s.c
[76.895s] -- Installing: /home/men3m/Naima/install/ublox_msgs/local/lib/python3.10/dist-packages/ublox_msgs/msg/_cfg_nmea6_s.c
[76.896s] -- Installing: /home/men3m/Naima/install/ublox_msgs/local/lib/python3.10/dist-packages/ublox_msgs/msg/_rxm_rawx_meas_s.c
[76.896s] -- Installing: /home/men3m/Naima/install/ublox_msgs/local/lib/python3.10/dist-packages/ublox_msgs/msg/_nav_clock.py
[76.896s] -- Installing: /home/men3m/Naima/install/ublox_msgs/local/lib/python3.10/dist-packages/ublox_msgs/msg/_rxm_sfrbx_s.c
[76.896s] -- Installing: /home/men3m/Naima/install/ublox_msgs/local/lib/python3.10/dist-packages/ublox_msgs/msg/_nav_sat.py
[76.896s] -- Installing: /home/men3m/Naima/install/ublox_msgs/local/lib/python3.10/dist-packages/ublox_msgs/msg/_nav_svin.py
[76.896s] -- Installing: /home/men3m/Naima/install/ublox_msgs/local/lib/python3.10/dist-packages/ublox_msgs/msg/_cfg_rst.py
[76.896s] -- Installing: /home/men3m/Naima/install/ublox_msgs/local/lib/python3.10/dist-packages/ublox_msgs/msg/_nav_satsv.py
[76.896s] -- Installing: /home/men3m/Naima/install/ublox_msgs/local/lib/python3.10/dist-packages/ublox_msgs/msg/_cfg_usb.py
[76.896s] -- Installing: /home/men3m/Naima/install/ublox_msgs/local/lib/python3.10/dist-packages/ublox_msgs/msg/_rxm_rawsv.py
[76.897s] -- Installing: /home/men3m/Naima/install/ublox_msgs/local/lib/python3.10/dist-packages/ublox_msgs/msg/_cfg_dgnss_s.c
[76.897s] -- Installing: /home/men3m/Naima/install/ublox_msgs/local/lib/python3.10/dist-packages/ublox_msgs/msg/_cfg_cfg_s.c
[76.897s] -- Installing: /home/men3m/Naima/install/ublox_msgs/local/lib/python3.10/dist-packages/ublox_msgs/msg/_esf_ins.py
[76.897s] -- Installing: /home/men3m/Naima/install/ublox_msgs/local/lib/python3.10/dist-packages/ublox_msgs/msg/_nav_pvt_s.c
[76.897s] -- Installing: /home/men3m/Naima/install/ublox_msgs/local/lib/python3.10/dist-packages/ublox_msgs/msg/_rxm_alm_s.c
[76.897s] -- Installing: /home/men3m/Naima/install/ublox_msgs/local/lib/python3.10/dist-packages/ublox_msgs/msg/_rxm_alm.py
[76.897s] -- Installing: /home/men3m/Naima/install/ublox_msgs/local/lib/python3.10/dist-packages/ublox_msgs/msg/_cfg_inf_s.c
[76.897s] -- Installing: /home/men3m/Naima/install/ublox_msgs/local/lib/python3.10/dist-packages/ublox_msgs/msg/_esf_raw_s.c
[76.898s] -- Installing: /home/men3m/Naima/install/ublox_msgs/local/lib/python3.10/dist-packages/ublox_msgs/msg/_rxm_svsisv.py
[76.898s] -- Installing: /home/men3m/Naima/install/ublox_msgs/local/lib/python3.10/dist-packages/ublox_msgs/msg/_nav_posecef.py
[76.898s] -- Installing: /home/men3m/Naima/install/ublox_msgs/local/lib/python3.10/dist-packages/ublox_msgs/msg/_nav_svinfo.py
[76.898s] -- Installing: /home/men3m/Naima/install/ublox_msgs/local/lib/python3.10/dist-packages/ublox_msgs/msg/_rxm_raw.py
[76.898s] -- Installing: /home/men3m/Naima/install/ublox_msgs/local/lib/python3.10/dist-packages/ublox_msgs/msg/_nav_pvt7_s.c
[76.898s] -- Installing: /home/men3m/Naima/install/ublox_msgs/local/lib/python3.10/dist-packages/ublox_msgs/msg/_nav_dgpssv.py
[76.898s] -- Installing: /home/men3m/Naima/install/ublox_msgs/local/lib/python3.10/dist-packages/ublox_msgs/msg/_nav_posecef_s.c
[76.898s] -- Installing: /home/men3m/Naima/install/ublox_msgs/local/lib/python3.10/dist-packages/ublox_msgs/msg/_nav_sat_s.c
[76.899s] -- Installing: /home/men3m/Naima/install/ublox_msgs/local/lib/python3.10/dist-packages/ublox_msgs/msg/_nav_timeutc.py
[76.899s] -- Installing: /home/men3m/Naima/install/ublox_msgs/local/lib/python3.10/dist-packages/ublox_msgs/msg/_nav_att_s.c
[76.899s] -- Installing: /home/men3m/Naima/install/ublox_msgs/local/lib/python3.10/dist-packages/ublox_msgs/msg/_cfg_rst_s.c
[76.899s] -- Installing: /home/men3m/Naima/install/ublox_msgs/local/lib/python3.10/dist-packages/ublox_msgs/msg/_mga_gal.py
[76.899s] -- Installing: /home/men3m/Naima/install/ublox_msgs/local/lib/python3.10/dist-packages/ublox_msgs/msg/_nav_velecef_s.c
[76.899s] -- Installing: /home/men3m/Naima/install/ublox_msgs/local/lib/python3.10/dist-packages/ublox_msgs/msg/_mon_hw_s.c
[76.899s] -- Installing: /home/men3m/Naima/install/ublox_msgs/local/lib/python3.10/dist-packages/ublox_msgs/msg/_nav_sol.py
[76.899s] -- Installing: /home/men3m/Naima/install/ublox_msgs/local/lib/python3.10/dist-packages/ublox_msgs/msg/_nav_posllh.py
[76.900s] -- Installing: /home/men3m/Naima/install/ublox_msgs/local/lib/python3.10/dist-packages/ublox_msgs/msg/_nav_timegps_s.c
[76.900s] -- Installing: /home/men3m/Naima/install/ublox_msgs/local/lib/python3.10/dist-packages/ublox_msgs/msg/_esf_status_sens_s.c
[76.900s] -- Installing: /home/men3m/Naima/install/ublox_msgs/local/lib/python3.10/dist-packages/ublox_msgs/msg/_nav_relposned9.py
[76.900s] -- Installing: /home/men3m/Naima/install/ublox_msgs/local/lib/python3.10/dist-packages/ublox_msgs/msg/_cfg_msg.py
[76.900s] -- Installing: /home/men3m/Naima/install/ublox_msgs/local/lib/python3.10/dist-packages/ublox_msgs/msg/_nav_sol_s.c
[76.900s] -- Installing: /home/men3m/Naima/install/ublox_msgs/local/lib/python3.10/dist-packages/ublox_msgs/msg/_mon_ver_extension.py
[76.900s] -- Installing: /home/men3m/Naima/install/ublox_msgs/local/lib/python3.10/dist-packages/ublox_msgs/msg/_nav_pvt7.py
[76.900s] -- Installing: /home/men3m/Naima/install/ublox_msgs/local/lib/python3.10/dist-packages/ublox_msgs/msg/_upd_sos_ack.py
[76.901s] -- Installing: /home/men3m/Naima/install/ublox_msgs/local/lib/python3.10/dist-packages/ublox_msgs/msg/_esf_status_sens.py
[76.901s] -- Installing: /home/men3m/Naima/install/ublox_msgs/local/lib/python3.10/dist-packages/ublox_msgs/msg/_rxm_svsi.py
[76.901s] -- Installing: /home/men3m/Naima/install/ublox_msgs/local/lib/python3.10/dist-packages/ublox_msgs/msg/_rxm_rtcm_s.c
[76.901s] -- Installing: /home/men3m/Naima/install/ublox_msgs/local/lib/python3.10/dist-packages/ublox_msgs/msg/_nav_timegps.py
[76.901s] -- Installing: /home/men3m/Naima/install/ublox_msgs/local/lib/python3.10/dist-packages/ublox_msgs/msg/_cfg_nav5.py
[76.901s] -- Installing: /home/men3m/Naima/install/ublox_msgs/local/lib/python3.10/dist-packages/ublox_msgs/msg/_nav_dop_s.c
[76.901s] -- Installing: /home/men3m/Naima/install/ublox_msgs/local/lib/python3.10/dist-packages/ublox_msgs/msg/_esf_raw_block_s.c
[76.901s] -- Installing: /home/men3m/Naima/install/ublox_msgs/local/lib/python3.10/dist-packages/ublox_msgs/msg/_cfg_gnss_s.c
[76.902s] -- Installing: /home/men3m/Naima/install/ublox_msgs/local/lib/python3.10/dist-packages/ublox_msgs/msg/_cfg_nmea7.py
[76.902s] -- Installing: /home/men3m/Naima/install/ublox_msgs/local/lib/python3.10/dist-packages/ublox_msgs/msg/_mon_ver_extension_s.c
[76.902s] -- Installing: /home/men3m/Naima/install/ublox_msgs/local/lib/python3.10/dist-packages/ublox_msgs/msg/_mon_gnss_s.c
[76.902s] -- Installing: /home/men3m/Naima/install/ublox_msgs/local/lib/python3.10/dist-packages/ublox_msgs/msg/_cfg_msg_s.c
[76.902s] -- Installing: /home/men3m/Naima/install/ublox_msgs/local/lib/python3.10/dist-packages/ublox_msgs/msg/_nav_sbassv_s.c
[76.902s] -- Installing: /home/men3m/Naima/install/ublox_msgs/local/lib/python3.10/dist-packages/ublox_msgs/msg/_cfg_gnss.py
[76.902s] -- Installing: /home/men3m/Naima/install/ublox_msgs/local/lib/python3.10/dist-packages/ublox_msgs/msg/_inf_s.c
[76.902s] -- Installing: /home/men3m/Naima/install/ublox_msgs/local/lib/python3.10/dist-packages/ublox_msgs/msg/_rxm_rawx_s.c
[76.903s] -- Installing: /home/men3m/Naima/install/ublox_msgs/local/lib/python3.10/dist-packages/ublox_msgs/msg/_cfg_rate_s.c
[76.903s] -- Installing: /home/men3m/Naima/install/ublox_msgs/local/lib/python3.10/dist-packages/ublox_msgs/msg/_tim_tm2.py
[76.903s] -- Installing: /home/men3m/Naima/install/ublox_msgs/local/lib/python3.10/dist-packages/ublox_msgs/msg/_nav_svinfosv_s.c
[76.903s] -- Installing: /home/men3m/Naima/install/ublox_msgs/local/lib/python3.10/dist-packages/ublox_msgs/msg/_cfg_nmea.py
[76.903s] -- Installing: /home/men3m/Naima/install/ublox_msgs/local/lib/python3.10/dist-packages/ublox_msgs/msg/_nav_dgps_s.c
[76.903s] -- Installing: /home/men3m/Naima/install/ublox_msgs/local/lib/python3.10/dist-packages/ublox_msgs/msg/_cfg_ant.py
[76.903s] -- Installing: /home/men3m/Naima/install/ublox_msgs/local/lib/python3.10/dist-packages/ublox_msgs/msg/_mon_hw.py
[76.903s] -- Installing: /home/men3m/Naima/install/ublox_msgs/local/lib/python3.10/dist-packages/ublox_msgs/msg/_esf_raw.py
[76.904s] -- Installing: /home/men3m/Naima/install/ublox_msgs/local/lib/python3.10/dist-packages/ublox_msgs/msg/_nav_sbassv.py
[76.904s] -- Installing: /home/men3m/Naima/install/ublox_msgs/local/lib/python3.10/dist-packages/ublox_msgs/msg/_nav_att.py
[76.904s] -- Installing: /home/men3m/Naima/install/ublox_msgs/local/lib/python3.10/dist-packages/ublox_msgs/msg/_cfg_inf_block.py
[76.904s] -- Installing: /home/men3m/Naima/install/ublox_msgs/local/lib/python3.10/dist-packages/ublox_msgs/msg/_cfg_nav5_s.c
[76.904s] -- Installing: /home/men3m/Naima/install/ublox_msgs/local/lib/python3.10/dist-packages/ublox_msgs/msg/_nav_posllh_s.c
[76.904s] -- Installing: /home/men3m/Naima/install/ublox_msgs/local/lib/python3.10/dist-packages/ublox_msgs/msg/_nav_velecef.py
[76.904s] -- Installing: /home/men3m/Naima/install/ublox_msgs/local/lib/python3.10/dist-packages/ublox_msgs/msg/_upd_sos_s.c
[76.904s] -- Installing: /home/men3m/Naima/install/ublox_msgs/local/lib/python3.10/dist-packages/ublox_msgs/msg/_cfg_gnss_block.py
[76.905s] -- Installing: /home/men3m/Naima/install/ublox_msgs/local/lib/python3.10/dist-packages/ublox_msgs/msg/_nav_status.py
[76.905s] -- Installing: /home/men3m/Naima/install/ublox_msgs/local/lib/python3.10/dist-packages/ublox_msgs/msg/_cfg_rate.py
[76.905s] -- Installing: /home/men3m/Naima/install/ublox_msgs/local/lib/python3.10/dist-packages/ublox_msgs/msg/_rxm_eph_s.c
[76.905s] -- Installing: /home/men3m/Naima/install/ublox_msgs/local/lib/python3.10/dist-packages/ublox_msgs/msg/_nav_pvt.py
[76.905s] -- Installing: /home/men3m/Naima/install/ublox_msgs/local/lib/python3.10/dist-packages/ublox_msgs/msg/_rxm_rtcm.py
[76.905s] -- Installing: /home/men3m/Naima/install/ublox_msgs/local/lib/python3.10/dist-packages/ublox_msgs/msg/_nav_sbas_s.c
[76.905s] -- Installing: /home/men3m/Naima/install/ublox_msgs/local/lib/python3.10/dist-packages/ublox_msgs/msg/_nav_satsv_s.c
[76.905s] -- Installing: /home/men3m/Naima/install/ublox_msgs/local/lib/python3.10/dist-packages/ublox_msgs/msg/_cfg_prt_s.c
[76.906s] -- Installing: /home/men3m/Naima/install/ublox_msgs/local/lib/python3.10/dist-packages/ublox_msgs/msg/_ack_s.c
[76.906s] -- Installing: /home/men3m/Naima/install/ublox_msgs/local/lib/python3.10/dist-packages/ublox_msgs/msg/_mon_gnss.py
[76.906s] -- Installing: /home/men3m/Naima/install/ublox_msgs/local/lib/python3.10/dist-packages/ublox_msgs/msg/_rxm_sfrbx.py
[76.906s] -- Installing: /home/men3m/Naima/install/ublox_msgs/local/lib/python3.10/dist-packages/ublox_msgs/msg/_ack.py
[76.906s] -- Installing: /home/men3m/Naima/install/ublox_msgs/local/lib/python3.10/dist-packages/ublox_msgs/msg/_cfg_nmea7_s.c
[76.906s] -- Installing: /home/men3m/Naima/install/ublox_msgs/local/lib/python3.10/dist-packages/ublox_msgs/msg/_cfg_prt.py
[76.906s] -- Installing: /home/men3m/Naima/install/ublox_msgs/local/lib/python3.10/dist-packages/ublox_msgs/msg/_nav_dgps.py
[76.907s] -- Installing: /home/men3m/Naima/install/ublox_msgs/local/lib/python3.10/dist-packages/ublox_msgs/msg/_nav_timeutc_s.c
[76.907s] -- Installing: /home/men3m/Naima/install/ublox_msgs/local/lib/python3.10/dist-packages/ublox_msgs/msg/_nav_velned_s.c
[76.907s] -- Installing: /home/men3m/Naima/install/ublox_msgs/local/lib/python3.10/dist-packages/ublox_msgs/msg/_rxm_rawx_meas.py
[76.907s] -- Installing: /home/men3m/Naima/install/ublox_msgs/local/lib/python3.10/dist-packages/ublox_msgs/msg/_esf_meas_s.c
[76.907s] -- Installing: /home/men3m/Naima/install/ublox_msgs/local/lib/python3.10/dist-packages/ublox_msgs/msg/_rxm_raw_s.c
[76.907s] -- Installing: /home/men3m/Naima/install/ublox_msgs/local/lib/python3.10/dist-packages/ublox_msgs/msg/_nav_sbas.py
[76.907s] -- Installing: /home/men3m/Naima/install/ublox_msgs/local/lib/python3.10/dist-packages/ublox_msgs/msg/_cfg_inf.py
[76.908s] -- Installing: /home/men3m/Naima/install/ublox_msgs/local/lib/python3.10/dist-packages/ublox_msgs/msg/_cfg_nmea6.py
[76.908s] -- Installing: /home/men3m/Naima/install/ublox_msgs/local/lib/python3.10/dist-packages/ublox_msgs/msg/_nav_dop.py
[76.908s] -- Installing: /home/men3m/Naima/install/ublox_msgs/local/lib/python3.10/dist-packages/ublox_msgs/msg/_aid_hui.py
[76.908s] -- Installing: /home/men3m/Naima/install/ublox_msgs/local/lib/python3.10/dist-packages/ublox_msgs/msg/_esf_raw_block.py
[76.908s] -- Installing: /home/men3m/Naima/install/ublox_msgs/local/lib/python3.10/dist-packages/ublox_msgs/msg/_rxm_rawsv_s.c
[76.908s] -- Installing: /home/men3m/Naima/install/ublox_msgs/local/lib/python3.10/dist-packages/ublox_msgs/msg/_aid_alm.py
[76.908s] -- Installing: /home/men3m/Naima/install/ublox_msgs/local/lib/python3.10/dist-packages/ublox_msgs/msg/_cfg_usb_s.c
[76.908s] -- Installing: /home/men3m/Naima/install/ublox_msgs/local/lib/python3.10/dist-packages/ublox_msgs/msg/_esf_status_s.c
[76.909s] -- Installing: /home/men3m/Naima/install/ublox_msgs/local/lib/python3.10/dist-packages/ublox_msgs/msg/_cfg_sbas.py
[76.909s] -- Installing: /home/men3m/Naima/install/ublox_msgs/local/lib/python3.10/dist-packages/ublox_msgs/msg/_cfg_navx5.py
[76.909s] -- Installing: /home/men3m/Naima/install/ublox_msgs/local/lib/python3.10/dist-packages/ublox_msgs/msg/_aid_hui_s.c
[76.909s] -- Installing: /home/men3m/Naima/install/ublox_msgs/local/lib/python3.10/dist-packages/ublox_msgs/msg/_nav_status_s.c
[76.909s] -- Installing: /home/men3m/Naima/install/ublox_msgs/local/lib/python3.10/dist-packages/ublox_msgs/msg/_cfg_dat.py
[76.909s] -- Installing: /home/men3m/Naima/install/ublox_msgs/local/lib/python3.10/dist-packages/ublox_msgs/msg/_rxm_rawx.py
[76.909s] -- Installing: /home/men3m/Naima/install/ublox_msgs/local/lib/python3.10/dist-packages/ublox_msgs/msg/_nav_clock_s.c
[76.910s] -- Installing: /home/men3m/Naima/install/ublox_msgs/local/lib/python3.10/dist-packages/ublox_msgs/msg/_nav_svinfo_s.c
[76.910s] -- Installing: /home/men3m/Naima/install/ublox_msgs/local/lib/python3.10/dist-packages/ublox_msgs/msg/_nav_dgpssv_s.c
[76.910s] -- Installing: /home/men3m/Naima/install/ublox_msgs/local/lib/python3.10/dist-packages/ublox_msgs/msg/_rxm_svsi_s.c
[76.910s] -- Installing: /home/men3m/Naima/install/ublox_msgs/local/lib/python3.10/dist-packages/ublox_msgs/msg/_hnr_pvt_s.c
[76.910s] -- Installing: /home/men3m/Naima/install/ublox_msgs/local/lib/python3.10/dist-packages/ublox_msgs/msg/_mon_hw6.py
[76.910s] -- Installing: /home/men3m/Naima/install/ublox_msgs/local/lib/python3.10/dist-packages/ublox_msgs/msg/_rxm_sfrb.py
[76.910s] -- Installing: /home/men3m/Naima/install/ublox_msgs/local/lib/python3.10/dist-packages/ublox_msgs/msg/_cfg_tmode3_s.c
[76.910s] -- Installing: /home/men3m/Naima/install/ublox_msgs/local/lib/python3.10/dist-packages/ublox_msgs/msg/_nav_relposned.py
[76.911s] -- Installing: /home/men3m/Naima/install/ublox_msgs/local/lib/python3.10/dist-packages/ublox_msgs/msg/_mon_ver_s.c
[76.911s] -- Installing: /home/men3m/Naima/install/ublox_msgs/local/lib/python3.10/dist-packages/ublox_msgs/msg/_cfg_dat_s.c
[76.911s] -- Installing: /home/men3m/Naima/install/ublox_msgs/local/lib/python3.10/dist-packages/ublox_msgs/msg/_mga_gal_s.c
[76.911s] -- Installing: /home/men3m/Naima/install/ublox_msgs/local/lib/python3.10/dist-packages/ublox_msgs/msg/_nav_relposned_s.c
[76.911s] -- Installing: /home/men3m/Naima/install/ublox_msgs/local/lib/python3.10/dist-packages/ublox_msgs/msg/__init__.py
[76.911s] -- Installing: /home/men3m/Naima/install/ublox_msgs/local/lib/python3.10/dist-packages/ublox_msgs/msg/_nav_svinfosv.py
[76.911s] -- Installing: /home/men3m/Naima/install/ublox_msgs/local/lib/python3.10/dist-packages/ublox_msgs/msg/_rxm_eph.py
[76.912s] -- Installing: /home/men3m/Naima/install/ublox_msgs/local/lib/python3.10/dist-packages/ublox_msgs/msg/_mon_hw6_s.c
[76.912s] -- Installing: /home/men3m/Naima/install/ublox_msgs/local/lib/python3.10/dist-packages/ublox_msgs/msg/_cfg_tmode3.py
[76.912s] -- Installing: /home/men3m/Naima/install/ublox_msgs/local/lib/python3.10/dist-packages/ublox_msgs/msg/_esf_meas.py
[76.912s] -- Installing: /home/men3m/Naima/install/ublox_msgs/local/lib/python3.10/dist-packages/ublox_msgs/msg/_rxm_sfrb_s.c
[76.912s] -- Installing: /home/men3m/Naima/install/ublox_msgs/local/lib/python3.10/dist-packages/ublox_msgs/msg/_esf_status.py
[76.912s] -- Installing: /home/men3m/Naima/install/ublox_msgs/local/lib/python3.10/dist-packages/ublox_msgs/msg/_cfg_cfg.py
[76.912s] -- Installing: /home/men3m/Naima/install/ublox_msgs/local/lib/python3.10/dist-packages/ublox_msgs/msg/_cfg_inf_block_s.c
[76.912s] -- Installing: /home/men3m/Naima/install/ublox_msgs/local/lib/python3.10/dist-packages/ublox_msgs/msg/_upd_sos_ack_s.c
[76.913s] -- Installing: /home/men3m/Naima/install/ublox_msgs/local/lib/python3.10/dist-packages/ublox_msgs/msg/_rxm_svsisv_s.c
[76.913s] -- Installing: /home/men3m/Naima/install/ublox_msgs/local/lib/python3.10/dist-packages/ublox_msgs/msg/_cfg_ant_s.c
[76.913s] -- Installing: /home/men3m/Naima/install/ublox_msgs/local/lib/python3.10/dist-packages/ublox_msgs/msg/_cfg_nmea_s.c
[76.913s] -- Installing: /home/men3m/Naima/install/ublox_msgs/local/lib/python3.10/dist-packages/ublox_msgs/msg/_cfg_dgnss.py
[76.913s] -- Installing: /home/men3m/Naima/install/ublox_msgs/local/lib/python3.10/dist-packages/ublox_msgs/msg/_esf_ins_s.c
[76.913s] -- Installing: /home/men3m/Naima/install/ublox_msgs/local/lib/python3.10/dist-packages/ublox_msgs/msg/_hnr_pvt.py
[76.913s] -- Installing: /home/men3m/Naima/install/ublox_msgs/local/lib/python3.10/dist-packages/ublox_msgs/msg/_cfg_gnss_block_s.c
[76.914s] -- Installing: /home/men3m/Naima/install/ublox_msgs/local/lib/python3.10/dist-packages/ublox_msgs/msg/_inf.py
[76.914s] -- Installing: /home/men3m/Naima/install/ublox_msgs/local/lib/python3.10/dist-packages/ublox_msgs/msg/_mon_ver.py
[76.914s] -- Installing: /home/men3m/Naima/install/ublox_msgs/local/lib/python3.10/dist-packages/ublox_msgs/msg/_nav_relposned9_s.c
[76.914s] -- Installing: /home/men3m/Naima/install/ublox_msgs/local/lib/python3.10/dist-packages/ublox_msgs/msg/_nav_velned.py
[76.914s] -- Installing: /home/men3m/Naima/install/ublox_msgs/local/lib/python3.10/dist-packages/ublox_msgs/msg/_cfg_hnr.py
[76.914s] -- Installing: /home/men3m/Naima/install/ublox_msgs/local/lib/python3.10/dist-packages/ublox_msgs/msg/_aid_eph.py
[76.914s] -- Installing: /home/men3m/Naima/install/ublox_msgs/local/lib/python3.10/dist-packages/ublox_msgs/msg/_aid_eph_s.c
[76.914s] -- Installing: /home/men3m/Naima/install/ublox_msgs/local/lib/python3.10/dist-packages/ublox_msgs/msg/_nav_svin_s.c
[76.915s] -- Installing: /home/men3m/Naima/install/ublox_msgs/local/lib/python3.10/dist-packages/ublox_msgs/msg/_cfg_sbas_s.c
[76.915s] -- Installing: /home/men3m/Naima/install/ublox_msgs/local/lib/python3.10/dist-packages/ublox_msgs/msg/_aid_alm_s.c
[76.915s] -- Installing: /home/men3m/Naima/install/ublox_msgs/local/lib/python3.10/dist-packages/ublox_msgs/msg/_upd_sos.py
[76.915s] -- Installing: /home/men3m/Naima/install/ublox_msgs/local/lib/python3.10/dist-packages/ublox_msgs/libublox_msgs__rosidl_generator_py.so
[76.916s] -- Installing: /home/men3m/Naima/install/ublox_msgs/local/lib/python3.10/dist-packages/ublox_msgs/__init__.py
[76.916s] -- Installing: /home/men3m/Naima/install/ublox_msgs/local/lib/python3.10/dist-packages/ublox_msgs/_ublox_msgs_s.ep.rosidl_typesupport_fastrtps_c.c
[77.036s] Listing '/home/men3m/Naima/install/ublox_msgs/local/lib/python3.10/dist-packages/ublox_msgs'...
[77.036s] Compiling '/home/men3m/Naima/install/ublox_msgs/local/lib/python3.10/dist-packages/ublox_msgs/__init__.py'...
[77.036s] Listing '/home/men3m/Naima/install/ublox_msgs/local/lib/python3.10/dist-packages/ublox_msgs/msg'...
[77.036s] Compiling '/home/men3m/Naima/install/ublox_msgs/local/lib/python3.10/dist-packages/ublox_msgs/msg/__init__.py'...
[77.037s] Compiling '/home/men3m/Naima/install/ublox_msgs/local/lib/python3.10/dist-packages/ublox_msgs/msg/_ack.py'...
[77.037s] Compiling '/home/men3m/Naima/install/ublox_msgs/local/lib/python3.10/dist-packages/ublox_msgs/msg/_aid_alm.py'...
[77.037s] Compiling '/home/men3m/Naima/install/ublox_msgs/local/lib/python3.10/dist-packages/ublox_msgs/msg/_aid_eph.py'...
[77.037s] Compiling '/home/men3m/Naima/install/ublox_msgs/local/lib/python3.10/dist-packages/ublox_msgs/msg/_aid_hui.py'...
[77.037s] Compiling '/home/men3m/Naima/install/ublox_msgs/local/lib/python3.10/dist-packages/ublox_msgs/msg/_cfg_ant.py'...
[77.037s] Compiling '/home/men3m/Naima/install/ublox_msgs/local/lib/python3.10/dist-packages/ublox_msgs/msg/_cfg_cfg.py'...
[77.037s] Compiling '/home/men3m/Naima/install/ublox_msgs/local/lib/python3.10/dist-packages/ublox_msgs/msg/_cfg_dat.py'...
[77.037s] Compiling '/home/men3m/Naima/install/ublox_msgs/local/lib/python3.10/dist-packages/ublox_msgs/msg/_cfg_dgnss.py'...
[77.037s] Compiling '/home/men3m/Naima/install/ublox_msgs/local/lib/python3.10/dist-packages/ublox_msgs/msg/_cfg_gnss.py'...
[77.037s] Compiling '/home/men3m/Naima/install/ublox_msgs/local/lib/python3.10/dist-packages/ublox_msgs/msg/_cfg_gnss_block.py'...
[77.037s] Compiling '/home/men3m/Naima/install/ublox_msgs/local/lib/python3.10/dist-packages/ublox_msgs/msg/_cfg_hnr.py'...
[77.037s] Compiling '/home/men3m/Naima/install/ublox_msgs/local/lib/python3.10/dist-packages/ublox_msgs/msg/_cfg_inf.py'...
[77.037s] Compiling '/home/men3m/Naima/install/ublox_msgs/local/lib/python3.10/dist-packages/ublox_msgs/msg/_cfg_inf_block.py'...
[77.037s] Compiling '/home/men3m/Naima/install/ublox_msgs/local/lib/python3.10/dist-packages/ublox_msgs/msg/_cfg_msg.py'...
[77.037s] Compiling '/home/men3m/Naima/install/ublox_msgs/local/lib/python3.10/dist-packages/ublox_msgs/msg/_cfg_nav5.py'...
[77.037s] Compiling '/home/men3m/Naima/install/ublox_msgs/local/lib/python3.10/dist-packages/ublox_msgs/msg/_cfg_navx5.py'...
[77.037s] Compiling '/home/men3m/Naima/install/ublox_msgs/local/lib/python3.10/dist-packages/ublox_msgs/msg/_cfg_nmea.py'...
[77.037s] Compiling '/home/men3m/Naima/install/ublox_msgs/local/lib/python3.10/dist-packages/ublox_msgs/msg/_cfg_nmea6.py'...
[77.038s] Compiling '/home/men3m/Naima/install/ublox_msgs/local/lib/python3.10/dist-packages/ublox_msgs/msg/_cfg_nmea7.py'...
[77.038s] Compiling '/home/men3m/Naima/install/ublox_msgs/local/lib/python3.10/dist-packages/ublox_msgs/msg/_cfg_prt.py'...
[77.038s] Compiling '/home/men3m/Naima/install/ublox_msgs/local/lib/python3.10/dist-packages/ublox_msgs/msg/_cfg_rate.py'...
[77.038s] Compiling '/home/men3m/Naima/install/ublox_msgs/local/lib/python3.10/dist-packages/ublox_msgs/msg/_cfg_rst.py'...
[77.038s] Compiling '/home/men3m/Naima/install/ublox_msgs/local/lib/python3.10/dist-packages/ublox_msgs/msg/_cfg_sbas.py'...
[77.038s] Compiling '/home/men3m/Naima/install/ublox_msgs/local/lib/python3.10/dist-packages/ublox_msgs/msg/_cfg_tmode3.py'...
[77.038s] Compiling '/home/men3m/Naima/install/ublox_msgs/local/lib/python3.10/dist-packages/ublox_msgs/msg/_cfg_usb.py'...
[77.038s] Compiling '/home/men3m/Naima/install/ublox_msgs/local/lib/python3.10/dist-packages/ublox_msgs/msg/_esf_ins.py'...
[77.038s] Compiling '/home/men3m/Naima/install/ublox_msgs/local/lib/python3.10/dist-packages/ublox_msgs/msg/_esf_meas.py'...
[77.038s] Compiling '/home/men3m/Naima/install/ublox_msgs/local/lib/python3.10/dist-packages/ublox_msgs/msg/_esf_raw.py'...
[77.038s] Compiling '/home/men3m/Naima/install/ublox_msgs/local/lib/python3.10/dist-packages/ublox_msgs/msg/_esf_raw_block.py'...
[77.038s] Compiling '/home/men3m/Naima/install/ublox_msgs/local/lib/python3.10/dist-packages/ublox_msgs/msg/_esf_status.py'...
[77.038s] Compiling '/home/men3m/Naima/install/ublox_msgs/local/lib/python3.10/dist-packages/ublox_msgs/msg/_esf_status_sens.py'...
[77.038s] Compiling '/home/men3m/Naima/install/ublox_msgs/local/lib/python3.10/dist-packages/ublox_msgs/msg/_hnr_pvt.py'...
[77.038s] Compiling '/home/men3m/Naima/install/ublox_msgs/local/lib/python3.10/dist-packages/ublox_msgs/msg/_inf.py'...
[77.038s] Compiling '/home/men3m/Naima/install/ublox_msgs/local/lib/python3.10/dist-packages/ublox_msgs/msg/_mga_gal.py'...
[77.038s] Compiling '/home/men3m/Naima/install/ublox_msgs/local/lib/python3.10/dist-packages/ublox_msgs/msg/_mon_gnss.py'...
[77.038s] Compiling '/home/men3m/Naima/install/ublox_msgs/local/lib/python3.10/dist-packages/ublox_msgs/msg/_mon_hw.py'...
[77.038s] Compiling '/home/men3m/Naima/install/ublox_msgs/local/lib/python3.10/dist-packages/ublox_msgs/msg/_mon_hw6.py'...
[77.038s] Compiling '/home/men3m/Naima/install/ublox_msgs/local/lib/python3.10/dist-packages/ublox_msgs/msg/_mon_ver.py'...
[77.038s] Compiling '/home/men3m/Naima/install/ublox_msgs/local/lib/python3.10/dist-packages/ublox_msgs/msg/_mon_ver_extension.py'...
[77.039s] Compiling '/home/men3m/Naima/install/ublox_msgs/local/lib/python3.10/dist-packages/ublox_msgs/msg/_nav_att.py'...
[77.039s] Compiling '/home/men3m/Naima/install/ublox_msgs/local/lib/python3.10/dist-packages/ublox_msgs/msg/_nav_clock.py'...
[77.039s] Compiling '/home/men3m/Naima/install/ublox_msgs/local/lib/python3.10/dist-packages/ublox_msgs/msg/_nav_dgps.py'...
[77.039s] Compiling '/home/men3m/Naima/install/ublox_msgs/local/lib/python3.10/dist-packages/ublox_msgs/msg/_nav_dgpssv.py'...
[77.039s] Compiling '/home/men3m/Naima/install/ublox_msgs/local/lib/python3.10/dist-packages/ublox_msgs/msg/_nav_dop.py'...
[77.039s] Compiling '/home/men3m/Naima/install/ublox_msgs/local/lib/python3.10/dist-packages/ublox_msgs/msg/_nav_posecef.py'...
[77.039s] Compiling '/home/men3m/Naima/install/ublox_msgs/local/lib/python3.10/dist-packages/ublox_msgs/msg/_nav_posllh.py'...
[77.039s] Compiling '/home/men3m/Naima/install/ublox_msgs/local/lib/python3.10/dist-packages/ublox_msgs/msg/_nav_pvt.py'...
[77.039s] Compiling '/home/men3m/Naima/install/ublox_msgs/local/lib/python3.10/dist-packages/ublox_msgs/msg/_nav_pvt7.py'...
[77.039s] Compiling '/home/men3m/Naima/install/ublox_msgs/local/lib/python3.10/dist-packages/ublox_msgs/msg/_nav_relposned.py'...
[77.039s] Compiling '/home/men3m/Naima/install/ublox_msgs/local/lib/python3.10/dist-packages/ublox_msgs/msg/_nav_relposned9.py'...
[77.039s] Compiling '/home/men3m/Naima/install/ublox_msgs/local/lib/python3.10/dist-packages/ublox_msgs/msg/_nav_sat.py'...
[77.039s] Compiling '/home/men3m/Naima/install/ublox_msgs/local/lib/python3.10/dist-packages/ublox_msgs/msg/_nav_satsv.py'...
[77.039s] Compiling '/home/men3m/Naima/install/ublox_msgs/local/lib/python3.10/dist-packages/ublox_msgs/msg/_nav_sbas.py'...
[77.039s] Compiling '/home/men3m/Naima/install/ublox_msgs/local/lib/python3.10/dist-packages/ublox_msgs/msg/_nav_sbassv.py'...
[77.039s] Compiling '/home/men3m/Naima/install/ublox_msgs/local/lib/python3.10/dist-packages/ublox_msgs/msg/_nav_sol.py'...
[77.039s] Compiling '/home/men3m/Naima/install/ublox_msgs/local/lib/python3.10/dist-packages/ublox_msgs/msg/_nav_status.py'...
[77.039s] Compiling '/home/men3m/Naima/install/ublox_msgs/local/lib/python3.10/dist-packages/ublox_msgs/msg/_nav_svin.py'...
[77.039s] Compiling '/home/men3m/Naima/install/ublox_msgs/local/lib/python3.10/dist-packages/ublox_msgs/msg/_nav_svinfo.py'...
[77.039s] Compiling '/home/men3m/Naima/install/ublox_msgs/local/lib/python3.10/dist-packages/ublox_msgs/msg/_nav_svinfosv.py'...
[77.039s] Compiling '/home/men3m/Naima/install/ublox_msgs/local/lib/python3.10/dist-packages/ublox_msgs/msg/_nav_timegps.py'...
[77.040s] Compiling '/home/men3m/Naima/install/ublox_msgs/local/lib/python3.10/dist-packages/ublox_msgs/msg/_nav_timeutc.py'...
[77.040s] Compiling '/home/men3m/Naima/install/ublox_msgs/local/lib/python3.10/dist-packages/ublox_msgs/msg/_nav_velecef.py'...
[77.040s] Compiling '/home/men3m/Naima/install/ublox_msgs/local/lib/python3.10/dist-packages/ublox_msgs/msg/_nav_velned.py'...
[77.040s] Compiling '/home/men3m/Naima/install/ublox_msgs/local/lib/python3.10/dist-packages/ublox_msgs/msg/_rxm_alm.py'...
[77.040s] Compiling '/home/men3m/Naima/install/ublox_msgs/local/lib/python3.10/dist-packages/ublox_msgs/msg/_rxm_eph.py'...
[77.040s] Compiling '/home/men3m/Naima/install/ublox_msgs/local/lib/python3.10/dist-packages/ublox_msgs/msg/_rxm_raw.py'...
[77.040s] Compiling '/home/men3m/Naima/install/ublox_msgs/local/lib/python3.10/dist-packages/ublox_msgs/msg/_rxm_rawsv.py'...
[77.046s] Compiling '/home/men3m/Naima/install/ublox_msgs/local/lib/python3.10/dist-packages/ublox_msgs/msg/_rxm_rawx.py'...
[77.046s] Compiling '/home/men3m/Naima/install/ublox_msgs/local/lib/python3.10/dist-packages/ublox_msgs/msg/_rxm_rawx_meas.py'...
[77.046s] Compiling '/home/men3m/Naima/install/ublox_msgs/local/lib/python3.10/dist-packages/ublox_msgs/msg/_rxm_rtcm.py'...
[77.047s] Compiling '/home/men3m/Naima/install/ublox_msgs/local/lib/python3.10/dist-packages/ublox_msgs/msg/_rxm_sfrb.py'...
[77.047s] Compiling '/home/men3m/Naima/install/ublox_msgs/local/lib/python3.10/dist-packages/ublox_msgs/msg/_rxm_sfrbx.py'...
[77.047s] Compiling '/home/men3m/Naima/install/ublox_msgs/local/lib/python3.10/dist-packages/ublox_msgs/msg/_rxm_svsi.py'...
[77.047s] Compiling '/home/men3m/Naima/install/ublox_msgs/local/lib/python3.10/dist-packages/ublox_msgs/msg/_rxm_svsisv.py'...
[77.047s] Compiling '/home/men3m/Naima/install/ublox_msgs/local/lib/python3.10/dist-packages/ublox_msgs/msg/_tim_tm2.py'...
[77.047s] Compiling '/home/men3m/Naima/install/ublox_msgs/local/lib/python3.10/dist-packages/ublox_msgs/msg/_upd_sos.py'...
[77.047s] Compiling '/home/men3m/Naima/install/ublox_msgs/local/lib/python3.10/dist-packages/ublox_msgs/msg/_upd_sos_ack.py'...
[77.051s] -- Installing: /home/men3m/Naima/install/ublox_msgs/local/lib/python3.10/dist-packages/ublox_msgs/ublox_msgs_s__rosidl_typesupport_fastrtps_c.cpython-310-x86_64-linux-gnu.so
[77.052s] -- Set runtime path of "/home/men3m/Naima/install/ublox_msgs/local/lib/python3.10/dist-packages/ublox_msgs/ublox_msgs_s__rosidl_typesupport_fastrtps_c.cpython-310-x86_64-linux-gnu.so" to ""
[77.052s] -- Installing: /home/men3m/Naima/install/ublox_msgs/local/lib/python3.10/dist-packages/ublox_msgs/ublox_msgs_s__rosidl_typesupport_introspection_c.cpython-310-x86_64-linux-gnu.so
[77.052s] -- Set runtime path of "/home/men3m/Naima/install/ublox_msgs/local/lib/python3.10/dist-packages/ublox_msgs/ublox_msgs_s__rosidl_typesupport_introspection_c.cpython-310-x86_64-linux-gnu.so" to ""
[77.053s] -- Installing: /home/men3m/Naima/install/ublox_msgs/local/lib/python3.10/dist-packages/ublox_msgs/ublox_msgs_s__rosidl_typesupport_c.cpython-310-x86_64-linux-gnu.so
[77.053s] -- Set runtime path of "/home/men3m/Naima/install/ublox_msgs/local/lib/python3.10/dist-packages/ublox_msgs/ublox_msgs_s__rosidl_typesupport_c.cpython-310-x86_64-linux-gnu.so" to ""
[77.053s] -- Installing: /home/men3m/Naima/install/ublox_msgs/lib/libublox_msgs__rosidl_generator_py.so
[77.055s] -- Set runtime path of "/home/men3m/Naima/install/ublox_msgs/lib/libublox_msgs__rosidl_generator_py.so" to ""
[77.055s] -- Installing: /home/men3m/Naima/install/ublox_msgs/share/ublox_msgs/msg/Ack.idl
[77.055s] -- Installing: /home/men3m/Naima/install/ublox_msgs/share/ublox_msgs/msg/AidALM.idl
[77.055s] -- Installing: /home/men3m/Naima/install/ublox_msgs/share/ublox_msgs/msg/AidEPH.idl
[77.055s] -- Installing: /home/men3m/Naima/install/ublox_msgs/share/ublox_msgs/msg/AidHUI.idl
[77.056s] -- Installing: /home/men3m/Naima/install/ublox_msgs/share/ublox_msgs/msg/CfgANT.idl
[77.056s] -- Installing: /home/men3m/Naima/install/ublox_msgs/share/ublox_msgs/msg/CfgCFG.idl
[77.056s] -- Installing: /home/men3m/Naima/install/ublox_msgs/share/ublox_msgs/msg/CfgDAT.idl
[77.056s] -- Installing: /home/men3m/Naima/install/ublox_msgs/share/ublox_msgs/msg/CfgDGNSS.idl
[77.056s] -- Installing: /home/men3m/Naima/install/ublox_msgs/share/ublox_msgs/msg/CfgGNSSBlock.idl
[77.057s] -- Installing: /home/men3m/Naima/install/ublox_msgs/share/ublox_msgs/msg/CfgGNSS.idl
[77.057s] -- Installing: /home/men3m/Naima/install/ublox_msgs/share/ublox_msgs/msg/CfgHNR.idl
[77.057s] -- Installing: /home/men3m/Naima/install/ublox_msgs/share/ublox_msgs/msg/CfgINFBlock.idl
[77.057s] -- Installing: /home/men3m/Naima/install/ublox_msgs/share/ublox_msgs/msg/CfgINF.idl
[77.058s] -- Installing: /home/men3m/Naima/install/ublox_msgs/share/ublox_msgs/msg/CfgMSG.idl
[77.058s] -- Installing: /home/men3m/Naima/install/ublox_msgs/share/ublox_msgs/msg/CfgNAV5.idl
[77.058s] -- Installing: /home/men3m/Naima/install/ublox_msgs/share/ublox_msgs/msg/CfgNAVX5.idl
[77.058s] -- Installing: /home/men3m/Naima/install/ublox_msgs/share/ublox_msgs/msg/CfgNMEA6.idl
[77.058s] -- Installing: /home/men3m/Naima/install/ublox_msgs/share/ublox_msgs/msg/CfgNMEA7.idl
[77.059s] -- Installing: /home/men3m/Naima/install/ublox_msgs/share/ublox_msgs/msg/CfgNMEA.idl
[77.059s] -- Installing: /home/men3m/Naima/install/ublox_msgs/share/ublox_msgs/msg/CfgPRT.idl
[77.059s] -- Installing: /home/men3m/Naima/install/ublox_msgs/share/ublox_msgs/msg/CfgRATE.idl
[77.059s] -- Installing: /home/men3m/Naima/install/ublox_msgs/share/ublox_msgs/msg/CfgRST.idl
[77.060s] -- Installing: /home/men3m/Naima/install/ublox_msgs/share/ublox_msgs/msg/CfgSBAS.idl
[77.060s] -- Installing: /home/men3m/Naima/install/ublox_msgs/share/ublox_msgs/msg/CfgTMODE3.idl
[77.060s] -- Installing: /home/men3m/Naima/install/ublox_msgs/share/ublox_msgs/msg/CfgUSB.idl
[77.060s] -- Installing: /home/men3m/Naima/install/ublox_msgs/share/ublox_msgs/msg/EsfINS.idl
[77.060s] -- Installing: /home/men3m/Naima/install/ublox_msgs/share/ublox_msgs/msg/EsfMEAS.idl
[77.061s] -- Installing: /home/men3m/Naima/install/ublox_msgs/share/ublox_msgs/msg/EsfRAWBlock.idl
[77.061s] -- Installing: /home/men3m/Naima/install/ublox_msgs/share/ublox_msgs/msg/EsfRAW.idl
[77.061s] -- Installing: /home/men3m/Naima/install/ublox_msgs/share/ublox_msgs/msg/EsfSTATUS.idl
[77.061s] -- Installing: /home/men3m/Naima/install/ublox_msgs/share/ublox_msgs/msg/EsfSTATUSSens.idl
[77.062s] -- Installing: /home/men3m/Naima/install/ublox_msgs/share/ublox_msgs/msg/HnrPVT.idl
[77.062s] -- Installing: /home/men3m/Naima/install/ublox_msgs/share/ublox_msgs/msg/Inf.idl
[77.062s] -- Installing: /home/men3m/Naima/install/ublox_msgs/share/ublox_msgs/msg/MgaGAL.idl
[77.062s] -- Installing: /home/men3m/Naima/install/ublox_msgs/share/ublox_msgs/msg/MonGNSS.idl
[77.063s] -- Installing: /home/men3m/Naima/install/ublox_msgs/share/ublox_msgs/msg/MonHW6.idl
[77.063s] -- Installing: /home/men3m/Naima/install/ublox_msgs/share/ublox_msgs/msg/MonHW.idl
[77.063s] -- Installing: /home/men3m/Naima/install/ublox_msgs/share/ublox_msgs/msg/MonVERExtension.idl
[77.063s] -- Installing: /home/men3m/Naima/install/ublox_msgs/share/ublox_msgs/msg/MonVER.idl
[77.063s] -- Installing: /home/men3m/Naima/install/ublox_msgs/share/ublox_msgs/msg/NavATT.idl
[77.064s] -- Installing: /home/men3m/Naima/install/ublox_msgs/share/ublox_msgs/msg/NavCLOCK.idl
[77.064s] -- Installing: /home/men3m/Naima/install/ublox_msgs/share/ublox_msgs/msg/NavDGPS.idl
[77.064s] -- Installing: /home/men3m/Naima/install/ublox_msgs/share/ublox_msgs/msg/NavDGPSSV.idl
[77.064s] -- Installing: /home/men3m/Naima/install/ublox_msgs/share/ublox_msgs/msg/NavDOP.idl
[77.064s] -- Installing: /home/men3m/Naima/install/ublox_msgs/share/ublox_msgs/msg/NavPOSECEF.idl
[77.065s] -- Installing: /home/men3m/Naima/install/ublox_msgs/share/ublox_msgs/msg/NavPOSLLH.idl
[77.065s] -- Installing: /home/men3m/Naima/install/ublox_msgs/share/ublox_msgs/msg/NavPVT7.idl
[77.065s] -- Installing: /home/men3m/Naima/install/ublox_msgs/share/ublox_msgs/msg/NavPVT.idl
[77.065s] -- Installing: /home/men3m/Naima/install/ublox_msgs/share/ublox_msgs/msg/NavRELPOSNED9.idl
[77.065s] -- Installing: /home/men3m/Naima/install/ublox_msgs/share/ublox_msgs/msg/NavRELPOSNED.idl
[77.066s] -- Installing: /home/men3m/Naima/install/ublox_msgs/share/ublox_msgs/msg/NavSAT.idl
[77.066s] -- Installing: /home/men3m/Naima/install/ublox_msgs/share/ublox_msgs/msg/NavSATSV.idl
[77.066s] -- Installing: /home/men3m/Naima/install/ublox_msgs/share/ublox_msgs/msg/NavSBAS.idl
[77.066s] -- Installing: /home/men3m/Naima/install/ublox_msgs/share/ublox_msgs/msg/NavSBASSV.idl
[77.067s] -- Installing: /home/men3m/Naima/install/ublox_msgs/share/ublox_msgs/msg/NavSOL.idl
[77.067s] -- Installing: /home/men3m/Naima/install/ublox_msgs/share/ublox_msgs/msg/NavSTATUS.idl
[77.067s] -- Installing: /home/men3m/Naima/install/ublox_msgs/share/ublox_msgs/msg/NavSVINFO.idl
[77.067s] -- Installing: /home/men3m/Naima/install/ublox_msgs/share/ublox_msgs/msg/NavSVINFOSV.idl
[77.067s] -- Installing: /home/men3m/Naima/install/ublox_msgs/share/ublox_msgs/msg/NavSVIN.idl
[77.068s] -- Installing: /home/men3m/Naima/install/ublox_msgs/share/ublox_msgs/msg/NavTIMEGPS.idl
[77.068s] -- Installing: /home/men3m/Naima/install/ublox_msgs/share/ublox_msgs/msg/NavTIMEUTC.idl
[77.068s] -- Installing: /home/men3m/Naima/install/ublox_msgs/share/ublox_msgs/msg/NavVELECEF.idl
[77.068s] -- Installing: /home/men3m/Naima/install/ublox_msgs/share/ublox_msgs/msg/NavVELNED.idl
[77.069s] -- Installing: /home/men3m/Naima/install/ublox_msgs/share/ublox_msgs/msg/RxmALM.idl
[77.069s] -- Installing: /home/men3m/Naima/install/ublox_msgs/share/ublox_msgs/msg/RxmEPH.idl
[77.069s] -- Installing: /home/men3m/Naima/install/ublox_msgs/share/ublox_msgs/msg/RxmRAW.idl
[77.069s] -- Installing: /home/men3m/Naima/install/ublox_msgs/share/ublox_msgs/msg/RxmRAWSV.idl
[77.069s] -- Installing: /home/men3m/Naima/install/ublox_msgs/share/ublox_msgs/msg/RxmRAWXMeas.idl
[77.070s] -- Installing: /home/men3m/Naima/install/ublox_msgs/share/ublox_msgs/msg/RxmRAWX.idl
[77.070s] -- Installing: /home/men3m/Naima/install/ublox_msgs/share/ublox_msgs/msg/RxmRTCM.idl
[77.070s] -- Installing: /home/men3m/Naima/install/ublox_msgs/share/ublox_msgs/msg/RxmSFRB.idl
[77.070s] -- Installing: /home/men3m/Naima/install/ublox_msgs/share/ublox_msgs/msg/RxmSFRBX.idl
[77.070s] -- Installing: /home/men3m/Naima/install/ublox_msgs/share/ublox_msgs/msg/RxmSVSI.idl
[77.071s] -- Installing: /home/men3m/Naima/install/ublox_msgs/share/ublox_msgs/msg/RxmSVSISV.idl
[77.071s] -- Installing: /home/men3m/Naima/install/ublox_msgs/share/ublox_msgs/msg/TimTM2.idl
[77.071s] -- Installing: /home/men3m/Naima/install/ublox_msgs/share/ublox_msgs/msg/UpdSOSAck.idl
[77.071s] -- Installing: /home/men3m/Naima/install/ublox_msgs/share/ublox_msgs/msg/UpdSOS.idl
[77.071s] -- Installing: /home/men3m/Naima/install/ublox_msgs/share/ublox_msgs/msg/Ack.msg
[77.072s] -- Installing: /home/men3m/Naima/install/ublox_msgs/share/ublox_msgs/msg/AidALM.msg
[77.072s] -- Installing: /home/men3m/Naima/install/ublox_msgs/share/ublox_msgs/msg/AidEPH.msg
[77.072s] -- Installing: /home/men3m/Naima/install/ublox_msgs/share/ublox_msgs/msg/AidHUI.msg
[77.072s] -- Installing: /home/men3m/Naima/install/ublox_msgs/share/ublox_msgs/msg/CfgANT.msg
[77.073s] -- Installing: /home/men3m/Naima/install/ublox_msgs/share/ublox_msgs/msg/CfgCFG.msg
[77.073s] -- Installing: /home/men3m/Naima/install/ublox_msgs/share/ublox_msgs/msg/CfgDAT.msg
[77.073s] -- Installing: /home/men3m/Naima/install/ublox_msgs/share/ublox_msgs/msg/CfgDGNSS.msg
[77.073s] -- Installing: /home/men3m/Naima/install/ublox_msgs/share/ublox_msgs/msg/CfgGNSSBlock.msg
[77.073s] -- Installing: /home/men3m/Naima/install/ublox_msgs/share/ublox_msgs/msg/CfgGNSS.msg
[77.074s] -- Installing: /home/men3m/Naima/install/ublox_msgs/share/ublox_msgs/msg/CfgHNR.msg
[77.074s] -- Installing: /home/men3m/Naima/install/ublox_msgs/share/ublox_msgs/msg/CfgINFBlock.msg
[77.074s] -- Installing: /home/men3m/Naima/install/ublox_msgs/share/ublox_msgs/msg/CfgINF.msg
[77.074s] -- Installing: /home/men3m/Naima/install/ublox_msgs/share/ublox_msgs/msg/CfgMSG.msg
[77.075s] -- Installing: /home/men3m/Naima/install/ublox_msgs/share/ublox_msgs/msg/CfgNAV5.msg
[77.075s] -- Installing: /home/men3m/Naima/install/ublox_msgs/share/ublox_msgs/msg/CfgNAVX5.msg
[77.075s] -- Installing: /home/men3m/Naima/install/ublox_msgs/share/ublox_msgs/msg/CfgNMEA6.msg
[77.075s] -- Installing: /home/men3m/Naima/install/ublox_msgs/share/ublox_msgs/msg/CfgNMEA7.msg
[77.075s] -- Installing: /home/men3m/Naima/install/ublox_msgs/share/ublox_msgs/msg/CfgNMEA.msg
[77.076s] -- Installing: /home/men3m/Naima/install/ublox_msgs/share/ublox_msgs/msg/CfgPRT.msg
[77.076s] -- Installing: /home/men3m/Naima/install/ublox_msgs/share/ublox_msgs/msg/CfgRATE.msg
[77.076s] -- Installing: /home/men3m/Naima/install/ublox_msgs/share/ublox_msgs/msg/CfgRST.msg
[77.076s] -- Installing: /home/men3m/Naima/install/ublox_msgs/share/ublox_msgs/msg/CfgSBAS.msg
[77.077s] -- Installing: /home/men3m/Naima/install/ublox_msgs/share/ublox_msgs/msg/CfgTMODE3.msg
[77.077s] -- Installing: /home/men3m/Naima/install/ublox_msgs/share/ublox_msgs/msg/CfgUSB.msg
[77.077s] -- Installing: /home/men3m/Naima/install/ublox_msgs/share/ublox_msgs/msg/EsfINS.msg
[77.077s] -- Installing: /home/men3m/Naima/install/ublox_msgs/share/ublox_msgs/msg/EsfMEAS.msg
[77.077s] -- Installing: /home/men3m/Naima/install/ublox_msgs/share/ublox_msgs/msg/EsfRAWBlock.msg
[77.078s] -- Installing: /home/men3m/Naima/install/ublox_msgs/share/ublox_msgs/msg/EsfRAW.msg
[77.078s] -- Installing: /home/men3m/Naima/install/ublox_msgs/share/ublox_msgs/msg/EsfSTATUS.msg
[77.078s] -- Installing: /home/men3m/Naima/install/ublox_msgs/share/ublox_msgs/msg/EsfSTATUSSens.msg
[77.078s] -- Installing: /home/men3m/Naima/install/ublox_msgs/share/ublox_msgs/msg/HnrPVT.msg
[77.078s] -- Installing: /home/men3m/Naima/install/ublox_msgs/share/ublox_msgs/msg/Inf.msg
[77.079s] -- Installing: /home/men3m/Naima/install/ublox_msgs/share/ublox_msgs/msg/MgaGAL.msg
[77.079s] -- Installing: /home/men3m/Naima/install/ublox_msgs/share/ublox_msgs/msg/MonGNSS.msg
[77.079s] -- Installing: /home/men3m/Naima/install/ublox_msgs/share/ublox_msgs/msg/MonHW6.msg
[77.079s] -- Installing: /home/men3m/Naima/install/ublox_msgs/share/ublox_msgs/msg/MonHW.msg
[77.080s] -- Installing: /home/men3m/Naima/install/ublox_msgs/share/ublox_msgs/msg/MonVERExtension.msg
[77.080s] -- Installing: /home/men3m/Naima/install/ublox_msgs/share/ublox_msgs/msg/MonVER.msg
[77.080s] -- Installing: /home/men3m/Naima/install/ublox_msgs/share/ublox_msgs/msg/NavATT.msg
[77.080s] -- Installing: /home/men3m/Naima/install/ublox_msgs/share/ublox_msgs/msg/NavCLOCK.msg
[77.080s] -- Installing: /home/men3m/Naima/install/ublox_msgs/share/ublox_msgs/msg/NavDGPS.msg
[77.081s] -- Installing: /home/men3m/Naima/install/ublox_msgs/share/ublox_msgs/msg/NavDGPSSV.msg
[77.081s] -- Installing: /home/men3m/Naima/install/ublox_msgs/share/ublox_msgs/msg/NavDOP.msg
[77.081s] -- Installing: /home/men3m/Naima/install/ublox_msgs/share/ublox_msgs/msg/NavPOSECEF.msg
[77.081s] -- Installing: /home/men3m/Naima/install/ublox_msgs/share/ublox_msgs/msg/NavPOSLLH.msg
[77.082s] -- Installing: /home/men3m/Naima/install/ublox_msgs/share/ublox_msgs/msg/NavPVT7.msg
[77.082s] -- Installing: /home/men3m/Naima/install/ublox_msgs/share/ublox_msgs/msg/NavPVT.msg
[77.082s] -- Installing: /home/men3m/Naima/install/ublox_msgs/share/ublox_msgs/msg/NavRELPOSNED9.msg
[77.082s] -- Installing: /home/men3m/Naima/install/ublox_msgs/share/ublox_msgs/msg/NavRELPOSNED.msg
[77.082s] -- Installing: /home/men3m/Naima/install/ublox_msgs/share/ublox_msgs/msg/NavSAT.msg
[77.083s] -- Installing: /home/men3m/Naima/install/ublox_msgs/share/ublox_msgs/msg/NavSATSV.msg
[77.083s] -- Installing: /home/men3m/Naima/install/ublox_msgs/share/ublox_msgs/msg/NavSBAS.msg
[77.083s] -- Installing: /home/men3m/Naima/install/ublox_msgs/share/ublox_msgs/msg/NavSBASSV.msg
[77.083s] -- Installing: /home/men3m/Naima/install/ublox_msgs/share/ublox_msgs/msg/NavSOL.msg
[77.084s] -- Installing: /home/men3m/Naima/install/ublox_msgs/share/ublox_msgs/msg/NavSTATUS.msg
[77.084s] -- Installing: /home/men3m/Naima/install/ublox_msgs/share/ublox_msgs/msg/NavSVINFO.msg
[77.084s] -- Installing: /home/men3m/Naima/install/ublox_msgs/share/ublox_msgs/msg/NavSVINFOSV.msg
[77.084s] -- Installing: /home/men3m/Naima/install/ublox_msgs/share/ublox_msgs/msg/NavSVIN.msg
[77.084s] -- Installing: /home/men3m/Naima/install/ublox_msgs/share/ublox_msgs/msg/NavTIMEGPS.msg
[77.085s] -- Installing: /home/men3m/Naima/install/ublox_msgs/share/ublox_msgs/msg/NavTIMEUTC.msg
[77.085s] -- Installing: /home/men3m/Naima/install/ublox_msgs/share/ublox_msgs/msg/NavVELECEF.msg
[77.085s] -- Installing: /home/men3m/Naima/install/ublox_msgs/share/ublox_msgs/msg/NavVELNED.msg
[77.085s] -- Installing: /home/men3m/Naima/install/ublox_msgs/share/ublox_msgs/msg/RxmALM.msg
[77.086s] -- Installing: /home/men3m/Naima/install/ublox_msgs/share/ublox_msgs/msg/RxmEPH.msg
[77.086s] -- Installing: /home/men3m/Naima/install/ublox_msgs/share/ublox_msgs/msg/RxmRAW.msg
[77.086s] -- Installing: /home/men3m/Naima/install/ublox_msgs/share/ublox_msgs/msg/RxmRAWSV.msg
[77.086s] -- Installing: /home/men3m/Naima/install/ublox_msgs/share/ublox_msgs/msg/RxmRAWXMeas.msg
[77.087s] -- Installing: /home/men3m/Naima/install/ublox_msgs/share/ublox_msgs/msg/RxmRAWX.msg
[77.087s] -- Installing: /home/men3m/Naima/install/ublox_msgs/share/ublox_msgs/msg/RxmRTCM.msg
[77.087s] -- Installing: /home/men3m/Naima/install/ublox_msgs/share/ublox_msgs/msg/RxmSFRB.msg
[77.087s] -- Installing: /home/men3m/Naima/install/ublox_msgs/share/ublox_msgs/msg/RxmSFRBX.msg
[77.087s] -- Installing: /home/men3m/Naima/install/ublox_msgs/share/ublox_msgs/msg/RxmSVSI.msg
[77.088s] -- Installing: /home/men3m/Naima/install/ublox_msgs/share/ublox_msgs/msg/RxmSVSISV.msg
[77.088s] -- Installing: /home/men3m/Naima/install/ublox_msgs/share/ublox_msgs/msg/TimTM2.msg
[77.088s] -- Installing: /home/men3m/Naima/install/ublox_msgs/share/ublox_msgs/msg/UpdSOSAck.msg
[77.088s] -- Installing: /home/men3m/Naima/install/ublox_msgs/share/ublox_msgs/msg/UpdSOS.msg
[77.089s] -- Installing: /home/men3m/Naima/install/ublox_msgs/lib/libublox_msgs_lib.so
[77.090s] -- Set runtime path of "/home/men3m/Naima/install/ublox_msgs/lib/libublox_msgs_lib.so" to ""
[77.090s] -- Up-to-date: /home/men3m/Naima/install/ublox_msgs/include
[77.090s] -- Up-to-date: /home/men3m/Naima/install/ublox_msgs/include/ublox_msgs
[77.090s] -- Installing: /home/men3m/Naima/install/ublox_msgs/include/ublox_msgs/serialization.hpp
[77.090s] -- Installing: /home/men3m/Naima/install/ublox_msgs/include/ublox_msgs/ublox_msgs.hpp
[77.097s] -- Installing: /home/men3m/Naima/install/ublox_msgs/share/ament_index/resource_index/package_run_dependencies/ublox_msgs
[77.097s] -- Installing: /home/men3m/Naima/install/ublox_msgs/share/ament_index/resource_index/parent_prefix_path/ublox_msgs
[77.097s] -- Installing: /home/men3m/Naima/install/ublox_msgs/share/ublox_msgs/environment/ament_prefix_path.sh
[77.097s] -- Installing: /home/men3m/Naima/install/ublox_msgs/share/ublox_msgs/environment/ament_prefix_path.dsv
[77.098s] -- Installing: /home/men3m/Naima/install/ublox_msgs/share/ublox_msgs/environment/path.sh
[77.098s] -- Installing: /home/men3m/Naima/install/ublox_msgs/share/ublox_msgs/environment/path.dsv
[77.098s] -- Installing: /home/men3m/Naima/install/ublox_msgs/share/ublox_msgs/local_setup.bash
[77.098s] -- Installing: /home/men3m/Naima/install/ublox_msgs/share/ublox_msgs/local_setup.sh
[77.098s] -- Installing: /home/men3m/Naima/install/ublox_msgs/share/ublox_msgs/local_setup.zsh
[77.099s] -- Installing: /home/men3m/Naima/install/ublox_msgs/share/ublox_msgs/local_setup.dsv
[77.099s] -- Installing: /home/men3m/Naima/install/ublox_msgs/share/ublox_msgs/package.dsv
[77.099s] -- Installing: /home/men3m/Naima/install/ublox_msgs/share/ament_index/resource_index/packages/ublox_msgs
[77.100s] -- Installing: /home/men3m/Naima/install/ublox_msgs/share/ublox_msgs/cmake/export_ublox_msgs__rosidl_generator_cExport.cmake
[77.100s] -- Installing: /home/men3m/Naima/install/ublox_msgs/share/ublox_msgs/cmake/export_ublox_msgs__rosidl_generator_cExport-noconfig.cmake
[77.100s] -- Installing: /home/men3m/Naima/install/ublox_msgs/share/ublox_msgs/cmake/export_ublox_msgs__rosidl_typesupport_fastrtps_cExport.cmake
[77.100s] -- Installing: /home/men3m/Naima/install/ublox_msgs/share/ublox_msgs/cmake/export_ublox_msgs__rosidl_typesupport_fastrtps_cExport-noconfig.cmake
[77.100s] -- Installing: /home/men3m/Naima/install/ublox_msgs/share/ublox_msgs/cmake/ublox_msgs__rosidl_typesupport_introspection_cExport.cmake
[77.101s] -- Installing: /home/men3m/Naima/install/ublox_msgs/share/ublox_msgs/cmake/ublox_msgs__rosidl_typesupport_introspection_cExport-noconfig.cmake
[77.101s] -- Installing: /home/men3m/Naima/install/ublox_msgs/share/ublox_msgs/cmake/ublox_msgs__rosidl_typesupport_cExport.cmake
[77.101s] -- Installing: /home/men3m/Naima/install/ublox_msgs/share/ublox_msgs/cmake/ublox_msgs__rosidl_typesupport_cExport-noconfig.cmake
[77.101s] -- Installing: /home/men3m/Naima/install/ublox_msgs/share/ublox_msgs/cmake/export_ublox_msgs__rosidl_generator_cppExport.cmake
[77.102s] -- Installing: /home/men3m/Naima/install/ublox_msgs/share/ublox_msgs/cmake/export_ublox_msgs__rosidl_typesupport_fastrtps_cppExport.cmake
[77.102s] -- Installing: /home/men3m/Naima/install/ublox_msgs/share/ublox_msgs/cmake/export_ublox_msgs__rosidl_typesupport_fastrtps_cppExport-noconfig.cmake
[77.102s] -- Installing: /home/men3m/Naima/install/ublox_msgs/share/ublox_msgs/cmake/ublox_msgs__rosidl_typesupport_introspection_cppExport.cmake
[77.102s] -- Installing: /home/men3m/Naima/install/ublox_msgs/share/ublox_msgs/cmake/ublox_msgs__rosidl_typesupport_introspection_cppExport-noconfig.cmake
[77.103s] -- Installing: /home/men3m/Naima/install/ublox_msgs/share/ublox_msgs/cmake/ublox_msgs__rosidl_typesupport_cppExport.cmake
[77.103s] -- Installing: /home/men3m/Naima/install/ublox_msgs/share/ublox_msgs/cmake/ublox_msgs__rosidl_typesupport_cppExport-noconfig.cmake
[77.103s] -- Installing: /home/men3m/Naima/install/ublox_msgs/share/ublox_msgs/cmake/export_ublox_msgs__rosidl_generator_pyExport.cmake
[77.103s] -- Installing: /home/men3m/Naima/install/ublox_msgs/share/ublox_msgs/cmake/export_ublox_msgs__rosidl_generator_pyExport-noconfig.cmake
[77.104s] -- Installing: /home/men3m/Naima/install/ublox_msgs/share/ublox_msgs/cmake/ublox_msgs_libExport.cmake
[77.104s] -- Installing: /home/men3m/Naima/install/ublox_msgs/share/ublox_msgs/cmake/ublox_msgs_libExport-noconfig.cmake
[77.104s] -- Installing: /home/men3m/Naima/install/ublox_msgs/share/ublox_msgs/cmake/rosidl_cmake-extras.cmake
[77.104s] -- Installing: /home/men3m/Naima/install/ublox_msgs/share/ublox_msgs/cmake/ament_cmake_export_dependencies-extras.cmake
[77.105s] -- Installing: /home/men3m/Naima/install/ublox_msgs/share/ublox_msgs/cmake/ament_cmake_export_include_directories-extras.cmake
[77.105s] -- Installing: /home/men3m/Naima/install/ublox_msgs/share/ublox_msgs/cmake/ament_cmake_export_libraries-extras.cmake
[77.105s] -- Installing: /home/men3m/Naima/install/ublox_msgs/share/ublox_msgs/cmake/ament_cmake_export_targets-extras.cmake
[77.105s] -- Installing: /home/men3m/Naima/install/ublox_msgs/share/ublox_msgs/cmake/rosidl_cmake_export_typesupport_targets-extras.cmake
[77.106s] -- Installing: /home/men3m/Naima/install/ublox_msgs/share/ublox_msgs/cmake/rosidl_cmake_export_typesupport_libraries-extras.cmake
[77.106s] -- Installing: /home/men3m/Naima/install/ublox_msgs/share/ublox_msgs/cmake/ublox_msgsConfig.cmake
[77.106s] -- Installing: /home/men3m/Naima/install/ublox_msgs/share/ublox_msgs/cmake/ublox_msgsConfig-version.cmake
[77.106s] -- Installing: /home/men3m/Naima/install/ublox_msgs/share/ublox_msgs/package.xml
[77.109s] Invoked command in '/home/men3m/Naima/build/ublox_msgs' returned '0': AMENT_PREFIX_PATH=/home/men3m/Naima/install/ublox_serialization:${AMENT_PREFIX_PATH} CMAKE_PREFIX_PATH=/home/men3m/Naima/install/ublox_serialization:/opt/ros/humble /usr/bin/cmake --install /home/men3m/Naima/build/ublox_msgs
