[0.238s] DEBUG:colcon:Command line arguments: ['/usr/bin/colcon', 'build']
[0.239s] DEBUG:colcon:Parsed command line arguments: Namespace(log_base=None, log_level=None, verb_name='build', build_base='build', install_base='install', merge_install=False, symlink_install=False, test_result_base=None, continue_on_error=False, executor='parallel', parallel_workers=16, event_handlers=None, ignore_user_meta=False, metas=['./colcon.meta'], base_paths=['.'], packages_ignore=None, packages_ignore_regex=None, paths=None, packages_up_to=None, packages_up_to_regex=None, packages_above=None, packages_above_and_dependencies=None, packages_above_depth=None, packages_select_by_dep=None, packages_skip_by_dep=None, packages_skip_up_to=None, packages_select_build_failed=False, packages_skip_build_finished=False, packages_select_test_failures=False, packages_skip_test_passed=False, packages_select=None, packages_skip=None, packages_select_regex=None, packages_skip_regex=None, packages_start=None, packages_end=None, allow_overriding=[], cmake_args=None, cmake_target=None, cmake_target_skip_unavailable=False, cmake_clean_cache=False, cmake_clean_first=False, cmake_force_configure=False, ament_cmake_args=None, catkin_cmake_args=None, catkin_skip_building_tests=False, verb_parser=<colcon_defaults.argument_parser.defaults.DefaultArgumentsDecorator object at 0x7f7ae21cb040>, verb_extension=<colcon_core.verb.build.BuildVerb object at 0x7f7ae21caa10>, main=<bound method BuildVerb.main of <colcon_core.verb.build.BuildVerb object at 0x7f7ae21caa10>>)
[0.467s] Level 1:colcon.colcon_core.package_discovery:discover_packages(colcon_meta) check parameters
[0.467s] Level 1:colcon.colcon_core.package_discovery:discover_packages(recursive) check parameters
[0.467s] Level 1:colcon.colcon_core.package_discovery:discover_packages(ignore) check parameters
[0.467s] Level 1:colcon.colcon_core.package_discovery:discover_packages(path) check parameters
[0.467s] Level 1:colcon.colcon_core.package_discovery:discover_packages(colcon_meta) discover
[0.467s] Level 1:colcon.colcon_core.package_discovery:discover_packages(recursive) discover
[0.467s] INFO:colcon.colcon_core.package_discovery:Crawling recursively for packages in '/home/men3m/Naima'
[0.467s] Level 1:colcon.colcon_core.package_identification:_identify(.) by extensions ['ignore', 'ignore_ament_install']
[0.468s] Level 1:colcon.colcon_core.package_identification:_identify(.) by extension 'ignore'
[0.468s] Level 1:colcon.colcon_core.package_identification:_identify(.) by extension 'ignore_ament_install'
[0.468s] Level 1:colcon.colcon_core.package_identification:_identify(.) by extensions ['colcon_pkg']
[0.468s] Level 1:colcon.colcon_core.package_identification:_identify(.) by extension 'colcon_pkg'
[0.468s] Level 1:colcon.colcon_core.package_identification:_identify(.) by extensions ['colcon_meta']
[0.468s] Level 1:colcon.colcon_core.package_identification:_identify(.) by extension 'colcon_meta'
[0.468s] Level 1:colcon.colcon_core.package_identification:_identify(.) by extensions ['ros']
[0.468s] Level 1:colcon.colcon_core.package_identification:_identify(.) by extension 'ros'
[0.484s] Level 1:colcon.colcon_core.package_identification:_identify(.) by extensions ['cmake', 'python']
[0.484s] Level 1:colcon.colcon_core.package_identification:_identify(.) by extension 'cmake'
[0.484s] Level 1:colcon.colcon_core.package_identification:_identify(.) by extension 'python'
[0.484s] Level 1:colcon.colcon_core.package_identification:_identify(.) by extensions ['python_setup_py']
[0.485s] Level 1:colcon.colcon_core.package_identification:_identify(.) by extension 'python_setup_py'
[0.485s] Level 1:colcon.colcon_core.package_identification:_identify(AI) by extensions ['ignore', 'ignore_ament_install']
[0.485s] Level 1:colcon.colcon_core.package_identification:_identify(AI) by extension 'ignore'
[0.485s] Level 1:colcon.colcon_core.package_identification:_identify(AI) by extension 'ignore_ament_install'
[0.485s] Level 1:colcon.colcon_core.package_identification:_identify(AI) by extensions ['colcon_pkg']
[0.485s] Level 1:colcon.colcon_core.package_identification:_identify(AI) by extension 'colcon_pkg'
[0.485s] Level 1:colcon.colcon_core.package_identification:_identify(AI) by extensions ['colcon_meta']
[0.486s] Level 1:colcon.colcon_core.package_identification:_identify(AI) by extension 'colcon_meta'
[0.486s] Level 1:colcon.colcon_core.package_identification:_identify(AI) by extensions ['ros']
[0.486s] Level 1:colcon.colcon_core.package_identification:_identify(AI) by extension 'ros'
[0.486s] Level 1:colcon.colcon_core.package_identification:_identify(AI) by extensions ['cmake', 'python']
[0.486s] Level 1:colcon.colcon_core.package_identification:_identify(AI) by extension 'cmake'
[0.486s] Level 1:colcon.colcon_core.package_identification:_identify(AI) by extension 'python'
[0.486s] Level 1:colcon.colcon_core.package_identification:_identify(AI) by extensions ['python_setup_py']
[0.486s] Level 1:colcon.colcon_core.package_identification:_identify(AI) by extension 'python_setup_py'
[0.486s] Level 1:colcon.colcon_core.package_identification:_identify(BMS) by extensions ['ignore', 'ignore_ament_install']
[0.486s] Level 1:colcon.colcon_core.package_identification:_identify(BMS) by extension 'ignore'
[0.486s] Level 1:colcon.colcon_core.package_identification:_identify(BMS) by extension 'ignore_ament_install'
[0.486s] Level 1:colcon.colcon_core.package_identification:_identify(BMS) by extensions ['colcon_pkg']
[0.487s] Level 1:colcon.colcon_core.package_identification:_identify(BMS) by extension 'colcon_pkg'
[0.487s] Level 1:colcon.colcon_core.package_identification:_identify(BMS) by extensions ['colcon_meta']
[0.487s] Level 1:colcon.colcon_core.package_identification:_identify(BMS) by extension 'colcon_meta'
[0.487s] Level 1:colcon.colcon_core.package_identification:_identify(BMS) by extensions ['ros']
[0.487s] Level 1:colcon.colcon_core.package_identification:_identify(BMS) by extension 'ros'
[0.487s] Level 1:colcon.colcon_core.package_identification:_identify(BMS) by extensions ['cmake', 'python']
[0.487s] Level 1:colcon.colcon_core.package_identification:_identify(BMS) by extension 'cmake'
[0.487s] Level 1:colcon.colcon_core.package_identification:_identify(BMS) by extension 'python'
[0.487s] Level 1:colcon.colcon_core.package_identification:_identify(BMS) by extensions ['python_setup_py']
[0.487s] Level 1:colcon.colcon_core.package_identification:_identify(BMS) by extension 'python_setup_py'
[0.488s] Level 1:colcon.colcon_core.package_identification:_identify(Embedded Systems) by extensions ['ignore', 'ignore_ament_install']
[0.488s] Level 1:colcon.colcon_core.package_identification:_identify(Embedded Systems) by extension 'ignore'
[0.488s] Level 1:colcon.colcon_core.package_identification:_identify(Embedded Systems) by extension 'ignore_ament_install'
[0.488s] Level 1:colcon.colcon_core.package_identification:_identify(Embedded Systems) by extensions ['colcon_pkg']
[0.488s] Level 1:colcon.colcon_core.package_identification:_identify(Embedded Systems) by extension 'colcon_pkg'
[0.488s] Level 1:colcon.colcon_core.package_identification:_identify(Embedded Systems) by extensions ['colcon_meta']
[0.488s] Level 1:colcon.colcon_core.package_identification:_identify(Embedded Systems) by extension 'colcon_meta'
[0.488s] Level 1:colcon.colcon_core.package_identification:_identify(Embedded Systems) by extensions ['ros']
[0.488s] Level 1:colcon.colcon_core.package_identification:_identify(Embedded Systems) by extension 'ros'
[0.488s] Level 1:colcon.colcon_core.package_identification:_identify(Embedded Systems) by extensions ['cmake', 'python']
[0.488s] Level 1:colcon.colcon_core.package_identification:_identify(Embedded Systems) by extension 'cmake'
[0.488s] Level 1:colcon.colcon_core.package_identification:_identify(Embedded Systems) by extension 'python'
[0.488s] Level 1:colcon.colcon_core.package_identification:_identify(Embedded Systems) by extensions ['python_setup_py']
[0.488s] Level 1:colcon.colcon_core.package_identification:_identify(Embedded Systems) by extension 'python_setup_py'
[0.488s] Level 1:colcon.colcon_core.package_identification:_identify(build) by extensions ['ignore', 'ignore_ament_install']
[0.488s] Level 1:colcon.colcon_core.package_identification:_identify(build) by extension 'ignore'
[0.488s] Level 1:colcon.colcon_core.package_identification:_identify(build) ignored
[0.489s] Level 1:colcon.colcon_core.package_identification:_identify(image) by extensions ['ignore', 'ignore_ament_install']
[0.489s] Level 1:colcon.colcon_core.package_identification:_identify(image) by extension 'ignore'
[0.489s] Level 1:colcon.colcon_core.package_identification:_identify(image) by extension 'ignore_ament_install'
[0.489s] Level 1:colcon.colcon_core.package_identification:_identify(image) by extensions ['colcon_pkg']
[0.489s] Level 1:colcon.colcon_core.package_identification:_identify(image) by extension 'colcon_pkg'
[0.489s] Level 1:colcon.colcon_core.package_identification:_identify(image) by extensions ['colcon_meta']
[0.489s] Level 1:colcon.colcon_core.package_identification:_identify(image) by extension 'colcon_meta'
[0.489s] Level 1:colcon.colcon_core.package_identification:_identify(image) by extensions ['ros']
[0.489s] Level 1:colcon.colcon_core.package_identification:_identify(image) by extension 'ros'
[0.489s] Level 1:colcon.colcon_core.package_identification:_identify(image) by extensions ['cmake', 'python']
[0.489s] Level 1:colcon.colcon_core.package_identification:_identify(image) by extension 'cmake'
[0.489s] Level 1:colcon.colcon_core.package_identification:_identify(image) by extension 'python'
[0.489s] Level 1:colcon.colcon_core.package_identification:_identify(image) by extensions ['python_setup_py']
[0.489s] Level 1:colcon.colcon_core.package_identification:_identify(image) by extension 'python_setup_py'
[0.489s] Level 1:colcon.colcon_core.package_identification:_identify(install) by extensions ['ignore', 'ignore_ament_install']
[0.489s] Level 1:colcon.colcon_core.package_identification:_identify(install) by extension 'ignore'
[0.489s] Level 1:colcon.colcon_core.package_identification:_identify(install) ignored
[0.490s] Level 1:colcon.colcon_core.package_identification:_identify(log) by extensions ['ignore', 'ignore_ament_install']
[0.490s] Level 1:colcon.colcon_core.package_identification:_identify(log) by extension 'ignore'
[0.490s] Level 1:colcon.colcon_core.package_identification:_identify(log) ignored
[0.490s] Level 1:colcon.colcon_core.package_identification:_identify(src) by extensions ['ignore', 'ignore_ament_install']
[0.490s] Level 1:colcon.colcon_core.package_identification:_identify(src) by extension 'ignore'
[0.490s] Level 1:colcon.colcon_core.package_identification:_identify(src) by extension 'ignore_ament_install'
[0.490s] Level 1:colcon.colcon_core.package_identification:_identify(src) by extensions ['colcon_pkg']
[0.491s] Level 1:colcon.colcon_core.package_identification:_identify(src) by extension 'colcon_pkg'
[0.491s] Level 1:colcon.colcon_core.package_identification:_identify(src) by extensions ['colcon_meta']
[0.491s] Level 1:colcon.colcon_core.package_identification:_identify(src) by extension 'colcon_meta'
[0.491s] Level 1:colcon.colcon_core.package_identification:_identify(src) by extensions ['ros']
[0.491s] Level 1:colcon.colcon_core.package_identification:_identify(src) by extension 'ros'
[0.491s] Level 1:colcon.colcon_core.package_identification:_identify(src) by extensions ['cmake', 'python']
[0.491s] Level 1:colcon.colcon_core.package_identification:_identify(src) by extension 'cmake'
[0.491s] Level 1:colcon.colcon_core.package_identification:_identify(src) by extension 'python'
[0.491s] Level 1:colcon.colcon_core.package_identification:_identify(src) by extensions ['python_setup_py']
[0.491s] Level 1:colcon.colcon_core.package_identification:_identify(src) by extension 'python_setup_py'
[0.491s] Level 1:colcon.colcon_core.package_identification:_identify(src/naima) by extensions ['ignore', 'ignore_ament_install']
[0.491s] Level 1:colcon.colcon_core.package_identification:_identify(src/naima) by extension 'ignore'
[0.491s] Level 1:colcon.colcon_core.package_identification:_identify(src/naima) by extension 'ignore_ament_install'
[0.491s] Level 1:colcon.colcon_core.package_identification:_identify(src/naima) by extensions ['colcon_pkg']
[0.491s] Level 1:colcon.colcon_core.package_identification:_identify(src/naima) by extension 'colcon_pkg'
[0.491s] Level 1:colcon.colcon_core.package_identification:_identify(src/naima) by extensions ['colcon_meta']
[0.491s] Level 1:colcon.colcon_core.package_identification:_identify(src/naima) by extension 'colcon_meta'
[0.491s] Level 1:colcon.colcon_core.package_identification:_identify(src/naima) by extensions ['ros']
[0.491s] Level 1:colcon.colcon_core.package_identification:_identify(src/naima) by extension 'ros'
[0.495s] DEBUG:colcon.colcon_core.package_identification:Package 'src/naima' with type 'ros.ament_python' and name 'naima'
[0.495s] Level 1:colcon.colcon_core.package_identification:_identify(src/naima_bringup) by extensions ['ignore', 'ignore_ament_install']
[0.495s] Level 1:colcon.colcon_core.package_identification:_identify(src/naima_bringup) by extension 'ignore'
[0.495s] Level 1:colcon.colcon_core.package_identification:_identify(src/naima_bringup) by extension 'ignore_ament_install'
[0.495s] Level 1:colcon.colcon_core.package_identification:_identify(src/naima_bringup) by extensions ['colcon_pkg']
[0.495s] Level 1:colcon.colcon_core.package_identification:_identify(src/naima_bringup) by extension 'colcon_pkg'
[0.495s] Level 1:colcon.colcon_core.package_identification:_identify(src/naima_bringup) by extensions ['colcon_meta']
[0.495s] Level 1:colcon.colcon_core.package_identification:_identify(src/naima_bringup) by extension 'colcon_meta'
[0.495s] Level 1:colcon.colcon_core.package_identification:_identify(src/naima_bringup) by extensions ['ros']
[0.495s] Level 1:colcon.colcon_core.package_identification:_identify(src/naima_bringup) by extension 'ros'
[0.496s] DEBUG:colcon.colcon_core.package_identification:Package 'src/naima_bringup' with type 'ros.ament_python' and name 'naima_bringup'
[0.496s] Level 1:colcon.colcon_core.package_identification:_identify(src/naima_control) by extensions ['ignore', 'ignore_ament_install']
[0.496s] Level 1:colcon.colcon_core.package_identification:_identify(src/naima_control) by extension 'ignore'
[0.496s] Level 1:colcon.colcon_core.package_identification:_identify(src/naima_control) by extension 'ignore_ament_install'
[0.496s] Level 1:colcon.colcon_core.package_identification:_identify(src/naima_control) by extensions ['colcon_pkg']
[0.496s] Level 1:colcon.colcon_core.package_identification:_identify(src/naima_control) by extension 'colcon_pkg'
[0.496s] Level 1:colcon.colcon_core.package_identification:_identify(src/naima_control) by extensions ['colcon_meta']
[0.496s] Level 1:colcon.colcon_core.package_identification:_identify(src/naima_control) by extension 'colcon_meta'
[0.496s] Level 1:colcon.colcon_core.package_identification:_identify(src/naima_control) by extensions ['ros']
[0.496s] Level 1:colcon.colcon_core.package_identification:_identify(src/naima_control) by extension 'ros'
[0.497s] DEBUG:colcon.colcon_core.package_identification:Package 'src/naima_control' with type 'ros.ament_cmake' and name 'naima_control'
[0.497s] Level 1:colcon.colcon_core.package_identification:_identify(src/naima_description) by extensions ['ignore', 'ignore_ament_install']
[0.497s] Level 1:colcon.colcon_core.package_identification:_identify(src/naima_description) by extension 'ignore'
[0.497s] Level 1:colcon.colcon_core.package_identification:_identify(src/naima_description) by extension 'ignore_ament_install'
[0.497s] Level 1:colcon.colcon_core.package_identification:_identify(src/naima_description) by extensions ['colcon_pkg']
[0.498s] Level 1:colcon.colcon_core.package_identification:_identify(src/naima_description) by extension 'colcon_pkg'
[0.498s] Level 1:colcon.colcon_core.package_identification:_identify(src/naima_description) by extensions ['colcon_meta']
[0.498s] Level 1:colcon.colcon_core.package_identification:_identify(src/naima_description) by extension 'colcon_meta'
[0.498s] Level 1:colcon.colcon_core.package_identification:_identify(src/naima_description) by extensions ['ros']
[0.498s] Level 1:colcon.colcon_core.package_identification:_identify(src/naima_description) by extension 'ros'
[0.498s] DEBUG:colcon.colcon_core.package_identification:Package 'src/naima_description' with type 'ros.ament_cmake' and name 'naima_description'
[0.498s] Level 1:colcon.colcon_core.package_identification:_identify(src/naima_examples) by extensions ['ignore', 'ignore_ament_install']
[0.498s] Level 1:colcon.colcon_core.package_identification:_identify(src/naima_examples) by extension 'ignore'
[0.498s] Level 1:colcon.colcon_core.package_identification:_identify(src/naima_examples) by extension 'ignore_ament_install'
[0.498s] Level 1:colcon.colcon_core.package_identification:_identify(src/naima_examples) by extensions ['colcon_pkg']
[0.498s] Level 1:colcon.colcon_core.package_identification:_identify(src/naima_examples) by extension 'colcon_pkg'
[0.499s] Level 1:colcon.colcon_core.package_identification:_identify(src/naima_examples) by extensions ['colcon_meta']
[0.499s] Level 1:colcon.colcon_core.package_identification:_identify(src/naima_examples) by extension 'colcon_meta'
[0.499s] Level 1:colcon.colcon_core.package_identification:_identify(src/naima_examples) by extensions ['ros']
[0.499s] Level 1:colcon.colcon_core.package_identification:_identify(src/naima_examples) by extension 'ros'
[0.500s] DEBUG:colcon.colcon_core.package_identification:Package 'src/naima_examples' with type 'ros.ament_cmake' and name 'naima_examples'
[0.500s] Level 1:colcon.colcon_core.package_identification:_identify(src/naima_localization) by extensions ['ignore', 'ignore_ament_install']
[0.500s] Level 1:colcon.colcon_core.package_identification:_identify(src/naima_localization) by extension 'ignore'
[0.500s] Level 1:colcon.colcon_core.package_identification:_identify(src/naima_localization) by extension 'ignore_ament_install'
[0.500s] Level 1:colcon.colcon_core.package_identification:_identify(src/naima_localization) by extensions ['colcon_pkg']
[0.500s] Level 1:colcon.colcon_core.package_identification:_identify(src/naima_localization) by extension 'colcon_pkg'
[0.500s] Level 1:colcon.colcon_core.package_identification:_identify(src/naima_localization) by extensions ['colcon_meta']
[0.500s] Level 1:colcon.colcon_core.package_identification:_identify(src/naima_localization) by extension 'colcon_meta'
[0.500s] Level 1:colcon.colcon_core.package_identification:_identify(src/naima_localization) by extensions ['ros']
[0.500s] Level 1:colcon.colcon_core.package_identification:_identify(src/naima_localization) by extension 'ros'
[0.502s] DEBUG:colcon.colcon_core.package_identification:Package 'src/naima_localization' with type 'ros.ament_cmake' and name 'naima_localization'
[0.502s] Level 1:colcon.colcon_core.package_identification:_identify(src/naima_mapping) by extensions ['ignore', 'ignore_ament_install']
[0.502s] Level 1:colcon.colcon_core.package_identification:_identify(src/naima_mapping) by extension 'ignore'
[0.502s] Level 1:colcon.colcon_core.package_identification:_identify(src/naima_mapping) by extension 'ignore_ament_install'
[0.502s] Level 1:colcon.colcon_core.package_identification:_identify(src/naima_mapping) by extensions ['colcon_pkg']
[0.502s] Level 1:colcon.colcon_core.package_identification:_identify(src/naima_mapping) by extension 'colcon_pkg'
[0.502s] Level 1:colcon.colcon_core.package_identification:_identify(src/naima_mapping) by extensions ['colcon_meta']
[0.502s] Level 1:colcon.colcon_core.package_identification:_identify(src/naima_mapping) by extension 'colcon_meta'
[0.502s] Level 1:colcon.colcon_core.package_identification:_identify(src/naima_mapping) by extensions ['ros']
[0.502s] Level 1:colcon.colcon_core.package_identification:_identify(src/naima_mapping) by extension 'ros'
[0.503s] DEBUG:colcon.colcon_core.package_identification:Package 'src/naima_mapping' with type 'ros.ament_cmake' and name 'naima_mapping'
[0.503s] Level 1:colcon.colcon_core.package_identification:_identify(src/naima_msgs) by extensions ['ignore', 'ignore_ament_install']
[0.503s] Level 1:colcon.colcon_core.package_identification:_identify(src/naima_msgs) by extension 'ignore'
[0.503s] Level 1:colcon.colcon_core.package_identification:_identify(src/naima_msgs) by extension 'ignore_ament_install'
[0.503s] Level 1:colcon.colcon_core.package_identification:_identify(src/naima_msgs) by extensions ['colcon_pkg']
[0.503s] Level 1:colcon.colcon_core.package_identification:_identify(src/naima_msgs) by extension 'colcon_pkg'
[0.503s] Level 1:colcon.colcon_core.package_identification:_identify(src/naima_msgs) by extensions ['colcon_meta']
[0.503s] Level 1:colcon.colcon_core.package_identification:_identify(src/naima_msgs) by extension 'colcon_meta'
[0.503s] Level 1:colcon.colcon_core.package_identification:_identify(src/naima_msgs) by extensions ['ros']
[0.503s] Level 1:colcon.colcon_core.package_identification:_identify(src/naima_msgs) by extension 'ros'
[0.504s] DEBUG:colcon.colcon_core.package_identification:Package 'src/naima_msgs' with type 'ros.ament_cmake' and name 'naima_msgs'
[0.504s] Level 1:colcon.colcon_core.package_identification:_identify(src/naima_ublox_gps) by extensions ['ignore', 'ignore_ament_install']
[0.504s] Level 1:colcon.colcon_core.package_identification:_identify(src/naima_ublox_gps) by extension 'ignore'
[0.504s] Level 1:colcon.colcon_core.package_identification:_identify(src/naima_ublox_gps) by extension 'ignore_ament_install'
[0.504s] Level 1:colcon.colcon_core.package_identification:_identify(src/naima_ublox_gps) by extensions ['colcon_pkg']
[0.504s] Level 1:colcon.colcon_core.package_identification:_identify(src/naima_ublox_gps) by extension 'colcon_pkg'
[0.504s] Level 1:colcon.colcon_core.package_identification:_identify(src/naima_ublox_gps) by extensions ['colcon_meta']
[0.504s] Level 1:colcon.colcon_core.package_identification:_identify(src/naima_ublox_gps) by extension 'colcon_meta'
[0.504s] Level 1:colcon.colcon_core.package_identification:_identify(src/naima_ublox_gps) by extensions ['ros']
[0.504s] Level 1:colcon.colcon_core.package_identification:_identify(src/naima_ublox_gps) by extension 'ros'
[0.504s] Level 1:colcon.colcon_core.package_identification:_identify(src/naima_ublox_gps) by extensions ['cmake', 'python']
[0.504s] Level 1:colcon.colcon_core.package_identification:_identify(src/naima_ublox_gps) by extension 'cmake'
[0.504s] Level 1:colcon.colcon_core.package_identification:_identify(src/naima_ublox_gps) by extension 'python'
[0.504s] Level 1:colcon.colcon_core.package_identification:_identify(src/naima_ublox_gps) by extensions ['python_setup_py']
[0.504s] Level 1:colcon.colcon_core.package_identification:_identify(src/naima_ublox_gps) by extension 'python_setup_py'
[0.505s] Level 1:colcon.colcon_core.package_identification:_identify(src/naima_ublox_gps/ublox) by extensions ['ignore', 'ignore_ament_install']
[0.505s] Level 1:colcon.colcon_core.package_identification:_identify(src/naima_ublox_gps/ublox) by extension 'ignore'
[0.505s] Level 1:colcon.colcon_core.package_identification:_identify(src/naima_ublox_gps/ublox) by extension 'ignore_ament_install'
[0.505s] Level 1:colcon.colcon_core.package_identification:_identify(src/naima_ublox_gps/ublox) by extensions ['colcon_pkg']
[0.505s] Level 1:colcon.colcon_core.package_identification:_identify(src/naima_ublox_gps/ublox) by extension 'colcon_pkg'
[0.505s] Level 1:colcon.colcon_core.package_identification:_identify(src/naima_ublox_gps/ublox) by extensions ['colcon_meta']
[0.505s] Level 1:colcon.colcon_core.package_identification:_identify(src/naima_ublox_gps/ublox) by extension 'colcon_meta'
[0.505s] Level 1:colcon.colcon_core.package_identification:_identify(src/naima_ublox_gps/ublox) by extensions ['ros']
[0.505s] Level 1:colcon.colcon_core.package_identification:_identify(src/naima_ublox_gps/ublox) by extension 'ros'
[0.505s] DEBUG:colcon.colcon_core.package_identification:Package 'src/naima_ublox_gps/ublox' with type 'ros.ament_cmake' and name 'ublox'
[0.506s] Level 1:colcon.colcon_core.package_identification:_identify(src/naima_ublox_gps/ublox_gps) by extensions ['ignore', 'ignore_ament_install']
[0.506s] Level 1:colcon.colcon_core.package_identification:_identify(src/naima_ublox_gps/ublox_gps) by extension 'ignore'
[0.506s] Level 1:colcon.colcon_core.package_identification:_identify(src/naima_ublox_gps/ublox_gps) by extension 'ignore_ament_install'
[0.506s] Level 1:colcon.colcon_core.package_identification:_identify(src/naima_ublox_gps/ublox_gps) by extensions ['colcon_pkg']
[0.506s] Level 1:colcon.colcon_core.package_identification:_identify(src/naima_ublox_gps/ublox_gps) by extension 'colcon_pkg'
[0.506s] Level 1:colcon.colcon_core.package_identification:_identify(src/naima_ublox_gps/ublox_gps) by extensions ['colcon_meta']
[0.506s] Level 1:colcon.colcon_core.package_identification:_identify(src/naima_ublox_gps/ublox_gps) by extension 'colcon_meta'
[0.506s] Level 1:colcon.colcon_core.package_identification:_identify(src/naima_ublox_gps/ublox_gps) by extensions ['ros']
[0.506s] Level 1:colcon.colcon_core.package_identification:_identify(src/naima_ublox_gps/ublox_gps) by extension 'ros'
[0.508s] DEBUG:colcon.colcon_core.package_identification:Package 'src/naima_ublox_gps/ublox_gps' with type 'ros.ament_cmake' and name 'ublox_gps'
[0.508s] Level 1:colcon.colcon_core.package_identification:_identify(src/naima_ublox_gps/ublox_msgs) by extensions ['ignore', 'ignore_ament_install']
[0.508s] Level 1:colcon.colcon_core.package_identification:_identify(src/naima_ublox_gps/ublox_msgs) by extension 'ignore'
[0.509s] Level 1:colcon.colcon_core.package_identification:_identify(src/naima_ublox_gps/ublox_msgs) by extension 'ignore_ament_install'
[0.509s] Level 1:colcon.colcon_core.package_identification:_identify(src/naima_ublox_gps/ublox_msgs) by extensions ['colcon_pkg']
[0.509s] Level 1:colcon.colcon_core.package_identification:_identify(src/naima_ublox_gps/ublox_msgs) by extension 'colcon_pkg'
[0.509s] Level 1:colcon.colcon_core.package_identification:_identify(src/naima_ublox_gps/ublox_msgs) by extensions ['colcon_meta']
[0.509s] Level 1:colcon.colcon_core.package_identification:_identify(src/naima_ublox_gps/ublox_msgs) by extension 'colcon_meta'
[0.509s] Level 1:colcon.colcon_core.package_identification:_identify(src/naima_ublox_gps/ublox_msgs) by extensions ['ros']
[0.509s] Level 1:colcon.colcon_core.package_identification:_identify(src/naima_ublox_gps/ublox_msgs) by extension 'ros'
[0.510s] DEBUG:colcon.colcon_core.package_identification:Package 'src/naima_ublox_gps/ublox_msgs' with type 'ros.ament_cmake' and name 'ublox_msgs'
[0.510s] Level 1:colcon.colcon_core.package_identification:_identify(src/naima_ublox_gps/ublox_serialization) by extensions ['ignore', 'ignore_ament_install']
[0.510s] Level 1:colcon.colcon_core.package_identification:_identify(src/naima_ublox_gps/ublox_serialization) by extension 'ignore'
[0.510s] Level 1:colcon.colcon_core.package_identification:_identify(src/naima_ublox_gps/ublox_serialization) by extension 'ignore_ament_install'
[0.510s] Level 1:colcon.colcon_core.package_identification:_identify(src/naima_ublox_gps/ublox_serialization) by extensions ['colcon_pkg']
[0.510s] Level 1:colcon.colcon_core.package_identification:_identify(src/naima_ublox_gps/ublox_serialization) by extension 'colcon_pkg'
[0.510s] Level 1:colcon.colcon_core.package_identification:_identify(src/naima_ublox_gps/ublox_serialization) by extensions ['colcon_meta']
[0.510s] Level 1:colcon.colcon_core.package_identification:_identify(src/naima_ublox_gps/ublox_serialization) by extension 'colcon_meta'
[0.510s] Level 1:colcon.colcon_core.package_identification:_identify(src/naima_ublox_gps/ublox_serialization) by extensions ['ros']
[0.510s] Level 1:colcon.colcon_core.package_identification:_identify(src/naima_ublox_gps/ublox_serialization) by extension 'ros'
[0.511s] DEBUG:colcon.colcon_core.package_identification:Package 'src/naima_ublox_gps/ublox_serialization' with type 'ros.ament_cmake' and name 'ublox_serialization'
[0.511s] Level 1:colcon.colcon_core.package_identification:_identify(src/zed-ros2-examples) by extensions ['ignore', 'ignore_ament_install']
[0.511s] Level 1:colcon.colcon_core.package_identification:_identify(src/zed-ros2-examples) by extension 'ignore'
[0.511s] Level 1:colcon.colcon_core.package_identification:_identify(src/zed-ros2-examples) by extension 'ignore_ament_install'
[0.511s] Level 1:colcon.colcon_core.package_identification:_identify(src/zed-ros2-examples) by extensions ['colcon_pkg']
[0.511s] Level 1:colcon.colcon_core.package_identification:_identify(src/zed-ros2-examples) by extension 'colcon_pkg'
[0.511s] Level 1:colcon.colcon_core.package_identification:_identify(src/zed-ros2-examples) by extensions ['colcon_meta']
[0.511s] Level 1:colcon.colcon_core.package_identification:_identify(src/zed-ros2-examples) by extension 'colcon_meta'
[0.511s] Level 1:colcon.colcon_core.package_identification:_identify(src/zed-ros2-examples) by extensions ['ros']
[0.511s] Level 1:colcon.colcon_core.package_identification:_identify(src/zed-ros2-examples) by extension 'ros'
[0.512s] Level 1:colcon.colcon_core.package_identification:_identify(src/zed-ros2-examples) by extensions ['cmake', 'python']
[0.512s] Level 1:colcon.colcon_core.package_identification:_identify(src/zed-ros2-examples) by extension 'cmake'
[0.512s] Level 1:colcon.colcon_core.package_identification:_identify(src/zed-ros2-examples) by extension 'python'
[0.512s] Level 1:colcon.colcon_core.package_identification:_identify(src/zed-ros2-examples) by extensions ['python_setup_py']
[0.512s] Level 1:colcon.colcon_core.package_identification:_identify(src/zed-ros2-examples) by extension 'python_setup_py'
[0.512s] Level 1:colcon.colcon_core.package_identification:_identify(src/zed-ros2-examples/examples) by extensions ['ignore', 'ignore_ament_install']
[0.512s] Level 1:colcon.colcon_core.package_identification:_identify(src/zed-ros2-examples/examples) by extension 'ignore'
[0.512s] Level 1:colcon.colcon_core.package_identification:_identify(src/zed-ros2-examples/examples) by extension 'ignore_ament_install'
[0.512s] Level 1:colcon.colcon_core.package_identification:_identify(src/zed-ros2-examples/examples) by extensions ['colcon_pkg']
[0.512s] Level 1:colcon.colcon_core.package_identification:_identify(src/zed-ros2-examples/examples) by extension 'colcon_pkg'
[0.512s] Level 1:colcon.colcon_core.package_identification:_identify(src/zed-ros2-examples/examples) by extensions ['colcon_meta']
[0.512s] Level 1:colcon.colcon_core.package_identification:_identify(src/zed-ros2-examples/examples) by extension 'colcon_meta'
[0.512s] Level 1:colcon.colcon_core.package_identification:_identify(src/zed-ros2-examples/examples) by extensions ['ros']
[0.512s] Level 1:colcon.colcon_core.package_identification:_identify(src/zed-ros2-examples/examples) by extension 'ros'
[0.512s] Level 1:colcon.colcon_core.package_identification:_identify(src/zed-ros2-examples/examples) by extensions ['cmake', 'python']
[0.512s] Level 1:colcon.colcon_core.package_identification:_identify(src/zed-ros2-examples/examples) by extension 'cmake'
[0.512s] Level 1:colcon.colcon_core.package_identification:_identify(src/zed-ros2-examples/examples) by extension 'python'
[0.512s] Level 1:colcon.colcon_core.package_identification:_identify(src/zed-ros2-examples/examples) by extensions ['python_setup_py']
[0.512s] Level 1:colcon.colcon_core.package_identification:_identify(src/zed-ros2-examples/examples) by extension 'python_setup_py'
[0.513s] Level 1:colcon.colcon_core.package_identification:_identify(src/zed-ros2-examples/examples/zed_aruco_localization) by extensions ['ignore', 'ignore_ament_install']
[0.513s] Level 1:colcon.colcon_core.package_identification:_identify(src/zed-ros2-examples/examples/zed_aruco_localization) by extension 'ignore'
[0.513s] Level 1:colcon.colcon_core.package_identification:_identify(src/zed-ros2-examples/examples/zed_aruco_localization) by extension 'ignore_ament_install'
[0.513s] Level 1:colcon.colcon_core.package_identification:_identify(src/zed-ros2-examples/examples/zed_aruco_localization) by extensions ['colcon_pkg']
[0.513s] Level 1:colcon.colcon_core.package_identification:_identify(src/zed-ros2-examples/examples/zed_aruco_localization) by extension 'colcon_pkg'
[0.513s] Level 1:colcon.colcon_core.package_identification:_identify(src/zed-ros2-examples/examples/zed_aruco_localization) by extensions ['colcon_meta']
[0.513s] Level 1:colcon.colcon_core.package_identification:_identify(src/zed-ros2-examples/examples/zed_aruco_localization) by extension 'colcon_meta'
[0.513s] Level 1:colcon.colcon_core.package_identification:_identify(src/zed-ros2-examples/examples/zed_aruco_localization) by extensions ['ros']
[0.513s] Level 1:colcon.colcon_core.package_identification:_identify(src/zed-ros2-examples/examples/zed_aruco_localization) by extension 'ros'
[0.514s] DEBUG:colcon.colcon_core.package_identification:Package 'src/zed-ros2-examples/examples/zed_aruco_localization' with type 'ros.ament_cmake' and name 'zed_aruco_localization'
[0.514s] Level 1:colcon.colcon_core.package_identification:_identify(src/zed-ros2-examples/examples/zed_depth_to_laserscan) by extensions ['ignore', 'ignore_ament_install']
[0.514s] Level 1:colcon.colcon_core.package_identification:_identify(src/zed-ros2-examples/examples/zed_depth_to_laserscan) by extension 'ignore'
[0.514s] Level 1:colcon.colcon_core.package_identification:_identify(src/zed-ros2-examples/examples/zed_depth_to_laserscan) by extension 'ignore_ament_install'
[0.514s] Level 1:colcon.colcon_core.package_identification:_identify(src/zed-ros2-examples/examples/zed_depth_to_laserscan) by extensions ['colcon_pkg']
[0.514s] Level 1:colcon.colcon_core.package_identification:_identify(src/zed-ros2-examples/examples/zed_depth_to_laserscan) by extension 'colcon_pkg'
[0.514s] Level 1:colcon.colcon_core.package_identification:_identify(src/zed-ros2-examples/examples/zed_depth_to_laserscan) by extensions ['colcon_meta']
[0.514s] Level 1:colcon.colcon_core.package_identification:_identify(src/zed-ros2-examples/examples/zed_depth_to_laserscan) by extension 'colcon_meta'
[0.514s] Level 1:colcon.colcon_core.package_identification:_identify(src/zed-ros2-examples/examples/zed_depth_to_laserscan) by extensions ['ros']
[0.514s] Level 1:colcon.colcon_core.package_identification:_identify(src/zed-ros2-examples/examples/zed_depth_to_laserscan) by extension 'ros'
[0.516s] DEBUG:colcon.colcon_core.package_identification:Package 'src/zed-ros2-examples/examples/zed_depth_to_laserscan' with type 'ros.ament_cmake' and name 'zed_depth_to_laserscan'
[0.516s] Level 1:colcon.colcon_core.package_identification:_identify(src/zed-ros2-examples/images) by extensions ['ignore', 'ignore_ament_install']
[0.516s] Level 1:colcon.colcon_core.package_identification:_identify(src/zed-ros2-examples/images) by extension 'ignore'
[0.516s] Level 1:colcon.colcon_core.package_identification:_identify(src/zed-ros2-examples/images) by extension 'ignore_ament_install'
[0.516s] Level 1:colcon.colcon_core.package_identification:_identify(src/zed-ros2-examples/images) by extensions ['colcon_pkg']
[0.516s] Level 1:colcon.colcon_core.package_identification:_identify(src/zed-ros2-examples/images) by extension 'colcon_pkg'
[0.516s] Level 1:colcon.colcon_core.package_identification:_identify(src/zed-ros2-examples/images) by extensions ['colcon_meta']
[0.516s] Level 1:colcon.colcon_core.package_identification:_identify(src/zed-ros2-examples/images) by extension 'colcon_meta'
[0.516s] Level 1:colcon.colcon_core.package_identification:_identify(src/zed-ros2-examples/images) by extensions ['ros']
[0.516s] Level 1:colcon.colcon_core.package_identification:_identify(src/zed-ros2-examples/images) by extension 'ros'
[0.516s] Level 1:colcon.colcon_core.package_identification:_identify(src/zed-ros2-examples/images) by extensions ['cmake', 'python']
[0.516s] Level 1:colcon.colcon_core.package_identification:_identify(src/zed-ros2-examples/images) by extension 'cmake'
[0.516s] Level 1:colcon.colcon_core.package_identification:_identify(src/zed-ros2-examples/images) by extension 'python'
[0.517s] Level 1:colcon.colcon_core.package_identification:_identify(src/zed-ros2-examples/images) by extensions ['python_setup_py']
[0.517s] Level 1:colcon.colcon_core.package_identification:_identify(src/zed-ros2-examples/images) by extension 'python_setup_py'
[0.517s] Level 1:colcon.colcon_core.package_identification:_identify(src/zed-ros2-examples/rviz-plugin-zed-od) by extensions ['ignore', 'ignore_ament_install']
[0.517s] Level 1:colcon.colcon_core.package_identification:_identify(src/zed-ros2-examples/rviz-plugin-zed-od) by extension 'ignore'
[0.517s] Level 1:colcon.colcon_core.package_identification:_identify(src/zed-ros2-examples/rviz-plugin-zed-od) by extension 'ignore_ament_install'
[0.517s] Level 1:colcon.colcon_core.package_identification:_identify(src/zed-ros2-examples/rviz-plugin-zed-od) by extensions ['colcon_pkg']
[0.517s] Level 1:colcon.colcon_core.package_identification:_identify(src/zed-ros2-examples/rviz-plugin-zed-od) by extension 'colcon_pkg'
[0.517s] Level 1:colcon.colcon_core.package_identification:_identify(src/zed-ros2-examples/rviz-plugin-zed-od) by extensions ['colcon_meta']
[0.517s] Level 1:colcon.colcon_core.package_identification:_identify(src/zed-ros2-examples/rviz-plugin-zed-od) by extension 'colcon_meta'
[0.517s] Level 1:colcon.colcon_core.package_identification:_identify(src/zed-ros2-examples/rviz-plugin-zed-od) by extensions ['ros']
[0.517s] Level 1:colcon.colcon_core.package_identification:_identify(src/zed-ros2-examples/rviz-plugin-zed-od) by extension 'ros'
[0.518s] DEBUG:colcon.colcon_core.package_identification:Package 'src/zed-ros2-examples/rviz-plugin-zed-od' with type 'ros.ament_cmake' and name 'rviz_plugin_zed_od'
[0.518s] Level 1:colcon.colcon_core.package_identification:_identify(src/zed-ros2-examples/tools) by extensions ['ignore', 'ignore_ament_install']
[0.518s] Level 1:colcon.colcon_core.package_identification:_identify(src/zed-ros2-examples/tools) by extension 'ignore'
[0.518s] Level 1:colcon.colcon_core.package_identification:_identify(src/zed-ros2-examples/tools) by extension 'ignore_ament_install'
[0.518s] Level 1:colcon.colcon_core.package_identification:_identify(src/zed-ros2-examples/tools) by extensions ['colcon_pkg']
[0.518s] Level 1:colcon.colcon_core.package_identification:_identify(src/zed-ros2-examples/tools) by extension 'colcon_pkg'
[0.518s] Level 1:colcon.colcon_core.package_identification:_identify(src/zed-ros2-examples/tools) by extensions ['colcon_meta']
[0.518s] Level 1:colcon.colcon_core.package_identification:_identify(src/zed-ros2-examples/tools) by extension 'colcon_meta'
[0.518s] Level 1:colcon.colcon_core.package_identification:_identify(src/zed-ros2-examples/tools) by extensions ['ros']
[0.518s] Level 1:colcon.colcon_core.package_identification:_identify(src/zed-ros2-examples/tools) by extension 'ros'
[0.518s] Level 1:colcon.colcon_core.package_identification:_identify(src/zed-ros2-examples/tools) by extensions ['cmake', 'python']
[0.518s] Level 1:colcon.colcon_core.package_identification:_identify(src/zed-ros2-examples/tools) by extension 'cmake'
[0.518s] Level 1:colcon.colcon_core.package_identification:_identify(src/zed-ros2-examples/tools) by extension 'python'
[0.518s] Level 1:colcon.colcon_core.package_identification:_identify(src/zed-ros2-examples/tools) by extensions ['python_setup_py']
[0.518s] Level 1:colcon.colcon_core.package_identification:_identify(src/zed-ros2-examples/tools) by extension 'python_setup_py'
[0.519s] Level 1:colcon.colcon_core.package_identification:_identify(src/zed-ros2-examples/tools/zed_benchmark) by extensions ['ignore', 'ignore_ament_install']
[0.519s] Level 1:colcon.colcon_core.package_identification:_identify(src/zed-ros2-examples/tools/zed_benchmark) by extension 'ignore'
[0.519s] Level 1:colcon.colcon_core.package_identification:_identify(src/zed-ros2-examples/tools/zed_benchmark) by extension 'ignore_ament_install'
[0.519s] Level 1:colcon.colcon_core.package_identification:_identify(src/zed-ros2-examples/tools/zed_benchmark) by extensions ['colcon_pkg']
[0.519s] Level 1:colcon.colcon_core.package_identification:_identify(src/zed-ros2-examples/tools/zed_benchmark) by extension 'colcon_pkg'
[0.519s] Level 1:colcon.colcon_core.package_identification:_identify(src/zed-ros2-examples/tools/zed_benchmark) by extensions ['colcon_meta']
[0.519s] Level 1:colcon.colcon_core.package_identification:_identify(src/zed-ros2-examples/tools/zed_benchmark) by extension 'colcon_meta'
[0.519s] Level 1:colcon.colcon_core.package_identification:_identify(src/zed-ros2-examples/tools/zed_benchmark) by extensions ['ros']
[0.519s] Level 1:colcon.colcon_core.package_identification:_identify(src/zed-ros2-examples/tools/zed_benchmark) by extension 'ros'
[0.520s] DEBUG:colcon.colcon_core.package_identification:Package 'src/zed-ros2-examples/tools/zed_benchmark' with type 'ros.ament_cmake' and name 'zed_topic_benchmark'
[0.520s] Level 1:colcon.colcon_core.package_identification:_identify(src/zed-ros2-examples/tools/zed_benchmark_component) by extensions ['ignore', 'ignore_ament_install']
[0.520s] Level 1:colcon.colcon_core.package_identification:_identify(src/zed-ros2-examples/tools/zed_benchmark_component) by extension 'ignore'
[0.520s] Level 1:colcon.colcon_core.package_identification:_identify(src/zed-ros2-examples/tools/zed_benchmark_component) by extension 'ignore_ament_install'
[0.520s] Level 1:colcon.colcon_core.package_identification:_identify(src/zed-ros2-examples/tools/zed_benchmark_component) by extensions ['colcon_pkg']
[0.520s] Level 1:colcon.colcon_core.package_identification:_identify(src/zed-ros2-examples/tools/zed_benchmark_component) by extension 'colcon_pkg'
[0.520s] Level 1:colcon.colcon_core.package_identification:_identify(src/zed-ros2-examples/tools/zed_benchmark_component) by extensions ['colcon_meta']
[0.520s] Level 1:colcon.colcon_core.package_identification:_identify(src/zed-ros2-examples/tools/zed_benchmark_component) by extension 'colcon_meta'
[0.520s] Level 1:colcon.colcon_core.package_identification:_identify(src/zed-ros2-examples/tools/zed_benchmark_component) by extensions ['ros']
[0.520s] Level 1:colcon.colcon_core.package_identification:_identify(src/zed-ros2-examples/tools/zed_benchmark_component) by extension 'ros'
[0.521s] DEBUG:colcon.colcon_core.package_identification:Package 'src/zed-ros2-examples/tools/zed_benchmark_component' with type 'ros.ament_cmake' and name 'zed_topic_benchmark_component'
[0.521s] Level 1:colcon.colcon_core.package_identification:_identify(src/zed-ros2-examples/tools/zed_benchmark_interfaces) by extensions ['ignore', 'ignore_ament_install']
[0.521s] Level 1:colcon.colcon_core.package_identification:_identify(src/zed-ros2-examples/tools/zed_benchmark_interfaces) by extension 'ignore'
[0.521s] Level 1:colcon.colcon_core.package_identification:_identify(src/zed-ros2-examples/tools/zed_benchmark_interfaces) by extension 'ignore_ament_install'
[0.521s] Level 1:colcon.colcon_core.package_identification:_identify(src/zed-ros2-examples/tools/zed_benchmark_interfaces) by extensions ['colcon_pkg']
[0.521s] Level 1:colcon.colcon_core.package_identification:_identify(src/zed-ros2-examples/tools/zed_benchmark_interfaces) by extension 'colcon_pkg'
[0.521s] Level 1:colcon.colcon_core.package_identification:_identify(src/zed-ros2-examples/tools/zed_benchmark_interfaces) by extensions ['colcon_meta']
[0.521s] Level 1:colcon.colcon_core.package_identification:_identify(src/zed-ros2-examples/tools/zed_benchmark_interfaces) by extension 'colcon_meta'
[0.521s] Level 1:colcon.colcon_core.package_identification:_identify(src/zed-ros2-examples/tools/zed_benchmark_interfaces) by extensions ['ros']
[0.521s] Level 1:colcon.colcon_core.package_identification:_identify(src/zed-ros2-examples/tools/zed_benchmark_interfaces) by extension 'ros'
[0.522s] DEBUG:colcon.colcon_core.package_identification:Package 'src/zed-ros2-examples/tools/zed_benchmark_interfaces' with type 'ros.ament_cmake' and name 'zed_topic_benchmark_interfaces'
[0.522s] Level 1:colcon.colcon_core.package_identification:_identify(src/zed-ros2-examples/tutorials) by extensions ['ignore', 'ignore_ament_install']
[0.522s] Level 1:colcon.colcon_core.package_identification:_identify(src/zed-ros2-examples/tutorials) by extension 'ignore'
[0.522s] Level 1:colcon.colcon_core.package_identification:_identify(src/zed-ros2-examples/tutorials) by extension 'ignore_ament_install'
[0.523s] Level 1:colcon.colcon_core.package_identification:_identify(src/zed-ros2-examples/tutorials) by extensions ['colcon_pkg']
[0.523s] Level 1:colcon.colcon_core.package_identification:_identify(src/zed-ros2-examples/tutorials) by extension 'colcon_pkg'
[0.523s] Level 1:colcon.colcon_core.package_identification:_identify(src/zed-ros2-examples/tutorials) by extensions ['colcon_meta']
[0.523s] Level 1:colcon.colcon_core.package_identification:_identify(src/zed-ros2-examples/tutorials) by extension 'colcon_meta'
[0.523s] Level 1:colcon.colcon_core.package_identification:_identify(src/zed-ros2-examples/tutorials) by extensions ['ros']
[0.523s] Level 1:colcon.colcon_core.package_identification:_identify(src/zed-ros2-examples/tutorials) by extension 'ros'
[0.523s] Level 1:colcon.colcon_core.package_identification:_identify(src/zed-ros2-examples/tutorials) by extensions ['cmake', 'python']
[0.523s] Level 1:colcon.colcon_core.package_identification:_identify(src/zed-ros2-examples/tutorials) by extension 'cmake'
[0.523s] Level 1:colcon.colcon_core.package_identification:_identify(src/zed-ros2-examples/tutorials) by extension 'python'
[0.523s] Level 1:colcon.colcon_core.package_identification:_identify(src/zed-ros2-examples/tutorials) by extensions ['python_setup_py']
[0.523s] Level 1:colcon.colcon_core.package_identification:_identify(src/zed-ros2-examples/tutorials) by extension 'python_setup_py'
[0.523s] Level 1:colcon.colcon_core.package_identification:_identify(src/zed-ros2-examples/tutorials/zed_depth_tutorial) by extensions ['ignore', 'ignore_ament_install']
[0.524s] Level 1:colcon.colcon_core.package_identification:_identify(src/zed-ros2-examples/tutorials/zed_depth_tutorial) by extension 'ignore'
[0.524s] Level 1:colcon.colcon_core.package_identification:_identify(src/zed-ros2-examples/tutorials/zed_depth_tutorial) by extension 'ignore_ament_install'
[0.524s] Level 1:colcon.colcon_core.package_identification:_identify(src/zed-ros2-examples/tutorials/zed_depth_tutorial) by extensions ['colcon_pkg']
[0.524s] Level 1:colcon.colcon_core.package_identification:_identify(src/zed-ros2-examples/tutorials/zed_depth_tutorial) by extension 'colcon_pkg'
[0.524s] Level 1:colcon.colcon_core.package_identification:_identify(src/zed-ros2-examples/tutorials/zed_depth_tutorial) by extensions ['colcon_meta']
[0.524s] Level 1:colcon.colcon_core.package_identification:_identify(src/zed-ros2-examples/tutorials/zed_depth_tutorial) by extension 'colcon_meta'
[0.524s] Level 1:colcon.colcon_core.package_identification:_identify(src/zed-ros2-examples/tutorials/zed_depth_tutorial) by extensions ['ros']
[0.524s] Level 1:colcon.colcon_core.package_identification:_identify(src/zed-ros2-examples/tutorials/zed_depth_tutorial) by extension 'ros'
[0.524s] DEBUG:colcon.colcon_core.package_identification:Package 'src/zed-ros2-examples/tutorials/zed_depth_tutorial' with type 'ros.ament_cmake' and name 'zed_tutorial_depth'
[0.525s] Level 1:colcon.colcon_core.package_identification:_identify(src/zed-ros2-examples/tutorials/zed_ipc) by extensions ['ignore', 'ignore_ament_install']
[0.525s] Level 1:colcon.colcon_core.package_identification:_identify(src/zed-ros2-examples/tutorials/zed_ipc) by extension 'ignore'
[0.525s] Level 1:colcon.colcon_core.package_identification:_identify(src/zed-ros2-examples/tutorials/zed_ipc) by extension 'ignore_ament_install'
[0.525s] Level 1:colcon.colcon_core.package_identification:_identify(src/zed-ros2-examples/tutorials/zed_ipc) by extensions ['colcon_pkg']
[0.525s] Level 1:colcon.colcon_core.package_identification:_identify(src/zed-ros2-examples/tutorials/zed_ipc) by extension 'colcon_pkg'
[0.525s] Level 1:colcon.colcon_core.package_identification:_identify(src/zed-ros2-examples/tutorials/zed_ipc) by extensions ['colcon_meta']
[0.525s] Level 1:colcon.colcon_core.package_identification:_identify(src/zed-ros2-examples/tutorials/zed_ipc) by extension 'colcon_meta'
[0.525s] Level 1:colcon.colcon_core.package_identification:_identify(src/zed-ros2-examples/tutorials/zed_ipc) by extensions ['ros']
[0.525s] Level 1:colcon.colcon_core.package_identification:_identify(src/zed-ros2-examples/tutorials/zed_ipc) by extension 'ros'
[0.526s] DEBUG:colcon.colcon_core.package_identification:Package 'src/zed-ros2-examples/tutorials/zed_ipc' with type 'ros.ament_cmake' and name 'zed_ipc'
[0.526s] Level 1:colcon.colcon_core.package_identification:_identify(src/zed-ros2-examples/tutorials/zed_multi_camera) by extensions ['ignore', 'ignore_ament_install']
[0.526s] Level 1:colcon.colcon_core.package_identification:_identify(src/zed-ros2-examples/tutorials/zed_multi_camera) by extension 'ignore'
[0.526s] Level 1:colcon.colcon_core.package_identification:_identify(src/zed-ros2-examples/tutorials/zed_multi_camera) by extension 'ignore_ament_install'
[0.526s] Level 1:colcon.colcon_core.package_identification:_identify(src/zed-ros2-examples/tutorials/zed_multi_camera) by extensions ['colcon_pkg']
[0.526s] Level 1:colcon.colcon_core.package_identification:_identify(src/zed-ros2-examples/tutorials/zed_multi_camera) by extension 'colcon_pkg'
[0.526s] Level 1:colcon.colcon_core.package_identification:_identify(src/zed-ros2-examples/tutorials/zed_multi_camera) by extensions ['colcon_meta']
[0.526s] Level 1:colcon.colcon_core.package_identification:_identify(src/zed-ros2-examples/tutorials/zed_multi_camera) by extension 'colcon_meta'
[0.526s] Level 1:colcon.colcon_core.package_identification:_identify(src/zed-ros2-examples/tutorials/zed_multi_camera) by extensions ['ros']
[0.526s] Level 1:colcon.colcon_core.package_identification:_identify(src/zed-ros2-examples/tutorials/zed_multi_camera) by extension 'ros'
[0.527s] DEBUG:colcon.colcon_core.package_identification:Package 'src/zed-ros2-examples/tutorials/zed_multi_camera' with type 'ros.ament_cmake' and name 'zed_multi_camera'
[0.527s] Level 1:colcon.colcon_core.package_identification:_identify(src/zed-ros2-examples/tutorials/zed_pose_tutorial) by extensions ['ignore', 'ignore_ament_install']
[0.527s] Level 1:colcon.colcon_core.package_identification:_identify(src/zed-ros2-examples/tutorials/zed_pose_tutorial) by extension 'ignore'
[0.527s] Level 1:colcon.colcon_core.package_identification:_identify(src/zed-ros2-examples/tutorials/zed_pose_tutorial) by extension 'ignore_ament_install'
[0.527s] Level 1:colcon.colcon_core.package_identification:_identify(src/zed-ros2-examples/tutorials/zed_pose_tutorial) by extensions ['colcon_pkg']
[0.527s] Level 1:colcon.colcon_core.package_identification:_identify(src/zed-ros2-examples/tutorials/zed_pose_tutorial) by extension 'colcon_pkg'
[0.527s] Level 1:colcon.colcon_core.package_identification:_identify(src/zed-ros2-examples/tutorials/zed_pose_tutorial) by extensions ['colcon_meta']
[0.527s] Level 1:colcon.colcon_core.package_identification:_identify(src/zed-ros2-examples/tutorials/zed_pose_tutorial) by extension 'colcon_meta'
[0.527s] Level 1:colcon.colcon_core.package_identification:_identify(src/zed-ros2-examples/tutorials/zed_pose_tutorial) by extensions ['ros']
[0.527s] Level 1:colcon.colcon_core.package_identification:_identify(src/zed-ros2-examples/tutorials/zed_pose_tutorial) by extension 'ros'
[0.528s] DEBUG:colcon.colcon_core.package_identification:Package 'src/zed-ros2-examples/tutorials/zed_pose_tutorial' with type 'ros.ament_cmake' and name 'zed_tutorial_pos_tracking'
[0.528s] Level 1:colcon.colcon_core.package_identification:_identify(src/zed-ros2-examples/tutorials/zed_rgb_convert) by extensions ['ignore', 'ignore_ament_install']
[0.528s] Level 1:colcon.colcon_core.package_identification:_identify(src/zed-ros2-examples/tutorials/zed_rgb_convert) by extension 'ignore'
[0.528s] Level 1:colcon.colcon_core.package_identification:_identify(src/zed-ros2-examples/tutorials/zed_rgb_convert) by extension 'ignore_ament_install'
[0.529s] Level 1:colcon.colcon_core.package_identification:_identify(src/zed-ros2-examples/tutorials/zed_rgb_convert) by extensions ['colcon_pkg']
[0.529s] Level 1:colcon.colcon_core.package_identification:_identify(src/zed-ros2-examples/tutorials/zed_rgb_convert) by extension 'colcon_pkg'
[0.529s] Level 1:colcon.colcon_core.package_identification:_identify(src/zed-ros2-examples/tutorials/zed_rgb_convert) by extensions ['colcon_meta']
[0.529s] Level 1:colcon.colcon_core.package_identification:_identify(src/zed-ros2-examples/tutorials/zed_rgb_convert) by extension 'colcon_meta'
[0.529s] Level 1:colcon.colcon_core.package_identification:_identify(src/zed-ros2-examples/tutorials/zed_rgb_convert) by extensions ['ros']
[0.529s] Level 1:colcon.colcon_core.package_identification:_identify(src/zed-ros2-examples/tutorials/zed_rgb_convert) by extension 'ros'
[0.530s] DEBUG:colcon.colcon_core.package_identification:Package 'src/zed-ros2-examples/tutorials/zed_rgb_convert' with type 'ros.ament_cmake' and name 'zed_rgb_convert'
[0.530s] Level 1:colcon.colcon_core.package_identification:_identify(src/zed-ros2-examples/tutorials/zed_robot_integration) by extensions ['ignore', 'ignore_ament_install']
[0.530s] Level 1:colcon.colcon_core.package_identification:_identify(src/zed-ros2-examples/tutorials/zed_robot_integration) by extension 'ignore'
[0.530s] Level 1:colcon.colcon_core.package_identification:_identify(src/zed-ros2-examples/tutorials/zed_robot_integration) by extension 'ignore_ament_install'
[0.530s] Level 1:colcon.colcon_core.package_identification:_identify(src/zed-ros2-examples/tutorials/zed_robot_integration) by extensions ['colcon_pkg']
[0.530s] Level 1:colcon.colcon_core.package_identification:_identify(src/zed-ros2-examples/tutorials/zed_robot_integration) by extension 'colcon_pkg'
[0.530s] Level 1:colcon.colcon_core.package_identification:_identify(src/zed-ros2-examples/tutorials/zed_robot_integration) by extensions ['colcon_meta']
[0.530s] Level 1:colcon.colcon_core.package_identification:_identify(src/zed-ros2-examples/tutorials/zed_robot_integration) by extension 'colcon_meta'
[0.531s] Level 1:colcon.colcon_core.package_identification:_identify(src/zed-ros2-examples/tutorials/zed_robot_integration) by extensions ['ros']
[0.531s] Level 1:colcon.colcon_core.package_identification:_identify(src/zed-ros2-examples/tutorials/zed_robot_integration) by extension 'ros'
[0.531s] DEBUG:colcon.colcon_core.package_identification:Package 'src/zed-ros2-examples/tutorials/zed_robot_integration' with type 'ros.ament_cmake' and name 'zed_robot_integration'
[0.531s] Level 1:colcon.colcon_core.package_identification:_identify(src/zed-ros2-examples/tutorials/zed_video_tutorial) by extensions ['ignore', 'ignore_ament_install']
[0.531s] Level 1:colcon.colcon_core.package_identification:_identify(src/zed-ros2-examples/tutorials/zed_video_tutorial) by extension 'ignore'
[0.531s] Level 1:colcon.colcon_core.package_identification:_identify(src/zed-ros2-examples/tutorials/zed_video_tutorial) by extension 'ignore_ament_install'
[0.531s] Level 1:colcon.colcon_core.package_identification:_identify(src/zed-ros2-examples/tutorials/zed_video_tutorial) by extensions ['colcon_pkg']
[0.532s] Level 1:colcon.colcon_core.package_identification:_identify(src/zed-ros2-examples/tutorials/zed_video_tutorial) by extension 'colcon_pkg'
[0.532s] Level 1:colcon.colcon_core.package_identification:_identify(src/zed-ros2-examples/tutorials/zed_video_tutorial) by extensions ['colcon_meta']
[0.532s] Level 1:colcon.colcon_core.package_identification:_identify(src/zed-ros2-examples/tutorials/zed_video_tutorial) by extension 'colcon_meta'
[0.532s] Level 1:colcon.colcon_core.package_identification:_identify(src/zed-ros2-examples/tutorials/zed_video_tutorial) by extensions ['ros']
[0.532s] Level 1:colcon.colcon_core.package_identification:_identify(src/zed-ros2-examples/tutorials/zed_video_tutorial) by extension 'ros'
[0.532s] DEBUG:colcon.colcon_core.package_identification:Package 'src/zed-ros2-examples/tutorials/zed_video_tutorial' with type 'ros.ament_cmake' and name 'zed_tutorial_video'
[0.533s] Level 1:colcon.colcon_core.package_identification:_identify(src/zed-ros2-examples/zed_display_rviz2) by extensions ['ignore', 'ignore_ament_install']
[0.533s] Level 1:colcon.colcon_core.package_identification:_identify(src/zed-ros2-examples/zed_display_rviz2) by extension 'ignore'
[0.533s] Level 1:colcon.colcon_core.package_identification:_identify(src/zed-ros2-examples/zed_display_rviz2) by extension 'ignore_ament_install'
[0.533s] Level 1:colcon.colcon_core.package_identification:_identify(src/zed-ros2-examples/zed_display_rviz2) by extensions ['colcon_pkg']
[0.533s] Level 1:colcon.colcon_core.package_identification:_identify(src/zed-ros2-examples/zed_display_rviz2) by extension 'colcon_pkg'
[0.533s] Level 1:colcon.colcon_core.package_identification:_identify(src/zed-ros2-examples/zed_display_rviz2) by extensions ['colcon_meta']
[0.533s] Level 1:colcon.colcon_core.package_identification:_identify(src/zed-ros2-examples/zed_display_rviz2) by extension 'colcon_meta'
[0.533s] Level 1:colcon.colcon_core.package_identification:_identify(src/zed-ros2-examples/zed_display_rviz2) by extensions ['ros']
[0.533s] Level 1:colcon.colcon_core.package_identification:_identify(src/zed-ros2-examples/zed_display_rviz2) by extension 'ros'
[0.533s] DEBUG:colcon.colcon_core.package_identification:Package 'src/zed-ros2-examples/zed_display_rviz2' with type 'ros.ament_cmake' and name 'zed_display_rviz2'
[0.534s] Level 1:colcon.colcon_core.package_identification:_identify(src/zed-ros2-wrapper) by extensions ['ignore', 'ignore_ament_install']
[0.534s] Level 1:colcon.colcon_core.package_identification:_identify(src/zed-ros2-wrapper) by extension 'ignore'
[0.534s] Level 1:colcon.colcon_core.package_identification:_identify(src/zed-ros2-wrapper) by extension 'ignore_ament_install'
[0.534s] Level 1:colcon.colcon_core.package_identification:_identify(src/zed-ros2-wrapper) by extensions ['colcon_pkg']
[0.534s] Level 1:colcon.colcon_core.package_identification:_identify(src/zed-ros2-wrapper) by extension 'colcon_pkg'
[0.534s] Level 1:colcon.colcon_core.package_identification:_identify(src/zed-ros2-wrapper) by extensions ['colcon_meta']
[0.534s] Level 1:colcon.colcon_core.package_identification:_identify(src/zed-ros2-wrapper) by extension 'colcon_meta'
[0.534s] Level 1:colcon.colcon_core.package_identification:_identify(src/zed-ros2-wrapper) by extensions ['ros']
[0.534s] Level 1:colcon.colcon_core.package_identification:_identify(src/zed-ros2-wrapper) by extension 'ros'
[0.534s] Level 1:colcon.colcon_core.package_identification:_identify(src/zed-ros2-wrapper) by extensions ['cmake', 'python']
[0.534s] Level 1:colcon.colcon_core.package_identification:_identify(src/zed-ros2-wrapper) by extension 'cmake'
[0.534s] Level 1:colcon.colcon_core.package_identification:_identify(src/zed-ros2-wrapper) by extension 'python'
[0.534s] Level 1:colcon.colcon_core.package_identification:_identify(src/zed-ros2-wrapper) by extensions ['python_setup_py']
[0.534s] Level 1:colcon.colcon_core.package_identification:_identify(src/zed-ros2-wrapper) by extension 'python_setup_py'
[0.534s] Level 1:colcon.colcon_core.package_identification:_identify(src/zed-ros2-wrapper/docker) by extensions ['ignore', 'ignore_ament_install']
[0.534s] Level 1:colcon.colcon_core.package_identification:_identify(src/zed-ros2-wrapper/docker) by extension 'ignore'
[0.534s] Level 1:colcon.colcon_core.package_identification:_identify(src/zed-ros2-wrapper/docker) by extension 'ignore_ament_install'
[0.535s] Level 1:colcon.colcon_core.package_identification:_identify(src/zed-ros2-wrapper/docker) by extensions ['colcon_pkg']
[0.535s] Level 1:colcon.colcon_core.package_identification:_identify(src/zed-ros2-wrapper/docker) by extension 'colcon_pkg'
[0.535s] Level 1:colcon.colcon_core.package_identification:_identify(src/zed-ros2-wrapper/docker) by extensions ['colcon_meta']
[0.535s] Level 1:colcon.colcon_core.package_identification:_identify(src/zed-ros2-wrapper/docker) by extension 'colcon_meta'
[0.535s] Level 1:colcon.colcon_core.package_identification:_identify(src/zed-ros2-wrapper/docker) by extensions ['ros']
[0.535s] Level 1:colcon.colcon_core.package_identification:_identify(src/zed-ros2-wrapper/docker) by extension 'ros'
[0.535s] Level 1:colcon.colcon_core.package_identification:_identify(src/zed-ros2-wrapper/docker) by extensions ['cmake', 'python']
[0.535s] Level 1:colcon.colcon_core.package_identification:_identify(src/zed-ros2-wrapper/docker) by extension 'cmake'
[0.535s] Level 1:colcon.colcon_core.package_identification:_identify(src/zed-ros2-wrapper/docker) by extension 'python'
[0.535s] Level 1:colcon.colcon_core.package_identification:_identify(src/zed-ros2-wrapper/docker) by extensions ['python_setup_py']
[0.535s] Level 1:colcon.colcon_core.package_identification:_identify(src/zed-ros2-wrapper/docker) by extension 'python_setup_py'
[0.535s] Level 1:colcon.colcon_core.package_identification:_identify(src/zed-ros2-wrapper/images) by extensions ['ignore', 'ignore_ament_install']
[0.535s] Level 1:colcon.colcon_core.package_identification:_identify(src/zed-ros2-wrapper/images) by extension 'ignore'
[0.535s] Level 1:colcon.colcon_core.package_identification:_identify(src/zed-ros2-wrapper/images) by extension 'ignore_ament_install'
[0.535s] Level 1:colcon.colcon_core.package_identification:_identify(src/zed-ros2-wrapper/images) by extensions ['colcon_pkg']
[0.535s] Level 1:colcon.colcon_core.package_identification:_identify(src/zed-ros2-wrapper/images) by extension 'colcon_pkg'
[0.535s] Level 1:colcon.colcon_core.package_identification:_identify(src/zed-ros2-wrapper/images) by extensions ['colcon_meta']
[0.535s] Level 1:colcon.colcon_core.package_identification:_identify(src/zed-ros2-wrapper/images) by extension 'colcon_meta'
[0.535s] Level 1:colcon.colcon_core.package_identification:_identify(src/zed-ros2-wrapper/images) by extensions ['ros']
[0.535s] Level 1:colcon.colcon_core.package_identification:_identify(src/zed-ros2-wrapper/images) by extension 'ros'
[0.535s] Level 1:colcon.colcon_core.package_identification:_identify(src/zed-ros2-wrapper/images) by extensions ['cmake', 'python']
[0.535s] Level 1:colcon.colcon_core.package_identification:_identify(src/zed-ros2-wrapper/images) by extension 'cmake'
[0.536s] Level 1:colcon.colcon_core.package_identification:_identify(src/zed-ros2-wrapper/images) by extension 'python'
[0.536s] Level 1:colcon.colcon_core.package_identification:_identify(src/zed-ros2-wrapper/images) by extensions ['python_setup_py']
[0.536s] Level 1:colcon.colcon_core.package_identification:_identify(src/zed-ros2-wrapper/images) by extension 'python_setup_py'
[0.536s] Level 1:colcon.colcon_core.package_identification:_identify(src/zed-ros2-wrapper/zed_components) by extensions ['ignore', 'ignore_ament_install']
[0.536s] Level 1:colcon.colcon_core.package_identification:_identify(src/zed-ros2-wrapper/zed_components) by extension 'ignore'
[0.536s] Level 1:colcon.colcon_core.package_identification:_identify(src/zed-ros2-wrapper/zed_components) by extension 'ignore_ament_install'
[0.536s] Level 1:colcon.colcon_core.package_identification:_identify(src/zed-ros2-wrapper/zed_components) by extensions ['colcon_pkg']
[0.536s] Level 1:colcon.colcon_core.package_identification:_identify(src/zed-ros2-wrapper/zed_components) by extension 'colcon_pkg'
[0.536s] Level 1:colcon.colcon_core.package_identification:_identify(src/zed-ros2-wrapper/zed_components) by extensions ['colcon_meta']
[0.536s] Level 1:colcon.colcon_core.package_identification:_identify(src/zed-ros2-wrapper/zed_components) by extension 'colcon_meta'
[0.536s] Level 1:colcon.colcon_core.package_identification:_identify(src/zed-ros2-wrapper/zed_components) by extensions ['ros']
[0.536s] Level 1:colcon.colcon_core.package_identification:_identify(src/zed-ros2-wrapper/zed_components) by extension 'ros'
[0.538s] DEBUG:colcon.colcon_core.package_identification:Package 'src/zed-ros2-wrapper/zed_components' with type 'ros.ament_cmake' and name 'zed_components'
[0.538s] Level 1:colcon.colcon_core.package_identification:_identify(src/zed-ros2-wrapper/zed_ros2) by extensions ['ignore', 'ignore_ament_install']
[0.538s] Level 1:colcon.colcon_core.package_identification:_identify(src/zed-ros2-wrapper/zed_ros2) by extension 'ignore'
[0.538s] Level 1:colcon.colcon_core.package_identification:_identify(src/zed-ros2-wrapper/zed_ros2) by extension 'ignore_ament_install'
[0.538s] Level 1:colcon.colcon_core.package_identification:_identify(src/zed-ros2-wrapper/zed_ros2) by extensions ['colcon_pkg']
[0.538s] Level 1:colcon.colcon_core.package_identification:_identify(src/zed-ros2-wrapper/zed_ros2) by extension 'colcon_pkg'
[0.538s] Level 1:colcon.colcon_core.package_identification:_identify(src/zed-ros2-wrapper/zed_ros2) by extensions ['colcon_meta']
[0.538s] Level 1:colcon.colcon_core.package_identification:_identify(src/zed-ros2-wrapper/zed_ros2) by extension 'colcon_meta'
[0.538s] Level 1:colcon.colcon_core.package_identification:_identify(src/zed-ros2-wrapper/zed_ros2) by extensions ['ros']
[0.538s] Level 1:colcon.colcon_core.package_identification:_identify(src/zed-ros2-wrapper/zed_ros2) by extension 'ros'
[0.539s] DEBUG:colcon.colcon_core.package_identification:Package 'src/zed-ros2-wrapper/zed_ros2' with type 'ros.ament_cmake' and name 'zed_ros2'
[0.539s] Level 1:colcon.colcon_core.package_identification:_identify(src/zed-ros2-wrapper/zed_wrapper) by extensions ['ignore', 'ignore_ament_install']
[0.539s] Level 1:colcon.colcon_core.package_identification:_identify(src/zed-ros2-wrapper/zed_wrapper) by extension 'ignore'
[0.539s] Level 1:colcon.colcon_core.package_identification:_identify(src/zed-ros2-wrapper/zed_wrapper) by extension 'ignore_ament_install'
[0.539s] Level 1:colcon.colcon_core.package_identification:_identify(src/zed-ros2-wrapper/zed_wrapper) by extensions ['colcon_pkg']
[0.539s] Level 1:colcon.colcon_core.package_identification:_identify(src/zed-ros2-wrapper/zed_wrapper) by extension 'colcon_pkg'
[0.539s] Level 1:colcon.colcon_core.package_identification:_identify(src/zed-ros2-wrapper/zed_wrapper) by extensions ['colcon_meta']
[0.539s] Level 1:colcon.colcon_core.package_identification:_identify(src/zed-ros2-wrapper/zed_wrapper) by extension 'colcon_meta'
[0.539s] Level 1:colcon.colcon_core.package_identification:_identify(src/zed-ros2-wrapper/zed_wrapper) by extensions ['ros']
[0.539s] Level 1:colcon.colcon_core.package_identification:_identify(src/zed-ros2-wrapper/zed_wrapper) by extension 'ros'
[0.541s] DEBUG:colcon.colcon_core.package_identification:Package 'src/zed-ros2-wrapper/zed_wrapper' with type 'ros.ament_cmake' and name 'zed_wrapper'
[0.541s] Level 1:colcon.colcon_core.package_discovery:discover_packages(recursive) using defaults
[0.541s] Level 1:colcon.colcon_core.package_discovery:discover_packages(ignore) discover
[0.541s] Level 1:colcon.colcon_core.package_discovery:discover_packages(ignore) using defaults
[0.541s] Level 1:colcon.colcon_core.package_discovery:discover_packages(path) discover
[0.541s] Level 1:colcon.colcon_core.package_discovery:discover_packages(path) using defaults
[0.572s] Level 1:colcon.colcon_core.package_discovery:discover_packages(prefix_path) check parameters
[0.572s] Level 1:colcon.colcon_core.package_discovery:discover_packages(prefix_path) discover
[0.577s] DEBUG:colcon.colcon_installed_package_information.package_discovery:Found 29 installed packages in /home/men3m/Naima/install
[0.579s] DEBUG:colcon.colcon_installed_package_information.package_discovery:Found 437 installed packages in /opt/ros/humble
[0.581s] Level 1:colcon.colcon_core.package_discovery:discover_packages(prefix_path) using defaults
[0.641s] Level 5:colcon.colcon_core.verb:set package 'naima' build argument 'cmake_args' from command line to 'None'
[0.641s] Level 5:colcon.colcon_core.verb:set package 'naima' build argument 'cmake_target' from command line to 'None'
[0.641s] Level 5:colcon.colcon_core.verb:set package 'naima' build argument 'cmake_target_skip_unavailable' from command line to 'False'
[0.641s] Level 5:colcon.colcon_core.verb:set package 'naima' build argument 'cmake_clean_cache' from command line to 'False'
[0.641s] Level 5:colcon.colcon_core.verb:set package 'naima' build argument 'cmake_clean_first' from command line to 'False'
[0.641s] Level 5:colcon.colcon_core.verb:set package 'naima' build argument 'cmake_force_configure' from command line to 'False'
[0.641s] Level 5:colcon.colcon_core.verb:set package 'naima' build argument 'ament_cmake_args' from command line to 'None'
[0.641s] Level 5:colcon.colcon_core.verb:set package 'naima' build argument 'catkin_cmake_args' from command line to 'None'
[0.641s] Level 5:colcon.colcon_core.verb:set package 'naima' build argument 'catkin_skip_building_tests' from command line to 'False'
[0.641s] DEBUG:colcon.colcon_core.verb:Building package 'naima' with the following arguments: {'ament_cmake_args': None, 'build_base': '/home/men3m/Naima/build/naima', 'catkin_cmake_args': None, 'catkin_skip_building_tests': False, 'cmake_args': None, 'cmake_clean_cache': False, 'cmake_clean_first': False, 'cmake_force_configure': False, 'cmake_target': None, 'cmake_target_skip_unavailable': False, 'install_base': '/home/men3m/Naima/install/naima', 'merge_install': False, 'path': '/home/men3m/Naima/src/naima', 'symlink_install': False, 'test_result_base': None}
[0.641s] Level 5:colcon.colcon_core.verb:set package 'naima_bringup' build argument 'cmake_args' from command line to 'None'
[0.641s] Level 5:colcon.colcon_core.verb:set package 'naima_bringup' build argument 'cmake_target' from command line to 'None'
[0.641s] Level 5:colcon.colcon_core.verb:set package 'naima_bringup' build argument 'cmake_target_skip_unavailable' from command line to 'False'
[0.641s] Level 5:colcon.colcon_core.verb:set package 'naima_bringup' build argument 'cmake_clean_cache' from command line to 'False'
[0.641s] Level 5:colcon.colcon_core.verb:set package 'naima_bringup' build argument 'cmake_clean_first' from command line to 'False'
[0.642s] Level 5:colcon.colcon_core.verb:set package 'naima_bringup' build argument 'cmake_force_configure' from command line to 'False'
[0.642s] Level 5:colcon.colcon_core.verb:set package 'naima_bringup' build argument 'ament_cmake_args' from command line to 'None'
[0.642s] Level 5:colcon.colcon_core.verb:set package 'naima_bringup' build argument 'catkin_cmake_args' from command line to 'None'
[0.642s] Level 5:colcon.colcon_core.verb:set package 'naima_bringup' build argument 'catkin_skip_building_tests' from command line to 'False'
[0.642s] DEBUG:colcon.colcon_core.verb:Building package 'naima_bringup' with the following arguments: {'ament_cmake_args': None, 'build_base': '/home/men3m/Naima/build/naima_bringup', 'catkin_cmake_args': None, 'catkin_skip_building_tests': False, 'cmake_args': None, 'cmake_clean_cache': False, 'cmake_clean_first': False, 'cmake_force_configure': False, 'cmake_target': None, 'cmake_target_skip_unavailable': False, 'install_base': '/home/men3m/Naima/install/naima_bringup', 'merge_install': False, 'path': '/home/men3m/Naima/src/naima_bringup', 'symlink_install': False, 'test_result_base': None}
[0.642s] Level 5:colcon.colcon_core.verb:set package 'naima_control' build argument 'cmake_args' from command line to 'None'
[0.642s] Level 5:colcon.colcon_core.verb:set package 'naima_control' build argument 'cmake_target' from command line to 'None'
[0.642s] Level 5:colcon.colcon_core.verb:set package 'naima_control' build argument 'cmake_target_skip_unavailable' from command line to 'False'
[0.642s] Level 5:colcon.colcon_core.verb:set package 'naima_control' build argument 'cmake_clean_cache' from command line to 'False'
[0.642s] Level 5:colcon.colcon_core.verb:set package 'naima_control' build argument 'cmake_clean_first' from command line to 'False'
[0.642s] Level 5:colcon.colcon_core.verb:set package 'naima_control' build argument 'cmake_force_configure' from command line to 'False'
[0.642s] Level 5:colcon.colcon_core.verb:set package 'naima_control' build argument 'ament_cmake_args' from command line to 'None'
[0.642s] Level 5:colcon.colcon_core.verb:set package 'naima_control' build argument 'catkin_cmake_args' from command line to 'None'
[0.642s] Level 5:colcon.colcon_core.verb:set package 'naima_control' build argument 'catkin_skip_building_tests' from command line to 'False'
[0.642s] DEBUG:colcon.colcon_core.verb:Building package 'naima_control' with the following arguments: {'ament_cmake_args': None, 'build_base': '/home/men3m/Naima/build/naima_control', 'catkin_cmake_args': None, 'catkin_skip_building_tests': False, 'cmake_args': None, 'cmake_clean_cache': False, 'cmake_clean_first': False, 'cmake_force_configure': False, 'cmake_target': None, 'cmake_target_skip_unavailable': False, 'install_base': '/home/men3m/Naima/install/naima_control', 'merge_install': False, 'path': '/home/men3m/Naima/src/naima_control', 'symlink_install': False, 'test_result_base': None}
[0.642s] Level 5:colcon.colcon_core.verb:set package 'naima_description' build argument 'cmake_args' from command line to 'None'
[0.642s] Level 5:colcon.colcon_core.verb:set package 'naima_description' build argument 'cmake_target' from command line to 'None'
[0.642s] Level 5:colcon.colcon_core.verb:set package 'naima_description' build argument 'cmake_target_skip_unavailable' from command line to 'False'
[0.642s] Level 5:colcon.colcon_core.verb:set package 'naima_description' build argument 'cmake_clean_cache' from command line to 'False'
[0.642s] Level 5:colcon.colcon_core.verb:set package 'naima_description' build argument 'cmake_clean_first' from command line to 'False'
[0.642s] Level 5:colcon.colcon_core.verb:set package 'naima_description' build argument 'cmake_force_configure' from command line to 'False'
[0.643s] Level 5:colcon.colcon_core.verb:set package 'naima_description' build argument 'ament_cmake_args' from command line to 'None'
[0.643s] Level 5:colcon.colcon_core.verb:set package 'naima_description' build argument 'catkin_cmake_args' from command line to 'None'
[0.643s] Level 5:colcon.colcon_core.verb:set package 'naima_description' build argument 'catkin_skip_building_tests' from command line to 'False'
[0.643s] DEBUG:colcon.colcon_core.verb:Building package 'naima_description' with the following arguments: {'ament_cmake_args': None, 'build_base': '/home/men3m/Naima/build/naima_description', 'catkin_cmake_args': None, 'catkin_skip_building_tests': False, 'cmake_args': None, 'cmake_clean_cache': False, 'cmake_clean_first': False, 'cmake_force_configure': False, 'cmake_target': None, 'cmake_target_skip_unavailable': False, 'install_base': '/home/men3m/Naima/install/naima_description', 'merge_install': False, 'path': '/home/men3m/Naima/src/naima_description', 'symlink_install': False, 'test_result_base': None}
[0.643s] Level 5:colcon.colcon_core.verb:set package 'naima_localization' build argument 'cmake_args' from command line to 'None'
[0.643s] Level 5:colcon.colcon_core.verb:set package 'naima_localization' build argument 'cmake_target' from command line to 'None'
[0.643s] Level 5:colcon.colcon_core.verb:set package 'naima_localization' build argument 'cmake_target_skip_unavailable' from command line to 'False'
[0.643s] Level 5:colcon.colcon_core.verb:set package 'naima_localization' build argument 'cmake_clean_cache' from command line to 'False'
[0.643s] Level 5:colcon.colcon_core.verb:set package 'naima_localization' build argument 'cmake_clean_first' from command line to 'False'
[0.643s] Level 5:colcon.colcon_core.verb:set package 'naima_localization' build argument 'cmake_force_configure' from command line to 'False'
[0.643s] Level 5:colcon.colcon_core.verb:set package 'naima_localization' build argument 'ament_cmake_args' from command line to 'None'
[0.643s] Level 5:colcon.colcon_core.verb:set package 'naima_localization' build argument 'catkin_cmake_args' from command line to 'None'
[0.643s] Level 5:colcon.colcon_core.verb:set package 'naima_localization' build argument 'catkin_skip_building_tests' from command line to 'False'
[0.643s] DEBUG:colcon.colcon_core.verb:Building package 'naima_localization' with the following arguments: {'ament_cmake_args': None, 'build_base': '/home/men3m/Naima/build/naima_localization', 'catkin_cmake_args': None, 'catkin_skip_building_tests': False, 'cmake_args': None, 'cmake_clean_cache': False, 'cmake_clean_first': False, 'cmake_force_configure': False, 'cmake_target': None, 'cmake_target_skip_unavailable': False, 'install_base': '/home/men3m/Naima/install/naima_localization', 'merge_install': False, 'path': '/home/men3m/Naima/src/naima_localization', 'symlink_install': False, 'test_result_base': None}
[0.643s] Level 5:colcon.colcon_core.verb:set package 'naima_mapping' build argument 'cmake_args' from command line to 'None'
[0.643s] Level 5:colcon.colcon_core.verb:set package 'naima_mapping' build argument 'cmake_target' from command line to 'None'
[0.643s] Level 5:colcon.colcon_core.verb:set package 'naima_mapping' build argument 'cmake_target_skip_unavailable' from command line to 'False'
[0.643s] Level 5:colcon.colcon_core.verb:set package 'naima_mapping' build argument 'cmake_clean_cache' from command line to 'False'
[0.643s] Level 5:colcon.colcon_core.verb:set package 'naima_mapping' build argument 'cmake_clean_first' from command line to 'False'
[0.643s] Level 5:colcon.colcon_core.verb:set package 'naima_mapping' build argument 'cmake_force_configure' from command line to 'False'
[0.643s] Level 5:colcon.colcon_core.verb:set package 'naima_mapping' build argument 'ament_cmake_args' from command line to 'None'
[0.643s] Level 5:colcon.colcon_core.verb:set package 'naima_mapping' build argument 'catkin_cmake_args' from command line to 'None'
[0.643s] Level 5:colcon.colcon_core.verb:set package 'naima_mapping' build argument 'catkin_skip_building_tests' from command line to 'False'
[0.644s] DEBUG:colcon.colcon_core.verb:Building package 'naima_mapping' with the following arguments: {'ament_cmake_args': None, 'build_base': '/home/men3m/Naima/build/naima_mapping', 'catkin_cmake_args': None, 'catkin_skip_building_tests': False, 'cmake_args': None, 'cmake_clean_cache': False, 'cmake_clean_first': False, 'cmake_force_configure': False, 'cmake_target': None, 'cmake_target_skip_unavailable': False, 'install_base': '/home/men3m/Naima/install/naima_mapping', 'merge_install': False, 'path': '/home/men3m/Naima/src/naima_mapping', 'symlink_install': False, 'test_result_base': None}
[0.644s] Level 5:colcon.colcon_core.verb:set package 'naima_msgs' build argument 'cmake_args' from command line to 'None'
[0.644s] Level 5:colcon.colcon_core.verb:set package 'naima_msgs' build argument 'cmake_target' from command line to 'None'
[0.644s] Level 5:colcon.colcon_core.verb:set package 'naima_msgs' build argument 'cmake_target_skip_unavailable' from command line to 'False'
[0.644s] Level 5:colcon.colcon_core.verb:set package 'naima_msgs' build argument 'cmake_clean_cache' from command line to 'False'
[0.644s] Level 5:colcon.colcon_core.verb:set package 'naima_msgs' build argument 'cmake_clean_first' from command line to 'False'
[0.644s] Level 5:colcon.colcon_core.verb:set package 'naima_msgs' build argument 'cmake_force_configure' from command line to 'False'
[0.644s] Level 5:colcon.colcon_core.verb:set package 'naima_msgs' build argument 'ament_cmake_args' from command line to 'None'
[0.644s] Level 5:colcon.colcon_core.verb:set package 'naima_msgs' build argument 'catkin_cmake_args' from command line to 'None'
[0.644s] Level 5:colcon.colcon_core.verb:set package 'naima_msgs' build argument 'catkin_skip_building_tests' from command line to 'False'
[0.644s] DEBUG:colcon.colcon_core.verb:Building package 'naima_msgs' with the following arguments: {'ament_cmake_args': None, 'build_base': '/home/men3m/Naima/build/naima_msgs', 'catkin_cmake_args': None, 'catkin_skip_building_tests': False, 'cmake_args': None, 'cmake_clean_cache': False, 'cmake_clean_first': False, 'cmake_force_configure': False, 'cmake_target': None, 'cmake_target_skip_unavailable': False, 'install_base': '/home/men3m/Naima/install/naima_msgs', 'merge_install': False, 'path': '/home/men3m/Naima/src/naima_msgs', 'symlink_install': False, 'test_result_base': None}
[0.644s] Level 5:colcon.colcon_core.verb:set package 'rviz_plugin_zed_od' build argument 'cmake_args' from command line to 'None'
[0.644s] Level 5:colcon.colcon_core.verb:set package 'rviz_plugin_zed_od' build argument 'cmake_target' from command line to 'None'
[0.644s] Level 5:colcon.colcon_core.verb:set package 'rviz_plugin_zed_od' build argument 'cmake_target_skip_unavailable' from command line to 'False'
[0.644s] Level 5:colcon.colcon_core.verb:set package 'rviz_plugin_zed_od' build argument 'cmake_clean_cache' from command line to 'False'
[0.644s] Level 5:colcon.colcon_core.verb:set package 'rviz_plugin_zed_od' build argument 'cmake_clean_first' from command line to 'False'
[0.644s] Level 5:colcon.colcon_core.verb:set package 'rviz_plugin_zed_od' build argument 'cmake_force_configure' from command line to 'False'
[0.644s] Level 5:colcon.colcon_core.verb:set package 'rviz_plugin_zed_od' build argument 'ament_cmake_args' from command line to 'None'
[0.644s] Level 5:colcon.colcon_core.verb:set package 'rviz_plugin_zed_od' build argument 'catkin_cmake_args' from command line to 'None'
[0.645s] Level 5:colcon.colcon_core.verb:set package 'rviz_plugin_zed_od' build argument 'catkin_skip_building_tests' from command line to 'False'
[0.645s] DEBUG:colcon.colcon_core.verb:Building package 'rviz_plugin_zed_od' with the following arguments: {'ament_cmake_args': None, 'build_base': '/home/men3m/Naima/build/rviz_plugin_zed_od', 'catkin_cmake_args': None, 'catkin_skip_building_tests': False, 'cmake_args': None, 'cmake_clean_cache': False, 'cmake_clean_first': False, 'cmake_force_configure': False, 'cmake_target': None, 'cmake_target_skip_unavailable': False, 'install_base': '/home/men3m/Naima/install/rviz_plugin_zed_od', 'merge_install': False, 'path': '/home/men3m/Naima/src/zed-ros2-examples/rviz-plugin-zed-od', 'symlink_install': False, 'test_result_base': None}
[0.645s] Level 5:colcon.colcon_core.verb:set package 'ublox_serialization' build argument 'cmake_args' from command line to 'None'
[0.645s] Level 5:colcon.colcon_core.verb:set package 'ublox_serialization' build argument 'cmake_target' from command line to 'None'
[0.645s] Level 5:colcon.colcon_core.verb:set package 'ublox_serialization' build argument 'cmake_target_skip_unavailable' from command line to 'False'
[0.645s] Level 5:colcon.colcon_core.verb:set package 'ublox_serialization' build argument 'cmake_clean_cache' from command line to 'False'
[0.645s] Level 5:colcon.colcon_core.verb:set package 'ublox_serialization' build argument 'cmake_clean_first' from command line to 'False'
[0.645s] Level 5:colcon.colcon_core.verb:set package 'ublox_serialization' build argument 'cmake_force_configure' from command line to 'False'
[0.645s] Level 5:colcon.colcon_core.verb:set package 'ublox_serialization' build argument 'ament_cmake_args' from command line to 'None'
[0.645s] Level 5:colcon.colcon_core.verb:set package 'ublox_serialization' build argument 'catkin_cmake_args' from command line to 'None'
[0.645s] Level 5:colcon.colcon_core.verb:set package 'ublox_serialization' build argument 'catkin_skip_building_tests' from command line to 'False'
[0.645s] DEBUG:colcon.colcon_core.verb:Building package 'ublox_serialization' with the following arguments: {'ament_cmake_args': None, 'build_base': '/home/men3m/Naima/build/ublox_serialization', 'catkin_cmake_args': None, 'catkin_skip_building_tests': False, 'cmake_args': None, 'cmake_clean_cache': False, 'cmake_clean_first': False, 'cmake_force_configure': False, 'cmake_target': None, 'cmake_target_skip_unavailable': False, 'install_base': '/home/men3m/Naima/install/ublox_serialization', 'merge_install': False, 'path': '/home/men3m/Naima/src/naima_ublox_gps/ublox_serialization', 'symlink_install': False, 'test_result_base': None}
[0.646s] Level 5:colcon.colcon_core.verb:set package 'zed_components' build argument 'cmake_args' from command line to 'None'
[0.646s] Level 5:colcon.colcon_core.verb:set package 'zed_components' build argument 'cmake_target' from command line to 'None'
[0.646s] Level 5:colcon.colcon_core.verb:set package 'zed_components' build argument 'cmake_target_skip_unavailable' from command line to 'False'
[0.646s] Level 5:colcon.colcon_core.verb:set package 'zed_components' build argument 'cmake_clean_cache' from command line to 'False'
[0.646s] Level 5:colcon.colcon_core.verb:set package 'zed_components' build argument 'cmake_clean_first' from command line to 'False'
[0.646s] Level 5:colcon.colcon_core.verb:set package 'zed_components' build argument 'cmake_force_configure' from command line to 'False'
[0.646s] Level 5:colcon.colcon_core.verb:set package 'zed_components' build argument 'ament_cmake_args' from command line to 'None'
[0.646s] Level 5:colcon.colcon_core.verb:set package 'zed_components' build argument 'catkin_cmake_args' from command line to 'None'
[0.646s] Level 5:colcon.colcon_core.verb:set package 'zed_components' build argument 'catkin_skip_building_tests' from command line to 'False'
[0.646s] DEBUG:colcon.colcon_core.verb:Building package 'zed_components' with the following arguments: {'ament_cmake_args': None, 'build_base': '/home/men3m/Naima/build/zed_components', 'catkin_cmake_args': None, 'catkin_skip_building_tests': False, 'cmake_args': None, 'cmake_clean_cache': False, 'cmake_clean_first': False, 'cmake_force_configure': False, 'cmake_target': None, 'cmake_target_skip_unavailable': False, 'install_base': '/home/men3m/Naima/install/zed_components', 'merge_install': False, 'path': '/home/men3m/Naima/src/zed-ros2-wrapper/zed_components', 'symlink_install': False, 'test_result_base': None}
[0.647s] Level 5:colcon.colcon_core.verb:set package 'zed_topic_benchmark_interfaces' build argument 'cmake_args' from command line to 'None'
[0.647s] Level 5:colcon.colcon_core.verb:set package 'zed_topic_benchmark_interfaces' build argument 'cmake_target' from command line to 'None'
[0.647s] Level 5:colcon.colcon_core.verb:set package 'zed_topic_benchmark_interfaces' build argument 'cmake_target_skip_unavailable' from command line to 'False'
[0.647s] Level 5:colcon.colcon_core.verb:set package 'zed_topic_benchmark_interfaces' build argument 'cmake_clean_cache' from command line to 'False'
[0.647s] Level 5:colcon.colcon_core.verb:set package 'zed_topic_benchmark_interfaces' build argument 'cmake_clean_first' from command line to 'False'
[0.647s] Level 5:colcon.colcon_core.verb:set package 'zed_topic_benchmark_interfaces' build argument 'cmake_force_configure' from command line to 'False'
[0.647s] Level 5:colcon.colcon_core.verb:set package 'zed_topic_benchmark_interfaces' build argument 'ament_cmake_args' from command line to 'None'
[0.647s] Level 5:colcon.colcon_core.verb:set package 'zed_topic_benchmark_interfaces' build argument 'catkin_cmake_args' from command line to 'None'
[0.647s] Level 5:colcon.colcon_core.verb:set package 'zed_topic_benchmark_interfaces' build argument 'catkin_skip_building_tests' from command line to 'False'
[0.647s] DEBUG:colcon.colcon_core.verb:Building package 'zed_topic_benchmark_interfaces' with the following arguments: {'ament_cmake_args': None, 'build_base': '/home/men3m/Naima/build/zed_topic_benchmark_interfaces', 'catkin_cmake_args': None, 'catkin_skip_building_tests': False, 'cmake_args': None, 'cmake_clean_cache': False, 'cmake_clean_first': False, 'cmake_force_configure': False, 'cmake_target': None, 'cmake_target_skip_unavailable': False, 'install_base': '/home/men3m/Naima/install/zed_topic_benchmark_interfaces', 'merge_install': False, 'path': '/home/men3m/Naima/src/zed-ros2-examples/tools/zed_benchmark_interfaces', 'symlink_install': False, 'test_result_base': None}
[0.647s] Level 5:colcon.colcon_core.verb:set package 'zed_tutorial_depth' build argument 'cmake_args' from command line to 'None'
[0.647s] Level 5:colcon.colcon_core.verb:set package 'zed_tutorial_depth' build argument 'cmake_target' from command line to 'None'
[0.647s] Level 5:colcon.colcon_core.verb:set package 'zed_tutorial_depth' build argument 'cmake_target_skip_unavailable' from command line to 'False'
[0.647s] Level 5:colcon.colcon_core.verb:set package 'zed_tutorial_depth' build argument 'cmake_clean_cache' from command line to 'False'
[0.647s] Level 5:colcon.colcon_core.verb:set package 'zed_tutorial_depth' build argument 'cmake_clean_first' from command line to 'False'
[0.647s] Level 5:colcon.colcon_core.verb:set package 'zed_tutorial_depth' build argument 'cmake_force_configure' from command line to 'False'
[0.647s] Level 5:colcon.colcon_core.verb:set package 'zed_tutorial_depth' build argument 'ament_cmake_args' from command line to 'None'
[0.647s] Level 5:colcon.colcon_core.verb:set package 'zed_tutorial_depth' build argument 'catkin_cmake_args' from command line to 'None'
[0.647s] Level 5:colcon.colcon_core.verb:set package 'zed_tutorial_depth' build argument 'catkin_skip_building_tests' from command line to 'False'
[0.647s] DEBUG:colcon.colcon_core.verb:Building package 'zed_tutorial_depth' with the following arguments: {'ament_cmake_args': None, 'build_base': '/home/men3m/Naima/build/zed_tutorial_depth', 'catkin_cmake_args': None, 'catkin_skip_building_tests': False, 'cmake_args': None, 'cmake_clean_cache': False, 'cmake_clean_first': False, 'cmake_force_configure': False, 'cmake_target': None, 'cmake_target_skip_unavailable': False, 'install_base': '/home/men3m/Naima/install/zed_tutorial_depth', 'merge_install': False, 'path': '/home/men3m/Naima/src/zed-ros2-examples/tutorials/zed_depth_tutorial', 'symlink_install': False, 'test_result_base': None}
[0.648s] Level 5:colcon.colcon_core.verb:set package 'zed_tutorial_pos_tracking' build argument 'cmake_args' from command line to 'None'
[0.648s] Level 5:colcon.colcon_core.verb:set package 'zed_tutorial_pos_tracking' build argument 'cmake_target' from command line to 'None'
[0.648s] Level 5:colcon.colcon_core.verb:set package 'zed_tutorial_pos_tracking' build argument 'cmake_target_skip_unavailable' from command line to 'False'
[0.648s] Level 5:colcon.colcon_core.verb:set package 'zed_tutorial_pos_tracking' build argument 'cmake_clean_cache' from command line to 'False'
[0.648s] Level 5:colcon.colcon_core.verb:set package 'zed_tutorial_pos_tracking' build argument 'cmake_clean_first' from command line to 'False'
[0.648s] Level 5:colcon.colcon_core.verb:set package 'zed_tutorial_pos_tracking' build argument 'cmake_force_configure' from command line to 'False'
[0.648s] Level 5:colcon.colcon_core.verb:set package 'zed_tutorial_pos_tracking' build argument 'ament_cmake_args' from command line to 'None'
[0.648s] Level 5:colcon.colcon_core.verb:set package 'zed_tutorial_pos_tracking' build argument 'catkin_cmake_args' from command line to 'None'
[0.648s] Level 5:colcon.colcon_core.verb:set package 'zed_tutorial_pos_tracking' build argument 'catkin_skip_building_tests' from command line to 'False'
[0.648s] DEBUG:colcon.colcon_core.verb:Building package 'zed_tutorial_pos_tracking' with the following arguments: {'ament_cmake_args': None, 'build_base': '/home/men3m/Naima/build/zed_tutorial_pos_tracking', 'catkin_cmake_args': None, 'catkin_skip_building_tests': False, 'cmake_args': None, 'cmake_clean_cache': False, 'cmake_clean_first': False, 'cmake_force_configure': False, 'cmake_target': None, 'cmake_target_skip_unavailable': False, 'install_base': '/home/men3m/Naima/install/zed_tutorial_pos_tracking', 'merge_install': False, 'path': '/home/men3m/Naima/src/zed-ros2-examples/tutorials/zed_pose_tutorial', 'symlink_install': False, 'test_result_base': None}
[0.648s] Level 5:colcon.colcon_core.verb:set package 'zed_tutorial_video' build argument 'cmake_args' from command line to 'None'
[0.648s] Level 5:colcon.colcon_core.verb:set package 'zed_tutorial_video' build argument 'cmake_target' from command line to 'None'
[0.648s] Level 5:colcon.colcon_core.verb:set package 'zed_tutorial_video' build argument 'cmake_target_skip_unavailable' from command line to 'False'
[0.648s] Level 5:colcon.colcon_core.verb:set package 'zed_tutorial_video' build argument 'cmake_clean_cache' from command line to 'False'
[0.648s] Level 5:colcon.colcon_core.verb:set package 'zed_tutorial_video' build argument 'cmake_clean_first' from command line to 'False'
[0.648s] Level 5:colcon.colcon_core.verb:set package 'zed_tutorial_video' build argument 'cmake_force_configure' from command line to 'False'
[0.648s] Level 5:colcon.colcon_core.verb:set package 'zed_tutorial_video' build argument 'ament_cmake_args' from command line to 'None'
[0.648s] Level 5:colcon.colcon_core.verb:set package 'zed_tutorial_video' build argument 'catkin_cmake_args' from command line to 'None'
[0.648s] Level 5:colcon.colcon_core.verb:set package 'zed_tutorial_video' build argument 'catkin_skip_building_tests' from command line to 'False'
[0.648s] DEBUG:colcon.colcon_core.verb:Building package 'zed_tutorial_video' with the following arguments: {'ament_cmake_args': None, 'build_base': '/home/men3m/Naima/build/zed_tutorial_video', 'catkin_cmake_args': None, 'catkin_skip_building_tests': False, 'cmake_args': None, 'cmake_clean_cache': False, 'cmake_clean_first': False, 'cmake_force_configure': False, 'cmake_target': None, 'cmake_target_skip_unavailable': False, 'install_base': '/home/men3m/Naima/install/zed_tutorial_video', 'merge_install': False, 'path': '/home/men3m/Naima/src/zed-ros2-examples/tutorials/zed_video_tutorial', 'symlink_install': False, 'test_result_base': None}
[0.648s] Level 5:colcon.colcon_core.verb:set package 'naima_examples' build argument 'cmake_args' from command line to 'None'
[0.648s] Level 5:colcon.colcon_core.verb:set package 'naima_examples' build argument 'cmake_target' from command line to 'None'
[0.649s] Level 5:colcon.colcon_core.verb:set package 'naima_examples' build argument 'cmake_target_skip_unavailable' from command line to 'False'
[0.649s] Level 5:colcon.colcon_core.verb:set package 'naima_examples' build argument 'cmake_clean_cache' from command line to 'False'
[0.649s] Level 5:colcon.colcon_core.verb:set package 'naima_examples' build argument 'cmake_clean_first' from command line to 'False'
[0.649s] Level 5:colcon.colcon_core.verb:set package 'naima_examples' build argument 'cmake_force_configure' from command line to 'False'
[0.649s] Level 5:colcon.colcon_core.verb:set package 'naima_examples' build argument 'ament_cmake_args' from command line to 'None'
[0.649s] Level 5:colcon.colcon_core.verb:set package 'naima_examples' build argument 'catkin_cmake_args' from command line to 'None'
[0.649s] Level 5:colcon.colcon_core.verb:set package 'naima_examples' build argument 'catkin_skip_building_tests' from command line to 'False'
[0.649s] DEBUG:colcon.colcon_core.verb:Building package 'naima_examples' with the following arguments: {'ament_cmake_args': None, 'build_base': '/home/men3m/Naima/build/naima_examples', 'catkin_cmake_args': None, 'catkin_skip_building_tests': False, 'cmake_args': None, 'cmake_clean_cache': False, 'cmake_clean_first': False, 'cmake_force_configure': False, 'cmake_target': None, 'cmake_target_skip_unavailable': False, 'install_base': '/home/men3m/Naima/install/naima_examples', 'merge_install': False, 'path': '/home/men3m/Naima/src/naima_examples', 'symlink_install': False, 'test_result_base': None}
[0.649s] Level 5:colcon.colcon_core.verb:set package 'ublox_msgs' build argument 'cmake_args' from command line to 'None'
[0.649s] Level 5:colcon.colcon_core.verb:set package 'ublox_msgs' build argument 'cmake_target' from command line to 'None'
[0.649s] Level 5:colcon.colcon_core.verb:set package 'ublox_msgs' build argument 'cmake_target_skip_unavailable' from command line to 'False'
[0.649s] Level 5:colcon.colcon_core.verb:set package 'ublox_msgs' build argument 'cmake_clean_cache' from command line to 'False'
[0.649s] Level 5:colcon.colcon_core.verb:set package 'ublox_msgs' build argument 'cmake_clean_first' from command line to 'False'
[0.649s] Level 5:colcon.colcon_core.verb:set package 'ublox_msgs' build argument 'cmake_force_configure' from command line to 'False'
[0.649s] Level 5:colcon.colcon_core.verb:set package 'ublox_msgs' build argument 'ament_cmake_args' from command line to 'None'
[0.649s] Level 5:colcon.colcon_core.verb:set package 'ublox_msgs' build argument 'catkin_cmake_args' from command line to 'None'
[0.649s] Level 5:colcon.colcon_core.verb:set package 'ublox_msgs' build argument 'catkin_skip_building_tests' from command line to 'False'
[0.649s] DEBUG:colcon.colcon_core.verb:Building package 'ublox_msgs' with the following arguments: {'ament_cmake_args': None, 'build_base': '/home/men3m/Naima/build/ublox_msgs', 'catkin_cmake_args': None, 'catkin_skip_building_tests': False, 'cmake_args': None, 'cmake_clean_cache': False, 'cmake_clean_first': False, 'cmake_force_configure': False, 'cmake_target': None, 'cmake_target_skip_unavailable': False, 'install_base': '/home/men3m/Naima/install/ublox_msgs', 'merge_install': False, 'path': '/home/men3m/Naima/src/naima_ublox_gps/ublox_msgs', 'symlink_install': False, 'test_result_base': None}
[0.649s] Level 5:colcon.colcon_core.verb:set package 'zed_aruco_localization' build argument 'cmake_args' from command line to 'None'
[0.649s] Level 5:colcon.colcon_core.verb:set package 'zed_aruco_localization' build argument 'cmake_target' from command line to 'None'
[0.649s] Level 5:colcon.colcon_core.verb:set package 'zed_aruco_localization' build argument 'cmake_target_skip_unavailable' from command line to 'False'
[0.649s] Level 5:colcon.colcon_core.verb:set package 'zed_aruco_localization' build argument 'cmake_clean_cache' from command line to 'False'
[0.649s] Level 5:colcon.colcon_core.verb:set package 'zed_aruco_localization' build argument 'cmake_clean_first' from command line to 'False'
[0.649s] Level 5:colcon.colcon_core.verb:set package 'zed_aruco_localization' build argument 'cmake_force_configure' from command line to 'False'
[0.649s] Level 5:colcon.colcon_core.verb:set package 'zed_aruco_localization' build argument 'ament_cmake_args' from command line to 'None'
[0.649s] Level 5:colcon.colcon_core.verb:set package 'zed_aruco_localization' build argument 'catkin_cmake_args' from command line to 'None'
[0.650s] Level 5:colcon.colcon_core.verb:set package 'zed_aruco_localization' build argument 'catkin_skip_building_tests' from command line to 'False'
[0.650s] DEBUG:colcon.colcon_core.verb:Building package 'zed_aruco_localization' with the following arguments: {'ament_cmake_args': None, 'build_base': '/home/men3m/Naima/build/zed_aruco_localization', 'catkin_cmake_args': None, 'catkin_skip_building_tests': False, 'cmake_args': None, 'cmake_clean_cache': False, 'cmake_clean_first': False, 'cmake_force_configure': False, 'cmake_target': None, 'cmake_target_skip_unavailable': False, 'install_base': '/home/men3m/Naima/install/zed_aruco_localization', 'merge_install': False, 'path': '/home/men3m/Naima/src/zed-ros2-examples/examples/zed_aruco_localization', 'symlink_install': False, 'test_result_base': None}
[0.650s] Level 5:colcon.colcon_core.verb:set package 'zed_rgb_convert' build argument 'cmake_args' from command line to 'None'
[0.650s] Level 5:colcon.colcon_core.verb:set package 'zed_rgb_convert' build argument 'cmake_target' from command line to 'None'
[0.650s] Level 5:colcon.colcon_core.verb:set package 'zed_rgb_convert' build argument 'cmake_target_skip_unavailable' from command line to 'False'
[0.650s] Level 5:colcon.colcon_core.verb:set package 'zed_rgb_convert' build argument 'cmake_clean_cache' from command line to 'False'
[0.650s] Level 5:colcon.colcon_core.verb:set package 'zed_rgb_convert' build argument 'cmake_clean_first' from command line to 'False'
[0.650s] Level 5:colcon.colcon_core.verb:set package 'zed_rgb_convert' build argument 'cmake_force_configure' from command line to 'False'
[0.650s] Level 5:colcon.colcon_core.verb:set package 'zed_rgb_convert' build argument 'ament_cmake_args' from command line to 'None'
[0.650s] Level 5:colcon.colcon_core.verb:set package 'zed_rgb_convert' build argument 'catkin_cmake_args' from command line to 'None'
[0.650s] Level 5:colcon.colcon_core.verb:set package 'zed_rgb_convert' build argument 'catkin_skip_building_tests' from command line to 'False'
[0.650s] DEBUG:colcon.colcon_core.verb:Building package 'zed_rgb_convert' with the following arguments: {'ament_cmake_args': None, 'build_base': '/home/men3m/Naima/build/zed_rgb_convert', 'catkin_cmake_args': None, 'catkin_skip_building_tests': False, 'cmake_args': None, 'cmake_clean_cache': False, 'cmake_clean_first': False, 'cmake_force_configure': False, 'cmake_target': None, 'cmake_target_skip_unavailable': False, 'install_base': '/home/men3m/Naima/install/zed_rgb_convert', 'merge_install': False, 'path': '/home/men3m/Naima/src/zed-ros2-examples/tutorials/zed_rgb_convert', 'symlink_install': False, 'test_result_base': None}
[0.650s] Level 5:colcon.colcon_core.verb:set package 'zed_topic_benchmark_component' build argument 'cmake_args' from command line to 'None'
[0.650s] Level 5:colcon.colcon_core.verb:set package 'zed_topic_benchmark_component' build argument 'cmake_target' from command line to 'None'
[0.650s] Level 5:colcon.colcon_core.verb:set package 'zed_topic_benchmark_component' build argument 'cmake_target_skip_unavailable' from command line to 'False'
[0.650s] Level 5:colcon.colcon_core.verb:set package 'zed_topic_benchmark_component' build argument 'cmake_clean_cache' from command line to 'False'
[0.650s] Level 5:colcon.colcon_core.verb:set package 'zed_topic_benchmark_component' build argument 'cmake_clean_first' from command line to 'False'
[0.650s] Level 5:colcon.colcon_core.verb:set package 'zed_topic_benchmark_component' build argument 'cmake_force_configure' from command line to 'False'
[0.650s] Level 5:colcon.colcon_core.verb:set package 'zed_topic_benchmark_component' build argument 'ament_cmake_args' from command line to 'None'
[0.650s] Level 5:colcon.colcon_core.verb:set package 'zed_topic_benchmark_component' build argument 'catkin_cmake_args' from command line to 'None'
[0.650s] Level 5:colcon.colcon_core.verb:set package 'zed_topic_benchmark_component' build argument 'catkin_skip_building_tests' from command line to 'False'
[0.650s] DEBUG:colcon.colcon_core.verb:Building package 'zed_topic_benchmark_component' with the following arguments: {'ament_cmake_args': None, 'build_base': '/home/men3m/Naima/build/zed_topic_benchmark_component', 'catkin_cmake_args': None, 'catkin_skip_building_tests': False, 'cmake_args': None, 'cmake_clean_cache': False, 'cmake_clean_first': False, 'cmake_force_configure': False, 'cmake_target': None, 'cmake_target_skip_unavailable': False, 'install_base': '/home/men3m/Naima/install/zed_topic_benchmark_component', 'merge_install': False, 'path': '/home/men3m/Naima/src/zed-ros2-examples/tools/zed_benchmark_component', 'symlink_install': False, 'test_result_base': None}
[0.651s] Level 5:colcon.colcon_core.verb:set package 'zed_wrapper' build argument 'cmake_args' from command line to 'None'
[0.651s] Level 5:colcon.colcon_core.verb:set package 'zed_wrapper' build argument 'cmake_target' from command line to 'None'
[0.651s] Level 5:colcon.colcon_core.verb:set package 'zed_wrapper' build argument 'cmake_target_skip_unavailable' from command line to 'False'
[0.651s] Level 5:colcon.colcon_core.verb:set package 'zed_wrapper' build argument 'cmake_clean_cache' from command line to 'False'
[0.651s] Level 5:colcon.colcon_core.verb:set package 'zed_wrapper' build argument 'cmake_clean_first' from command line to 'False'
[0.651s] Level 5:colcon.colcon_core.verb:set package 'zed_wrapper' build argument 'cmake_force_configure' from command line to 'False'
[0.651s] Level 5:colcon.colcon_core.verb:set package 'zed_wrapper' build argument 'ament_cmake_args' from command line to 'None'
[0.651s] Level 5:colcon.colcon_core.verb:set package 'zed_wrapper' build argument 'catkin_cmake_args' from command line to 'None'
[0.651s] Level 5:colcon.colcon_core.verb:set package 'zed_wrapper' build argument 'catkin_skip_building_tests' from command line to 'False'
[0.651s] DEBUG:colcon.colcon_core.verb:Building package 'zed_wrapper' with the following arguments: {'ament_cmake_args': None, 'build_base': '/home/men3m/Naima/build/zed_wrapper', 'catkin_cmake_args': None, 'catkin_skip_building_tests': False, 'cmake_args': None, 'cmake_clean_cache': False, 'cmake_clean_first': False, 'cmake_force_configure': False, 'cmake_target': None, 'cmake_target_skip_unavailable': False, 'install_base': '/home/men3m/Naima/install/zed_wrapper', 'merge_install': False, 'path': '/home/men3m/Naima/src/zed-ros2-wrapper/zed_wrapper', 'symlink_install': False, 'test_result_base': None}
[0.651s] Level 5:colcon.colcon_core.verb:set package 'ublox_gps' build argument 'cmake_args' from command line to 'None'
[0.651s] Level 5:colcon.colcon_core.verb:set package 'ublox_gps' build argument 'cmake_target' from command line to 'None'
[0.651s] Level 5:colcon.colcon_core.verb:set package 'ublox_gps' build argument 'cmake_target_skip_unavailable' from command line to 'False'
[0.651s] Level 5:colcon.colcon_core.verb:set package 'ublox_gps' build argument 'cmake_clean_cache' from command line to 'False'
[0.651s] Level 5:colcon.colcon_core.verb:set package 'ublox_gps' build argument 'cmake_clean_first' from command line to 'False'
[0.651s] Level 5:colcon.colcon_core.verb:set package 'ublox_gps' build argument 'cmake_force_configure' from command line to 'False'
[0.651s] Level 5:colcon.colcon_core.verb:set package 'ublox_gps' build argument 'ament_cmake_args' from command line to 'None'
[0.651s] Level 5:colcon.colcon_core.verb:set package 'ublox_gps' build argument 'catkin_cmake_args' from command line to 'None'
[0.651s] Level 5:colcon.colcon_core.verb:set package 'ublox_gps' build argument 'catkin_skip_building_tests' from command line to 'False'
[0.651s] DEBUG:colcon.colcon_core.verb:Building package 'ublox_gps' with the following arguments: {'ament_cmake_args': None, 'build_base': '/home/men3m/Naima/build/ublox_gps', 'catkin_cmake_args': None, 'catkin_skip_building_tests': False, 'cmake_args': None, 'cmake_clean_cache': False, 'cmake_clean_first': False, 'cmake_force_configure': False, 'cmake_target': None, 'cmake_target_skip_unavailable': False, 'install_base': '/home/men3m/Naima/install/ublox_gps', 'merge_install': False, 'path': '/home/men3m/Naima/src/naima_ublox_gps/ublox_gps', 'symlink_install': False, 'test_result_base': None}
[0.652s] Level 5:colcon.colcon_core.verb:set package 'zed_depth_to_laserscan' build argument 'cmake_args' from command line to 'None'
[0.652s] Level 5:colcon.colcon_core.verb:set package 'zed_depth_to_laserscan' build argument 'cmake_target' from command line to 'None'
[0.652s] Level 5:colcon.colcon_core.verb:set package 'zed_depth_to_laserscan' build argument 'cmake_target_skip_unavailable' from command line to 'False'
[0.652s] Level 5:colcon.colcon_core.verb:set package 'zed_depth_to_laserscan' build argument 'cmake_clean_cache' from command line to 'False'
[0.652s] Level 5:colcon.colcon_core.verb:set package 'zed_depth_to_laserscan' build argument 'cmake_clean_first' from command line to 'False'
[0.652s] Level 5:colcon.colcon_core.verb:set package 'zed_depth_to_laserscan' build argument 'cmake_force_configure' from command line to 'False'
[0.652s] Level 5:colcon.colcon_core.verb:set package 'zed_depth_to_laserscan' build argument 'ament_cmake_args' from command line to 'None'
[0.652s] Level 5:colcon.colcon_core.verb:set package 'zed_depth_to_laserscan' build argument 'catkin_cmake_args' from command line to 'None'
[0.652s] Level 5:colcon.colcon_core.verb:set package 'zed_depth_to_laserscan' build argument 'catkin_skip_building_tests' from command line to 'False'
[0.652s] DEBUG:colcon.colcon_core.verb:Building package 'zed_depth_to_laserscan' with the following arguments: {'ament_cmake_args': None, 'build_base': '/home/men3m/Naima/build/zed_depth_to_laserscan', 'catkin_cmake_args': None, 'catkin_skip_building_tests': False, 'cmake_args': None, 'cmake_clean_cache': False, 'cmake_clean_first': False, 'cmake_force_configure': False, 'cmake_target': None, 'cmake_target_skip_unavailable': False, 'install_base': '/home/men3m/Naima/install/zed_depth_to_laserscan', 'merge_install': False, 'path': '/home/men3m/Naima/src/zed-ros2-examples/examples/zed_depth_to_laserscan', 'symlink_install': False, 'test_result_base': None}
[0.652s] Level 5:colcon.colcon_core.verb:set package 'zed_display_rviz2' build argument 'cmake_args' from command line to 'None'
[0.652s] Level 5:colcon.colcon_core.verb:set package 'zed_display_rviz2' build argument 'cmake_target' from command line to 'None'
[0.652s] Level 5:colcon.colcon_core.verb:set package 'zed_display_rviz2' build argument 'cmake_target_skip_unavailable' from command line to 'False'
[0.652s] Level 5:colcon.colcon_core.verb:set package 'zed_display_rviz2' build argument 'cmake_clean_cache' from command line to 'False'
[0.652s] Level 5:colcon.colcon_core.verb:set package 'zed_display_rviz2' build argument 'cmake_clean_first' from command line to 'False'
[0.652s] Level 5:colcon.colcon_core.verb:set package 'zed_display_rviz2' build argument 'cmake_force_configure' from command line to 'False'
[0.652s] Level 5:colcon.colcon_core.verb:set package 'zed_display_rviz2' build argument 'ament_cmake_args' from command line to 'None'
[0.652s] Level 5:colcon.colcon_core.verb:set package 'zed_display_rviz2' build argument 'catkin_cmake_args' from command line to 'None'
[0.652s] Level 5:colcon.colcon_core.verb:set package 'zed_display_rviz2' build argument 'catkin_skip_building_tests' from command line to 'False'
[0.652s] DEBUG:colcon.colcon_core.verb:Building package 'zed_display_rviz2' with the following arguments: {'ament_cmake_args': None, 'build_base': '/home/men3m/Naima/build/zed_display_rviz2', 'catkin_cmake_args': None, 'catkin_skip_building_tests': False, 'cmake_args': None, 'cmake_clean_cache': False, 'cmake_clean_first': False, 'cmake_force_configure': False, 'cmake_target': None, 'cmake_target_skip_unavailable': False, 'install_base': '/home/men3m/Naima/install/zed_display_rviz2', 'merge_install': False, 'path': '/home/men3m/Naima/src/zed-ros2-examples/zed_display_rviz2', 'symlink_install': False, 'test_result_base': None}
[0.653s] Level 5:colcon.colcon_core.verb:set package 'zed_multi_camera' build argument 'cmake_args' from command line to 'None'
[0.653s] Level 5:colcon.colcon_core.verb:set package 'zed_multi_camera' build argument 'cmake_target' from command line to 'None'
[0.653s] Level 5:colcon.colcon_core.verb:set package 'zed_multi_camera' build argument 'cmake_target_skip_unavailable' from command line to 'False'
[0.653s] Level 5:colcon.colcon_core.verb:set package 'zed_multi_camera' build argument 'cmake_clean_cache' from command line to 'False'
[0.653s] Level 5:colcon.colcon_core.verb:set package 'zed_multi_camera' build argument 'cmake_clean_first' from command line to 'False'
[0.653s] Level 5:colcon.colcon_core.verb:set package 'zed_multi_camera' build argument 'cmake_force_configure' from command line to 'False'
[0.653s] Level 5:colcon.colcon_core.verb:set package 'zed_multi_camera' build argument 'ament_cmake_args' from command line to 'None'
[0.653s] Level 5:colcon.colcon_core.verb:set package 'zed_multi_camera' build argument 'catkin_cmake_args' from command line to 'None'
[0.653s] Level 5:colcon.colcon_core.verb:set package 'zed_multi_camera' build argument 'catkin_skip_building_tests' from command line to 'False'
[0.653s] DEBUG:colcon.colcon_core.verb:Building package 'zed_multi_camera' with the following arguments: {'ament_cmake_args': None, 'build_base': '/home/men3m/Naima/build/zed_multi_camera', 'catkin_cmake_args': None, 'catkin_skip_building_tests': False, 'cmake_args': None, 'cmake_clean_cache': False, 'cmake_clean_first': False, 'cmake_force_configure': False, 'cmake_target': None, 'cmake_target_skip_unavailable': False, 'install_base': '/home/men3m/Naima/install/zed_multi_camera', 'merge_install': False, 'path': '/home/men3m/Naima/src/zed-ros2-examples/tutorials/zed_multi_camera', 'symlink_install': False, 'test_result_base': None}
[0.654s] Level 5:colcon.colcon_core.verb:set package 'zed_robot_integration' build argument 'cmake_args' from command line to 'None'
[0.654s] Level 5:colcon.colcon_core.verb:set package 'zed_robot_integration' build argument 'cmake_target' from command line to 'None'
[0.654s] Level 5:colcon.colcon_core.verb:set package 'zed_robot_integration' build argument 'cmake_target_skip_unavailable' from command line to 'False'
[0.654s] Level 5:colcon.colcon_core.verb:set package 'zed_robot_integration' build argument 'cmake_clean_cache' from command line to 'False'
[0.654s] Level 5:colcon.colcon_core.verb:set package 'zed_robot_integration' build argument 'cmake_clean_first' from command line to 'False'
[0.654s] Level 5:colcon.colcon_core.verb:set package 'zed_robot_integration' build argument 'cmake_force_configure' from command line to 'False'
[0.654s] Level 5:colcon.colcon_core.verb:set package 'zed_robot_integration' build argument 'ament_cmake_args' from command line to 'None'
[0.654s] Level 5:colcon.colcon_core.verb:set package 'zed_robot_integration' build argument 'catkin_cmake_args' from command line to 'None'
[0.654s] Level 5:colcon.colcon_core.verb:set package 'zed_robot_integration' build argument 'catkin_skip_building_tests' from command line to 'False'
[0.654s] DEBUG:colcon.colcon_core.verb:Building package 'zed_robot_integration' with the following arguments: {'ament_cmake_args': None, 'build_base': '/home/men3m/Naima/build/zed_robot_integration', 'catkin_cmake_args': None, 'catkin_skip_building_tests': False, 'cmake_args': None, 'cmake_clean_cache': False, 'cmake_clean_first': False, 'cmake_force_configure': False, 'cmake_target': None, 'cmake_target_skip_unavailable': False, 'install_base': '/home/men3m/Naima/install/zed_robot_integration', 'merge_install': False, 'path': '/home/men3m/Naima/src/zed-ros2-examples/tutorials/zed_robot_integration', 'symlink_install': False, 'test_result_base': None}
[0.654s] Level 5:colcon.colcon_core.verb:set package 'zed_ros2' build argument 'cmake_args' from command line to 'None'
[0.654s] Level 5:colcon.colcon_core.verb:set package 'zed_ros2' build argument 'cmake_target' from command line to 'None'
[0.654s] Level 5:colcon.colcon_core.verb:set package 'zed_ros2' build argument 'cmake_target_skip_unavailable' from command line to 'False'
[0.654s] Level 5:colcon.colcon_core.verb:set package 'zed_ros2' build argument 'cmake_clean_cache' from command line to 'False'
[0.654s] Level 5:colcon.colcon_core.verb:set package 'zed_ros2' build argument 'cmake_clean_first' from command line to 'False'
[0.654s] Level 5:colcon.colcon_core.verb:set package 'zed_ros2' build argument 'cmake_force_configure' from command line to 'False'
[0.654s] Level 5:colcon.colcon_core.verb:set package 'zed_ros2' build argument 'ament_cmake_args' from command line to 'None'
[0.654s] Level 5:colcon.colcon_core.verb:set package 'zed_ros2' build argument 'catkin_cmake_args' from command line to 'None'
[0.654s] Level 5:colcon.colcon_core.verb:set package 'zed_ros2' build argument 'catkin_skip_building_tests' from command line to 'False'
[0.654s] DEBUG:colcon.colcon_core.verb:Building package 'zed_ros2' with the following arguments: {'ament_cmake_args': None, 'build_base': '/home/men3m/Naima/build/zed_ros2', 'catkin_cmake_args': None, 'catkin_skip_building_tests': False, 'cmake_args': None, 'cmake_clean_cache': False, 'cmake_clean_first': False, 'cmake_force_configure': False, 'cmake_target': None, 'cmake_target_skip_unavailable': False, 'install_base': '/home/men3m/Naima/install/zed_ros2', 'merge_install': False, 'path': '/home/men3m/Naima/src/zed-ros2-wrapper/zed_ros2', 'symlink_install': False, 'test_result_base': None}
[0.655s] Level 5:colcon.colcon_core.verb:set package 'zed_topic_benchmark' build argument 'cmake_args' from command line to 'None'
[0.655s] Level 5:colcon.colcon_core.verb:set package 'zed_topic_benchmark' build argument 'cmake_target' from command line to 'None'
[0.655s] Level 5:colcon.colcon_core.verb:set package 'zed_topic_benchmark' build argument 'cmake_target_skip_unavailable' from command line to 'False'
[0.655s] Level 5:colcon.colcon_core.verb:set package 'zed_topic_benchmark' build argument 'cmake_clean_cache' from command line to 'False'
[0.655s] Level 5:colcon.colcon_core.verb:set package 'zed_topic_benchmark' build argument 'cmake_clean_first' from command line to 'False'
[0.655s] Level 5:colcon.colcon_core.verb:set package 'zed_topic_benchmark' build argument 'cmake_force_configure' from command line to 'False'
[0.655s] Level 5:colcon.colcon_core.verb:set package 'zed_topic_benchmark' build argument 'ament_cmake_args' from command line to 'None'
[0.655s] Level 5:colcon.colcon_core.verb:set package 'zed_topic_benchmark' build argument 'catkin_cmake_args' from command line to 'None'
[0.655s] Level 5:colcon.colcon_core.verb:set package 'zed_topic_benchmark' build argument 'catkin_skip_building_tests' from command line to 'False'
[0.655s] DEBUG:colcon.colcon_core.verb:Building package 'zed_topic_benchmark' with the following arguments: {'ament_cmake_args': None, 'build_base': '/home/men3m/Naima/build/zed_topic_benchmark', 'catkin_cmake_args': None, 'catkin_skip_building_tests': False, 'cmake_args': None, 'cmake_clean_cache': False, 'cmake_clean_first': False, 'cmake_force_configure': False, 'cmake_target': None, 'cmake_target_skip_unavailable': False, 'install_base': '/home/men3m/Naima/install/zed_topic_benchmark', 'merge_install': False, 'path': '/home/men3m/Naima/src/zed-ros2-examples/tools/zed_benchmark', 'symlink_install': False, 'test_result_base': None}
[0.655s] Level 5:colcon.colcon_core.verb:set package 'ublox' build argument 'cmake_args' from command line to 'None'
[0.655s] Level 5:colcon.colcon_core.verb:set package 'ublox' build argument 'cmake_target' from command line to 'None'
[0.655s] Level 5:colcon.colcon_core.verb:set package 'ublox' build argument 'cmake_target_skip_unavailable' from command line to 'False'
[0.655s] Level 5:colcon.colcon_core.verb:set package 'ublox' build argument 'cmake_clean_cache' from command line to 'False'
[0.655s] Level 5:colcon.colcon_core.verb:set package 'ublox' build argument 'cmake_clean_first' from command line to 'False'
[0.655s] Level 5:colcon.colcon_core.verb:set package 'ublox' build argument 'cmake_force_configure' from command line to 'False'
[0.655s] Level 5:colcon.colcon_core.verb:set package 'ublox' build argument 'ament_cmake_args' from command line to 'None'
[0.655s] Level 5:colcon.colcon_core.verb:set package 'ublox' build argument 'catkin_cmake_args' from command line to 'None'
[0.655s] Level 5:colcon.colcon_core.verb:set package 'ublox' build argument 'catkin_skip_building_tests' from command line to 'False'
[0.655s] DEBUG:colcon.colcon_core.verb:Building package 'ublox' with the following arguments: {'ament_cmake_args': None, 'build_base': '/home/men3m/Naima/build/ublox', 'catkin_cmake_args': None, 'catkin_skip_building_tests': False, 'cmake_args': None, 'cmake_clean_cache': False, 'cmake_clean_first': False, 'cmake_force_configure': False, 'cmake_target': None, 'cmake_target_skip_unavailable': False, 'install_base': '/home/men3m/Naima/install/ublox', 'merge_install': False, 'path': '/home/men3m/Naima/src/naima_ublox_gps/ublox', 'symlink_install': False, 'test_result_base': None}
[0.656s] Level 5:colcon.colcon_core.verb:set package 'zed_ipc' build argument 'cmake_args' from command line to 'None'
[0.656s] Level 5:colcon.colcon_core.verb:set package 'zed_ipc' build argument 'cmake_target' from command line to 'None'
[0.656s] Level 5:colcon.colcon_core.verb:set package 'zed_ipc' build argument 'cmake_target_skip_unavailable' from command line to 'False'
[0.656s] Level 5:colcon.colcon_core.verb:set package 'zed_ipc' build argument 'cmake_clean_cache' from command line to 'False'
[0.656s] Level 5:colcon.colcon_core.verb:set package 'zed_ipc' build argument 'cmake_clean_first' from command line to 'False'
[0.656s] Level 5:colcon.colcon_core.verb:set package 'zed_ipc' build argument 'cmake_force_configure' from command line to 'False'
[0.656s] Level 5:colcon.colcon_core.verb:set package 'zed_ipc' build argument 'ament_cmake_args' from command line to 'None'
[0.656s] Level 5:colcon.colcon_core.verb:set package 'zed_ipc' build argument 'catkin_cmake_args' from command line to 'None'
[0.656s] Level 5:colcon.colcon_core.verb:set package 'zed_ipc' build argument 'catkin_skip_building_tests' from command line to 'False'
[0.656s] DEBUG:colcon.colcon_core.verb:Building package 'zed_ipc' with the following arguments: {'ament_cmake_args': None, 'build_base': '/home/men3m/Naima/build/zed_ipc', 'catkin_cmake_args': None, 'catkin_skip_building_tests': False, 'cmake_args': None, 'cmake_clean_cache': False, 'cmake_clean_first': False, 'cmake_force_configure': False, 'cmake_target': None, 'cmake_target_skip_unavailable': False, 'install_base': '/home/men3m/Naima/install/zed_ipc', 'merge_install': False, 'path': '/home/men3m/Naima/src/zed-ros2-examples/tutorials/zed_ipc', 'symlink_install': False, 'test_result_base': None}
[0.656s] INFO:colcon.colcon_core.executor:Executing jobs using 'parallel' executor
[0.657s] DEBUG:colcon.colcon_parallel_executor.executor.parallel:run_until_complete
[0.657s] INFO:colcon.colcon_ros.task.ament_cmake.build:Building ROS package in '/home/men3m/Naima/src/zed-ros2-wrapper/zed_components' with build type 'ament_cmake'
[0.657s] INFO:colcon.colcon_cmake.task.cmake.build:Building CMake package in '/home/men3m/Naima/src/zed-ros2-wrapper/zed_components'
[0.662s] INFO:colcon.colcon_core.plugin_system:Skipping extension 'colcon_core.shell.bat': Not used on non-Windows systems
[0.662s] INFO:colcon.colcon_core.shell:Skip shell extension 'powershell' for command environment: Not usable outside of PowerShell
[0.662s] DEBUG:colcon.colcon_core.shell:Skip shell extension 'dsv' for command environment
[0.668s] INFO:colcon.colcon_ros.task.ament_cmake.build:Building ROS package in '/home/men3m/Naima/src/naima_ublox_gps/ublox_serialization' with build type 'ament_cmake'
[0.668s] INFO:colcon.colcon_cmake.task.cmake.build:Building CMake package in '/home/men3m/Naima/src/naima_ublox_gps/ublox_serialization'
[0.668s] INFO:colcon.colcon_core.shell:Skip shell extension 'powershell' for command environment: Not usable outside of PowerShell
[0.668s] DEBUG:colcon.colcon_core.shell:Skip shell extension 'dsv' for command environment
[0.673s] INFO:colcon.colcon_ros.task.ament_cmake.build:Building ROS package in '/home/men3m/Naima/src/zed-ros2-examples/tools/zed_benchmark_interfaces' with build type 'ament_cmake'
[0.673s] INFO:colcon.colcon_cmake.task.cmake.build:Building CMake package in '/home/men3m/Naima/src/zed-ros2-examples/tools/zed_benchmark_interfaces'
[0.673s] INFO:colcon.colcon_core.shell:Skip shell extension 'powershell' for command environment: Not usable outside of PowerShell
[0.673s] DEBUG:colcon.colcon_core.shell:Skip shell extension 'dsv' for command environment
[0.679s] INFO:colcon.colcon_ros.task.ament_cmake.build:Building ROS package in '/home/men3m/Naima/src/naima_msgs' with build type 'ament_cmake'
[0.679s] INFO:colcon.colcon_cmake.task.cmake.build:Building CMake package in '/home/men3m/Naima/src/naima_msgs'
[0.679s] INFO:colcon.colcon_core.shell:Skip shell extension 'powershell' for command environment: Not usable outside of PowerShell
[0.679s] DEBUG:colcon.colcon_core.shell:Skip shell extension 'dsv' for command environment
[0.685s] INFO:colcon.colcon_ros.task.ament_python.build:Building ROS package in '/home/men3m/Naima/src/naima' with build type 'ament_python'
[0.685s] Level 1:colcon.colcon_core.shell:create_environment_hook('naima', 'ament_prefix_path')
[0.685s] INFO:colcon.colcon_core.shell:Creating environment hook '/home/men3m/Naima/install/naima/share/naima/hook/ament_prefix_path.ps1'
[0.686s] INFO:colcon.colcon_core.shell:Creating environment descriptor '/home/men3m/Naima/install/naima/share/naima/hook/ament_prefix_path.dsv'
[0.686s] INFO:colcon.colcon_core.shell:Creating environment hook '/home/men3m/Naima/install/naima/share/naima/hook/ament_prefix_path.sh'
[0.687s] INFO:colcon.colcon_core.shell:Skip shell extension 'powershell' for command environment: Not usable outside of PowerShell
[0.687s] DEBUG:colcon.colcon_core.shell:Skip shell extension 'dsv' for command environment
[0.692s] INFO:colcon.colcon_ros.task.ament_python.build:Building ROS package in '/home/men3m/Naima/src/naima_bringup' with build type 'ament_python'
[0.692s] Level 1:colcon.colcon_core.shell:create_environment_hook('naima_bringup', 'ament_prefix_path')
[0.692s] INFO:colcon.colcon_core.shell:Creating environment hook '/home/men3m/Naima/install/naima_bringup/share/naima_bringup/hook/ament_prefix_path.ps1'
[0.693s] INFO:colcon.colcon_core.shell:Creating environment descriptor '/home/men3m/Naima/install/naima_bringup/share/naima_bringup/hook/ament_prefix_path.dsv'
[0.693s] INFO:colcon.colcon_core.shell:Creating environment hook '/home/men3m/Naima/install/naima_bringup/share/naima_bringup/hook/ament_prefix_path.sh'
[0.694s] INFO:colcon.colcon_core.shell:Skip shell extension 'powershell' for command environment: Not usable outside of PowerShell
[0.694s] DEBUG:colcon.colcon_core.shell:Skip shell extension 'dsv' for command environment
[0.699s] INFO:colcon.colcon_ros.task.ament_cmake.build:Building ROS package in '/home/men3m/Naima/src/naima_control' with build type 'ament_cmake'
[0.699s] INFO:colcon.colcon_cmake.task.cmake.build:Building CMake package in '/home/men3m/Naima/src/naima_control'
[0.699s] INFO:colcon.colcon_core.shell:Skip shell extension 'powershell' for command environment: Not usable outside of PowerShell
[0.699s] DEBUG:colcon.colcon_core.shell:Skip shell extension 'dsv' for command environment
[0.705s] INFO:colcon.colcon_ros.task.ament_cmake.build:Building ROS package in '/home/men3m/Naima/src/naima_description' with build type 'ament_cmake'
[0.705s] INFO:colcon.colcon_cmake.task.cmake.build:Building CMake package in '/home/men3m/Naima/src/naima_description'
[0.705s] INFO:colcon.colcon_core.shell:Skip shell extension 'powershell' for command environment: Not usable outside of PowerShell
[0.705s] DEBUG:colcon.colcon_core.shell:Skip shell extension 'dsv' for command environment
[0.710s] INFO:colcon.colcon_ros.task.ament_cmake.build:Building ROS package in '/home/men3m/Naima/src/naima_localization' with build type 'ament_cmake'
[0.710s] INFO:colcon.colcon_cmake.task.cmake.build:Building CMake package in '/home/men3m/Naima/src/naima_localization'
[0.710s] INFO:colcon.colcon_core.shell:Skip shell extension 'powershell' for command environment: Not usable outside of PowerShell
[0.710s] DEBUG:colcon.colcon_core.shell:Skip shell extension 'dsv' for command environment
[0.715s] INFO:colcon.colcon_ros.task.ament_cmake.build:Building ROS package in '/home/men3m/Naima/src/naima_mapping' with build type 'ament_cmake'
[0.715s] INFO:colcon.colcon_cmake.task.cmake.build:Building CMake package in '/home/men3m/Naima/src/naima_mapping'
[0.715s] INFO:colcon.colcon_core.shell:Skip shell extension 'powershell' for command environment: Not usable outside of PowerShell
[0.716s] DEBUG:colcon.colcon_core.shell:Skip shell extension 'dsv' for command environment
[0.721s] INFO:colcon.colcon_ros.task.ament_cmake.build:Building ROS package in '/home/men3m/Naima/src/zed-ros2-examples/rviz-plugin-zed-od' with build type 'ament_cmake'
[0.721s] INFO:colcon.colcon_cmake.task.cmake.build:Building CMake package in '/home/men3m/Naima/src/zed-ros2-examples/rviz-plugin-zed-od'
[0.721s] INFO:colcon.colcon_core.shell:Skip shell extension 'powershell' for command environment: Not usable outside of PowerShell
[0.721s] DEBUG:colcon.colcon_core.shell:Skip shell extension 'dsv' for command environment
[0.727s] INFO:colcon.colcon_ros.task.ament_cmake.build:Building ROS package in '/home/men3m/Naima/src/zed-ros2-examples/tutorials/zed_depth_tutorial' with build type 'ament_cmake'
[0.727s] INFO:colcon.colcon_cmake.task.cmake.build:Building CMake package in '/home/men3m/Naima/src/zed-ros2-examples/tutorials/zed_depth_tutorial'
[0.727s] INFO:colcon.colcon_core.shell:Skip shell extension 'powershell' for command environment: Not usable outside of PowerShell
[0.727s] DEBUG:colcon.colcon_core.shell:Skip shell extension 'dsv' for command environment
[0.732s] INFO:colcon.colcon_ros.task.ament_cmake.build:Building ROS package in '/home/men3m/Naima/src/zed-ros2-examples/tutorials/zed_pose_tutorial' with build type 'ament_cmake'
[0.732s] INFO:colcon.colcon_cmake.task.cmake.build:Building CMake package in '/home/men3m/Naima/src/zed-ros2-examples/tutorials/zed_pose_tutorial'
[0.732s] INFO:colcon.colcon_core.shell:Skip shell extension 'powershell' for command environment: Not usable outside of PowerShell
[0.732s] DEBUG:colcon.colcon_core.shell:Skip shell extension 'dsv' for command environment
[0.737s] INFO:colcon.colcon_ros.task.ament_cmake.build:Building ROS package in '/home/men3m/Naima/src/zed-ros2-examples/tutorials/zed_video_tutorial' with build type 'ament_cmake'
[0.737s] INFO:colcon.colcon_cmake.task.cmake.build:Building CMake package in '/home/men3m/Naima/src/zed-ros2-examples/tutorials/zed_video_tutorial'
[0.738s] INFO:colcon.colcon_core.shell:Skip shell extension 'powershell' for command environment: Not usable outside of PowerShell
[0.738s] DEBUG:colcon.colcon_core.shell:Skip shell extension 'dsv' for command environment
[0.749s] DEBUG:colcon.colcon_core.event_handler.log_command:Invoking command in '/home/men3m/Naima/build/zed_components': CMAKE_PREFIX_PATH=${CMAKE_PREFIX_PATH}:/home/men3m/Naima/install/naima_bringup:/home/men3m/Naima/install/naima:/opt/ros/humble /usr/bin/cmake --build /home/men3m/Naima/build/zed_components -- -j16 -l16
[0.753s] DEBUG:colcon.colcon_core.event_handler.log_command:Invoking command in '/home/men3m/Naima/build/ublox_serialization': CMAKE_PREFIX_PATH=${CMAKE_PREFIX_PATH}:/home/men3m/Naima/install/naima_bringup:/home/men3m/Naima/install/naima:/opt/ros/humble /usr/bin/cmake --build /home/men3m/Naima/build/ublox_serialization -- -j16 -l16
[0.756s] DEBUG:colcon.colcon_core.event_handler.log_command:Invoking command in '/home/men3m/Naima/build/zed_topic_benchmark_interfaces': CMAKE_PREFIX_PATH=${CMAKE_PREFIX_PATH}:/home/men3m/Naima/install/naima_bringup:/home/men3m/Naima/install/naima:/opt/ros/humble /usr/bin/cmake --build /home/men3m/Naima/build/zed_topic_benchmark_interfaces -- -j16 -l16
[0.758s] DEBUG:colcon.colcon_core.event_handler.log_command:Invoking command in '/home/men3m/Naima/build/naima_msgs': CMAKE_PREFIX_PATH=${CMAKE_PREFIX_PATH}:/home/men3m/Naima/install/naima_bringup:/home/men3m/Naima/install/naima:/opt/ros/humble /usr/bin/cmake --build /home/men3m/Naima/build/naima_msgs -- -j16 -l16
[1.025s] INFO:colcon.colcon_core.task.python.build:Building Python package in '/home/men3m/Naima/src/naima'
[1.025s] INFO:colcon.colcon_core.shell:Skip shell extension 'powershell' for command environment: Not usable outside of PowerShell
[1.025s] DEBUG:colcon.colcon_core.shell:Skip shell extension 'dsv' for command environment
[1.271s] INFO:colcon.colcon_core.task.python.build:Building Python package in '/home/men3m/Naima/src/naima_bringup'
[1.272s] INFO:colcon.colcon_core.shell:Skip shell extension 'powershell' for command environment: Not usable outside of PowerShell
[1.272s] DEBUG:colcon.colcon_core.shell:Skip shell extension 'dsv' for command environment
[1.280s] DEBUG:colcon.colcon_core.event_handler.log_command:Invoking command in '/home/men3m/Naima/build/naima_control': CMAKE_PREFIX_PATH=${CMAKE_PREFIX_PATH}:/home/men3m/Naima/install/naima_bringup:/home/men3m/Naima/install/naima:/opt/ros/humble /usr/bin/cmake --build /home/men3m/Naima/build/naima_control -- -j16 -l16
[1.282s] DEBUG:colcon.colcon_core.event_handler.log_command:Invoking command in '/home/men3m/Naima/build/naima_description': CMAKE_PREFIX_PATH=${CMAKE_PREFIX_PATH}:/home/men3m/Naima/install/naima_bringup:/home/men3m/Naima/install/naima:/opt/ros/humble /usr/bin/cmake --build /home/men3m/Naima/build/naima_description -- -j16 -l16
[1.284s] DEBUG:colcon.colcon_core.event_handler.log_command:Invoking command in '/home/men3m/Naima/build/naima_localization': CMAKE_PREFIX_PATH=${CMAKE_PREFIX_PATH}:/home/men3m/Naima/install/naima_bringup:/home/men3m/Naima/install/naima:/opt/ros/humble /usr/bin/cmake --build /home/men3m/Naima/build/naima_localization -- -j16 -l16
[1.286s] DEBUG:colcon.colcon_core.event_handler.log_command:Invoking command in '/home/men3m/Naima/build/naima_mapping': CMAKE_PREFIX_PATH=${CMAKE_PREFIX_PATH}:/home/men3m/Naima/install/naima_bringup:/home/men3m/Naima/install/naima:/opt/ros/humble /usr/bin/cmake --build /home/men3m/Naima/build/naima_mapping -- -j16 -l16
[1.289s] DEBUG:colcon.colcon_core.event_handler.log_command:Invoking command in '/home/men3m/Naima/build/rviz_plugin_zed_od': CMAKE_PREFIX_PATH=${CMAKE_PREFIX_PATH}:/home/men3m/Naima/install/naima_bringup:/home/men3m/Naima/install/naima:/opt/ros/humble /usr/bin/cmake --build /home/men3m/Naima/build/rviz_plugin_zed_od -- -j16 -l16
[1.292s] DEBUG:colcon.colcon_core.event_handler.log_command:Invoking command in '/home/men3m/Naima/build/zed_tutorial_depth': CMAKE_PREFIX_PATH=${CMAKE_PREFIX_PATH}:/home/men3m/Naima/install/naima_bringup:/home/men3m/Naima/install/naima:/opt/ros/humble /usr/bin/cmake --build /home/men3m/Naima/build/zed_tutorial_depth -- -j16 -l16
[1.298s] DEBUG:colcon.colcon_core.event_handler.log_command:Invoking command in '/home/men3m/Naima/build/zed_tutorial_pos_tracking': CMAKE_PREFIX_PATH=${CMAKE_PREFIX_PATH}:/home/men3m/Naima/install/naima_bringup:/home/men3m/Naima/install/naima:/opt/ros/humble /usr/bin/cmake --build /home/men3m/Naima/build/zed_tutorial_pos_tracking -- -j16 -l16
[1.312s] DEBUG:colcon.colcon_core.event_handler.log_command:Invoking command in '/home/men3m/Naima/build/zed_tutorial_video': CMAKE_PREFIX_PATH=${CMAKE_PREFIX_PATH}:/home/men3m/Naima/install/naima_bringup:/home/men3m/Naima/install/naima:/opt/ros/humble /usr/bin/cmake --build /home/men3m/Naima/build/zed_tutorial_video -- -j16 -l16
[1.313s] DEBUG:colcon.colcon_core.event_handler.log_command:Invoked command in '/home/men3m/Naima/build/ublox_serialization' returned '0': CMAKE_PREFIX_PATH=${CMAKE_PREFIX_PATH}:/home/men3m/Naima/install/naima_bringup:/home/men3m/Naima/install/naima:/opt/ros/humble /usr/bin/cmake --build /home/men3m/Naima/build/ublox_serialization -- -j16 -l16
[1.325s] DEBUG:colcon.colcon_core.event_handler.log_command:Invoking command in '/home/men3m/Naima/build/ublox_serialization': CMAKE_PREFIX_PATH=${CMAKE_PREFIX_PATH}:/home/men3m/Naima/install/naima_bringup:/home/men3m/Naima/install/naima:/opt/ros/humble /usr/bin/cmake --install /home/men3m/Naima/build/ublox_serialization
[1.326s] DEBUG:colcon.colcon_core.event_handler.log_command:Invoked command in '/home/men3m/Naima/build/naima_msgs' returned '0': CMAKE_PREFIX_PATH=${CMAKE_PREFIX_PATH}:/home/men3m/Naima/install/naima_bringup:/home/men3m/Naima/install/naima:/opt/ros/humble /usr/bin/cmake --build /home/men3m/Naima/build/naima_msgs -- -j16 -l16
[1.328s] DEBUG:colcon.colcon_core.event_handler.log_command:Invoking command in '/home/men3m/Naima/build/naima_msgs': CMAKE_PREFIX_PATH=${CMAKE_PREFIX_PATH}:/home/men3m/Naima/install/naima_bringup:/home/men3m/Naima/install/naima:/opt/ros/humble /usr/bin/cmake --install /home/men3m/Naima/build/naima_msgs
[1.329s] DEBUG:colcon.colcon_core.event_handler.log_command:Invoked command in '/home/men3m/Naima/build/zed_components' returned '0': CMAKE_PREFIX_PATH=${CMAKE_PREFIX_PATH}:/home/men3m/Naima/install/naima_bringup:/home/men3m/Naima/install/naima:/opt/ros/humble /usr/bin/cmake --build /home/men3m/Naima/build/zed_components -- -j16 -l16
[1.331s] DEBUG:colcon.colcon_core.event_handler.log_command:Invoking command in '/home/men3m/Naima/build/zed_components': CMAKE_PREFIX_PATH=${CMAKE_PREFIX_PATH}:/home/men3m/Naima/install/naima_bringup:/home/men3m/Naima/install/naima:/opt/ros/humble /usr/bin/cmake --install /home/men3m/Naima/build/zed_components
[1.331s] DEBUG:colcon.colcon_core.event_handler.log_command:Invoked command in '/home/men3m/Naima/build/zed_topic_benchmark_interfaces' returned '0': CMAKE_PREFIX_PATH=${CMAKE_PREFIX_PATH}:/home/men3m/Naima/install/naima_bringup:/home/men3m/Naima/install/naima:/opt/ros/humble /usr/bin/cmake --build /home/men3m/Naima/build/zed_topic_benchmark_interfaces -- -j16 -l16
[1.333s] DEBUG:colcon.colcon_core.event_handler.log_command:Invoking command in '/home/men3m/Naima/build/zed_topic_benchmark_interfaces': CMAKE_PREFIX_PATH=${CMAKE_PREFIX_PATH}:/home/men3m/Naima/install/naima_bringup:/home/men3m/Naima/install/naima:/opt/ros/humble /usr/bin/cmake --install /home/men3m/Naima/build/zed_topic_benchmark_interfaces
[1.373s] DEBUG:colcon.colcon_core.event_handler.log_command:Invoked command in '/home/men3m/Naima/build/naima_description' returned '0': CMAKE_PREFIX_PATH=${CMAKE_PREFIX_PATH}:/home/men3m/Naima/install/naima_bringup:/home/men3m/Naima/install/naima:/opt/ros/humble /usr/bin/cmake --build /home/men3m/Naima/build/naima_description -- -j16 -l16
[1.375s] DEBUG:colcon.colcon_core.event_handler.log_command:Invoking command in '/home/men3m/Naima/build/naima_description': CMAKE_PREFIX_PATH=${CMAKE_PREFIX_PATH}:/home/men3m/Naima/install/naima_bringup:/home/men3m/Naima/install/naima:/opt/ros/humble /usr/bin/cmake --install /home/men3m/Naima/build/naima_description
[1.375s] DEBUG:colcon.colcon_core.event_handler.log_command:Invoked command in '/home/men3m/Naima/build/naima_control' returned '0': CMAKE_PREFIX_PATH=${CMAKE_PREFIX_PATH}:/home/men3m/Naima/install/naima_bringup:/home/men3m/Naima/install/naima:/opt/ros/humble /usr/bin/cmake --build /home/men3m/Naima/build/naima_control -- -j16 -l16
[1.376s] DEBUG:colcon.colcon_core.event_handler.log_command:Invoking command in '/home/men3m/Naima/build/naima_control': CMAKE_PREFIX_PATH=${CMAKE_PREFIX_PATH}:/home/men3m/Naima/install/naima_bringup:/home/men3m/Naima/install/naima:/opt/ros/humble /usr/bin/cmake --install /home/men3m/Naima/build/naima_control
[1.378s] DEBUG:colcon.colcon_core.event_handler.log_command:Invoked command in '/home/men3m/Naima/build/naima_mapping' returned '0': CMAKE_PREFIX_PATH=${CMAKE_PREFIX_PATH}:/home/men3m/Naima/install/naima_bringup:/home/men3m/Naima/install/naima:/opt/ros/humble /usr/bin/cmake --build /home/men3m/Naima/build/naima_mapping -- -j16 -l16
[1.384s] Level 1:colcon.colcon_core.environment:create_environment_scripts_only(zed_components)
[1.386s] DEBUG:colcon.colcon_core.event_handler.log_command:Invoking command in '/home/men3m/Naima/build/naima_mapping': CMAKE_PREFIX_PATH=${CMAKE_PREFIX_PATH}:/home/men3m/Naima/install/naima_bringup:/home/men3m/Naima/install/naima:/opt/ros/humble /usr/bin/cmake --install /home/men3m/Naima/build/naima_mapping
[1.386s] DEBUG:colcon.colcon_core.event_handler.log_command:Invoked command in '/home/men3m/Naima/build/zed_components' returned '0': CMAKE_PREFIX_PATH=${CMAKE_PREFIX_PATH}:/home/men3m/Naima/install/naima_bringup:/home/men3m/Naima/install/naima:/opt/ros/humble /usr/bin/cmake --install /home/men3m/Naima/build/zed_components
[1.408s] Level 1:colcon.colcon_core.environment:checking '/home/men3m/Naima/install/zed_components' for CMake module files
[1.409s] Level 1:colcon.colcon_core.environment:checking '/home/men3m/Naima/install/zed_components' for CMake config files
[1.409s] Level 1:colcon.colcon_core.shell:create_environment_hook('zed_components', 'cmake_prefix_path')
[1.409s] INFO:colcon.colcon_core.shell:Creating environment hook '/home/men3m/Naima/install/zed_components/share/zed_components/hook/cmake_prefix_path.ps1'
[1.410s] INFO:colcon.colcon_core.shell:Creating environment descriptor '/home/men3m/Naima/install/zed_components/share/zed_components/hook/cmake_prefix_path.dsv'
[1.410s] INFO:colcon.colcon_core.shell:Creating environment hook '/home/men3m/Naima/install/zed_components/share/zed_components/hook/cmake_prefix_path.sh'
[1.411s] Level 1:colcon.colcon_core.environment:checking '/home/men3m/Naima/install/zed_components/lib'
[1.411s] Level 1:colcon.colcon_core.shell:create_environment_hook('zed_components', 'ld_library_path_lib')
[1.411s] INFO:colcon.colcon_core.shell:Creating environment hook '/home/men3m/Naima/install/zed_components/share/zed_components/hook/ld_library_path_lib.ps1'
[1.411s] INFO:colcon.colcon_core.shell:Creating environment descriptor '/home/men3m/Naima/install/zed_components/share/zed_components/hook/ld_library_path_lib.dsv'
[1.412s] INFO:colcon.colcon_core.shell:Creating environment hook '/home/men3m/Naima/install/zed_components/share/zed_components/hook/ld_library_path_lib.sh'
[1.412s] Level 1:colcon.colcon_core.environment:checking '/home/men3m/Naima/install/zed_components/bin'
[1.412s] Level 1:colcon.colcon_core.environment:checking '/home/men3m/Naima/install/zed_components/lib/pkgconfig/zed_components.pc'
[1.412s] Level 1:colcon.colcon_core.environment:checking '/home/men3m/Naima/install/zed_components/lib/python3.10/site-packages'
[1.412s] Level 1:colcon.colcon_core.environment:checking '/home/men3m/Naima/install/zed_components/bin'
[1.413s] INFO:colcon.colcon_core.shell:Creating package script '/home/men3m/Naima/install/zed_components/share/zed_components/package.ps1'
[1.414s] INFO:colcon.colcon_core.shell:Creating package descriptor '/home/men3m/Naima/install/zed_components/share/zed_components/package.dsv'
[1.414s] INFO:colcon.colcon_core.shell:Creating package script '/home/men3m/Naima/install/zed_components/share/zed_components/package.sh'
[1.415s] INFO:colcon.colcon_core.shell:Creating package script '/home/men3m/Naima/install/zed_components/share/zed_components/package.bash'
[1.416s] INFO:colcon.colcon_core.shell:Creating package script '/home/men3m/Naima/install/zed_components/share/zed_components/package.zsh'
[1.417s] Level 1:colcon.colcon_core.environment:create_file_with_runtime_dependencies(/home/men3m/Naima/install/zed_components/share/colcon-core/packages/zed_components)
[1.417s] Level 1:colcon.colcon_core.environment:create_environment_scripts_only(zed_components)
[1.417s] Level 1:colcon.colcon_core.environment:checking '/home/men3m/Naima/install/zed_components' for CMake module files
[1.418s] Level 1:colcon.colcon_core.environment:checking '/home/men3m/Naima/install/zed_components' for CMake config files
[1.418s] Level 1:colcon.colcon_core.shell:create_environment_hook('zed_components', 'cmake_prefix_path')
[1.418s] INFO:colcon.colcon_core.shell:Creating environment hook '/home/men3m/Naima/install/zed_components/share/zed_components/hook/cmake_prefix_path.ps1'
[1.419s] INFO:colcon.colcon_core.shell:Creating environment descriptor '/home/men3m/Naima/install/zed_components/share/zed_components/hook/cmake_prefix_path.dsv'
[1.419s] INFO:colcon.colcon_core.shell:Creating environment hook '/home/men3m/Naima/install/zed_components/share/zed_components/hook/cmake_prefix_path.sh'
[1.419s] Level 1:colcon.colcon_core.environment:checking '/home/men3m/Naima/install/zed_components/lib'
[1.419s] Level 1:colcon.colcon_core.shell:create_environment_hook('zed_components', 'ld_library_path_lib')
[1.420s] INFO:colcon.colcon_core.shell:Creating environment hook '/home/men3m/Naima/install/zed_components/share/zed_components/hook/ld_library_path_lib.ps1'
[1.420s] INFO:colcon.colcon_core.shell:Creating environment descriptor '/home/men3m/Naima/install/zed_components/share/zed_components/hook/ld_library_path_lib.dsv'
[1.420s] INFO:colcon.colcon_core.shell:Creating environment hook '/home/men3m/Naima/install/zed_components/share/zed_components/hook/ld_library_path_lib.sh'
[1.420s] Level 1:colcon.colcon_core.environment:checking '/home/men3m/Naima/install/zed_components/bin'
[1.421s] Level 1:colcon.colcon_core.environment:checking '/home/men3m/Naima/install/zed_components/lib/pkgconfig/zed_components.pc'
[1.421s] Level 1:colcon.colcon_core.environment:checking '/home/men3m/Naima/install/zed_components/lib/python3.10/site-packages'
[1.421s] Level 1:colcon.colcon_core.environment:checking '/home/men3m/Naima/install/zed_components/bin'
[1.421s] INFO:colcon.colcon_core.shell:Creating package script '/home/men3m/Naima/install/zed_components/share/zed_components/package.ps1'
[1.422s] INFO:colcon.colcon_core.shell:Creating package descriptor '/home/men3m/Naima/install/zed_components/share/zed_components/package.dsv'
[1.422s] INFO:colcon.colcon_core.shell:Creating package script '/home/men3m/Naima/install/zed_components/share/zed_components/package.sh'
[1.422s] INFO:colcon.colcon_core.shell:Creating package script '/home/men3m/Naima/install/zed_components/share/zed_components/package.bash'
[1.423s] INFO:colcon.colcon_core.shell:Creating package script '/home/men3m/Naima/install/zed_components/share/zed_components/package.zsh'
[1.423s] Level 1:colcon.colcon_core.environment:create_file_with_runtime_dependencies(/home/men3m/Naima/install/zed_components/share/colcon-core/packages/zed_components)
[1.423s] Level 1:colcon.colcon_core.environment:create_environment_scripts_only(ublox_serialization)
[1.423s] Level 1:colcon.colcon_core.environment:checking '/home/men3m/Naima/install/ublox_serialization' for CMake module files
[1.425s] DEBUG:colcon.colcon_core.event_handler.log_command:Invoked command in '/home/men3m/Naima/build/ublox_serialization' returned '0': CMAKE_PREFIX_PATH=${CMAKE_PREFIX_PATH}:/home/men3m/Naima/install/naima_bringup:/home/men3m/Naima/install/naima:/opt/ros/humble /usr/bin/cmake --install /home/men3m/Naima/build/ublox_serialization
[1.425s] Level 1:colcon.colcon_core.environment:checking '/home/men3m/Naima/install/ublox_serialization' for CMake config files
[1.425s] Level 1:colcon.colcon_core.shell:create_environment_hook('ublox_serialization', 'cmake_prefix_path')
[1.425s] INFO:colcon.colcon_core.shell:Creating environment hook '/home/men3m/Naima/install/ublox_serialization/share/ublox_serialization/hook/cmake_prefix_path.ps1'
[1.426s] INFO:colcon.colcon_core.shell:Creating environment descriptor '/home/men3m/Naima/install/ublox_serialization/share/ublox_serialization/hook/cmake_prefix_path.dsv'
[1.426s] INFO:colcon.colcon_core.shell:Creating environment hook '/home/men3m/Naima/install/ublox_serialization/share/ublox_serialization/hook/cmake_prefix_path.sh'
[1.426s] Level 1:colcon.colcon_core.environment:checking '/home/men3m/Naima/install/ublox_serialization/bin'
[1.426s] Level 1:colcon.colcon_core.environment:checking '/home/men3m/Naima/install/ublox_serialization/lib/pkgconfig/ublox_serialization.pc'
[1.426s] Level 1:colcon.colcon_core.environment:checking '/home/men3m/Naima/install/ublox_serialization/lib/python3.10/site-packages'
[1.427s] Level 1:colcon.colcon_core.environment:checking '/home/men3m/Naima/install/ublox_serialization/bin'
[1.427s] INFO:colcon.colcon_core.shell:Creating package script '/home/men3m/Naima/install/ublox_serialization/share/ublox_serialization/package.ps1'
[1.427s] INFO:colcon.colcon_core.shell:Creating package descriptor '/home/men3m/Naima/install/ublox_serialization/share/ublox_serialization/package.dsv'
[1.428s] INFO:colcon.colcon_core.shell:Creating package script '/home/men3m/Naima/install/ublox_serialization/share/ublox_serialization/package.sh'
[1.428s] INFO:colcon.colcon_core.shell:Creating package script '/home/men3m/Naima/install/ublox_serialization/share/ublox_serialization/package.bash'
[1.428s] INFO:colcon.colcon_core.shell:Creating package script '/home/men3m/Naima/install/ublox_serialization/share/ublox_serialization/package.zsh'
[1.428s] Level 1:colcon.colcon_core.environment:create_file_with_runtime_dependencies(/home/men3m/Naima/install/ublox_serialization/share/colcon-core/packages/ublox_serialization)
[1.429s] Level 1:colcon.colcon_core.environment:create_environment_scripts_only(ublox_serialization)
[1.429s] Level 1:colcon.colcon_core.environment:checking '/home/men3m/Naima/install/ublox_serialization' for CMake module files
[1.429s] Level 1:colcon.colcon_core.environment:checking '/home/men3m/Naima/install/ublox_serialization' for CMake config files
[1.430s] Level 1:colcon.colcon_core.shell:create_environment_hook('ublox_serialization', 'cmake_prefix_path')
[1.430s] INFO:colcon.colcon_core.shell:Creating environment hook '/home/men3m/Naima/install/ublox_serialization/share/ublox_serialization/hook/cmake_prefix_path.ps1'
[1.430s] INFO:colcon.colcon_core.shell:Creating environment descriptor '/home/men3m/Naima/install/ublox_serialization/share/ublox_serialization/hook/cmake_prefix_path.dsv'
[1.430s] INFO:colcon.colcon_core.shell:Creating environment hook '/home/men3m/Naima/install/ublox_serialization/share/ublox_serialization/hook/cmake_prefix_path.sh'
[1.431s] Level 1:colcon.colcon_core.environment:checking '/home/men3m/Naima/install/ublox_serialization/bin'
[1.431s] Level 1:colcon.colcon_core.environment:checking '/home/men3m/Naima/install/ublox_serialization/lib/pkgconfig/ublox_serialization.pc'
[1.431s] Level 1:colcon.colcon_core.environment:checking '/home/men3m/Naima/install/ublox_serialization/lib/python3.10/site-packages'
[1.431s] Level 1:colcon.colcon_core.environment:checking '/home/men3m/Naima/install/ublox_serialization/bin'
[1.432s] INFO:colcon.colcon_core.shell:Creating package script '/home/men3m/Naima/install/ublox_serialization/share/ublox_serialization/package.ps1'
[1.432s] INFO:colcon.colcon_core.shell:Creating package descriptor '/home/men3m/Naima/install/ublox_serialization/share/ublox_serialization/package.dsv'
[1.432s] INFO:colcon.colcon_core.shell:Creating package script '/home/men3m/Naima/install/ublox_serialization/share/ublox_serialization/package.sh'
[1.433s] INFO:colcon.colcon_core.shell:Creating package script '/home/men3m/Naima/install/ublox_serialization/share/ublox_serialization/package.bash'
[1.433s] INFO:colcon.colcon_core.shell:Creating package script '/home/men3m/Naima/install/ublox_serialization/share/ublox_serialization/package.zsh'
[1.433s] Level 1:colcon.colcon_core.environment:create_file_with_runtime_dependencies(/home/men3m/Naima/install/ublox_serialization/share/colcon-core/packages/ublox_serialization)
[1.435s] INFO:colcon.colcon_ros.task.ament_cmake.build:Building ROS package in '/home/men3m/Naima/src/zed-ros2-wrapper/zed_wrapper' with build type 'ament_cmake'
[1.435s] INFO:colcon.colcon_cmake.task.cmake.build:Building CMake package in '/home/men3m/Naima/src/zed-ros2-wrapper/zed_wrapper'
[1.435s] INFO:colcon.colcon_core.shell:Skip shell extension 'powershell' for command environment: Not usable outside of PowerShell
[1.435s] DEBUG:colcon.colcon_core.shell:Skip shell extension 'dsv' for command environment
[1.444s] INFO:colcon.colcon_ros.task.ament_cmake.build:Building ROS package in '/home/men3m/Naima/src/naima_ublox_gps/ublox_msgs' with build type 'ament_cmake'
[1.444s] INFO:colcon.colcon_cmake.task.cmake.build:Building CMake package in '/home/men3m/Naima/src/naima_ublox_gps/ublox_msgs'
[1.445s] INFO:colcon.colcon_core.shell:Skip shell extension 'powershell' for command environment: Not usable outside of PowerShell
[1.445s] DEBUG:colcon.colcon_core.shell:Skip shell extension 'dsv' for command environment
[1.450s] INFO:colcon.colcon_ros.task.ament_cmake.build:Building ROS package in '/home/men3m/Naima/src/zed-ros2-examples/examples/zed_aruco_localization' with build type 'ament_cmake'
[1.450s] INFO:colcon.colcon_cmake.task.cmake.build:Building CMake package in '/home/men3m/Naima/src/zed-ros2-examples/examples/zed_aruco_localization'
[1.450s] INFO:colcon.colcon_core.shell:Skip shell extension 'powershell' for command environment: Not usable outside of PowerShell
[1.450s] DEBUG:colcon.colcon_core.shell:Skip shell extension 'dsv' for command environment
[1.456s] INFO:colcon.colcon_ros.task.ament_cmake.build:Building ROS package in '/home/men3m/Naima/src/zed-ros2-examples/tutorials/zed_rgb_convert' with build type 'ament_cmake'
[1.456s] INFO:colcon.colcon_cmake.task.cmake.build:Building CMake package in '/home/men3m/Naima/src/zed-ros2-examples/tutorials/zed_rgb_convert'
[1.456s] INFO:colcon.colcon_core.shell:Skip shell extension 'powershell' for command environment: Not usable outside of PowerShell
[1.456s] DEBUG:colcon.colcon_core.shell:Skip shell extension 'dsv' for command environment
[1.463s] DEBUG:colcon.colcon_core.event_handler.log_command:Invoked command in '/home/men3m/Naima/build/zed_tutorial_depth' returned '0': CMAKE_PREFIX_PATH=${CMAKE_PREFIX_PATH}:/home/men3m/Naima/install/naima_bringup:/home/men3m/Naima/install/naima:/opt/ros/humble /usr/bin/cmake --build /home/men3m/Naima/build/zed_tutorial_depth -- -j16 -l16
[1.465s] DEBUG:colcon.colcon_core.event_handler.log_command:Invoking command in '/home/men3m/Naima/build/zed_tutorial_depth': CMAKE_PREFIX_PATH=${CMAKE_PREFIX_PATH}:/home/men3m/Naima/install/naima_bringup:/home/men3m/Naima/install/naima:/opt/ros/humble /usr/bin/cmake --install /home/men3m/Naima/build/zed_tutorial_depth
[1.466s] DEBUG:colcon.colcon_core.event_handler.log_command:Invoked command in '/home/men3m/Naima/build/zed_tutorial_pos_tracking' returned '0': CMAKE_PREFIX_PATH=${CMAKE_PREFIX_PATH}:/home/men3m/Naima/install/naima_bringup:/home/men3m/Naima/install/naima:/opt/ros/humble /usr/bin/cmake --build /home/men3m/Naima/build/zed_tutorial_pos_tracking -- -j16 -l16
[1.468s] Level 1:colcon.colcon_core.environment:create_environment_scripts_only(naima_description)
[1.468s] Level 1:colcon.colcon_core.environment:checking '/home/men3m/Naima/install/naima_description' for CMake module files
[1.469s] DEBUG:colcon.colcon_core.event_handler.log_command:Invoking command in '/home/men3m/Naima/build/zed_tutorial_pos_tracking': CMAKE_PREFIX_PATH=${CMAKE_PREFIX_PATH}:/home/men3m/Naima/install/naima_bringup:/home/men3m/Naima/install/naima:/opt/ros/humble /usr/bin/cmake --install /home/men3m/Naima/build/zed_tutorial_pos_tracking
[1.469s] DEBUG:colcon.colcon_core.event_handler.log_command:Invoked command in '/home/men3m/Naima/build/naima_description' returned '0': CMAKE_PREFIX_PATH=${CMAKE_PREFIX_PATH}:/home/men3m/Naima/install/naima_bringup:/home/men3m/Naima/install/naima:/opt/ros/humble /usr/bin/cmake --install /home/men3m/Naima/build/naima_description
[1.469s] Level 1:colcon.colcon_core.environment:checking '/home/men3m/Naima/install/naima_description' for CMake config files
[1.470s] Level 1:colcon.colcon_core.shell:create_environment_hook('naima_description', 'cmake_prefix_path')
[1.470s] INFO:colcon.colcon_core.shell:Creating environment hook '/home/men3m/Naima/install/naima_description/share/naima_description/hook/cmake_prefix_path.ps1'
[1.470s] INFO:colcon.colcon_core.shell:Creating environment descriptor '/home/men3m/Naima/install/naima_description/share/naima_description/hook/cmake_prefix_path.dsv'
[1.471s] INFO:colcon.colcon_core.shell:Creating environment hook '/home/men3m/Naima/install/naima_description/share/naima_description/hook/cmake_prefix_path.sh'
[1.471s] Level 1:colcon.colcon_core.environment:checking '/home/men3m/Naima/install/naima_description/bin'
[1.471s] Level 1:colcon.colcon_core.environment:checking '/home/men3m/Naima/install/naima_description/lib/pkgconfig/naima_description.pc'
[1.471s] Level 1:colcon.colcon_core.environment:checking '/home/men3m/Naima/install/naima_description/lib/python3.10/site-packages'
[1.472s] Level 1:colcon.colcon_core.environment:checking '/home/men3m/Naima/install/naima_description/bin'
[1.472s] INFO:colcon.colcon_core.shell:Creating package script '/home/men3m/Naima/install/naima_description/share/naima_description/package.ps1'
[1.472s] INFO:colcon.colcon_core.shell:Creating package descriptor '/home/men3m/Naima/install/naima_description/share/naima_description/package.dsv'
[1.473s] INFO:colcon.colcon_core.shell:Creating package script '/home/men3m/Naima/install/naima_description/share/naima_description/package.sh'
[1.473s] INFO:colcon.colcon_core.shell:Creating package script '/home/men3m/Naima/install/naima_description/share/naima_description/package.bash'
[1.473s] INFO:colcon.colcon_core.shell:Creating package script '/home/men3m/Naima/install/naima_description/share/naima_description/package.zsh'
[1.473s] Level 1:colcon.colcon_core.environment:create_file_with_runtime_dependencies(/home/men3m/Naima/install/naima_description/share/colcon-core/packages/naima_description)
[1.474s] Level 1:colcon.colcon_core.environment:create_environment_scripts_only(naima_description)
[1.474s] Level 1:colcon.colcon_core.environment:checking '/home/men3m/Naima/install/naima_description' for CMake module files
[1.474s] Level 1:colcon.colcon_core.environment:checking '/home/men3m/Naima/install/naima_description' for CMake config files
[1.475s] Level 1:colcon.colcon_core.shell:create_environment_hook('naima_description', 'cmake_prefix_path')
[1.475s] INFO:colcon.colcon_core.shell:Creating environment hook '/home/men3m/Naima/install/naima_description/share/naima_description/hook/cmake_prefix_path.ps1'
[1.475s] INFO:colcon.colcon_core.shell:Creating environment descriptor '/home/men3m/Naima/install/naima_description/share/naima_description/hook/cmake_prefix_path.dsv'
[1.475s] INFO:colcon.colcon_core.shell:Creating environment hook '/home/men3m/Naima/install/naima_description/share/naima_description/hook/cmake_prefix_path.sh'
[1.476s] Level 1:colcon.colcon_core.environment:checking '/home/men3m/Naima/install/naima_description/bin'
[1.476s] Level 1:colcon.colcon_core.environment:checking '/home/men3m/Naima/install/naima_description/lib/pkgconfig/naima_description.pc'
[1.476s] Level 1:colcon.colcon_core.environment:checking '/home/men3m/Naima/install/naima_description/lib/python3.10/site-packages'
[1.476s] Level 1:colcon.colcon_core.environment:checking '/home/men3m/Naima/install/naima_description/bin'
[1.477s] INFO:colcon.colcon_core.shell:Creating package script '/home/men3m/Naima/install/naima_description/share/naima_description/package.ps1'
[1.477s] INFO:colcon.colcon_core.shell:Creating package descriptor '/home/men3m/Naima/install/naima_description/share/naima_description/package.dsv'
[1.477s] INFO:colcon.colcon_core.shell:Creating package script '/home/men3m/Naima/install/naima_description/share/naima_description/package.sh'
[1.478s] INFO:colcon.colcon_core.shell:Creating package script '/home/men3m/Naima/install/naima_description/share/naima_description/package.bash'
[1.478s] INFO:colcon.colcon_core.shell:Creating package script '/home/men3m/Naima/install/naima_description/share/naima_description/package.zsh'
[1.478s] Level 1:colcon.colcon_core.environment:create_file_with_runtime_dependencies(/home/men3m/Naima/install/naima_description/share/colcon-core/packages/naima_description)
[1.479s] Level 1:colcon.colcon_core.environment:create_environment_scripts_only(naima_control)
[1.479s] Level 1:colcon.colcon_core.environment:checking '/home/men3m/Naima/install/naima_control' for CMake module files
[1.480s] DEBUG:colcon.colcon_core.event_handler.log_command:Invoked command in '/home/men3m/Naima/build/naima_control' returned '0': CMAKE_PREFIX_PATH=${CMAKE_PREFIX_PATH}:/home/men3m/Naima/install/naima_bringup:/home/men3m/Naima/install/naima:/opt/ros/humble /usr/bin/cmake --install /home/men3m/Naima/build/naima_control
[1.480s] Level 1:colcon.colcon_core.environment:checking '/home/men3m/Naima/install/naima_control' for CMake config files
[1.480s] Level 1:colcon.colcon_core.shell:create_environment_hook('naima_control', 'cmake_prefix_path')
[1.481s] INFO:colcon.colcon_core.shell:Creating environment hook '/home/men3m/Naima/install/naima_control/share/naima_control/hook/cmake_prefix_path.ps1'
[1.481s] INFO:colcon.colcon_core.shell:Creating environment descriptor '/home/men3m/Naima/install/naima_control/share/naima_control/hook/cmake_prefix_path.dsv'
[1.481s] INFO:colcon.colcon_core.shell:Creating environment hook '/home/men3m/Naima/install/naima_control/share/naima_control/hook/cmake_prefix_path.sh'
[1.482s] Level 1:colcon.colcon_core.environment:checking '/home/men3m/Naima/install/naima_control/bin'
[1.482s] Level 1:colcon.colcon_core.environment:checking '/home/men3m/Naima/install/naima_control/lib/pkgconfig/naima_control.pc'
[1.482s] Level 1:colcon.colcon_core.environment:checking '/home/men3m/Naima/install/naima_control/lib/python3.10/site-packages'
[1.482s] Level 1:colcon.colcon_core.environment:checking '/home/men3m/Naima/install/naima_control/bin'
[1.482s] INFO:colcon.colcon_core.shell:Creating package script '/home/men3m/Naima/install/naima_control/share/naima_control/package.ps1'
[1.483s] INFO:colcon.colcon_core.shell:Creating package descriptor '/home/men3m/Naima/install/naima_control/share/naima_control/package.dsv'
[1.483s] INFO:colcon.colcon_core.shell:Creating package script '/home/men3m/Naima/install/naima_control/share/naima_control/package.sh'
[1.483s] INFO:colcon.colcon_core.shell:Creating package script '/home/men3m/Naima/install/naima_control/share/naima_control/package.bash'
[1.484s] INFO:colcon.colcon_core.shell:Creating package script '/home/men3m/Naima/install/naima_control/share/naima_control/package.zsh'
[1.484s] Level 1:colcon.colcon_core.environment:create_file_with_runtime_dependencies(/home/men3m/Naima/install/naima_control/share/colcon-core/packages/naima_control)
[1.484s] Level 1:colcon.colcon_core.environment:create_environment_scripts_only(naima_control)
[1.485s] Level 1:colcon.colcon_core.environment:checking '/home/men3m/Naima/install/naima_control' for CMake module files
[1.485s] Level 1:colcon.colcon_core.environment:checking '/home/men3m/Naima/install/naima_control' for CMake config files
[1.485s] Level 1:colcon.colcon_core.shell:create_environment_hook('naima_control', 'cmake_prefix_path')
[1.485s] INFO:colcon.colcon_core.shell:Creating environment hook '/home/men3m/Naima/install/naima_control/share/naima_control/hook/cmake_prefix_path.ps1'
[1.486s] INFO:colcon.colcon_core.shell:Creating environment descriptor '/home/men3m/Naima/install/naima_control/share/naima_control/hook/cmake_prefix_path.dsv'
[1.486s] INFO:colcon.colcon_core.shell:Creating environment hook '/home/men3m/Naima/install/naima_control/share/naima_control/hook/cmake_prefix_path.sh'
[1.486s] Level 1:colcon.colcon_core.environment:checking '/home/men3m/Naima/install/naima_control/bin'
[1.486s] Level 1:colcon.colcon_core.environment:checking '/home/men3m/Naima/install/naima_control/lib/pkgconfig/naima_control.pc'
[1.486s] Level 1:colcon.colcon_core.environment:checking '/home/men3m/Naima/install/naima_control/lib/python3.10/site-packages'
[1.487s] Level 1:colcon.colcon_core.environment:checking '/home/men3m/Naima/install/naima_control/bin'
[1.487s] INFO:colcon.colcon_core.shell:Creating package script '/home/men3m/Naima/install/naima_control/share/naima_control/package.ps1'
[1.487s] INFO:colcon.colcon_core.shell:Creating package descriptor '/home/men3m/Naima/install/naima_control/share/naima_control/package.dsv'
[1.488s] INFO:colcon.colcon_core.shell:Creating package script '/home/men3m/Naima/install/naima_control/share/naima_control/package.sh'
[1.488s] INFO:colcon.colcon_core.shell:Creating package script '/home/men3m/Naima/install/naima_control/share/naima_control/package.bash'
[1.488s] INFO:colcon.colcon_core.shell:Creating package script '/home/men3m/Naima/install/naima_control/share/naima_control/package.zsh'
[1.489s] Level 1:colcon.colcon_core.environment:create_file_with_runtime_dependencies(/home/men3m/Naima/install/naima_control/share/colcon-core/packages/naima_control)
[1.489s] Level 1:colcon.colcon_core.environment:create_environment_scripts_only(naima_msgs)
[1.489s] Level 1:colcon.colcon_core.environment:checking '/home/men3m/Naima/install/naima_msgs' for CMake module files
[1.490s] DEBUG:colcon.colcon_core.event_handler.log_command:Invoked command in '/home/men3m/Naima/build/naima_msgs' returned '0': CMAKE_PREFIX_PATH=${CMAKE_PREFIX_PATH}:/home/men3m/Naima/install/naima_bringup:/home/men3m/Naima/install/naima:/opt/ros/humble /usr/bin/cmake --install /home/men3m/Naima/build/naima_msgs
[1.490s] Level 1:colcon.colcon_core.environment:checking '/home/men3m/Naima/install/naima_msgs' for CMake config files
[1.493s] Level 1:colcon.colcon_core.shell:create_environment_hook('naima_msgs', 'cmake_prefix_path')
[1.493s] INFO:colcon.colcon_core.shell:Creating environment hook '/home/men3m/Naima/install/naima_msgs/share/naima_msgs/hook/cmake_prefix_path.ps1'
[1.493s] INFO:colcon.colcon_core.shell:Creating environment descriptor '/home/men3m/Naima/install/naima_msgs/share/naima_msgs/hook/cmake_prefix_path.dsv'
[1.494s] INFO:colcon.colcon_core.shell:Creating environment hook '/home/men3m/Naima/install/naima_msgs/share/naima_msgs/hook/cmake_prefix_path.sh'
[1.494s] Level 1:colcon.colcon_core.environment:checking '/home/men3m/Naima/install/naima_msgs/lib'
[1.494s] Level 1:colcon.colcon_core.shell:create_environment_hook('naima_msgs', 'ld_library_path_lib')
[1.494s] INFO:colcon.colcon_core.shell:Creating environment hook '/home/men3m/Naima/install/naima_msgs/share/naima_msgs/hook/ld_library_path_lib.ps1'
[1.495s] INFO:colcon.colcon_core.shell:Creating environment descriptor '/home/men3m/Naima/install/naima_msgs/share/naima_msgs/hook/ld_library_path_lib.dsv'
[1.495s] INFO:colcon.colcon_core.shell:Creating environment hook '/home/men3m/Naima/install/naima_msgs/share/naima_msgs/hook/ld_library_path_lib.sh'
[1.495s] Level 1:colcon.colcon_core.environment:checking '/home/men3m/Naima/install/naima_msgs/bin'
[1.495s] Level 1:colcon.colcon_core.environment:checking '/home/men3m/Naima/install/naima_msgs/lib/pkgconfig/naima_msgs.pc'
[1.495s] Level 1:colcon.colcon_core.environment:checking '/home/men3m/Naima/install/naima_msgs/lib/python3.10/site-packages'
[1.496s] Level 1:colcon.colcon_core.environment:checking '/home/men3m/Naima/install/naima_msgs/bin'
[1.496s] INFO:colcon.colcon_core.shell:Creating package script '/home/men3m/Naima/install/naima_msgs/share/naima_msgs/package.ps1'
[1.496s] INFO:colcon.colcon_core.shell:Creating package descriptor '/home/men3m/Naima/install/naima_msgs/share/naima_msgs/package.dsv'
[1.497s] INFO:colcon.colcon_core.shell:Creating package script '/home/men3m/Naima/install/naima_msgs/share/naima_msgs/package.sh'
[1.497s] INFO:colcon.colcon_core.shell:Creating package script '/home/men3m/Naima/install/naima_msgs/share/naima_msgs/package.bash'
[1.497s] INFO:colcon.colcon_core.shell:Creating package script '/home/men3m/Naima/install/naima_msgs/share/naima_msgs/package.zsh'
[1.498s] Level 1:colcon.colcon_core.environment:create_file_with_runtime_dependencies(/home/men3m/Naima/install/naima_msgs/share/colcon-core/packages/naima_msgs)
[1.498s] Level 1:colcon.colcon_core.environment:create_environment_scripts_only(naima_msgs)
[1.498s] Level 1:colcon.colcon_core.environment:checking '/home/men3m/Naima/install/naima_msgs' for CMake module files
[1.499s] Level 1:colcon.colcon_core.environment:checking '/home/men3m/Naima/install/naima_msgs' for CMake config files
[1.499s] Level 1:colcon.colcon_core.shell:create_environment_hook('naima_msgs', 'cmake_prefix_path')
[1.499s] INFO:colcon.colcon_core.shell:Creating environment hook '/home/men3m/Naima/install/naima_msgs/share/naima_msgs/hook/cmake_prefix_path.ps1'
[1.500s] INFO:colcon.colcon_core.shell:Creating environment descriptor '/home/men3m/Naima/install/naima_msgs/share/naima_msgs/hook/cmake_prefix_path.dsv'
[1.500s] INFO:colcon.colcon_core.shell:Creating environment hook '/home/men3m/Naima/install/naima_msgs/share/naima_msgs/hook/cmake_prefix_path.sh'
[1.500s] Level 1:colcon.colcon_core.environment:checking '/home/men3m/Naima/install/naima_msgs/lib'
[1.500s] Level 1:colcon.colcon_core.shell:create_environment_hook('naima_msgs', 'ld_library_path_lib')
[1.501s] INFO:colcon.colcon_core.shell:Creating environment hook '/home/men3m/Naima/install/naima_msgs/share/naima_msgs/hook/ld_library_path_lib.ps1'
[1.501s] INFO:colcon.colcon_core.shell:Creating environment descriptor '/home/men3m/Naima/install/naima_msgs/share/naima_msgs/hook/ld_library_path_lib.dsv'
[1.501s] INFO:colcon.colcon_core.shell:Creating environment hook '/home/men3m/Naima/install/naima_msgs/share/naima_msgs/hook/ld_library_path_lib.sh'
[1.501s] Level 1:colcon.colcon_core.environment:checking '/home/men3m/Naima/install/naima_msgs/bin'
[1.501s] Level 1:colcon.colcon_core.environment:checking '/home/men3m/Naima/install/naima_msgs/lib/pkgconfig/naima_msgs.pc'
[1.502s] Level 1:colcon.colcon_core.environment:checking '/home/men3m/Naima/install/naima_msgs/lib/python3.10/site-packages'
[1.502s] Level 1:colcon.colcon_core.environment:checking '/home/men3m/Naima/install/naima_msgs/bin'
[1.502s] INFO:colcon.colcon_core.shell:Creating package script '/home/men3m/Naima/install/naima_msgs/share/naima_msgs/package.ps1'
[1.502s] INFO:colcon.colcon_core.shell:Creating package descriptor '/home/men3m/Naima/install/naima_msgs/share/naima_msgs/package.dsv'
[1.503s] INFO:colcon.colcon_core.shell:Creating package script '/home/men3m/Naima/install/naima_msgs/share/naima_msgs/package.sh'
[1.503s] INFO:colcon.colcon_core.shell:Creating package script '/home/men3m/Naima/install/naima_msgs/share/naima_msgs/package.bash'
[1.504s] INFO:colcon.colcon_core.shell:Creating package script '/home/men3m/Naima/install/naima_msgs/share/naima_msgs/package.zsh'
[1.504s] Level 1:colcon.colcon_core.environment:create_file_with_runtime_dependencies(/home/men3m/Naima/install/naima_msgs/share/colcon-core/packages/naima_msgs)
[1.505s] DEBUG:colcon.colcon_core.event_handler.log_command:Invoked command in '/home/men3m/Naima/build/zed_tutorial_video' returned '0': CMAKE_PREFIX_PATH=${CMAKE_PREFIX_PATH}:/home/men3m/Naima/install/naima_bringup:/home/men3m/Naima/install/naima:/opt/ros/humble /usr/bin/cmake --build /home/men3m/Naima/build/zed_tutorial_video -- -j16 -l16
[1.510s] Level 1:colcon.colcon_core.environment:create_environment_scripts_only(naima_mapping)
[1.510s] Level 1:colcon.colcon_core.environment:checking '/home/men3m/Naima/install/naima_mapping' for CMake module files
[1.511s] DEBUG:colcon.colcon_core.event_handler.log_command:Invoking command in '/home/men3m/Naima/build/zed_tutorial_video': CMAKE_PREFIX_PATH=${CMAKE_PREFIX_PATH}:/home/men3m/Naima/install/naima_bringup:/home/men3m/Naima/install/naima:/opt/ros/humble /usr/bin/cmake --install /home/men3m/Naima/build/zed_tutorial_video
[1.511s] DEBUG:colcon.colcon_core.event_handler.log_command:Invoked command in '/home/men3m/Naima/build/naima_mapping' returned '0': CMAKE_PREFIX_PATH=${CMAKE_PREFIX_PATH}:/home/men3m/Naima/install/naima_bringup:/home/men3m/Naima/install/naima:/opt/ros/humble /usr/bin/cmake --install /home/men3m/Naima/build/naima_mapping
[1.512s] Level 1:colcon.colcon_core.environment:checking '/home/men3m/Naima/install/naima_mapping' for CMake config files
[1.512s] Level 1:colcon.colcon_core.shell:create_environment_hook('naima_mapping', 'cmake_prefix_path')
[1.512s] INFO:colcon.colcon_core.shell:Creating environment hook '/home/men3m/Naima/install/naima_mapping/share/naima_mapping/hook/cmake_prefix_path.ps1'
[1.512s] INFO:colcon.colcon_core.shell:Creating environment descriptor '/home/men3m/Naima/install/naima_mapping/share/naima_mapping/hook/cmake_prefix_path.dsv'
[1.513s] INFO:colcon.colcon_core.shell:Creating environment hook '/home/men3m/Naima/install/naima_mapping/share/naima_mapping/hook/cmake_prefix_path.sh'
[1.513s] Level 1:colcon.colcon_core.environment:checking '/home/men3m/Naima/install/naima_mapping/bin'
[1.513s] Level 1:colcon.colcon_core.environment:checking '/home/men3m/Naima/install/naima_mapping/lib/pkgconfig/naima_mapping.pc'
[1.513s] Level 1:colcon.colcon_core.environment:checking '/home/men3m/Naima/install/naima_mapping/lib/python3.10/site-packages'
[1.513s] Level 1:colcon.colcon_core.environment:checking '/home/men3m/Naima/install/naima_mapping/bin'
[1.514s] INFO:colcon.colcon_core.shell:Creating package script '/home/men3m/Naima/install/naima_mapping/share/naima_mapping/package.ps1'
[1.514s] INFO:colcon.colcon_core.shell:Creating package descriptor '/home/men3m/Naima/install/naima_mapping/share/naima_mapping/package.dsv'
[1.515s] INFO:colcon.colcon_core.shell:Creating package script '/home/men3m/Naima/install/naima_mapping/share/naima_mapping/package.sh'
[1.515s] INFO:colcon.colcon_core.shell:Creating package script '/home/men3m/Naima/install/naima_mapping/share/naima_mapping/package.bash'
[1.515s] INFO:colcon.colcon_core.shell:Creating package script '/home/men3m/Naima/install/naima_mapping/share/naima_mapping/package.zsh'
[1.516s] Level 1:colcon.colcon_core.environment:create_file_with_runtime_dependencies(/home/men3m/Naima/install/naima_mapping/share/colcon-core/packages/naima_mapping)
[1.516s] Level 1:colcon.colcon_core.environment:create_environment_scripts_only(naima_mapping)
[1.516s] Level 1:colcon.colcon_core.environment:checking '/home/men3m/Naima/install/naima_mapping' for CMake module files
[1.516s] Level 1:colcon.colcon_core.environment:checking '/home/men3m/Naima/install/naima_mapping' for CMake config files
[1.517s] Level 1:colcon.colcon_core.shell:create_environment_hook('naima_mapping', 'cmake_prefix_path')
[1.517s] INFO:colcon.colcon_core.shell:Creating environment hook '/home/men3m/Naima/install/naima_mapping/share/naima_mapping/hook/cmake_prefix_path.ps1'
[1.517s] INFO:colcon.colcon_core.shell:Creating environment descriptor '/home/men3m/Naima/install/naima_mapping/share/naima_mapping/hook/cmake_prefix_path.dsv'
[1.517s] INFO:colcon.colcon_core.shell:Creating environment hook '/home/men3m/Naima/install/naima_mapping/share/naima_mapping/hook/cmake_prefix_path.sh'
[1.518s] Level 1:colcon.colcon_core.environment:checking '/home/men3m/Naima/install/naima_mapping/bin'
[1.518s] Level 1:colcon.colcon_core.environment:checking '/home/men3m/Naima/install/naima_mapping/lib/pkgconfig/naima_mapping.pc'
[1.518s] Level 1:colcon.colcon_core.environment:checking '/home/men3m/Naima/install/naima_mapping/lib/python3.10/site-packages'
[1.518s] Level 1:colcon.colcon_core.environment:checking '/home/men3m/Naima/install/naima_mapping/bin'
[1.518s] INFO:colcon.colcon_core.shell:Creating package script '/home/men3m/Naima/install/naima_mapping/share/naima_mapping/package.ps1'
[1.519s] INFO:colcon.colcon_core.shell:Creating package descriptor '/home/men3m/Naima/install/naima_mapping/share/naima_mapping/package.dsv'
[1.519s] INFO:colcon.colcon_core.shell:Creating package script '/home/men3m/Naima/install/naima_mapping/share/naima_mapping/package.sh'
[1.519s] INFO:colcon.colcon_core.shell:Creating package script '/home/men3m/Naima/install/naima_mapping/share/naima_mapping/package.bash'
[1.520s] INFO:colcon.colcon_core.shell:Creating package script '/home/men3m/Naima/install/naima_mapping/share/naima_mapping/package.zsh'
[1.520s] Level 1:colcon.colcon_core.environment:create_file_with_runtime_dependencies(/home/men3m/Naima/install/naima_mapping/share/colcon-core/packages/naima_mapping)
[1.520s] Level 1:colcon.colcon_core.environment:create_environment_scripts_only(zed_topic_benchmark_interfaces)
[1.521s] Level 1:colcon.colcon_core.environment:checking '/home/men3m/Naima/install/zed_topic_benchmark_interfaces' for CMake module files
[1.522s] DEBUG:colcon.colcon_core.event_handler.log_command:Invoked command in '/home/men3m/Naima/build/zed_topic_benchmark_interfaces' returned '0': CMAKE_PREFIX_PATH=${CMAKE_PREFIX_PATH}:/home/men3m/Naima/install/naima_bringup:/home/men3m/Naima/install/naima:/opt/ros/humble /usr/bin/cmake --install /home/men3m/Naima/build/zed_topic_benchmark_interfaces
[1.524s] Level 1:colcon.colcon_core.environment:checking '/home/men3m/Naima/install/zed_topic_benchmark_interfaces' for CMake config files
[1.525s] Level 1:colcon.colcon_core.shell:create_environment_hook('zed_topic_benchmark_interfaces', 'cmake_prefix_path')
[1.525s] INFO:colcon.colcon_core.shell:Creating environment hook '/home/men3m/Naima/install/zed_topic_benchmark_interfaces/share/zed_topic_benchmark_interfaces/hook/cmake_prefix_path.ps1'
[1.525s] INFO:colcon.colcon_core.shell:Creating environment descriptor '/home/men3m/Naima/install/zed_topic_benchmark_interfaces/share/zed_topic_benchmark_interfaces/hook/cmake_prefix_path.dsv'
[1.526s] INFO:colcon.colcon_core.shell:Creating environment hook '/home/men3m/Naima/install/zed_topic_benchmark_interfaces/share/zed_topic_benchmark_interfaces/hook/cmake_prefix_path.sh'
[1.526s] Level 1:colcon.colcon_core.environment:checking '/home/men3m/Naima/install/zed_topic_benchmark_interfaces/lib'
[1.526s] Level 1:colcon.colcon_core.shell:create_environment_hook('zed_topic_benchmark_interfaces', 'ld_library_path_lib')
[1.526s] INFO:colcon.colcon_core.shell:Creating environment hook '/home/men3m/Naima/install/zed_topic_benchmark_interfaces/share/zed_topic_benchmark_interfaces/hook/ld_library_path_lib.ps1'
[1.527s] INFO:colcon.colcon_core.shell:Creating environment descriptor '/home/men3m/Naima/install/zed_topic_benchmark_interfaces/share/zed_topic_benchmark_interfaces/hook/ld_library_path_lib.dsv'
[1.527s] INFO:colcon.colcon_core.shell:Creating environment hook '/home/men3m/Naima/install/zed_topic_benchmark_interfaces/share/zed_topic_benchmark_interfaces/hook/ld_library_path_lib.sh'
[1.527s] Level 1:colcon.colcon_core.environment:checking '/home/men3m/Naima/install/zed_topic_benchmark_interfaces/bin'
[1.527s] Level 1:colcon.colcon_core.environment:checking '/home/men3m/Naima/install/zed_topic_benchmark_interfaces/lib/pkgconfig/zed_topic_benchmark_interfaces.pc'
[1.527s] Level 1:colcon.colcon_core.environment:checking '/home/men3m/Naima/install/zed_topic_benchmark_interfaces/lib/python3.10/site-packages'
[1.528s] Level 1:colcon.colcon_core.environment:checking '/home/men3m/Naima/install/zed_topic_benchmark_interfaces/bin'
[1.528s] INFO:colcon.colcon_core.shell:Creating package script '/home/men3m/Naima/install/zed_topic_benchmark_interfaces/share/zed_topic_benchmark_interfaces/package.ps1'
[1.528s] INFO:colcon.colcon_core.shell:Creating package descriptor '/home/men3m/Naima/install/zed_topic_benchmark_interfaces/share/zed_topic_benchmark_interfaces/package.dsv'
[1.529s] INFO:colcon.colcon_core.shell:Creating package script '/home/men3m/Naima/install/zed_topic_benchmark_interfaces/share/zed_topic_benchmark_interfaces/package.sh'
[1.529s] INFO:colcon.colcon_core.shell:Creating package script '/home/men3m/Naima/install/zed_topic_benchmark_interfaces/share/zed_topic_benchmark_interfaces/package.bash'
[1.529s] INFO:colcon.colcon_core.shell:Creating package script '/home/men3m/Naima/install/zed_topic_benchmark_interfaces/share/zed_topic_benchmark_interfaces/package.zsh'
[1.530s] Level 1:colcon.colcon_core.environment:create_file_with_runtime_dependencies(/home/men3m/Naima/install/zed_topic_benchmark_interfaces/share/colcon-core/packages/zed_topic_benchmark_interfaces)
[1.530s] Level 1:colcon.colcon_core.environment:create_environment_scripts_only(zed_topic_benchmark_interfaces)
[1.530s] Level 1:colcon.colcon_core.environment:checking '/home/men3m/Naima/install/zed_topic_benchmark_interfaces' for CMake module files
[1.531s] Level 1:colcon.colcon_core.environment:checking '/home/men3m/Naima/install/zed_topic_benchmark_interfaces' for CMake config files
[1.531s] Level 1:colcon.colcon_core.shell:create_environment_hook('zed_topic_benchmark_interfaces', 'cmake_prefix_path')
[1.531s] INFO:colcon.colcon_core.shell:Creating environment hook '/home/men3m/Naima/install/zed_topic_benchmark_interfaces/share/zed_topic_benchmark_interfaces/hook/cmake_prefix_path.ps1'
[1.531s] INFO:colcon.colcon_core.shell:Creating environment descriptor '/home/men3m/Naima/install/zed_topic_benchmark_interfaces/share/zed_topic_benchmark_interfaces/hook/cmake_prefix_path.dsv'
[1.532s] INFO:colcon.colcon_core.shell:Creating environment hook '/home/men3m/Naima/install/zed_topic_benchmark_interfaces/share/zed_topic_benchmark_interfaces/hook/cmake_prefix_path.sh'
[1.532s] Level 1:colcon.colcon_core.environment:checking '/home/men3m/Naima/install/zed_topic_benchmark_interfaces/lib'
[1.532s] Level 1:colcon.colcon_core.shell:create_environment_hook('zed_topic_benchmark_interfaces', 'ld_library_path_lib')
[1.532s] INFO:colcon.colcon_core.shell:Creating environment hook '/home/men3m/Naima/install/zed_topic_benchmark_interfaces/share/zed_topic_benchmark_interfaces/hook/ld_library_path_lib.ps1'
[1.533s] INFO:colcon.colcon_core.shell:Creating environment descriptor '/home/men3m/Naima/install/zed_topic_benchmark_interfaces/share/zed_topic_benchmark_interfaces/hook/ld_library_path_lib.dsv'
[1.533s] INFO:colcon.colcon_core.shell:Creating environment hook '/home/men3m/Naima/install/zed_topic_benchmark_interfaces/share/zed_topic_benchmark_interfaces/hook/ld_library_path_lib.sh'
[1.533s] Level 1:colcon.colcon_core.environment:checking '/home/men3m/Naima/install/zed_topic_benchmark_interfaces/bin'
[1.533s] Level 1:colcon.colcon_core.environment:checking '/home/men3m/Naima/install/zed_topic_benchmark_interfaces/lib/pkgconfig/zed_topic_benchmark_interfaces.pc'
[1.534s] Level 1:colcon.colcon_core.environment:checking '/home/men3m/Naima/install/zed_topic_benchmark_interfaces/lib/python3.10/site-packages'
[1.534s] Level 1:colcon.colcon_core.environment:checking '/home/men3m/Naima/install/zed_topic_benchmark_interfaces/bin'
[1.534s] INFO:colcon.colcon_core.shell:Creating package script '/home/men3m/Naima/install/zed_topic_benchmark_interfaces/share/zed_topic_benchmark_interfaces/package.ps1'
[1.534s] INFO:colcon.colcon_core.shell:Creating package descriptor '/home/men3m/Naima/install/zed_topic_benchmark_interfaces/share/zed_topic_benchmark_interfaces/package.dsv'
[1.535s] INFO:colcon.colcon_core.shell:Creating package script '/home/men3m/Naima/install/zed_topic_benchmark_interfaces/share/zed_topic_benchmark_interfaces/package.sh'
[1.535s] INFO:colcon.colcon_core.shell:Creating package script '/home/men3m/Naima/install/zed_topic_benchmark_interfaces/share/zed_topic_benchmark_interfaces/package.bash'
[1.535s] INFO:colcon.colcon_core.shell:Creating package script '/home/men3m/Naima/install/zed_topic_benchmark_interfaces/share/zed_topic_benchmark_interfaces/package.zsh'
[1.536s] Level 1:colcon.colcon_core.environment:create_file_with_runtime_dependencies(/home/men3m/Naima/install/zed_topic_benchmark_interfaces/share/colcon-core/packages/zed_topic_benchmark_interfaces)
[1.537s] INFO:colcon.colcon_ros.task.ament_cmake.build:Building ROS package in '/home/men3m/Naima/src/zed-ros2-examples/tools/zed_benchmark_component' with build type 'ament_cmake'
[1.537s] INFO:colcon.colcon_cmake.task.cmake.build:Building CMake package in '/home/men3m/Naima/src/zed-ros2-examples/tools/zed_benchmark_component'
[1.538s] INFO:colcon.colcon_core.shell:Skip shell extension 'powershell' for command environment: Not usable outside of PowerShell
[1.538s] DEBUG:colcon.colcon_core.shell:Skip shell extension 'dsv' for command environment
[1.545s] INFO:colcon.colcon_ros.task.ament_cmake.build:Building ROS package in '/home/men3m/Naima/src/naima_examples' with build type 'ament_cmake'
[1.546s] INFO:colcon.colcon_cmake.task.cmake.build:Building CMake package in '/home/men3m/Naima/src/naima_examples'
[1.546s] INFO:colcon.colcon_core.shell:Skip shell extension 'powershell' for command environment: Not usable outside of PowerShell
[1.546s] DEBUG:colcon.colcon_core.shell:Skip shell extension 'dsv' for command environment
[1.552s] DEBUG:colcon.colcon_core.event_handler.log_command:Invoked command in '/home/men3m/Naima/build/rviz_plugin_zed_od' returned '0': CMAKE_PREFIX_PATH=${CMAKE_PREFIX_PATH}:/home/men3m/Naima/install/naima_bringup:/home/men3m/Naima/install/naima:/opt/ros/humble /usr/bin/cmake --build /home/men3m/Naima/build/rviz_plugin_zed_od -- -j16 -l16
[1.557s] DEBUG:colcon.colcon_core.event_handler.log_command:Invoking command in '/home/men3m/Naima/build/rviz_plugin_zed_od': CMAKE_PREFIX_PATH=${CMAKE_PREFIX_PATH}:/home/men3m/Naima/install/naima_bringup:/home/men3m/Naima/install/naima:/opt/ros/humble /usr/bin/cmake --install /home/men3m/Naima/build/rviz_plugin_zed_od
[1.560s] DEBUG:colcon.colcon_core.event_handler.log_command:Invoking command in '/home/men3m/Naima/build/zed_wrapper': CMAKE_PREFIX_PATH=/home/men3m/Naima/install/zed_components:/home/men3m/Naima/install/zed_ros2:/home/men3m/Naima/install/zed_robot_integration:/home/men3m/Naima/install/zed_ipc:/home/men3m/Naima/install/zed_multi_camera:/home/men3m/Naima/install/zed_display_rviz2:/home/men3m/Naima/install/zed_depth_to_laserscan:/home/men3m/Naima/install/zed_wrapper:/home/men3m/Naima/install/zed_tutorial_video:/home/men3m/Naima/install/zed_tutorial_pos_tracking:/home/men3m/Naima/install/zed_tutorial_depth:/home/men3m/Naima/install/zed_topic_benchmark:/home/men3m/Naima/install/zed_topic_benchmark_component:/home/men3m/Naima/install/zed_topic_benchmark_interfaces:/home/men3m/Naima/install/zed_rgb_convert:/home/men3m/Naima/install/zed_aruco_localization:/home/men3m/Naima/install/ublox:/home/men3m/Naima/install/ublox_gps:/home/men3m/Naima/install/ublox_msgs:/home/men3m/Naima/install/ublox_serialization:/home/men3m/Naima/install/rviz_plugin_zed_od:/home/men3m/Naima/install/naima_examples:/home/men3m/Naima/install/naima_msgs:/home/men3m/Naima/install/naima_mapping:/home/men3m/Naima/install/naima_localization:/home/men3m/Naima/install/naima_description:/home/men3m/Naima/install/naima_control:/home/men3m/Naima/install/naima_bringup:/home/men3m/Naima/install/naima:/opt/ros/humble LD_LIBRARY_PATH=/home/men3m/Naima/install/zed_components/lib:/home/men3m/Naima/install/zed_ipc/lib:/home/men3m/Naima/install/zed_topic_benchmark_component/lib:/home/men3m/Naima/install/zed_topic_benchmark_interfaces/lib:/home/men3m/Naima/install/zed_rgb_convert/lib:/home/men3m/Naima/install/zed_aruco_localization/lib:/home/men3m/Naima/install/ublox_gps/lib:/home/men3m/Naima/install/ublox_msgs/lib:/home/men3m/Naima/install/rviz_plugin_zed_od/lib:/home/men3m/Naima/install/naima_examples/lib:/home/men3m/Naima/install/naima_msgs/lib:/usr/lib/x86_64-linux-gnu/gazebo-11/plugins:/opt/ros/humble/opt/rviz_ogre_vendor/lib:/opt/ros/humble/lib/x86_64-linux-gnu:/opt/ros/humble/lib:/usr/local/cuda-12.4.0/lib64:/usr/local/cuda-12.4.0/lib64 /usr/bin/cmake --build /home/men3m/Naima/build/zed_wrapper -- -j16 -l16
[1.562s] DEBUG:colcon.colcon_core.event_handler.log_command:Invoking command in '/home/men3m/Naima/build/ublox_msgs': CMAKE_PREFIX_PATH=/home/men3m/Naima/install/ublox_serialization:/home/men3m/Naima/install/zed_ros2:/home/men3m/Naima/install/zed_robot_integration:/home/men3m/Naima/install/zed_ipc:/home/men3m/Naima/install/zed_multi_camera:/home/men3m/Naima/install/zed_display_rviz2:/home/men3m/Naima/install/zed_depth_to_laserscan:/home/men3m/Naima/install/zed_wrapper:/home/men3m/Naima/install/zed_tutorial_video:/home/men3m/Naima/install/zed_tutorial_pos_tracking:/home/men3m/Naima/install/zed_tutorial_depth:/home/men3m/Naima/install/zed_topic_benchmark:/home/men3m/Naima/install/zed_topic_benchmark_component:/home/men3m/Naima/install/zed_topic_benchmark_interfaces:/home/men3m/Naima/install/zed_rgb_convert:/home/men3m/Naima/install/zed_aruco_localization:/home/men3m/Naima/install/zed_components:/home/men3m/Naima/install/ublox:/home/men3m/Naima/install/ublox_gps:/home/men3m/Naima/install/ublox_msgs:/home/men3m/Naima/install/rviz_plugin_zed_od:/home/men3m/Naima/install/naima_examples:/home/men3m/Naima/install/naima_msgs:/home/men3m/Naima/install/naima_mapping:/home/men3m/Naima/install/naima_localization:/home/men3m/Naima/install/naima_description:/home/men3m/Naima/install/naima_control:/home/men3m/Naima/install/naima_bringup:/home/men3m/Naima/install/naima:/opt/ros/humble /usr/bin/cmake --build /home/men3m/Naima/build/ublox_msgs -- -j16 -l16
[1.566s] DEBUG:colcon.colcon_core.event_handler.log_command:Invoking command in '/home/men3m/Naima/build/zed_aruco_localization': CMAKE_PREFIX_PATH=/home/men3m/Naima/install/zed_components:/home/men3m/Naima/install/zed_ros2:/home/men3m/Naima/install/zed_robot_integration:/home/men3m/Naima/install/zed_ipc:/home/men3m/Naima/install/zed_multi_camera:/home/men3m/Naima/install/zed_display_rviz2:/home/men3m/Naima/install/zed_depth_to_laserscan:/home/men3m/Naima/install/zed_wrapper:/home/men3m/Naima/install/zed_tutorial_video:/home/men3m/Naima/install/zed_tutorial_pos_tracking:/home/men3m/Naima/install/zed_tutorial_depth:/home/men3m/Naima/install/zed_topic_benchmark:/home/men3m/Naima/install/zed_topic_benchmark_component:/home/men3m/Naima/install/zed_topic_benchmark_interfaces:/home/men3m/Naima/install/zed_rgb_convert:/home/men3m/Naima/install/zed_aruco_localization:/home/men3m/Naima/install/ublox:/home/men3m/Naima/install/ublox_gps:/home/men3m/Naima/install/ublox_msgs:/home/men3m/Naima/install/ublox_serialization:/home/men3m/Naima/install/rviz_plugin_zed_od:/home/men3m/Naima/install/naima_examples:/home/men3m/Naima/install/naima_msgs:/home/men3m/Naima/install/naima_mapping:/home/men3m/Naima/install/naima_localization:/home/men3m/Naima/install/naima_description:/home/men3m/Naima/install/naima_control:/home/men3m/Naima/install/naima_bringup:/home/men3m/Naima/install/naima:/opt/ros/humble LD_LIBRARY_PATH=/home/men3m/Naima/install/zed_components/lib:/home/men3m/Naima/install/zed_ipc/lib:/home/men3m/Naima/install/zed_topic_benchmark_component/lib:/home/men3m/Naima/install/zed_topic_benchmark_interfaces/lib:/home/men3m/Naima/install/zed_rgb_convert/lib:/home/men3m/Naima/install/zed_aruco_localization/lib:/home/men3m/Naima/install/ublox_gps/lib:/home/men3m/Naima/install/ublox_msgs/lib:/home/men3m/Naima/install/rviz_plugin_zed_od/lib:/home/men3m/Naima/install/naima_examples/lib:/home/men3m/Naima/install/naima_msgs/lib:/usr/lib/x86_64-linux-gnu/gazebo-11/plugins:/opt/ros/humble/opt/rviz_ogre_vendor/lib:/opt/ros/humble/lib/x86_64-linux-gnu:/opt/ros/humble/lib:/usr/local/cuda-12.4.0/lib64:/usr/local/cuda-12.4.0/lib64 /usr/bin/cmake --build /home/men3m/Naima/build/zed_aruco_localization -- -j16 -l16
[1.573s] Level 1:colcon.colcon_core.environment:create_environment_scripts_only(zed_tutorial_pos_tracking)
[1.573s] Level 1:colcon.colcon_core.environment:checking '/home/men3m/Naima/install/zed_tutorial_pos_tracking' for CMake module files
[1.575s] DEBUG:colcon.colcon_core.event_handler.log_command:Invoking command in '/home/men3m/Naima/build/zed_rgb_convert': CMAKE_PREFIX_PATH=/home/men3m/Naima/install/zed_components:/home/men3m/Naima/install/zed_ros2:/home/men3m/Naima/install/zed_robot_integration:/home/men3m/Naima/install/zed_ipc:/home/men3m/Naima/install/zed_multi_camera:/home/men3m/Naima/install/zed_display_rviz2:/home/men3m/Naima/install/zed_depth_to_laserscan:/home/men3m/Naima/install/zed_wrapper:/home/men3m/Naima/install/zed_tutorial_video:/home/men3m/Naima/install/zed_tutorial_pos_tracking:/home/men3m/Naima/install/zed_tutorial_depth:/home/men3m/Naima/install/zed_topic_benchmark:/home/men3m/Naima/install/zed_topic_benchmark_component:/home/men3m/Naima/install/zed_topic_benchmark_interfaces:/home/men3m/Naima/install/zed_rgb_convert:/home/men3m/Naima/install/zed_aruco_localization:/home/men3m/Naima/install/ublox:/home/men3m/Naima/install/ublox_gps:/home/men3m/Naima/install/ublox_msgs:/home/men3m/Naima/install/ublox_serialization:/home/men3m/Naima/install/rviz_plugin_zed_od:/home/men3m/Naima/install/naima_examples:/home/men3m/Naima/install/naima_msgs:/home/men3m/Naima/install/naima_mapping:/home/men3m/Naima/install/naima_localization:/home/men3m/Naima/install/naima_description:/home/men3m/Naima/install/naima_control:/home/men3m/Naima/install/naima_bringup:/home/men3m/Naima/install/naima:/opt/ros/humble LD_LIBRARY_PATH=/home/men3m/Naima/install/zed_components/lib:/home/men3m/Naima/install/zed_ipc/lib:/home/men3m/Naima/install/zed_topic_benchmark_component/lib:/home/men3m/Naima/install/zed_topic_benchmark_interfaces/lib:/home/men3m/Naima/install/zed_rgb_convert/lib:/home/men3m/Naima/install/zed_aruco_localization/lib:/home/men3m/Naima/install/ublox_gps/lib:/home/men3m/Naima/install/ublox_msgs/lib:/home/men3m/Naima/install/rviz_plugin_zed_od/lib:/home/men3m/Naima/install/naima_examples/lib:/home/men3m/Naima/install/naima_msgs/lib:/usr/lib/x86_64-linux-gnu/gazebo-11/plugins:/opt/ros/humble/opt/rviz_ogre_vendor/lib:/opt/ros/humble/lib/x86_64-linux-gnu:/opt/ros/humble/lib:/usr/local/cuda-12.4.0/lib64:/usr/local/cuda-12.4.0/lib64 /usr/bin/cmake --build /home/men3m/Naima/build/zed_rgb_convert -- -j16 -l16
[1.575s] DEBUG:colcon.colcon_core.event_handler.log_command:Invoked command in '/home/men3m/Naima/build/zed_tutorial_pos_tracking' returned '0': CMAKE_PREFIX_PATH=${CMAKE_PREFIX_PATH}:/home/men3m/Naima/install/naima_bringup:/home/men3m/Naima/install/naima:/opt/ros/humble /usr/bin/cmake --install /home/men3m/Naima/build/zed_tutorial_pos_tracking
[1.576s] Level 1:colcon.colcon_core.environment:checking '/home/men3m/Naima/install/zed_tutorial_pos_tracking' for CMake config files
[1.576s] Level 1:colcon.colcon_core.shell:create_environment_hook('zed_tutorial_pos_tracking', 'cmake_prefix_path')
[1.576s] INFO:colcon.colcon_core.shell:Creating environment hook '/home/men3m/Naima/install/zed_tutorial_pos_tracking/share/zed_tutorial_pos_tracking/hook/cmake_prefix_path.ps1'
[1.577s] INFO:colcon.colcon_core.shell:Creating environment descriptor '/home/men3m/Naima/install/zed_tutorial_pos_tracking/share/zed_tutorial_pos_tracking/hook/cmake_prefix_path.dsv'
[1.577s] INFO:colcon.colcon_core.shell:Creating environment hook '/home/men3m/Naima/install/zed_tutorial_pos_tracking/share/zed_tutorial_pos_tracking/hook/cmake_prefix_path.sh'
[1.578s] Level 1:colcon.colcon_core.environment:checking '/home/men3m/Naima/install/zed_tutorial_pos_tracking/lib'
[1.578s] Level 1:colcon.colcon_core.environment:checking '/home/men3m/Naima/install/zed_tutorial_pos_tracking/bin'
[1.578s] Level 1:colcon.colcon_core.environment:checking '/home/men3m/Naima/install/zed_tutorial_pos_tracking/lib/pkgconfig/zed_tutorial_pos_tracking.pc'
[1.579s] Level 1:colcon.colcon_core.environment:checking '/home/men3m/Naima/install/zed_tutorial_pos_tracking/lib/python3.10/site-packages'
[1.579s] Level 1:colcon.colcon_core.environment:checking '/home/men3m/Naima/install/zed_tutorial_pos_tracking/bin'
[1.579s] INFO:colcon.colcon_core.shell:Creating package script '/home/men3m/Naima/install/zed_tutorial_pos_tracking/share/zed_tutorial_pos_tracking/package.ps1'
[1.580s] INFO:colcon.colcon_core.shell:Creating package descriptor '/home/men3m/Naima/install/zed_tutorial_pos_tracking/share/zed_tutorial_pos_tracking/package.dsv'
[1.580s] INFO:colcon.colcon_core.shell:Creating package script '/home/men3m/Naima/install/zed_tutorial_pos_tracking/share/zed_tutorial_pos_tracking/package.sh'
[1.581s] INFO:colcon.colcon_core.shell:Creating package script '/home/men3m/Naima/install/zed_tutorial_pos_tracking/share/zed_tutorial_pos_tracking/package.bash'
[1.581s] INFO:colcon.colcon_core.shell:Creating package script '/home/men3m/Naima/install/zed_tutorial_pos_tracking/share/zed_tutorial_pos_tracking/package.zsh'
[1.582s] Level 1:colcon.colcon_core.environment:create_file_with_runtime_dependencies(/home/men3m/Naima/install/zed_tutorial_pos_tracking/share/colcon-core/packages/zed_tutorial_pos_tracking)
[1.582s] Level 1:colcon.colcon_core.environment:create_environment_scripts_only(zed_tutorial_pos_tracking)
[1.583s] Level 1:colcon.colcon_core.environment:checking '/home/men3m/Naima/install/zed_tutorial_pos_tracking' for CMake module files
[1.583s] Level 1:colcon.colcon_core.environment:checking '/home/men3m/Naima/install/zed_tutorial_pos_tracking' for CMake config files
[1.584s] Level 1:colcon.colcon_core.shell:create_environment_hook('zed_tutorial_pos_tracking', 'cmake_prefix_path')
[1.584s] INFO:colcon.colcon_core.shell:Creating environment hook '/home/men3m/Naima/install/zed_tutorial_pos_tracking/share/zed_tutorial_pos_tracking/hook/cmake_prefix_path.ps1'
[1.584s] INFO:colcon.colcon_core.shell:Creating environment descriptor '/home/men3m/Naima/install/zed_tutorial_pos_tracking/share/zed_tutorial_pos_tracking/hook/cmake_prefix_path.dsv'
[1.585s] INFO:colcon.colcon_core.shell:Creating environment hook '/home/men3m/Naima/install/zed_tutorial_pos_tracking/share/zed_tutorial_pos_tracking/hook/cmake_prefix_path.sh'
[1.586s] Level 1:colcon.colcon_core.environment:checking '/home/men3m/Naima/install/zed_tutorial_pos_tracking/lib'
[1.586s] Level 1:colcon.colcon_core.environment:checking '/home/men3m/Naima/install/zed_tutorial_pos_tracking/bin'
[1.586s] Level 1:colcon.colcon_core.environment:checking '/home/men3m/Naima/install/zed_tutorial_pos_tracking/lib/pkgconfig/zed_tutorial_pos_tracking.pc'
[1.586s] Level 1:colcon.colcon_core.environment:checking '/home/men3m/Naima/install/zed_tutorial_pos_tracking/lib/python3.10/site-packages'
[1.586s] Level 1:colcon.colcon_core.environment:checking '/home/men3m/Naima/install/zed_tutorial_pos_tracking/bin'
[1.587s] INFO:colcon.colcon_core.shell:Creating package script '/home/men3m/Naima/install/zed_tutorial_pos_tracking/share/zed_tutorial_pos_tracking/package.ps1'
[1.587s] INFO:colcon.colcon_core.shell:Creating package descriptor '/home/men3m/Naima/install/zed_tutorial_pos_tracking/share/zed_tutorial_pos_tracking/package.dsv'
[1.588s] INFO:colcon.colcon_core.shell:Creating package script '/home/men3m/Naima/install/zed_tutorial_pos_tracking/share/zed_tutorial_pos_tracking/package.sh'
[1.588s] INFO:colcon.colcon_core.shell:Creating package script '/home/men3m/Naima/install/zed_tutorial_pos_tracking/share/zed_tutorial_pos_tracking/package.bash'
[1.589s] INFO:colcon.colcon_core.shell:Creating package script '/home/men3m/Naima/install/zed_tutorial_pos_tracking/share/zed_tutorial_pos_tracking/package.zsh'
[1.590s] Level 1:colcon.colcon_core.environment:create_file_with_runtime_dependencies(/home/men3m/Naima/install/zed_tutorial_pos_tracking/share/colcon-core/packages/zed_tutorial_pos_tracking)
[1.590s] Level 1:colcon.colcon_core.environment:create_environment_scripts_only(zed_tutorial_video)
[1.590s] Level 1:colcon.colcon_core.environment:checking '/home/men3m/Naima/install/zed_tutorial_video' for CMake module files
[1.591s] DEBUG:colcon.colcon_core.event_handler.log_command:Invoked command in '/home/men3m/Naima/build/zed_tutorial_video' returned '0': CMAKE_PREFIX_PATH=${CMAKE_PREFIX_PATH}:/home/men3m/Naima/install/naima_bringup:/home/men3m/Naima/install/naima:/opt/ros/humble /usr/bin/cmake --install /home/men3m/Naima/build/zed_tutorial_video
[1.592s] Level 1:colcon.colcon_core.environment:checking '/home/men3m/Naima/install/zed_tutorial_video' for CMake config files
[1.592s] Level 1:colcon.colcon_core.shell:create_environment_hook('zed_tutorial_video', 'cmake_prefix_path')
[1.592s] INFO:colcon.colcon_core.shell:Creating environment hook '/home/men3m/Naima/install/zed_tutorial_video/share/zed_tutorial_video/hook/cmake_prefix_path.ps1'
[1.593s] INFO:colcon.colcon_core.shell:Creating environment descriptor '/home/men3m/Naima/install/zed_tutorial_video/share/zed_tutorial_video/hook/cmake_prefix_path.dsv'
[1.593s] INFO:colcon.colcon_core.shell:Creating environment hook '/home/men3m/Naima/install/zed_tutorial_video/share/zed_tutorial_video/hook/cmake_prefix_path.sh'
[1.594s] Level 1:colcon.colcon_core.environment:checking '/home/men3m/Naima/install/zed_tutorial_video/lib'
[1.594s] Level 1:colcon.colcon_core.environment:checking '/home/men3m/Naima/install/zed_tutorial_video/bin'
[1.594s] Level 1:colcon.colcon_core.environment:checking '/home/men3m/Naima/install/zed_tutorial_video/lib/pkgconfig/zed_tutorial_video.pc'
[1.594s] Level 1:colcon.colcon_core.environment:checking '/home/men3m/Naima/install/zed_tutorial_video/lib/python3.10/site-packages'
[1.595s] Level 1:colcon.colcon_core.environment:checking '/home/men3m/Naima/install/zed_tutorial_video/bin'
[1.595s] INFO:colcon.colcon_core.shell:Creating package script '/home/men3m/Naima/install/zed_tutorial_video/share/zed_tutorial_video/package.ps1'
[1.596s] INFO:colcon.colcon_core.shell:Creating package descriptor '/home/men3m/Naima/install/zed_tutorial_video/share/zed_tutorial_video/package.dsv'
[1.596s] INFO:colcon.colcon_core.shell:Creating package script '/home/men3m/Naima/install/zed_tutorial_video/share/zed_tutorial_video/package.sh'
[1.597s] INFO:colcon.colcon_core.shell:Creating package script '/home/men3m/Naima/install/zed_tutorial_video/share/zed_tutorial_video/package.bash'
[1.597s] INFO:colcon.colcon_core.shell:Creating package script '/home/men3m/Naima/install/zed_tutorial_video/share/zed_tutorial_video/package.zsh'
[1.598s] Level 1:colcon.colcon_core.environment:create_file_with_runtime_dependencies(/home/men3m/Naima/install/zed_tutorial_video/share/colcon-core/packages/zed_tutorial_video)
[1.598s] Level 1:colcon.colcon_core.environment:create_environment_scripts_only(zed_tutorial_video)
[1.599s] Level 1:colcon.colcon_core.environment:checking '/home/men3m/Naima/install/zed_tutorial_video' for CMake module files
[1.599s] Level 1:colcon.colcon_core.environment:checking '/home/men3m/Naima/install/zed_tutorial_video' for CMake config files
[1.599s] Level 1:colcon.colcon_core.shell:create_environment_hook('zed_tutorial_video', 'cmake_prefix_path')
[1.600s] INFO:colcon.colcon_core.shell:Creating environment hook '/home/men3m/Naima/install/zed_tutorial_video/share/zed_tutorial_video/hook/cmake_prefix_path.ps1'
[1.601s] INFO:colcon.colcon_core.shell:Creating environment descriptor '/home/men3m/Naima/install/zed_tutorial_video/share/zed_tutorial_video/hook/cmake_prefix_path.dsv'
[1.601s] INFO:colcon.colcon_core.shell:Creating environment hook '/home/men3m/Naima/install/zed_tutorial_video/share/zed_tutorial_video/hook/cmake_prefix_path.sh'
[1.602s] Level 1:colcon.colcon_core.environment:checking '/home/men3m/Naima/install/zed_tutorial_video/lib'
[1.602s] Level 1:colcon.colcon_core.environment:checking '/home/men3m/Naima/install/zed_tutorial_video/bin'
[1.602s] Level 1:colcon.colcon_core.environment:checking '/home/men3m/Naima/install/zed_tutorial_video/lib/pkgconfig/zed_tutorial_video.pc'
[1.602s] Level 1:colcon.colcon_core.environment:checking '/home/men3m/Naima/install/zed_tutorial_video/lib/python3.10/site-packages'
[1.602s] Level 1:colcon.colcon_core.environment:checking '/home/men3m/Naima/install/zed_tutorial_video/bin'
[1.603s] INFO:colcon.colcon_core.shell:Creating package script '/home/men3m/Naima/install/zed_tutorial_video/share/zed_tutorial_video/package.ps1'
[1.603s] INFO:colcon.colcon_core.shell:Creating package descriptor '/home/men3m/Naima/install/zed_tutorial_video/share/zed_tutorial_video/package.dsv'
[1.604s] INFO:colcon.colcon_core.shell:Creating package script '/home/men3m/Naima/install/zed_tutorial_video/share/zed_tutorial_video/package.sh'
[1.605s] INFO:colcon.colcon_core.shell:Creating package script '/home/men3m/Naima/install/zed_tutorial_video/share/zed_tutorial_video/package.bash'
[1.605s] INFO:colcon.colcon_core.shell:Creating package script '/home/men3m/Naima/install/zed_tutorial_video/share/zed_tutorial_video/package.zsh'
[1.606s] Level 1:colcon.colcon_core.environment:create_file_with_runtime_dependencies(/home/men3m/Naima/install/zed_tutorial_video/share/colcon-core/packages/zed_tutorial_video)
[1.606s] Level 1:colcon.colcon_core.environment:create_environment_scripts_only(zed_tutorial_depth)
[1.606s] Level 1:colcon.colcon_core.environment:checking '/home/men3m/Naima/install/zed_tutorial_depth' for CMake module files
[1.608s] DEBUG:colcon.colcon_core.event_handler.log_command:Invoked command in '/home/men3m/Naima/build/zed_tutorial_depth' returned '0': CMAKE_PREFIX_PATH=${CMAKE_PREFIX_PATH}:/home/men3m/Naima/install/naima_bringup:/home/men3m/Naima/install/naima:/opt/ros/humble /usr/bin/cmake --install /home/men3m/Naima/build/zed_tutorial_depth
[1.608s] Level 1:colcon.colcon_core.environment:checking '/home/men3m/Naima/install/zed_tutorial_depth' for CMake config files
[1.608s] Level 1:colcon.colcon_core.shell:create_environment_hook('zed_tutorial_depth', 'cmake_prefix_path')
[1.609s] INFO:colcon.colcon_core.shell:Creating environment hook '/home/men3m/Naima/install/zed_tutorial_depth/share/zed_tutorial_depth/hook/cmake_prefix_path.ps1'
[1.609s] INFO:colcon.colcon_core.shell:Creating environment descriptor '/home/men3m/Naima/install/zed_tutorial_depth/share/zed_tutorial_depth/hook/cmake_prefix_path.dsv'
[1.610s] INFO:colcon.colcon_core.shell:Creating environment hook '/home/men3m/Naima/install/zed_tutorial_depth/share/zed_tutorial_depth/hook/cmake_prefix_path.sh'
[1.610s] Level 1:colcon.colcon_core.environment:checking '/home/men3m/Naima/install/zed_tutorial_depth/lib'
[1.610s] Level 1:colcon.colcon_core.environment:checking '/home/men3m/Naima/install/zed_tutorial_depth/bin'
[1.610s] Level 1:colcon.colcon_core.environment:checking '/home/men3m/Naima/install/zed_tutorial_depth/lib/pkgconfig/zed_tutorial_depth.pc'
[1.611s] Level 1:colcon.colcon_core.environment:checking '/home/men3m/Naima/install/zed_tutorial_depth/lib/python3.10/site-packages'
[1.611s] Level 1:colcon.colcon_core.environment:checking '/home/men3m/Naima/install/zed_tutorial_depth/bin'
[1.611s] INFO:colcon.colcon_core.shell:Creating package script '/home/men3m/Naima/install/zed_tutorial_depth/share/zed_tutorial_depth/package.ps1'
[1.612s] INFO:colcon.colcon_core.shell:Creating package descriptor '/home/men3m/Naima/install/zed_tutorial_depth/share/zed_tutorial_depth/package.dsv'
[1.612s] INFO:colcon.colcon_core.shell:Creating package script '/home/men3m/Naima/install/zed_tutorial_depth/share/zed_tutorial_depth/package.sh'
[1.613s] INFO:colcon.colcon_core.shell:Creating package script '/home/men3m/Naima/install/zed_tutorial_depth/share/zed_tutorial_depth/package.bash'
[1.613s] INFO:colcon.colcon_core.shell:Creating package script '/home/men3m/Naima/install/zed_tutorial_depth/share/zed_tutorial_depth/package.zsh'
[1.614s] Level 1:colcon.colcon_core.environment:create_file_with_runtime_dependencies(/home/men3m/Naima/install/zed_tutorial_depth/share/colcon-core/packages/zed_tutorial_depth)
[1.614s] Level 1:colcon.colcon_core.environment:create_environment_scripts_only(zed_tutorial_depth)
[1.615s] Level 1:colcon.colcon_core.environment:checking '/home/men3m/Naima/install/zed_tutorial_depth' for CMake module files
[1.615s] Level 1:colcon.colcon_core.environment:checking '/home/men3m/Naima/install/zed_tutorial_depth' for CMake config files
[1.616s] Level 1:colcon.colcon_core.shell:create_environment_hook('zed_tutorial_depth', 'cmake_prefix_path')
[1.616s] INFO:colcon.colcon_core.shell:Creating environment hook '/home/men3m/Naima/install/zed_tutorial_depth/share/zed_tutorial_depth/hook/cmake_prefix_path.ps1'
[1.616s] INFO:colcon.colcon_core.shell:Creating environment descriptor '/home/men3m/Naima/install/zed_tutorial_depth/share/zed_tutorial_depth/hook/cmake_prefix_path.dsv'
[1.617s] INFO:colcon.colcon_core.shell:Creating environment hook '/home/men3m/Naima/install/zed_tutorial_depth/share/zed_tutorial_depth/hook/cmake_prefix_path.sh'
[1.618s] Level 1:colcon.colcon_core.environment:checking '/home/men3m/Naima/install/zed_tutorial_depth/lib'
[1.618s] Level 1:colcon.colcon_core.environment:checking '/home/men3m/Naima/install/zed_tutorial_depth/bin'
[1.618s] Level 1:colcon.colcon_core.environment:checking '/home/men3m/Naima/install/zed_tutorial_depth/lib/pkgconfig/zed_tutorial_depth.pc'
[1.618s] Level 1:colcon.colcon_core.environment:checking '/home/men3m/Naima/install/zed_tutorial_depth/lib/python3.10/site-packages'
[1.618s] Level 1:colcon.colcon_core.environment:checking '/home/men3m/Naima/install/zed_tutorial_depth/bin'
[1.619s] INFO:colcon.colcon_core.shell:Creating package script '/home/men3m/Naima/install/zed_tutorial_depth/share/zed_tutorial_depth/package.ps1'
[1.619s] INFO:colcon.colcon_core.shell:Creating package descriptor '/home/men3m/Naima/install/zed_tutorial_depth/share/zed_tutorial_depth/package.dsv'
[1.620s] INFO:colcon.colcon_core.shell:Creating package script '/home/men3m/Naima/install/zed_tutorial_depth/share/zed_tutorial_depth/package.sh'
[1.620s] INFO:colcon.colcon_core.shell:Creating package script '/home/men3m/Naima/install/zed_tutorial_depth/share/zed_tutorial_depth/package.bash'
[1.621s] INFO:colcon.colcon_core.shell:Creating package script '/home/men3m/Naima/install/zed_tutorial_depth/share/zed_tutorial_depth/package.zsh'
[1.621s] Level 1:colcon.colcon_core.environment:create_file_with_runtime_dependencies(/home/men3m/Naima/install/zed_tutorial_depth/share/colcon-core/packages/zed_tutorial_depth)
[1.627s] DEBUG:colcon.colcon_core.event_handler.log_command:Invoking command in '/home/men3m/Naima/build/zed_topic_benchmark_component': CMAKE_PREFIX_PATH=/home/men3m/Naima/install/zed_topic_benchmark_interfaces:/home/men3m/Naima/install/zed_ros2:/home/men3m/Naima/install/zed_robot_integration:/home/men3m/Naima/install/zed_ipc:/home/men3m/Naima/install/zed_multi_camera:/home/men3m/Naima/install/zed_display_rviz2:/home/men3m/Naima/install/zed_depth_to_laserscan:/home/men3m/Naima/install/zed_wrapper:/home/men3m/Naima/install/zed_tutorial_video:/home/men3m/Naima/install/zed_tutorial_pos_tracking:/home/men3m/Naima/install/zed_tutorial_depth:/home/men3m/Naima/install/zed_topic_benchmark:/home/men3m/Naima/install/zed_topic_benchmark_component:/home/men3m/Naima/install/zed_rgb_convert:/home/men3m/Naima/install/zed_aruco_localization:/home/men3m/Naima/install/zed_components:/home/men3m/Naima/install/ublox:/home/men3m/Naima/install/ublox_gps:/home/men3m/Naima/install/ublox_msgs:/home/men3m/Naima/install/ublox_serialization:/home/men3m/Naima/install/rviz_plugin_zed_od:/home/men3m/Naima/install/naima_examples:/home/men3m/Naima/install/naima_msgs:/home/men3m/Naima/install/naima_mapping:/home/men3m/Naima/install/naima_localization:/home/men3m/Naima/install/naima_description:/home/men3m/Naima/install/naima_control:/home/men3m/Naima/install/naima_bringup:/home/men3m/Naima/install/naima:/opt/ros/humble LD_LIBRARY_PATH=/home/men3m/Naima/install/zed_topic_benchmark_interfaces/lib:/home/men3m/Naima/install/zed_ipc/lib:/home/men3m/Naima/install/zed_topic_benchmark_component/lib:/home/men3m/Naima/install/zed_rgb_convert/lib:/home/men3m/Naima/install/zed_aruco_localization/lib:/home/men3m/Naima/install/zed_components/lib:/home/men3m/Naima/install/ublox_gps/lib:/home/men3m/Naima/install/ublox_msgs/lib:/home/men3m/Naima/install/rviz_plugin_zed_od/lib:/home/men3m/Naima/install/naima_examples/lib:/home/men3m/Naima/install/naima_msgs/lib:/usr/lib/x86_64-linux-gnu/gazebo-11/plugins:/opt/ros/humble/opt/rviz_ogre_vendor/lib:/opt/ros/humble/lib/x86_64-linux-gnu:/opt/ros/humble/lib:/usr/local/cuda-12.4.0/lib64:/usr/local/cuda-12.4.0/lib64 /usr/bin/cmake --build /home/men3m/Naima/build/zed_topic_benchmark_component -- -j16 -l16
[1.630s] Level 1:colcon.colcon_core.environment:create_environment_scripts_only(rviz_plugin_zed_od)
[1.631s] Level 1:colcon.colcon_core.environment:checking '/home/men3m/Naima/install/rviz_plugin_zed_od' for CMake module files
[1.632s] DEBUG:colcon.colcon_core.event_handler.log_command:Invoking command in '/home/men3m/Naima/build/naima_examples': CMAKE_PREFIX_PATH=/home/men3m/Naima/install/naima_msgs:/home/men3m/Naima/install/zed_ros2:/home/men3m/Naima/install/zed_robot_integration:/home/men3m/Naima/install/zed_ipc:/home/men3m/Naima/install/zed_multi_camera:/home/men3m/Naima/install/zed_display_rviz2:/home/men3m/Naima/install/zed_depth_to_laserscan:/home/men3m/Naima/install/zed_wrapper:/home/men3m/Naima/install/zed_tutorial_video:/home/men3m/Naima/install/zed_tutorial_pos_tracking:/home/men3m/Naima/install/zed_tutorial_depth:/home/men3m/Naima/install/zed_topic_benchmark:/home/men3m/Naima/install/zed_topic_benchmark_component:/home/men3m/Naima/install/zed_topic_benchmark_interfaces:/home/men3m/Naima/install/zed_rgb_convert:/home/men3m/Naima/install/zed_aruco_localization:/home/men3m/Naima/install/zed_components:/home/men3m/Naima/install/ublox:/home/men3m/Naima/install/ublox_gps:/home/men3m/Naima/install/ublox_msgs:/home/men3m/Naima/install/ublox_serialization:/home/men3m/Naima/install/rviz_plugin_zed_od:/home/men3m/Naima/install/naima_examples:/home/men3m/Naima/install/naima_mapping:/home/men3m/Naima/install/naima_localization:/home/men3m/Naima/install/naima_description:/home/men3m/Naima/install/naima_control:/home/men3m/Naima/install/naima_bringup:/home/men3m/Naima/install/naima:/opt/ros/humble LD_LIBRARY_PATH=/home/men3m/Naima/install/naima_msgs/lib:/home/men3m/Naima/install/zed_ipc/lib:/home/men3m/Naima/install/zed_topic_benchmark_component/lib:/home/men3m/Naima/install/zed_topic_benchmark_interfaces/lib:/home/men3m/Naima/install/zed_rgb_convert/lib:/home/men3m/Naima/install/zed_aruco_localization/lib:/home/men3m/Naima/install/zed_components/lib:/home/men3m/Naima/install/ublox_gps/lib:/home/men3m/Naima/install/ublox_msgs/lib:/home/men3m/Naima/install/rviz_plugin_zed_od/lib:/home/men3m/Naima/install/naima_examples/lib:/usr/lib/x86_64-linux-gnu/gazebo-11/plugins:/opt/ros/humble/opt/rviz_ogre_vendor/lib:/opt/ros/humble/lib/x86_64-linux-gnu:/opt/ros/humble/lib:/usr/local/cuda-12.4.0/lib64:/usr/local/cuda-12.4.0/lib64 /usr/bin/cmake --build /home/men3m/Naima/build/naima_examples -- -j16 -l16
[1.632s] DEBUG:colcon.colcon_core.event_handler.log_command:Invoked command in '/home/men3m/Naima/build/rviz_plugin_zed_od' returned '0': CMAKE_PREFIX_PATH=${CMAKE_PREFIX_PATH}:/home/men3m/Naima/install/naima_bringup:/home/men3m/Naima/install/naima:/opt/ros/humble /usr/bin/cmake --install /home/men3m/Naima/build/rviz_plugin_zed_od
[1.633s] Level 1:colcon.colcon_core.environment:checking '/home/men3m/Naima/install/rviz_plugin_zed_od' for CMake config files
[1.633s] Level 1:colcon.colcon_core.shell:create_environment_hook('rviz_plugin_zed_od', 'cmake_prefix_path')
[1.633s] INFO:colcon.colcon_core.shell:Creating environment hook '/home/men3m/Naima/install/rviz_plugin_zed_od/share/rviz_plugin_zed_od/hook/cmake_prefix_path.ps1'
[1.634s] INFO:colcon.colcon_core.shell:Creating environment descriptor '/home/men3m/Naima/install/rviz_plugin_zed_od/share/rviz_plugin_zed_od/hook/cmake_prefix_path.dsv'
[1.635s] INFO:colcon.colcon_core.shell:Creating environment hook '/home/men3m/Naima/install/rviz_plugin_zed_od/share/rviz_plugin_zed_od/hook/cmake_prefix_path.sh'
[1.635s] Level 1:colcon.colcon_core.environment:checking '/home/men3m/Naima/install/rviz_plugin_zed_od/lib'
[1.635s] Level 1:colcon.colcon_core.shell:create_environment_hook('rviz_plugin_zed_od', 'ld_library_path_lib')
[1.636s] INFO:colcon.colcon_core.shell:Creating environment hook '/home/men3m/Naima/install/rviz_plugin_zed_od/share/rviz_plugin_zed_od/hook/ld_library_path_lib.ps1'
[1.636s] INFO:colcon.colcon_core.shell:Creating environment descriptor '/home/men3m/Naima/install/rviz_plugin_zed_od/share/rviz_plugin_zed_od/hook/ld_library_path_lib.dsv'
[1.637s] INFO:colcon.colcon_core.shell:Creating environment hook '/home/men3m/Naima/install/rviz_plugin_zed_od/share/rviz_plugin_zed_od/hook/ld_library_path_lib.sh'
[1.637s] Level 1:colcon.colcon_core.environment:checking '/home/men3m/Naima/install/rviz_plugin_zed_od/bin'
[1.637s] Level 1:colcon.colcon_core.environment:checking '/home/men3m/Naima/install/rviz_plugin_zed_od/lib/pkgconfig/rviz_plugin_zed_od.pc'
[1.637s] Level 1:colcon.colcon_core.environment:checking '/home/men3m/Naima/install/rviz_plugin_zed_od/lib/python3.10/site-packages'
[1.638s] Level 1:colcon.colcon_core.environment:checking '/home/men3m/Naima/install/rviz_plugin_zed_od/bin'
[1.638s] INFO:colcon.colcon_core.shell:Creating package script '/home/men3m/Naima/install/rviz_plugin_zed_od/share/rviz_plugin_zed_od/package.ps1'
[1.639s] INFO:colcon.colcon_core.shell:Creating package descriptor '/home/men3m/Naima/install/rviz_plugin_zed_od/share/rviz_plugin_zed_od/package.dsv'
[1.639s] INFO:colcon.colcon_core.shell:Creating package script '/home/men3m/Naima/install/rviz_plugin_zed_od/share/rviz_plugin_zed_od/package.sh'
[1.640s] INFO:colcon.colcon_core.shell:Creating package script '/home/men3m/Naima/install/rviz_plugin_zed_od/share/rviz_plugin_zed_od/package.bash'
[1.640s] INFO:colcon.colcon_core.shell:Creating package script '/home/men3m/Naima/install/rviz_plugin_zed_od/share/rviz_plugin_zed_od/package.zsh'
[1.641s] Level 1:colcon.colcon_core.environment:create_file_with_runtime_dependencies(/home/men3m/Naima/install/rviz_plugin_zed_od/share/colcon-core/packages/rviz_plugin_zed_od)
[1.642s] Level 1:colcon.colcon_core.environment:create_environment_scripts_only(rviz_plugin_zed_od)
[1.642s] Level 1:colcon.colcon_core.environment:checking '/home/men3m/Naima/install/rviz_plugin_zed_od' for CMake module files
[1.643s] Level 1:colcon.colcon_core.environment:checking '/home/men3m/Naima/install/rviz_plugin_zed_od' for CMake config files
[1.643s] Level 1:colcon.colcon_core.shell:create_environment_hook('rviz_plugin_zed_od', 'cmake_prefix_path')
[1.643s] INFO:colcon.colcon_core.shell:Creating environment hook '/home/men3m/Naima/install/rviz_plugin_zed_od/share/rviz_plugin_zed_od/hook/cmake_prefix_path.ps1'
[1.644s] INFO:colcon.colcon_core.shell:Creating environment descriptor '/home/men3m/Naima/install/rviz_plugin_zed_od/share/rviz_plugin_zed_od/hook/cmake_prefix_path.dsv'
[1.645s] INFO:colcon.colcon_core.shell:Creating environment hook '/home/men3m/Naima/install/rviz_plugin_zed_od/share/rviz_plugin_zed_od/hook/cmake_prefix_path.sh'
[1.645s] Level 1:colcon.colcon_core.environment:checking '/home/men3m/Naima/install/rviz_plugin_zed_od/lib'
[1.645s] Level 1:colcon.colcon_core.shell:create_environment_hook('rviz_plugin_zed_od', 'ld_library_path_lib')
[1.646s] INFO:colcon.colcon_core.shell:Creating environment hook '/home/men3m/Naima/install/rviz_plugin_zed_od/share/rviz_plugin_zed_od/hook/ld_library_path_lib.ps1'
[1.646s] INFO:colcon.colcon_core.shell:Creating environment descriptor '/home/men3m/Naima/install/rviz_plugin_zed_od/share/rviz_plugin_zed_od/hook/ld_library_path_lib.dsv'
[1.647s] INFO:colcon.colcon_core.shell:Creating environment hook '/home/men3m/Naima/install/rviz_plugin_zed_od/share/rviz_plugin_zed_od/hook/ld_library_path_lib.sh'
[1.647s] Level 1:colcon.colcon_core.environment:checking '/home/men3m/Naima/install/rviz_plugin_zed_od/bin'
[1.647s] Level 1:colcon.colcon_core.environment:checking '/home/men3m/Naima/install/rviz_plugin_zed_od/lib/pkgconfig/rviz_plugin_zed_od.pc'
[1.647s] Level 1:colcon.colcon_core.environment:checking '/home/men3m/Naima/install/rviz_plugin_zed_od/lib/python3.10/site-packages'
[1.648s] Level 1:colcon.colcon_core.environment:checking '/home/men3m/Naima/install/rviz_plugin_zed_od/bin'
[1.648s] INFO:colcon.colcon_core.shell:Creating package script '/home/men3m/Naima/install/rviz_plugin_zed_od/share/rviz_plugin_zed_od/package.ps1'
[1.649s] INFO:colcon.colcon_core.shell:Creating package descriptor '/home/men3m/Naima/install/rviz_plugin_zed_od/share/rviz_plugin_zed_od/package.dsv'
[1.649s] INFO:colcon.colcon_core.shell:Creating package script '/home/men3m/Naima/install/rviz_plugin_zed_od/share/rviz_plugin_zed_od/package.sh'
[1.650s] INFO:colcon.colcon_core.shell:Creating package script '/home/men3m/Naima/install/rviz_plugin_zed_od/share/rviz_plugin_zed_od/package.bash'
[1.650s] INFO:colcon.colcon_core.shell:Creating package script '/home/men3m/Naima/install/rviz_plugin_zed_od/share/rviz_plugin_zed_od/package.zsh'
[1.651s] Level 1:colcon.colcon_core.environment:create_file_with_runtime_dependencies(/home/men3m/Naima/install/rviz_plugin_zed_od/share/colcon-core/packages/rviz_plugin_zed_od)
[1.652s] DEBUG:colcon.colcon_core.event_handler.log_command:Invoked command in '/home/men3m/Naima/build/zed_wrapper' returned '0': CMAKE_PREFIX_PATH=/home/men3m/Naima/install/zed_components:/home/men3m/Naima/install/zed_ros2:/home/men3m/Naima/install/zed_robot_integration:/home/men3m/Naima/install/zed_ipc:/home/men3m/Naima/install/zed_multi_camera:/home/men3m/Naima/install/zed_display_rviz2:/home/men3m/Naima/install/zed_depth_to_laserscan:/home/men3m/Naima/install/zed_wrapper:/home/men3m/Naima/install/zed_tutorial_video:/home/men3m/Naima/install/zed_tutorial_pos_tracking:/home/men3m/Naima/install/zed_tutorial_depth:/home/men3m/Naima/install/zed_topic_benchmark:/home/men3m/Naima/install/zed_topic_benchmark_component:/home/men3m/Naima/install/zed_topic_benchmark_interfaces:/home/men3m/Naima/install/zed_rgb_convert:/home/men3m/Naima/install/zed_aruco_localization:/home/men3m/Naima/install/ublox:/home/men3m/Naima/install/ublox_gps:/home/men3m/Naima/install/ublox_msgs:/home/men3m/Naima/install/ublox_serialization:/home/men3m/Naima/install/rviz_plugin_zed_od:/home/men3m/Naima/install/naima_examples:/home/men3m/Naima/install/naima_msgs:/home/men3m/Naima/install/naima_mapping:/home/men3m/Naima/install/naima_localization:/home/men3m/Naima/install/naima_description:/home/men3m/Naima/install/naima_control:/home/men3m/Naima/install/naima_bringup:/home/men3m/Naima/install/naima:/opt/ros/humble LD_LIBRARY_PATH=/home/men3m/Naima/install/zed_components/lib:/home/men3m/Naima/install/zed_ipc/lib:/home/men3m/Naima/install/zed_topic_benchmark_component/lib:/home/men3m/Naima/install/zed_topic_benchmark_interfaces/lib:/home/men3m/Naima/install/zed_rgb_convert/lib:/home/men3m/Naima/install/zed_aruco_localization/lib:/home/men3m/Naima/install/ublox_gps/lib:/home/men3m/Naima/install/ublox_msgs/lib:/home/men3m/Naima/install/rviz_plugin_zed_od/lib:/home/men3m/Naima/install/naima_examples/lib:/home/men3m/Naima/install/naima_msgs/lib:/usr/lib/x86_64-linux-gnu/gazebo-11/plugins:/opt/ros/humble/opt/rviz_ogre_vendor/lib:/opt/ros/humble/lib/x86_64-linux-gnu:/opt/ros/humble/lib:/usr/local/cuda-12.4.0/lib64:/usr/local/cuda-12.4.0/lib64 /usr/bin/cmake --build /home/men3m/Naima/build/zed_wrapper -- -j16 -l16
[1.654s] DEBUG:colcon.colcon_core.event_handler.log_command:Invoking command in '/home/men3m/Naima/build/zed_wrapper': CMAKE_PREFIX_PATH=/home/men3m/Naima/install/zed_components:/home/men3m/Naima/install/zed_ros2:/home/men3m/Naima/install/zed_robot_integration:/home/men3m/Naima/install/zed_ipc:/home/men3m/Naima/install/zed_multi_camera:/home/men3m/Naima/install/zed_display_rviz2:/home/men3m/Naima/install/zed_depth_to_laserscan:/home/men3m/Naima/install/zed_wrapper:/home/men3m/Naima/install/zed_tutorial_video:/home/men3m/Naima/install/zed_tutorial_pos_tracking:/home/men3m/Naima/install/zed_tutorial_depth:/home/men3m/Naima/install/zed_topic_benchmark:/home/men3m/Naima/install/zed_topic_benchmark_component:/home/men3m/Naima/install/zed_topic_benchmark_interfaces:/home/men3m/Naima/install/zed_rgb_convert:/home/men3m/Naima/install/zed_aruco_localization:/home/men3m/Naima/install/ublox:/home/men3m/Naima/install/ublox_gps:/home/men3m/Naima/install/ublox_msgs:/home/men3m/Naima/install/ublox_serialization:/home/men3m/Naima/install/rviz_plugin_zed_od:/home/men3m/Naima/install/naima_examples:/home/men3m/Naima/install/naima_msgs:/home/men3m/Naima/install/naima_mapping:/home/men3m/Naima/install/naima_localization:/home/men3m/Naima/install/naima_description:/home/men3m/Naima/install/naima_control:/home/men3m/Naima/install/naima_bringup:/home/men3m/Naima/install/naima:/opt/ros/humble LD_LIBRARY_PATH=/home/men3m/Naima/install/zed_components/lib:/home/men3m/Naima/install/zed_ipc/lib:/home/men3m/Naima/install/zed_topic_benchmark_component/lib:/home/men3m/Naima/install/zed_topic_benchmark_interfaces/lib:/home/men3m/Naima/install/zed_rgb_convert/lib:/home/men3m/Naima/install/zed_aruco_localization/lib:/home/men3m/Naima/install/ublox_gps/lib:/home/men3m/Naima/install/ublox_msgs/lib:/home/men3m/Naima/install/rviz_plugin_zed_od/lib:/home/men3m/Naima/install/naima_examples/lib:/home/men3m/Naima/install/naima_msgs/lib:/usr/lib/x86_64-linux-gnu/gazebo-11/plugins:/opt/ros/humble/opt/rviz_ogre_vendor/lib:/opt/ros/humble/lib/x86_64-linux-gnu:/opt/ros/humble/lib:/usr/local/cuda-12.4.0/lib64:/usr/local/cuda-12.4.0/lib64 /usr/bin/cmake --install /home/men3m/Naima/build/zed_wrapper
[1.656s] DEBUG:colcon.colcon_core.event_handler.log_command:Invoked command in '/home/men3m/Naima/build/zed_aruco_localization' returned '0': CMAKE_PREFIX_PATH=/home/men3m/Naima/install/zed_components:/home/men3m/Naima/install/zed_ros2:/home/men3m/Naima/install/zed_robot_integration:/home/men3m/Naima/install/zed_ipc:/home/men3m/Naima/install/zed_multi_camera:/home/men3m/Naima/install/zed_display_rviz2:/home/men3m/Naima/install/zed_depth_to_laserscan:/home/men3m/Naima/install/zed_wrapper:/home/men3m/Naima/install/zed_tutorial_video:/home/men3m/Naima/install/zed_tutorial_pos_tracking:/home/men3m/Naima/install/zed_tutorial_depth:/home/men3m/Naima/install/zed_topic_benchmark:/home/men3m/Naima/install/zed_topic_benchmark_component:/home/men3m/Naima/install/zed_topic_benchmark_interfaces:/home/men3m/Naima/install/zed_rgb_convert:/home/men3m/Naima/install/zed_aruco_localization:/home/men3m/Naima/install/ublox:/home/men3m/Naima/install/ublox_gps:/home/men3m/Naima/install/ublox_msgs:/home/men3m/Naima/install/ublox_serialization:/home/men3m/Naima/install/rviz_plugin_zed_od:/home/men3m/Naima/install/naima_examples:/home/men3m/Naima/install/naima_msgs:/home/men3m/Naima/install/naima_mapping:/home/men3m/Naima/install/naima_localization:/home/men3m/Naima/install/naima_description:/home/men3m/Naima/install/naima_control:/home/men3m/Naima/install/naima_bringup:/home/men3m/Naima/install/naima:/opt/ros/humble LD_LIBRARY_PATH=/home/men3m/Naima/install/zed_components/lib:/home/men3m/Naima/install/zed_ipc/lib:/home/men3m/Naima/install/zed_topic_benchmark_component/lib:/home/men3m/Naima/install/zed_topic_benchmark_interfaces/lib:/home/men3m/Naima/install/zed_rgb_convert/lib:/home/men3m/Naima/install/zed_aruco_localization/lib:/home/men3m/Naima/install/ublox_gps/lib:/home/men3m/Naima/install/ublox_msgs/lib:/home/men3m/Naima/install/rviz_plugin_zed_od/lib:/home/men3m/Naima/install/naima_examples/lib:/home/men3m/Naima/install/naima_msgs/lib:/usr/lib/x86_64-linux-gnu/gazebo-11/plugins:/opt/ros/humble/opt/rviz_ogre_vendor/lib:/opt/ros/humble/lib/x86_64-linux-gnu:/opt/ros/humble/lib:/usr/local/cuda-12.4.0/lib64:/usr/local/cuda-12.4.0/lib64 /usr/bin/cmake --build /home/men3m/Naima/build/zed_aruco_localization -- -j16 -l16
[1.659s] DEBUG:colcon.colcon_core.event_handler.log_command:Invoking command in '/home/men3m/Naima/build/zed_aruco_localization': CMAKE_PREFIX_PATH=/home/men3m/Naima/install/zed_components:/home/men3m/Naima/install/zed_ros2:/home/men3m/Naima/install/zed_robot_integration:/home/men3m/Naima/install/zed_ipc:/home/men3m/Naima/install/zed_multi_camera:/home/men3m/Naima/install/zed_display_rviz2:/home/men3m/Naima/install/zed_depth_to_laserscan:/home/men3m/Naima/install/zed_wrapper:/home/men3m/Naima/install/zed_tutorial_video:/home/men3m/Naima/install/zed_tutorial_pos_tracking:/home/men3m/Naima/install/zed_tutorial_depth:/home/men3m/Naima/install/zed_topic_benchmark:/home/men3m/Naima/install/zed_topic_benchmark_component:/home/men3m/Naima/install/zed_topic_benchmark_interfaces:/home/men3m/Naima/install/zed_rgb_convert:/home/men3m/Naima/install/zed_aruco_localization:/home/men3m/Naima/install/ublox:/home/men3m/Naima/install/ublox_gps:/home/men3m/Naima/install/ublox_msgs:/home/men3m/Naima/install/ublox_serialization:/home/men3m/Naima/install/rviz_plugin_zed_od:/home/men3m/Naima/install/naima_examples:/home/men3m/Naima/install/naima_msgs:/home/men3m/Naima/install/naima_mapping:/home/men3m/Naima/install/naima_localization:/home/men3m/Naima/install/naima_description:/home/men3m/Naima/install/naima_control:/home/men3m/Naima/install/naima_bringup:/home/men3m/Naima/install/naima:/opt/ros/humble LD_LIBRARY_PATH=/home/men3m/Naima/install/zed_components/lib:/home/men3m/Naima/install/zed_ipc/lib:/home/men3m/Naima/install/zed_topic_benchmark_component/lib:/home/men3m/Naima/install/zed_topic_benchmark_interfaces/lib:/home/men3m/Naima/install/zed_rgb_convert/lib:/home/men3m/Naima/install/zed_aruco_localization/lib:/home/men3m/Naima/install/ublox_gps/lib:/home/men3m/Naima/install/ublox_msgs/lib:/home/men3m/Naima/install/rviz_plugin_zed_od/lib:/home/men3m/Naima/install/naima_examples/lib:/home/men3m/Naima/install/naima_msgs/lib:/usr/lib/x86_64-linux-gnu/gazebo-11/plugins:/opt/ros/humble/opt/rviz_ogre_vendor/lib:/opt/ros/humble/lib/x86_64-linux-gnu:/opt/ros/humble/lib:/usr/local/cuda-12.4.0/lib64:/usr/local/cuda-12.4.0/lib64 /usr/bin/cmake --install /home/men3m/Naima/build/zed_aruco_localization
[1.671s] Level 1:colcon.colcon_core.environment:create_environment_scripts_only(zed_wrapper)
[1.673s] Level 1:colcon.colcon_core.environment:checking '/home/men3m/Naima/install/zed_wrapper' for CMake module files
[1.674s] Level 1:colcon.colcon_core.environment:checking '/home/men3m/Naima/install/zed_wrapper' for CMake config files
[1.674s] DEBUG:colcon.colcon_core.event_handler.log_command:Invoked command in '/home/men3m/Naima/build/zed_wrapper' returned '0': CMAKE_PREFIX_PATH=/home/men3m/Naima/install/zed_components:/home/men3m/Naima/install/zed_ros2:/home/men3m/Naima/install/zed_robot_integration:/home/men3m/Naima/install/zed_ipc:/home/men3m/Naima/install/zed_multi_camera:/home/men3m/Naima/install/zed_display_rviz2:/home/men3m/Naima/install/zed_depth_to_laserscan:/home/men3m/Naima/install/zed_wrapper:/home/men3m/Naima/install/zed_tutorial_video:/home/men3m/Naima/install/zed_tutorial_pos_tracking:/home/men3m/Naima/install/zed_tutorial_depth:/home/men3m/Naima/install/zed_topic_benchmark:/home/men3m/Naima/install/zed_topic_benchmark_component:/home/men3m/Naima/install/zed_topic_benchmark_interfaces:/home/men3m/Naima/install/zed_rgb_convert:/home/men3m/Naima/install/zed_aruco_localization:/home/men3m/Naima/install/ublox:/home/men3m/Naima/install/ublox_gps:/home/men3m/Naima/install/ublox_msgs:/home/men3m/Naima/install/ublox_serialization:/home/men3m/Naima/install/rviz_plugin_zed_od:/home/men3m/Naima/install/naima_examples:/home/men3m/Naima/install/naima_msgs:/home/men3m/Naima/install/naima_mapping:/home/men3m/Naima/install/naima_localization:/home/men3m/Naima/install/naima_description:/home/men3m/Naima/install/naima_control:/home/men3m/Naima/install/naima_bringup:/home/men3m/Naima/install/naima:/opt/ros/humble LD_LIBRARY_PATH=/home/men3m/Naima/install/zed_components/lib:/home/men3m/Naima/install/zed_ipc/lib:/home/men3m/Naima/install/zed_topic_benchmark_component/lib:/home/men3m/Naima/install/zed_topic_benchmark_interfaces/lib:/home/men3m/Naima/install/zed_rgb_convert/lib:/home/men3m/Naima/install/zed_aruco_localization/lib:/home/men3m/Naima/install/ublox_gps/lib:/home/men3m/Naima/install/ublox_msgs/lib:/home/men3m/Naima/install/rviz_plugin_zed_od/lib:/home/men3m/Naima/install/naima_examples/lib:/home/men3m/Naima/install/naima_msgs/lib:/usr/lib/x86_64-linux-gnu/gazebo-11/plugins:/opt/ros/humble/opt/rviz_ogre_vendor/lib:/opt/ros/humble/lib/x86_64-linux-gnu:/opt/ros/humble/lib:/usr/local/cuda-12.4.0/lib64:/usr/local/cuda-12.4.0/lib64 /usr/bin/cmake --install /home/men3m/Naima/build/zed_wrapper
[1.674s] Level 1:colcon.colcon_core.shell:create_environment_hook('zed_wrapper', 'cmake_prefix_path')
[1.675s] INFO:colcon.colcon_core.shell:Creating environment hook '/home/men3m/Naima/install/zed_wrapper/share/zed_wrapper/hook/cmake_prefix_path.ps1'
[1.676s] INFO:colcon.colcon_core.shell:Creating environment descriptor '/home/men3m/Naima/install/zed_wrapper/share/zed_wrapper/hook/cmake_prefix_path.dsv'
[1.677s] INFO:colcon.colcon_core.shell:Creating environment hook '/home/men3m/Naima/install/zed_wrapper/share/zed_wrapper/hook/cmake_prefix_path.sh'
[1.678s] Level 1:colcon.colcon_core.environment:checking '/home/men3m/Naima/install/zed_wrapper/bin'
[1.678s] Level 1:colcon.colcon_core.environment:checking '/home/men3m/Naima/install/zed_wrapper/lib/pkgconfig/zed_wrapper.pc'
[1.678s] Level 1:colcon.colcon_core.environment:checking '/home/men3m/Naima/install/zed_wrapper/lib/python3.10/site-packages'
[1.678s] Level 1:colcon.colcon_core.environment:checking '/home/men3m/Naima/install/zed_wrapper/bin'
[1.679s] INFO:colcon.colcon_core.shell:Creating package script '/home/men3m/Naima/install/zed_wrapper/share/zed_wrapper/package.ps1'
[1.679s] INFO:colcon.colcon_core.shell:Creating package descriptor '/home/men3m/Naima/install/zed_wrapper/share/zed_wrapper/package.dsv'
[1.680s] INFO:colcon.colcon_core.shell:Creating package script '/home/men3m/Naima/install/zed_wrapper/share/zed_wrapper/package.sh'
[1.680s] INFO:colcon.colcon_core.shell:Creating package script '/home/men3m/Naima/install/zed_wrapper/share/zed_wrapper/package.bash'
[1.681s] INFO:colcon.colcon_core.shell:Creating package script '/home/men3m/Naima/install/zed_wrapper/share/zed_wrapper/package.zsh'
[1.682s] Level 1:colcon.colcon_core.environment:create_file_with_runtime_dependencies(/home/men3m/Naima/install/zed_wrapper/share/colcon-core/packages/zed_wrapper)
[1.683s] Level 1:colcon.colcon_core.environment:create_environment_scripts_only(zed_wrapper)
[1.683s] Level 1:colcon.colcon_core.environment:checking '/home/men3m/Naima/install/zed_wrapper' for CMake module files
[1.684s] Level 1:colcon.colcon_core.environment:checking '/home/men3m/Naima/install/zed_wrapper' for CMake config files
[1.684s] Level 1:colcon.colcon_core.shell:create_environment_hook('zed_wrapper', 'cmake_prefix_path')
[1.684s] INFO:colcon.colcon_core.shell:Creating environment hook '/home/men3m/Naima/install/zed_wrapper/share/zed_wrapper/hook/cmake_prefix_path.ps1'
[1.685s] INFO:colcon.colcon_core.shell:Creating environment descriptor '/home/men3m/Naima/install/zed_wrapper/share/zed_wrapper/hook/cmake_prefix_path.dsv'
[1.686s] INFO:colcon.colcon_core.shell:Creating environment hook '/home/men3m/Naima/install/zed_wrapper/share/zed_wrapper/hook/cmake_prefix_path.sh'
[1.686s] Level 1:colcon.colcon_core.environment:checking '/home/men3m/Naima/install/zed_wrapper/bin'
[1.687s] Level 1:colcon.colcon_core.environment:checking '/home/men3m/Naima/install/zed_wrapper/lib/pkgconfig/zed_wrapper.pc'
[1.687s] Level 1:colcon.colcon_core.environment:checking '/home/men3m/Naima/install/zed_wrapper/lib/python3.10/site-packages'
[1.687s] Level 1:colcon.colcon_core.environment:checking '/home/men3m/Naima/install/zed_wrapper/bin'
[1.687s] INFO:colcon.colcon_core.shell:Creating package script '/home/men3m/Naima/install/zed_wrapper/share/zed_wrapper/package.ps1'
[1.688s] INFO:colcon.colcon_core.shell:Creating package descriptor '/home/men3m/Naima/install/zed_wrapper/share/zed_wrapper/package.dsv'
[1.689s] INFO:colcon.colcon_core.shell:Creating package script '/home/men3m/Naima/install/zed_wrapper/share/zed_wrapper/package.sh'
[1.689s] INFO:colcon.colcon_core.shell:Creating package script '/home/men3m/Naima/install/zed_wrapper/share/zed_wrapper/package.bash'
[1.690s] INFO:colcon.colcon_core.shell:Creating package script '/home/men3m/Naima/install/zed_wrapper/share/zed_wrapper/package.zsh'
[1.690s] Level 1:colcon.colcon_core.environment:create_file_with_runtime_dependencies(/home/men3m/Naima/install/zed_wrapper/share/colcon-core/packages/zed_wrapper)
[1.691s] INFO:colcon.colcon_ros.task.ament_cmake.build:Building ROS package in '/home/men3m/Naima/src/zed-ros2-examples/tutorials/zed_multi_camera' with build type 'ament_cmake'
[1.692s] INFO:colcon.colcon_cmake.task.cmake.build:Building CMake package in '/home/men3m/Naima/src/zed-ros2-examples/tutorials/zed_multi_camera'
[1.693s] INFO:colcon.colcon_core.shell:Skip shell extension 'powershell' for command environment: Not usable outside of PowerShell
[1.693s] DEBUG:colcon.colcon_core.shell:Skip shell extension 'dsv' for command environment
[1.705s] INFO:colcon.colcon_ros.task.ament_cmake.build:Building ROS package in '/home/men3m/Naima/src/zed-ros2-examples/examples/zed_depth_to_laserscan' with build type 'ament_cmake'
[1.706s] INFO:colcon.colcon_cmake.task.cmake.build:Building CMake package in '/home/men3m/Naima/src/zed-ros2-examples/examples/zed_depth_to_laserscan'
[1.706s] INFO:colcon.colcon_core.shell:Skip shell extension 'powershell' for command environment: Not usable outside of PowerShell
[1.706s] DEBUG:colcon.colcon_core.shell:Skip shell extension 'dsv' for command environment
[1.719s] INFO:colcon.colcon_ros.task.ament_cmake.build:Building ROS package in '/home/men3m/Naima/src/zed-ros2-examples/zed_display_rviz2' with build type 'ament_cmake'
[1.720s] INFO:colcon.colcon_cmake.task.cmake.build:Building CMake package in '/home/men3m/Naima/src/zed-ros2-examples/zed_display_rviz2'
[1.720s] INFO:colcon.colcon_core.shell:Skip shell extension 'powershell' for command environment: Not usable outside of PowerShell
[1.720s] DEBUG:colcon.colcon_core.shell:Skip shell extension 'dsv' for command environment
[1.734s] INFO:colcon.colcon_ros.task.ament_cmake.build:Building ROS package in '/home/men3m/Naima/src/zed-ros2-examples/tutorials/zed_robot_integration' with build type 'ament_cmake'
[1.734s] INFO:colcon.colcon_cmake.task.cmake.build:Building CMake package in '/home/men3m/Naima/src/zed-ros2-examples/tutorials/zed_robot_integration'
[1.734s] INFO:colcon.colcon_core.shell:Skip shell extension 'powershell' for command environment: Not usable outside of PowerShell
[1.735s] DEBUG:colcon.colcon_core.shell:Skip shell extension 'dsv' for command environment
[1.744s] INFO:colcon.colcon_ros.task.ament_cmake.build:Building ROS package in '/home/men3m/Naima/src/zed-ros2-wrapper/zed_ros2' with build type 'ament_cmake'
[1.744s] INFO:colcon.colcon_cmake.task.cmake.build:Building CMake package in '/home/men3m/Naima/src/zed-ros2-wrapper/zed_ros2'
[1.744s] INFO:colcon.colcon_core.shell:Skip shell extension 'powershell' for command environment: Not usable outside of PowerShell
[1.744s] DEBUG:colcon.colcon_core.shell:Skip shell extension 'dsv' for command environment
[1.755s] DEBUG:colcon.colcon_core.event_handler.log_command:Invoked command in '/home/men3m/Naima/build/naima_localization' returned '0': CMAKE_PREFIX_PATH=${CMAKE_PREFIX_PATH}:/home/men3m/Naima/install/naima_bringup:/home/men3m/Naima/install/naima:/opt/ros/humble /usr/bin/cmake --build /home/men3m/Naima/build/naima_localization -- -j16 -l16
[1.757s] Level 1:colcon.colcon_core.environment:create_environment_scripts_only(zed_aruco_localization)
[1.758s] Level 1:colcon.colcon_core.environment:checking '/home/men3m/Naima/install/zed_aruco_localization' for CMake module files
[1.759s] DEBUG:colcon.colcon_core.event_handler.log_command:Invoking command in '/home/men3m/Naima/build/naima_localization': CMAKE_PREFIX_PATH=${CMAKE_PREFIX_PATH}:/home/men3m/Naima/install/naima_bringup:/home/men3m/Naima/install/naima:/opt/ros/humble /usr/bin/cmake --install /home/men3m/Naima/build/naima_localization
[1.759s] DEBUG:colcon.colcon_core.event_handler.log_command:Invoked command in '/home/men3m/Naima/build/zed_aruco_localization' returned '0': CMAKE_PREFIX_PATH=/home/men3m/Naima/install/zed_components:/home/men3m/Naima/install/zed_ros2:/home/men3m/Naima/install/zed_robot_integration:/home/men3m/Naima/install/zed_ipc:/home/men3m/Naima/install/zed_multi_camera:/home/men3m/Naima/install/zed_display_rviz2:/home/men3m/Naima/install/zed_depth_to_laserscan:/home/men3m/Naima/install/zed_wrapper:/home/men3m/Naima/install/zed_tutorial_video:/home/men3m/Naima/install/zed_tutorial_pos_tracking:/home/men3m/Naima/install/zed_tutorial_depth:/home/men3m/Naima/install/zed_topic_benchmark:/home/men3m/Naima/install/zed_topic_benchmark_component:/home/men3m/Naima/install/zed_topic_benchmark_interfaces:/home/men3m/Naima/install/zed_rgb_convert:/home/men3m/Naima/install/zed_aruco_localization:/home/men3m/Naima/install/ublox:/home/men3m/Naima/install/ublox_gps:/home/men3m/Naima/install/ublox_msgs:/home/men3m/Naima/install/ublox_serialization:/home/men3m/Naima/install/rviz_plugin_zed_od:/home/men3m/Naima/install/naima_examples:/home/men3m/Naima/install/naima_msgs:/home/men3m/Naima/install/naima_mapping:/home/men3m/Naima/install/naima_localization:/home/men3m/Naima/install/naima_description:/home/men3m/Naima/install/naima_control:/home/men3m/Naima/install/naima_bringup:/home/men3m/Naima/install/naima:/opt/ros/humble LD_LIBRARY_PATH=/home/men3m/Naima/install/zed_components/lib:/home/men3m/Naima/install/zed_ipc/lib:/home/men3m/Naima/install/zed_topic_benchmark_component/lib:/home/men3m/Naima/install/zed_topic_benchmark_interfaces/lib:/home/men3m/Naima/install/zed_rgb_convert/lib:/home/men3m/Naima/install/zed_aruco_localization/lib:/home/men3m/Naima/install/ublox_gps/lib:/home/men3m/Naima/install/ublox_msgs/lib:/home/men3m/Naima/install/rviz_plugin_zed_od/lib:/home/men3m/Naima/install/naima_examples/lib:/home/men3m/Naima/install/naima_msgs/lib:/usr/lib/x86_64-linux-gnu/gazebo-11/plugins:/opt/ros/humble/opt/rviz_ogre_vendor/lib:/opt/ros/humble/lib/x86_64-linux-gnu:/opt/ros/humble/lib:/usr/local/cuda-12.4.0/lib64:/usr/local/cuda-12.4.0/lib64 /usr/bin/cmake --install /home/men3m/Naima/build/zed_aruco_localization
[1.760s] Level 1:colcon.colcon_core.environment:checking '/home/men3m/Naima/install/zed_aruco_localization' for CMake config files
[1.760s] Level 1:colcon.colcon_core.shell:create_environment_hook('zed_aruco_localization', 'cmake_prefix_path')
[1.761s] INFO:colcon.colcon_core.shell:Creating environment hook '/home/men3m/Naima/install/zed_aruco_localization/share/zed_aruco_localization/hook/cmake_prefix_path.ps1'
[1.761s] INFO:colcon.colcon_core.shell:Creating environment descriptor '/home/men3m/Naima/install/zed_aruco_localization/share/zed_aruco_localization/hook/cmake_prefix_path.dsv'
[1.762s] INFO:colcon.colcon_core.shell:Creating environment hook '/home/men3m/Naima/install/zed_aruco_localization/share/zed_aruco_localization/hook/cmake_prefix_path.sh'
[1.762s] Level 1:colcon.colcon_core.environment:checking '/home/men3m/Naima/install/zed_aruco_localization/lib'
[1.762s] Level 1:colcon.colcon_core.shell:create_environment_hook('zed_aruco_localization', 'ld_library_path_lib')
[1.763s] INFO:colcon.colcon_core.shell:Creating environment hook '/home/men3m/Naima/install/zed_aruco_localization/share/zed_aruco_localization/hook/ld_library_path_lib.ps1'
[1.763s] INFO:colcon.colcon_core.shell:Creating environment descriptor '/home/men3m/Naima/install/zed_aruco_localization/share/zed_aruco_localization/hook/ld_library_path_lib.dsv'
[1.764s] INFO:colcon.colcon_core.shell:Creating environment hook '/home/men3m/Naima/install/zed_aruco_localization/share/zed_aruco_localization/hook/ld_library_path_lib.sh'
[1.764s] Level 1:colcon.colcon_core.environment:checking '/home/men3m/Naima/install/zed_aruco_localization/bin'
[1.764s] Level 1:colcon.colcon_core.environment:checking '/home/men3m/Naima/install/zed_aruco_localization/lib/pkgconfig/zed_aruco_localization.pc'
[1.764s] Level 1:colcon.colcon_core.environment:checking '/home/men3m/Naima/install/zed_aruco_localization/lib/python3.10/site-packages'
[1.764s] Level 1:colcon.colcon_core.environment:checking '/home/men3m/Naima/install/zed_aruco_localization/bin'
[1.765s] INFO:colcon.colcon_core.shell:Creating package script '/home/men3m/Naima/install/zed_aruco_localization/share/zed_aruco_localization/package.ps1'
[1.765s] INFO:colcon.colcon_core.shell:Creating package descriptor '/home/men3m/Naima/install/zed_aruco_localization/share/zed_aruco_localization/package.dsv'
[1.766s] INFO:colcon.colcon_core.shell:Creating package script '/home/men3m/Naima/install/zed_aruco_localization/share/zed_aruco_localization/package.sh'
[1.766s] INFO:colcon.colcon_core.shell:Creating package script '/home/men3m/Naima/install/zed_aruco_localization/share/zed_aruco_localization/package.bash'
[1.766s] INFO:colcon.colcon_core.shell:Creating package script '/home/men3m/Naima/install/zed_aruco_localization/share/zed_aruco_localization/package.zsh'
[1.767s] Level 1:colcon.colcon_core.environment:create_file_with_runtime_dependencies(/home/men3m/Naima/install/zed_aruco_localization/share/colcon-core/packages/zed_aruco_localization)
[1.767s] Level 1:colcon.colcon_core.environment:create_environment_scripts_only(zed_aruco_localization)
[1.767s] Level 1:colcon.colcon_core.environment:checking '/home/men3m/Naima/install/zed_aruco_localization' for CMake module files
[1.768s] Level 1:colcon.colcon_core.environment:checking '/home/men3m/Naima/install/zed_aruco_localization' for CMake config files
[1.768s] Level 1:colcon.colcon_core.shell:create_environment_hook('zed_aruco_localization', 'cmake_prefix_path')
[1.768s] INFO:colcon.colcon_core.shell:Creating environment hook '/home/men3m/Naima/install/zed_aruco_localization/share/zed_aruco_localization/hook/cmake_prefix_path.ps1'
[1.769s] INFO:colcon.colcon_core.shell:Creating environment descriptor '/home/men3m/Naima/install/zed_aruco_localization/share/zed_aruco_localization/hook/cmake_prefix_path.dsv'
[1.769s] INFO:colcon.colcon_core.shell:Creating environment hook '/home/men3m/Naima/install/zed_aruco_localization/share/zed_aruco_localization/hook/cmake_prefix_path.sh'
[1.769s] Level 1:colcon.colcon_core.environment:checking '/home/men3m/Naima/install/zed_aruco_localization/lib'
[1.769s] Level 1:colcon.colcon_core.shell:create_environment_hook('zed_aruco_localization', 'ld_library_path_lib')
[1.770s] INFO:colcon.colcon_core.shell:Creating environment hook '/home/men3m/Naima/install/zed_aruco_localization/share/zed_aruco_localization/hook/ld_library_path_lib.ps1'
[1.770s] INFO:colcon.colcon_core.shell:Creating environment descriptor '/home/men3m/Naima/install/zed_aruco_localization/share/zed_aruco_localization/hook/ld_library_path_lib.dsv'
[1.770s] INFO:colcon.colcon_core.shell:Creating environment hook '/home/men3m/Naima/install/zed_aruco_localization/share/zed_aruco_localization/hook/ld_library_path_lib.sh'
[1.771s] Level 1:colcon.colcon_core.environment:checking '/home/men3m/Naima/install/zed_aruco_localization/bin'
[1.771s] Level 1:colcon.colcon_core.environment:checking '/home/men3m/Naima/install/zed_aruco_localization/lib/pkgconfig/zed_aruco_localization.pc'
[1.771s] Level 1:colcon.colcon_core.environment:checking '/home/men3m/Naima/install/zed_aruco_localization/lib/python3.10/site-packages'
[1.771s] Level 1:colcon.colcon_core.environment:checking '/home/men3m/Naima/install/zed_aruco_localization/bin'
[1.771s] INFO:colcon.colcon_core.shell:Creating package script '/home/men3m/Naima/install/zed_aruco_localization/share/zed_aruco_localization/package.ps1'
[1.772s] INFO:colcon.colcon_core.shell:Creating package descriptor '/home/men3m/Naima/install/zed_aruco_localization/share/zed_aruco_localization/package.dsv'
[1.772s] INFO:colcon.colcon_core.shell:Creating package script '/home/men3m/Naima/install/zed_aruco_localization/share/zed_aruco_localization/package.sh'
[1.773s] INFO:colcon.colcon_core.shell:Creating package script '/home/men3m/Naima/install/zed_aruco_localization/share/zed_aruco_localization/package.bash'
[1.774s] INFO:colcon.colcon_core.shell:Creating package script '/home/men3m/Naima/install/zed_aruco_localization/share/zed_aruco_localization/package.zsh'
[1.774s] Level 1:colcon.colcon_core.environment:create_file_with_runtime_dependencies(/home/men3m/Naima/install/zed_aruco_localization/share/colcon-core/packages/zed_aruco_localization)
[1.777s] DEBUG:colcon.colcon_core.event_handler.log_command:Invoked command in '/home/men3m/Naima/build/zed_rgb_convert' returned '0': CMAKE_PREFIX_PATH=/home/men3m/Naima/install/zed_components:/home/men3m/Naima/install/zed_ros2:/home/men3m/Naima/install/zed_robot_integration:/home/men3m/Naima/install/zed_ipc:/home/men3m/Naima/install/zed_multi_camera:/home/men3m/Naima/install/zed_display_rviz2:/home/men3m/Naima/install/zed_depth_to_laserscan:/home/men3m/Naima/install/zed_wrapper:/home/men3m/Naima/install/zed_tutorial_video:/home/men3m/Naima/install/zed_tutorial_pos_tracking:/home/men3m/Naima/install/zed_tutorial_depth:/home/men3m/Naima/install/zed_topic_benchmark:/home/men3m/Naima/install/zed_topic_benchmark_component:/home/men3m/Naima/install/zed_topic_benchmark_interfaces:/home/men3m/Naima/install/zed_rgb_convert:/home/men3m/Naima/install/zed_aruco_localization:/home/men3m/Naima/install/ublox:/home/men3m/Naima/install/ublox_gps:/home/men3m/Naima/install/ublox_msgs:/home/men3m/Naima/install/ublox_serialization:/home/men3m/Naima/install/rviz_plugin_zed_od:/home/men3m/Naima/install/naima_examples:/home/men3m/Naima/install/naima_msgs:/home/men3m/Naima/install/naima_mapping:/home/men3m/Naima/install/naima_localization:/home/men3m/Naima/install/naima_description:/home/men3m/Naima/install/naima_control:/home/men3m/Naima/install/naima_bringup:/home/men3m/Naima/install/naima:/opt/ros/humble LD_LIBRARY_PATH=/home/men3m/Naima/install/zed_components/lib:/home/men3m/Naima/install/zed_ipc/lib:/home/men3m/Naima/install/zed_topic_benchmark_component/lib:/home/men3m/Naima/install/zed_topic_benchmark_interfaces/lib:/home/men3m/Naima/install/zed_rgb_convert/lib:/home/men3m/Naima/install/zed_aruco_localization/lib:/home/men3m/Naima/install/ublox_gps/lib:/home/men3m/Naima/install/ublox_msgs/lib:/home/men3m/Naima/install/rviz_plugin_zed_od/lib:/home/men3m/Naima/install/naima_examples/lib:/home/men3m/Naima/install/naima_msgs/lib:/usr/lib/x86_64-linux-gnu/gazebo-11/plugins:/opt/ros/humble/opt/rviz_ogre_vendor/lib:/opt/ros/humble/lib/x86_64-linux-gnu:/opt/ros/humble/lib:/usr/local/cuda-12.4.0/lib64:/usr/local/cuda-12.4.0/lib64 /usr/bin/cmake --build /home/men3m/Naima/build/zed_rgb_convert -- -j16 -l16
[1.781s] DEBUG:colcon.colcon_core.event_handler.log_command:Invoking command in '/home/men3m/Naima/build/zed_rgb_convert': CMAKE_PREFIX_PATH=/home/men3m/Naima/install/zed_components:/home/men3m/Naima/install/zed_ros2:/home/men3m/Naima/install/zed_robot_integration:/home/men3m/Naima/install/zed_ipc:/home/men3m/Naima/install/zed_multi_camera:/home/men3m/Naima/install/zed_display_rviz2:/home/men3m/Naima/install/zed_depth_to_laserscan:/home/men3m/Naima/install/zed_wrapper:/home/men3m/Naima/install/zed_tutorial_video:/home/men3m/Naima/install/zed_tutorial_pos_tracking:/home/men3m/Naima/install/zed_tutorial_depth:/home/men3m/Naima/install/zed_topic_benchmark:/home/men3m/Naima/install/zed_topic_benchmark_component:/home/men3m/Naima/install/zed_topic_benchmark_interfaces:/home/men3m/Naima/install/zed_rgb_convert:/home/men3m/Naima/install/zed_aruco_localization:/home/men3m/Naima/install/ublox:/home/men3m/Naima/install/ublox_gps:/home/men3m/Naima/install/ublox_msgs:/home/men3m/Naima/install/ublox_serialization:/home/men3m/Naima/install/rviz_plugin_zed_od:/home/men3m/Naima/install/naima_examples:/home/men3m/Naima/install/naima_msgs:/home/men3m/Naima/install/naima_mapping:/home/men3m/Naima/install/naima_localization:/home/men3m/Naima/install/naima_description:/home/men3m/Naima/install/naima_control:/home/men3m/Naima/install/naima_bringup:/home/men3m/Naima/install/naima:/opt/ros/humble LD_LIBRARY_PATH=/home/men3m/Naima/install/zed_components/lib:/home/men3m/Naima/install/zed_ipc/lib:/home/men3m/Naima/install/zed_topic_benchmark_component/lib:/home/men3m/Naima/install/zed_topic_benchmark_interfaces/lib:/home/men3m/Naima/install/zed_rgb_convert/lib:/home/men3m/Naima/install/zed_aruco_localization/lib:/home/men3m/Naima/install/ublox_gps/lib:/home/men3m/Naima/install/ublox_msgs/lib:/home/men3m/Naima/install/rviz_plugin_zed_od/lib:/home/men3m/Naima/install/naima_examples/lib:/home/men3m/Naima/install/naima_msgs/lib:/usr/lib/x86_64-linux-gnu/gazebo-11/plugins:/opt/ros/humble/opt/rviz_ogre_vendor/lib:/opt/ros/humble/lib/x86_64-linux-gnu:/opt/ros/humble/lib:/usr/local/cuda-12.4.0/lib64:/usr/local/cuda-12.4.0/lib64 /usr/bin/cmake --install /home/men3m/Naima/build/zed_rgb_convert
[1.782s] DEBUG:colcon.colcon_core.event_handler.log_command:Invoked command in '/home/men3m/Naima/build/zed_topic_benchmark_component' returned '0': CMAKE_PREFIX_PATH=/home/men3m/Naima/install/zed_topic_benchmark_interfaces:/home/men3m/Naima/install/zed_ros2:/home/men3m/Naima/install/zed_robot_integration:/home/men3m/Naima/install/zed_ipc:/home/men3m/Naima/install/zed_multi_camera:/home/men3m/Naima/install/zed_display_rviz2:/home/men3m/Naima/install/zed_depth_to_laserscan:/home/men3m/Naima/install/zed_wrapper:/home/men3m/Naima/install/zed_tutorial_video:/home/men3m/Naima/install/zed_tutorial_pos_tracking:/home/men3m/Naima/install/zed_tutorial_depth:/home/men3m/Naima/install/zed_topic_benchmark:/home/men3m/Naima/install/zed_topic_benchmark_component:/home/men3m/Naima/install/zed_rgb_convert:/home/men3m/Naima/install/zed_aruco_localization:/home/men3m/Naima/install/zed_components:/home/men3m/Naima/install/ublox:/home/men3m/Naima/install/ublox_gps:/home/men3m/Naima/install/ublox_msgs:/home/men3m/Naima/install/ublox_serialization:/home/men3m/Naima/install/rviz_plugin_zed_od:/home/men3m/Naima/install/naima_examples:/home/men3m/Naima/install/naima_msgs:/home/men3m/Naima/install/naima_mapping:/home/men3m/Naima/install/naima_localization:/home/men3m/Naima/install/naima_description:/home/men3m/Naima/install/naima_control:/home/men3m/Naima/install/naima_bringup:/home/men3m/Naima/install/naima:/opt/ros/humble LD_LIBRARY_PATH=/home/men3m/Naima/install/zed_topic_benchmark_interfaces/lib:/home/men3m/Naima/install/zed_ipc/lib:/home/men3m/Naima/install/zed_topic_benchmark_component/lib:/home/men3m/Naima/install/zed_rgb_convert/lib:/home/men3m/Naima/install/zed_aruco_localization/lib:/home/men3m/Naima/install/zed_components/lib:/home/men3m/Naima/install/ublox_gps/lib:/home/men3m/Naima/install/ublox_msgs/lib:/home/men3m/Naima/install/rviz_plugin_zed_od/lib:/home/men3m/Naima/install/naima_examples/lib:/home/men3m/Naima/install/naima_msgs/lib:/usr/lib/x86_64-linux-gnu/gazebo-11/plugins:/opt/ros/humble/opt/rviz_ogre_vendor/lib:/opt/ros/humble/lib/x86_64-linux-gnu:/opt/ros/humble/lib:/usr/local/cuda-12.4.0/lib64:/usr/local/cuda-12.4.0/lib64 /usr/bin/cmake --build /home/men3m/Naima/build/zed_topic_benchmark_component -- -j16 -l16
[1.785s] DEBUG:colcon.colcon_core.event_handler.log_command:Invoking command in '/home/men3m/Naima/build/zed_topic_benchmark_component': CMAKE_PREFIX_PATH=/home/men3m/Naima/install/zed_topic_benchmark_interfaces:/home/men3m/Naima/install/zed_ros2:/home/men3m/Naima/install/zed_robot_integration:/home/men3m/Naima/install/zed_ipc:/home/men3m/Naima/install/zed_multi_camera:/home/men3m/Naima/install/zed_display_rviz2:/home/men3m/Naima/install/zed_depth_to_laserscan:/home/men3m/Naima/install/zed_wrapper:/home/men3m/Naima/install/zed_tutorial_video:/home/men3m/Naima/install/zed_tutorial_pos_tracking:/home/men3m/Naima/install/zed_tutorial_depth:/home/men3m/Naima/install/zed_topic_benchmark:/home/men3m/Naima/install/zed_topic_benchmark_component:/home/men3m/Naima/install/zed_rgb_convert:/home/men3m/Naima/install/zed_aruco_localization:/home/men3m/Naima/install/zed_components:/home/men3m/Naima/install/ublox:/home/men3m/Naima/install/ublox_gps:/home/men3m/Naima/install/ublox_msgs:/home/men3m/Naima/install/ublox_serialization:/home/men3m/Naima/install/rviz_plugin_zed_od:/home/men3m/Naima/install/naima_examples:/home/men3m/Naima/install/naima_msgs:/home/men3m/Naima/install/naima_mapping:/home/men3m/Naima/install/naima_localization:/home/men3m/Naima/install/naima_description:/home/men3m/Naima/install/naima_control:/home/men3m/Naima/install/naima_bringup:/home/men3m/Naima/install/naima:/opt/ros/humble LD_LIBRARY_PATH=/home/men3m/Naima/install/zed_topic_benchmark_interfaces/lib:/home/men3m/Naima/install/zed_ipc/lib:/home/men3m/Naima/install/zed_topic_benchmark_component/lib:/home/men3m/Naima/install/zed_rgb_convert/lib:/home/men3m/Naima/install/zed_aruco_localization/lib:/home/men3m/Naima/install/zed_components/lib:/home/men3m/Naima/install/ublox_gps/lib:/home/men3m/Naima/install/ublox_msgs/lib:/home/men3m/Naima/install/rviz_plugin_zed_od/lib:/home/men3m/Naima/install/naima_examples/lib:/home/men3m/Naima/install/naima_msgs/lib:/usr/lib/x86_64-linux-gnu/gazebo-11/plugins:/opt/ros/humble/opt/rviz_ogre_vendor/lib:/opt/ros/humble/lib/x86_64-linux-gnu:/opt/ros/humble/lib:/usr/local/cuda-12.4.0/lib64:/usr/local/cuda-12.4.0/lib64 /usr/bin/cmake --install /home/men3m/Naima/build/zed_topic_benchmark_component
[1.790s] DEBUG:colcon.colcon_core.event_handler.log_command:Invoking command in '/home/men3m/Naima/build/zed_multi_camera': CMAKE_PREFIX_PATH=/home/men3m/Naima/install/zed_wrapper:/home/men3m/Naima/install/zed_components:/home/men3m/Naima/install/zed_ros2:/home/men3m/Naima/install/zed_robot_integration:/home/men3m/Naima/install/zed_ipc:/home/men3m/Naima/install/zed_multi_camera:/home/men3m/Naima/install/zed_display_rviz2:/home/men3m/Naima/install/zed_depth_to_laserscan:/home/men3m/Naima/install/zed_tutorial_video:/home/men3m/Naima/install/zed_tutorial_pos_tracking:/home/men3m/Naima/install/zed_tutorial_depth:/home/men3m/Naima/install/zed_topic_benchmark:/home/men3m/Naima/install/zed_topic_benchmark_component:/home/men3m/Naima/install/zed_topic_benchmark_interfaces:/home/men3m/Naima/install/zed_rgb_convert:/home/men3m/Naima/install/zed_aruco_localization:/home/men3m/Naima/install/ublox:/home/men3m/Naima/install/ublox_gps:/home/men3m/Naima/install/ublox_msgs:/home/men3m/Naima/install/ublox_serialization:/home/men3m/Naima/install/rviz_plugin_zed_od:/home/men3m/Naima/install/naima_examples:/home/men3m/Naima/install/naima_msgs:/home/men3m/Naima/install/naima_mapping:/home/men3m/Naima/install/naima_localization:/home/men3m/Naima/install/naima_description:/home/men3m/Naima/install/naima_control:/home/men3m/Naima/install/naima_bringup:/home/men3m/Naima/install/naima:/opt/ros/humble LD_LIBRARY_PATH=/home/men3m/Naima/install/zed_components/lib:/home/men3m/Naima/install/zed_ipc/lib:/home/men3m/Naima/install/zed_topic_benchmark_component/lib:/home/men3m/Naima/install/zed_topic_benchmark_interfaces/lib:/home/men3m/Naima/install/zed_rgb_convert/lib:/home/men3m/Naima/install/zed_aruco_localization/lib:/home/men3m/Naima/install/ublox_gps/lib:/home/men3m/Naima/install/ublox_msgs/lib:/home/men3m/Naima/install/rviz_plugin_zed_od/lib:/home/men3m/Naima/install/naima_examples/lib:/home/men3m/Naima/install/naima_msgs/lib:/usr/lib/x86_64-linux-gnu/gazebo-11/plugins:/opt/ros/humble/opt/rviz_ogre_vendor/lib:/opt/ros/humble/lib/x86_64-linux-gnu:/opt/ros/humble/lib:/usr/local/cuda-12.4.0/lib64:/usr/local/cuda-12.4.0/lib64 /usr/bin/cmake --build /home/men3m/Naima/build/zed_multi_camera -- -j16 -l16
[1.795s] DEBUG:colcon.colcon_core.event_handler.log_command:Invoking command in '/home/men3m/Naima/build/zed_depth_to_laserscan': CMAKE_PREFIX_PATH=/home/men3m/Naima/install/zed_wrapper:/home/men3m/Naima/install/zed_components:/home/men3m/Naima/install/zed_ros2:/home/men3m/Naima/install/zed_robot_integration:/home/men3m/Naima/install/zed_ipc:/home/men3m/Naima/install/zed_multi_camera:/home/men3m/Naima/install/zed_display_rviz2:/home/men3m/Naima/install/zed_depth_to_laserscan:/home/men3m/Naima/install/zed_tutorial_video:/home/men3m/Naima/install/zed_tutorial_pos_tracking:/home/men3m/Naima/install/zed_tutorial_depth:/home/men3m/Naima/install/zed_topic_benchmark:/home/men3m/Naima/install/zed_topic_benchmark_component:/home/men3m/Naima/install/zed_topic_benchmark_interfaces:/home/men3m/Naima/install/zed_rgb_convert:/home/men3m/Naima/install/zed_aruco_localization:/home/men3m/Naima/install/ublox:/home/men3m/Naima/install/ublox_gps:/home/men3m/Naima/install/ublox_msgs:/home/men3m/Naima/install/ublox_serialization:/home/men3m/Naima/install/rviz_plugin_zed_od:/home/men3m/Naima/install/naima_examples:/home/men3m/Naima/install/naima_msgs:/home/men3m/Naima/install/naima_mapping:/home/men3m/Naima/install/naima_localization:/home/men3m/Naima/install/naima_description:/home/men3m/Naima/install/naima_control:/home/men3m/Naima/install/naima_bringup:/home/men3m/Naima/install/naima:/opt/ros/humble LD_LIBRARY_PATH=/home/men3m/Naima/install/zed_components/lib:/home/men3m/Naima/install/zed_ipc/lib:/home/men3m/Naima/install/zed_topic_benchmark_component/lib:/home/men3m/Naima/install/zed_topic_benchmark_interfaces/lib:/home/men3m/Naima/install/zed_rgb_convert/lib:/home/men3m/Naima/install/zed_aruco_localization/lib:/home/men3m/Naima/install/ublox_gps/lib:/home/men3m/Naima/install/ublox_msgs/lib:/home/men3m/Naima/install/rviz_plugin_zed_od/lib:/home/men3m/Naima/install/naima_examples/lib:/home/men3m/Naima/install/naima_msgs/lib:/usr/lib/x86_64-linux-gnu/gazebo-11/plugins:/opt/ros/humble/opt/rviz_ogre_vendor/lib:/opt/ros/humble/lib/x86_64-linux-gnu:/opt/ros/humble/lib:/usr/local/cuda-12.4.0/lib64:/usr/local/cuda-12.4.0/lib64 /usr/bin/cmake --build /home/men3m/Naima/build/zed_depth_to_laserscan -- -j16 -l16
[1.803s] DEBUG:colcon.colcon_core.event_handler.log_command:Invoking command in '/home/men3m/Naima/build/zed_display_rviz2': CMAKE_PREFIX_PATH=/home/men3m/Naima/install/zed_wrapper:/home/men3m/Naima/install/zed_components:/home/men3m/Naima/install/zed_ros2:/home/men3m/Naima/install/zed_robot_integration:/home/men3m/Naima/install/zed_ipc:/home/men3m/Naima/install/zed_multi_camera:/home/men3m/Naima/install/zed_display_rviz2:/home/men3m/Naima/install/zed_depth_to_laserscan:/home/men3m/Naima/install/zed_tutorial_video:/home/men3m/Naima/install/zed_tutorial_pos_tracking:/home/men3m/Naima/install/zed_tutorial_depth:/home/men3m/Naima/install/zed_topic_benchmark:/home/men3m/Naima/install/zed_topic_benchmark_component:/home/men3m/Naima/install/zed_topic_benchmark_interfaces:/home/men3m/Naima/install/zed_rgb_convert:/home/men3m/Naima/install/zed_aruco_localization:/home/men3m/Naima/install/ublox:/home/men3m/Naima/install/ublox_gps:/home/men3m/Naima/install/ublox_msgs:/home/men3m/Naima/install/ublox_serialization:/home/men3m/Naima/install/rviz_plugin_zed_od:/home/men3m/Naima/install/naima_examples:/home/men3m/Naima/install/naima_msgs:/home/men3m/Naima/install/naima_mapping:/home/men3m/Naima/install/naima_localization:/home/men3m/Naima/install/naima_description:/home/men3m/Naima/install/naima_control:/home/men3m/Naima/install/naima_bringup:/home/men3m/Naima/install/naima:/opt/ros/humble LD_LIBRARY_PATH=/home/men3m/Naima/install/zed_components/lib:/home/men3m/Naima/install/zed_ipc/lib:/home/men3m/Naima/install/zed_topic_benchmark_component/lib:/home/men3m/Naima/install/zed_topic_benchmark_interfaces/lib:/home/men3m/Naima/install/zed_rgb_convert/lib:/home/men3m/Naima/install/zed_aruco_localization/lib:/home/men3m/Naima/install/ublox_gps/lib:/home/men3m/Naima/install/ublox_msgs/lib:/home/men3m/Naima/install/rviz_plugin_zed_od/lib:/home/men3m/Naima/install/naima_examples/lib:/home/men3m/Naima/install/naima_msgs/lib:/usr/lib/x86_64-linux-gnu/gazebo-11/plugins:/opt/ros/humble/opt/rviz_ogre_vendor/lib:/opt/ros/humble/lib/x86_64-linux-gnu:/opt/ros/humble/lib:/usr/local/cuda-12.4.0/lib64:/usr/local/cuda-12.4.0/lib64 /usr/bin/cmake --build /home/men3m/Naima/build/zed_display_rviz2 -- -j16 -l16
[1.807s] DEBUG:colcon.colcon_core.event_handler.log_command:Invoking command in '/home/men3m/Naima/build/zed_robot_integration': CMAKE_PREFIX_PATH=/home/men3m/Naima/install/zed_wrapper:/home/men3m/Naima/install/zed_components:/home/men3m/Naima/install/zed_ros2:/home/men3m/Naima/install/zed_robot_integration:/home/men3m/Naima/install/zed_ipc:/home/men3m/Naima/install/zed_multi_camera:/home/men3m/Naima/install/zed_display_rviz2:/home/men3m/Naima/install/zed_depth_to_laserscan:/home/men3m/Naima/install/zed_tutorial_video:/home/men3m/Naima/install/zed_tutorial_pos_tracking:/home/men3m/Naima/install/zed_tutorial_depth:/home/men3m/Naima/install/zed_topic_benchmark:/home/men3m/Naima/install/zed_topic_benchmark_component:/home/men3m/Naima/install/zed_topic_benchmark_interfaces:/home/men3m/Naima/install/zed_rgb_convert:/home/men3m/Naima/install/zed_aruco_localization:/home/men3m/Naima/install/ublox:/home/men3m/Naima/install/ublox_gps:/home/men3m/Naima/install/ublox_msgs:/home/men3m/Naima/install/ublox_serialization:/home/men3m/Naima/install/rviz_plugin_zed_od:/home/men3m/Naima/install/naima_examples:/home/men3m/Naima/install/naima_msgs:/home/men3m/Naima/install/naima_mapping:/home/men3m/Naima/install/naima_localization:/home/men3m/Naima/install/naima_description:/home/men3m/Naima/install/naima_control:/home/men3m/Naima/install/naima_bringup:/home/men3m/Naima/install/naima:/opt/ros/humble LD_LIBRARY_PATH=/home/men3m/Naima/install/zed_components/lib:/home/men3m/Naima/install/zed_ipc/lib:/home/men3m/Naima/install/zed_topic_benchmark_component/lib:/home/men3m/Naima/install/zed_topic_benchmark_interfaces/lib:/home/men3m/Naima/install/zed_rgb_convert/lib:/home/men3m/Naima/install/zed_aruco_localization/lib:/home/men3m/Naima/install/ublox_gps/lib:/home/men3m/Naima/install/ublox_msgs/lib:/home/men3m/Naima/install/rviz_plugin_zed_od/lib:/home/men3m/Naima/install/naima_examples/lib:/home/men3m/Naima/install/naima_msgs/lib:/usr/lib/x86_64-linux-gnu/gazebo-11/plugins:/opt/ros/humble/opt/rviz_ogre_vendor/lib:/opt/ros/humble/lib/x86_64-linux-gnu:/opt/ros/humble/lib:/usr/local/cuda-12.4.0/lib64:/usr/local/cuda-12.4.0/lib64 /usr/bin/cmake --build /home/men3m/Naima/build/zed_robot_integration -- -j16 -l16
[1.807s] DEBUG:colcon.colcon_core.event_handler.log_command:Invoked command in '/home/men3m/Naima/build/naima_examples' returned '0': CMAKE_PREFIX_PATH=/home/men3m/Naima/install/naima_msgs:/home/men3m/Naima/install/zed_ros2:/home/men3m/Naima/install/zed_robot_integration:/home/men3m/Naima/install/zed_ipc:/home/men3m/Naima/install/zed_multi_camera:/home/men3m/Naima/install/zed_display_rviz2:/home/men3m/Naima/install/zed_depth_to_laserscan:/home/men3m/Naima/install/zed_wrapper:/home/men3m/Naima/install/zed_tutorial_video:/home/men3m/Naima/install/zed_tutorial_pos_tracking:/home/men3m/Naima/install/zed_tutorial_depth:/home/men3m/Naima/install/zed_topic_benchmark:/home/men3m/Naima/install/zed_topic_benchmark_component:/home/men3m/Naima/install/zed_topic_benchmark_interfaces:/home/men3m/Naima/install/zed_rgb_convert:/home/men3m/Naima/install/zed_aruco_localization:/home/men3m/Naima/install/zed_components:/home/men3m/Naima/install/ublox:/home/men3m/Naima/install/ublox_gps:/home/men3m/Naima/install/ublox_msgs:/home/men3m/Naima/install/ublox_serialization:/home/men3m/Naima/install/rviz_plugin_zed_od:/home/men3m/Naima/install/naima_examples:/home/men3m/Naima/install/naima_mapping:/home/men3m/Naima/install/naima_localization:/home/men3m/Naima/install/naima_description:/home/men3m/Naima/install/naima_control:/home/men3m/Naima/install/naima_bringup:/home/men3m/Naima/install/naima:/opt/ros/humble LD_LIBRARY_PATH=/home/men3m/Naima/install/naima_msgs/lib:/home/men3m/Naima/install/zed_ipc/lib:/home/men3m/Naima/install/zed_topic_benchmark_component/lib:/home/men3m/Naima/install/zed_topic_benchmark_interfaces/lib:/home/men3m/Naima/install/zed_rgb_convert/lib:/home/men3m/Naima/install/zed_aruco_localization/lib:/home/men3m/Naima/install/zed_components/lib:/home/men3m/Naima/install/ublox_gps/lib:/home/men3m/Naima/install/ublox_msgs/lib:/home/men3m/Naima/install/rviz_plugin_zed_od/lib:/home/men3m/Naima/install/naima_examples/lib:/usr/lib/x86_64-linux-gnu/gazebo-11/plugins:/opt/ros/humble/opt/rviz_ogre_vendor/lib:/opt/ros/humble/lib/x86_64-linux-gnu:/opt/ros/humble/lib:/usr/local/cuda-12.4.0/lib64:/usr/local/cuda-12.4.0/lib64 /usr/bin/cmake --build /home/men3m/Naima/build/naima_examples -- -j16 -l16
[1.810s] DEBUG:colcon.colcon_core.event_handler.log_command:Invoking command in '/home/men3m/Naima/build/naima_examples': CMAKE_PREFIX_PATH=/home/men3m/Naima/install/naima_msgs:/home/men3m/Naima/install/zed_ros2:/home/men3m/Naima/install/zed_robot_integration:/home/men3m/Naima/install/zed_ipc:/home/men3m/Naima/install/zed_multi_camera:/home/men3m/Naima/install/zed_display_rviz2:/home/men3m/Naima/install/zed_depth_to_laserscan:/home/men3m/Naima/install/zed_wrapper:/home/men3m/Naima/install/zed_tutorial_video:/home/men3m/Naima/install/zed_tutorial_pos_tracking:/home/men3m/Naima/install/zed_tutorial_depth:/home/men3m/Naima/install/zed_topic_benchmark:/home/men3m/Naima/install/zed_topic_benchmark_component:/home/men3m/Naima/install/zed_topic_benchmark_interfaces:/home/men3m/Naima/install/zed_rgb_convert:/home/men3m/Naima/install/zed_aruco_localization:/home/men3m/Naima/install/zed_components:/home/men3m/Naima/install/ublox:/home/men3m/Naima/install/ublox_gps:/home/men3m/Naima/install/ublox_msgs:/home/men3m/Naima/install/ublox_serialization:/home/men3m/Naima/install/rviz_plugin_zed_od:/home/men3m/Naima/install/naima_examples:/home/men3m/Naima/install/naima_mapping:/home/men3m/Naima/install/naima_localization:/home/men3m/Naima/install/naima_description:/home/men3m/Naima/install/naima_control:/home/men3m/Naima/install/naima_bringup:/home/men3m/Naima/install/naima:/opt/ros/humble LD_LIBRARY_PATH=/home/men3m/Naima/install/naima_msgs/lib:/home/men3m/Naima/install/zed_ipc/lib:/home/men3m/Naima/install/zed_topic_benchmark_component/lib:/home/men3m/Naima/install/zed_topic_benchmark_interfaces/lib:/home/men3m/Naima/install/zed_rgb_convert/lib:/home/men3m/Naima/install/zed_aruco_localization/lib:/home/men3m/Naima/install/zed_components/lib:/home/men3m/Naima/install/ublox_gps/lib:/home/men3m/Naima/install/ublox_msgs/lib:/home/men3m/Naima/install/rviz_plugin_zed_od/lib:/home/men3m/Naima/install/naima_examples/lib:/usr/lib/x86_64-linux-gnu/gazebo-11/plugins:/opt/ros/humble/opt/rviz_ogre_vendor/lib:/opt/ros/humble/lib/x86_64-linux-gnu:/opt/ros/humble/lib:/usr/local/cuda-12.4.0/lib64:/usr/local/cuda-12.4.0/lib64 /usr/bin/cmake --install /home/men3m/Naima/build/naima_examples
[1.820s] Level 1:colcon.colcon_core.environment:create_environment_scripts_only(zed_rgb_convert)
[1.821s] Level 1:colcon.colcon_core.environment:checking '/home/men3m/Naima/install/zed_rgb_convert' for CMake module files
[1.822s] DEBUG:colcon.colcon_core.event_handler.log_command:Invoking command in '/home/men3m/Naima/build/zed_ros2': CMAKE_PREFIX_PATH=/home/men3m/Naima/install/zed_wrapper:/home/men3m/Naima/install/zed_components:/home/men3m/Naima/install/zed_ros2:/home/men3m/Naima/install/zed_robot_integration:/home/men3m/Naima/install/zed_ipc:/home/men3m/Naima/install/zed_multi_camera:/home/men3m/Naima/install/zed_display_rviz2:/home/men3m/Naima/install/zed_depth_to_laserscan:/home/men3m/Naima/install/zed_tutorial_video:/home/men3m/Naima/install/zed_tutorial_pos_tracking:/home/men3m/Naima/install/zed_tutorial_depth:/home/men3m/Naima/install/zed_topic_benchmark:/home/men3m/Naima/install/zed_topic_benchmark_component:/home/men3m/Naima/install/zed_topic_benchmark_interfaces:/home/men3m/Naima/install/zed_rgb_convert:/home/men3m/Naima/install/zed_aruco_localization:/home/men3m/Naima/install/ublox:/home/men3m/Naima/install/ublox_gps:/home/men3m/Naima/install/ublox_msgs:/home/men3m/Naima/install/ublox_serialization:/home/men3m/Naima/install/rviz_plugin_zed_od:/home/men3m/Naima/install/naima_examples:/home/men3m/Naima/install/naima_msgs:/home/men3m/Naima/install/naima_mapping:/home/men3m/Naima/install/naima_localization:/home/men3m/Naima/install/naima_description:/home/men3m/Naima/install/naima_control:/home/men3m/Naima/install/naima_bringup:/home/men3m/Naima/install/naima:/opt/ros/humble LD_LIBRARY_PATH=/home/men3m/Naima/install/zed_components/lib:/home/men3m/Naima/install/zed_ipc/lib:/home/men3m/Naima/install/zed_topic_benchmark_component/lib:/home/men3m/Naima/install/zed_topic_benchmark_interfaces/lib:/home/men3m/Naima/install/zed_rgb_convert/lib:/home/men3m/Naima/install/zed_aruco_localization/lib:/home/men3m/Naima/install/ublox_gps/lib:/home/men3m/Naima/install/ublox_msgs/lib:/home/men3m/Naima/install/rviz_plugin_zed_od/lib:/home/men3m/Naima/install/naima_examples/lib:/home/men3m/Naima/install/naima_msgs/lib:/usr/lib/x86_64-linux-gnu/gazebo-11/plugins:/opt/ros/humble/opt/rviz_ogre_vendor/lib:/opt/ros/humble/lib/x86_64-linux-gnu:/opt/ros/humble/lib:/usr/local/cuda-12.4.0/lib64:/usr/local/cuda-12.4.0/lib64 /usr/bin/cmake --build /home/men3m/Naima/build/zed_ros2 -- -j16 -l16
[1.824s] DEBUG:colcon.colcon_core.event_handler.log_command:Invoked command in '/home/men3m/Naima/build/zed_rgb_convert' returned '0': CMAKE_PREFIX_PATH=/home/men3m/Naima/install/zed_components:/home/men3m/Naima/install/zed_ros2:/home/men3m/Naima/install/zed_robot_integration:/home/men3m/Naima/install/zed_ipc:/home/men3m/Naima/install/zed_multi_camera:/home/men3m/Naima/install/zed_display_rviz2:/home/men3m/Naima/install/zed_depth_to_laserscan:/home/men3m/Naima/install/zed_wrapper:/home/men3m/Naima/install/zed_tutorial_video:/home/men3m/Naima/install/zed_tutorial_pos_tracking:/home/men3m/Naima/install/zed_tutorial_depth:/home/men3m/Naima/install/zed_topic_benchmark:/home/men3m/Naima/install/zed_topic_benchmark_component:/home/men3m/Naima/install/zed_topic_benchmark_interfaces:/home/men3m/Naima/install/zed_rgb_convert:/home/men3m/Naima/install/zed_aruco_localization:/home/men3m/Naima/install/ublox:/home/men3m/Naima/install/ublox_gps:/home/men3m/Naima/install/ublox_msgs:/home/men3m/Naima/install/ublox_serialization:/home/men3m/Naima/install/rviz_plugin_zed_od:/home/men3m/Naima/install/naima_examples:/home/men3m/Naima/install/naima_msgs:/home/men3m/Naima/install/naima_mapping:/home/men3m/Naima/install/naima_localization:/home/men3m/Naima/install/naima_description:/home/men3m/Naima/install/naima_control:/home/men3m/Naima/install/naima_bringup:/home/men3m/Naima/install/naima:/opt/ros/humble LD_LIBRARY_PATH=/home/men3m/Naima/install/zed_components/lib:/home/men3m/Naima/install/zed_ipc/lib:/home/men3m/Naima/install/zed_topic_benchmark_component/lib:/home/men3m/Naima/install/zed_topic_benchmark_interfaces/lib:/home/men3m/Naima/install/zed_rgb_convert/lib:/home/men3m/Naima/install/zed_aruco_localization/lib:/home/men3m/Naima/install/ublox_gps/lib:/home/men3m/Naima/install/ublox_msgs/lib:/home/men3m/Naima/install/rviz_plugin_zed_od/lib:/home/men3m/Naima/install/naima_examples/lib:/home/men3m/Naima/install/naima_msgs/lib:/usr/lib/x86_64-linux-gnu/gazebo-11/plugins:/opt/ros/humble/opt/rviz_ogre_vendor/lib:/opt/ros/humble/lib/x86_64-linux-gnu:/opt/ros/humble/lib:/usr/local/cuda-12.4.0/lib64:/usr/local/cuda-12.4.0/lib64 /usr/bin/cmake --install /home/men3m/Naima/build/zed_rgb_convert
[1.825s] Level 1:colcon.colcon_core.environment:checking '/home/men3m/Naima/install/zed_rgb_convert' for CMake config files
[1.826s] Level 1:colcon.colcon_core.shell:create_environment_hook('zed_rgb_convert', 'cmake_prefix_path')
[1.826s] INFO:colcon.colcon_core.shell:Creating environment hook '/home/men3m/Naima/install/zed_rgb_convert/share/zed_rgb_convert/hook/cmake_prefix_path.ps1'
[1.827s] INFO:colcon.colcon_core.shell:Creating environment descriptor '/home/men3m/Naima/install/zed_rgb_convert/share/zed_rgb_convert/hook/cmake_prefix_path.dsv'
[1.827s] INFO:colcon.colcon_core.shell:Creating environment hook '/home/men3m/Naima/install/zed_rgb_convert/share/zed_rgb_convert/hook/cmake_prefix_path.sh'
[1.828s] Level 1:colcon.colcon_core.environment:checking '/home/men3m/Naima/install/zed_rgb_convert/lib'
[1.828s] Level 1:colcon.colcon_core.shell:create_environment_hook('zed_rgb_convert', 'ld_library_path_lib')
[1.829s] INFO:colcon.colcon_core.shell:Creating environment hook '/home/men3m/Naima/install/zed_rgb_convert/share/zed_rgb_convert/hook/ld_library_path_lib.ps1'
[1.831s] INFO:colcon.colcon_core.shell:Creating environment descriptor '/home/men3m/Naima/install/zed_rgb_convert/share/zed_rgb_convert/hook/ld_library_path_lib.dsv'
[1.832s] INFO:colcon.colcon_core.shell:Creating environment hook '/home/men3m/Naima/install/zed_rgb_convert/share/zed_rgb_convert/hook/ld_library_path_lib.sh'
[1.832s] Level 1:colcon.colcon_core.environment:checking '/home/men3m/Naima/install/zed_rgb_convert/bin'
[1.832s] Level 1:colcon.colcon_core.environment:checking '/home/men3m/Naima/install/zed_rgb_convert/lib/pkgconfig/zed_rgb_convert.pc'
[1.833s] Level 1:colcon.colcon_core.environment:checking '/home/men3m/Naima/install/zed_rgb_convert/lib/python3.10/site-packages'
[1.833s] Level 1:colcon.colcon_core.environment:checking '/home/men3m/Naima/install/zed_rgb_convert/bin'
[1.833s] INFO:colcon.colcon_core.shell:Creating package script '/home/men3m/Naima/install/zed_rgb_convert/share/zed_rgb_convert/package.ps1'
[1.834s] INFO:colcon.colcon_core.shell:Creating package descriptor '/home/men3m/Naima/install/zed_rgb_convert/share/zed_rgb_convert/package.dsv'
[1.835s] INFO:colcon.colcon_core.shell:Creating package script '/home/men3m/Naima/install/zed_rgb_convert/share/zed_rgb_convert/package.sh'
[1.835s] INFO:colcon.colcon_core.shell:Creating package script '/home/men3m/Naima/install/zed_rgb_convert/share/zed_rgb_convert/package.bash'
[1.836s] INFO:colcon.colcon_core.shell:Creating package script '/home/men3m/Naima/install/zed_rgb_convert/share/zed_rgb_convert/package.zsh'
[1.837s] Level 1:colcon.colcon_core.environment:create_file_with_runtime_dependencies(/home/men3m/Naima/install/zed_rgb_convert/share/colcon-core/packages/zed_rgb_convert)
[1.838s] Level 1:colcon.colcon_core.environment:create_environment_scripts_only(zed_rgb_convert)
[1.838s] Level 1:colcon.colcon_core.environment:checking '/home/men3m/Naima/install/zed_rgb_convert' for CMake module files
[1.839s] Level 1:colcon.colcon_core.environment:checking '/home/men3m/Naima/install/zed_rgb_convert' for CMake config files
[1.839s] Level 1:colcon.colcon_core.shell:create_environment_hook('zed_rgb_convert', 'cmake_prefix_path')
[1.839s] INFO:colcon.colcon_core.shell:Creating environment hook '/home/men3m/Naima/install/zed_rgb_convert/share/zed_rgb_convert/hook/cmake_prefix_path.ps1'
[1.840s] INFO:colcon.colcon_core.shell:Creating environment descriptor '/home/men3m/Naima/install/zed_rgb_convert/share/zed_rgb_convert/hook/cmake_prefix_path.dsv'
[1.840s] INFO:colcon.colcon_core.shell:Creating environment hook '/home/men3m/Naima/install/zed_rgb_convert/share/zed_rgb_convert/hook/cmake_prefix_path.sh'
[1.841s] Level 1:colcon.colcon_core.environment:checking '/home/men3m/Naima/install/zed_rgb_convert/lib'
[1.841s] Level 1:colcon.colcon_core.shell:create_environment_hook('zed_rgb_convert', 'ld_library_path_lib')
[1.841s] INFO:colcon.colcon_core.shell:Creating environment hook '/home/men3m/Naima/install/zed_rgb_convert/share/zed_rgb_convert/hook/ld_library_path_lib.ps1'
[1.842s] INFO:colcon.colcon_core.shell:Creating environment descriptor '/home/men3m/Naima/install/zed_rgb_convert/share/zed_rgb_convert/hook/ld_library_path_lib.dsv'
[1.842s] INFO:colcon.colcon_core.shell:Creating environment hook '/home/men3m/Naima/install/zed_rgb_convert/share/zed_rgb_convert/hook/ld_library_path_lib.sh'
[1.843s] Level 1:colcon.colcon_core.environment:checking '/home/men3m/Naima/install/zed_rgb_convert/bin'
[1.843s] Level 1:colcon.colcon_core.environment:checking '/home/men3m/Naima/install/zed_rgb_convert/lib/pkgconfig/zed_rgb_convert.pc'
[1.843s] Level 1:colcon.colcon_core.environment:checking '/home/men3m/Naima/install/zed_rgb_convert/lib/python3.10/site-packages'
[1.843s] Level 1:colcon.colcon_core.environment:checking '/home/men3m/Naima/install/zed_rgb_convert/bin'
[1.843s] INFO:colcon.colcon_core.shell:Creating package script '/home/men3m/Naima/install/zed_rgb_convert/share/zed_rgb_convert/package.ps1'
[1.844s] INFO:colcon.colcon_core.shell:Creating package descriptor '/home/men3m/Naima/install/zed_rgb_convert/share/zed_rgb_convert/package.dsv'
[1.844s] INFO:colcon.colcon_core.shell:Creating package script '/home/men3m/Naima/install/zed_rgb_convert/share/zed_rgb_convert/package.sh'
[1.845s] INFO:colcon.colcon_core.shell:Creating package script '/home/men3m/Naima/install/zed_rgb_convert/share/zed_rgb_convert/package.bash'
[1.845s] INFO:colcon.colcon_core.shell:Creating package script '/home/men3m/Naima/install/zed_rgb_convert/share/zed_rgb_convert/package.zsh'
[1.846s] Level 1:colcon.colcon_core.environment:create_file_with_runtime_dependencies(/home/men3m/Naima/install/zed_rgb_convert/share/colcon-core/packages/zed_rgb_convert)
[1.846s] Level 1:colcon.colcon_core.environment:create_environment_scripts_only(naima_localization)
[1.846s] Level 1:colcon.colcon_core.environment:checking '/home/men3m/Naima/install/naima_localization' for CMake module files
[1.847s] DEBUG:colcon.colcon_core.event_handler.log_command:Invoked command in '/home/men3m/Naima/build/naima_localization' returned '0': CMAKE_PREFIX_PATH=${CMAKE_PREFIX_PATH}:/home/men3m/Naima/install/naima_bringup:/home/men3m/Naima/install/naima:/opt/ros/humble /usr/bin/cmake --install /home/men3m/Naima/build/naima_localization
[1.848s] Level 1:colcon.colcon_core.environment:checking '/home/men3m/Naima/install/naima_localization' for CMake config files
[1.848s] Level 1:colcon.colcon_core.shell:create_environment_hook('naima_localization', 'cmake_prefix_path')
[1.848s] INFO:colcon.colcon_core.shell:Creating environment hook '/home/men3m/Naima/install/naima_localization/share/naima_localization/hook/cmake_prefix_path.ps1'
[1.849s] INFO:colcon.colcon_core.shell:Creating environment descriptor '/home/men3m/Naima/install/naima_localization/share/naima_localization/hook/cmake_prefix_path.dsv'
[1.849s] INFO:colcon.colcon_core.shell:Creating environment hook '/home/men3m/Naima/install/naima_localization/share/naima_localization/hook/cmake_prefix_path.sh'
[1.849s] Level 1:colcon.colcon_core.environment:checking '/home/men3m/Naima/install/naima_localization/lib'
[1.849s] Level 1:colcon.colcon_core.environment:checking '/home/men3m/Naima/install/naima_localization/bin'
[1.850s] Level 1:colcon.colcon_core.environment:checking '/home/men3m/Naima/install/naima_localization/lib/pkgconfig/naima_localization.pc'
[1.850s] Level 1:colcon.colcon_core.environment:checking '/home/men3m/Naima/install/naima_localization/lib/python3.10/site-packages'
[1.850s] Level 1:colcon.colcon_core.environment:checking '/home/men3m/Naima/install/naima_localization/bin'
[1.850s] INFO:colcon.colcon_core.shell:Creating package script '/home/men3m/Naima/install/naima_localization/share/naima_localization/package.ps1'
[1.851s] INFO:colcon.colcon_core.shell:Creating package descriptor '/home/men3m/Naima/install/naima_localization/share/naima_localization/package.dsv'
[1.851s] INFO:colcon.colcon_core.shell:Creating package script '/home/men3m/Naima/install/naima_localization/share/naima_localization/package.sh'
[1.851s] INFO:colcon.colcon_core.shell:Creating package script '/home/men3m/Naima/install/naima_localization/share/naima_localization/package.bash'
[1.852s] INFO:colcon.colcon_core.shell:Creating package script '/home/men3m/Naima/install/naima_localization/share/naima_localization/package.zsh'
[1.852s] Level 1:colcon.colcon_core.environment:create_file_with_runtime_dependencies(/home/men3m/Naima/install/naima_localization/share/colcon-core/packages/naima_localization)
[1.853s] Level 1:colcon.colcon_core.environment:create_environment_scripts_only(naima_localization)
[1.853s] Level 1:colcon.colcon_core.environment:checking '/home/men3m/Naima/install/naima_localization' for CMake module files
[1.853s] Level 1:colcon.colcon_core.environment:checking '/home/men3m/Naima/install/naima_localization' for CMake config files
[1.853s] Level 1:colcon.colcon_core.shell:create_environment_hook('naima_localization', 'cmake_prefix_path')
[1.854s] INFO:colcon.colcon_core.shell:Creating environment hook '/home/men3m/Naima/install/naima_localization/share/naima_localization/hook/cmake_prefix_path.ps1'
[1.854s] INFO:colcon.colcon_core.shell:Creating environment descriptor '/home/men3m/Naima/install/naima_localization/share/naima_localization/hook/cmake_prefix_path.dsv'
[1.854s] INFO:colcon.colcon_core.shell:Creating environment hook '/home/men3m/Naima/install/naima_localization/share/naima_localization/hook/cmake_prefix_path.sh'
[1.855s] Level 1:colcon.colcon_core.environment:checking '/home/men3m/Naima/install/naima_localization/lib'
[1.855s] Level 1:colcon.colcon_core.environment:checking '/home/men3m/Naima/install/naima_localization/bin'
[1.855s] Level 1:colcon.colcon_core.environment:checking '/home/men3m/Naima/install/naima_localization/lib/pkgconfig/naima_localization.pc'
[1.855s] Level 1:colcon.colcon_core.environment:checking '/home/men3m/Naima/install/naima_localization/lib/python3.10/site-packages'
[1.855s] Level 1:colcon.colcon_core.environment:checking '/home/men3m/Naima/install/naima_localization/bin'
[1.856s] INFO:colcon.colcon_core.shell:Creating package script '/home/men3m/Naima/install/naima_localization/share/naima_localization/package.ps1'
[1.856s] INFO:colcon.colcon_core.shell:Creating package descriptor '/home/men3m/Naima/install/naima_localization/share/naima_localization/package.dsv'
[1.857s] INFO:colcon.colcon_core.shell:Creating package script '/home/men3m/Naima/install/naima_localization/share/naima_localization/package.sh'
[1.857s] INFO:colcon.colcon_core.shell:Creating package script '/home/men3m/Naima/install/naima_localization/share/naima_localization/package.bash'
[1.858s] INFO:colcon.colcon_core.shell:Creating package script '/home/men3m/Naima/install/naima_localization/share/naima_localization/package.zsh'
[1.858s] Level 1:colcon.colcon_core.environment:create_file_with_runtime_dependencies(/home/men3m/Naima/install/naima_localization/share/colcon-core/packages/naima_localization)
[1.858s] Level 1:colcon.colcon_core.environment:create_environment_scripts_only(zed_topic_benchmark_component)
[1.859s] Level 1:colcon.colcon_core.environment:checking '/home/men3m/Naima/install/zed_topic_benchmark_component' for CMake module files
[1.860s] DEBUG:colcon.colcon_core.event_handler.log_command:Invoked command in '/home/men3m/Naima/build/zed_topic_benchmark_component' returned '0': CMAKE_PREFIX_PATH=/home/men3m/Naima/install/zed_topic_benchmark_interfaces:/home/men3m/Naima/install/zed_ros2:/home/men3m/Naima/install/zed_robot_integration:/home/men3m/Naima/install/zed_ipc:/home/men3m/Naima/install/zed_multi_camera:/home/men3m/Naima/install/zed_display_rviz2:/home/men3m/Naima/install/zed_depth_to_laserscan:/home/men3m/Naima/install/zed_wrapper:/home/men3m/Naima/install/zed_tutorial_video:/home/men3m/Naima/install/zed_tutorial_pos_tracking:/home/men3m/Naima/install/zed_tutorial_depth:/home/men3m/Naima/install/zed_topic_benchmark:/home/men3m/Naima/install/zed_topic_benchmark_component:/home/men3m/Naima/install/zed_rgb_convert:/home/men3m/Naima/install/zed_aruco_localization:/home/men3m/Naima/install/zed_components:/home/men3m/Naima/install/ublox:/home/men3m/Naima/install/ublox_gps:/home/men3m/Naima/install/ublox_msgs:/home/men3m/Naima/install/ublox_serialization:/home/men3m/Naima/install/rviz_plugin_zed_od:/home/men3m/Naima/install/naima_examples:/home/men3m/Naima/install/naima_msgs:/home/men3m/Naima/install/naima_mapping:/home/men3m/Naima/install/naima_localization:/home/men3m/Naima/install/naima_description:/home/men3m/Naima/install/naima_control:/home/men3m/Naima/install/naima_bringup:/home/men3m/Naima/install/naima:/opt/ros/humble LD_LIBRARY_PATH=/home/men3m/Naima/install/zed_topic_benchmark_interfaces/lib:/home/men3m/Naima/install/zed_ipc/lib:/home/men3m/Naima/install/zed_topic_benchmark_component/lib:/home/men3m/Naima/install/zed_rgb_convert/lib:/home/men3m/Naima/install/zed_aruco_localization/lib:/home/men3m/Naima/install/zed_components/lib:/home/men3m/Naima/install/ublox_gps/lib:/home/men3m/Naima/install/ublox_msgs/lib:/home/men3m/Naima/install/rviz_plugin_zed_od/lib:/home/men3m/Naima/install/naima_examples/lib:/home/men3m/Naima/install/naima_msgs/lib:/usr/lib/x86_64-linux-gnu/gazebo-11/plugins:/opt/ros/humble/opt/rviz_ogre_vendor/lib:/opt/ros/humble/lib/x86_64-linux-gnu:/opt/ros/humble/lib:/usr/local/cuda-12.4.0/lib64:/usr/local/cuda-12.4.0/lib64 /usr/bin/cmake --install /home/men3m/Naima/build/zed_topic_benchmark_component
[1.860s] Level 1:colcon.colcon_core.environment:checking '/home/men3m/Naima/install/zed_topic_benchmark_component' for CMake config files
[1.861s] Level 1:colcon.colcon_core.shell:create_environment_hook('zed_topic_benchmark_component', 'cmake_prefix_path')
[1.861s] INFO:colcon.colcon_core.shell:Creating environment hook '/home/men3m/Naima/install/zed_topic_benchmark_component/share/zed_topic_benchmark_component/hook/cmake_prefix_path.ps1'
[1.861s] INFO:colcon.colcon_core.shell:Creating environment descriptor '/home/men3m/Naima/install/zed_topic_benchmark_component/share/zed_topic_benchmark_component/hook/cmake_prefix_path.dsv'
[1.862s] INFO:colcon.colcon_core.shell:Creating environment hook '/home/men3m/Naima/install/zed_topic_benchmark_component/share/zed_topic_benchmark_component/hook/cmake_prefix_path.sh'
[1.862s] Level 1:colcon.colcon_core.environment:checking '/home/men3m/Naima/install/zed_topic_benchmark_component/lib'
[1.862s] Level 1:colcon.colcon_core.shell:create_environment_hook('zed_topic_benchmark_component', 'ld_library_path_lib')
[1.863s] INFO:colcon.colcon_core.shell:Creating environment hook '/home/men3m/Naima/install/zed_topic_benchmark_component/share/zed_topic_benchmark_component/hook/ld_library_path_lib.ps1'
[1.863s] INFO:colcon.colcon_core.shell:Creating environment descriptor '/home/men3m/Naima/install/zed_topic_benchmark_component/share/zed_topic_benchmark_component/hook/ld_library_path_lib.dsv'
[1.863s] INFO:colcon.colcon_core.shell:Creating environment hook '/home/men3m/Naima/install/zed_topic_benchmark_component/share/zed_topic_benchmark_component/hook/ld_library_path_lib.sh'
[1.864s] Level 1:colcon.colcon_core.environment:checking '/home/men3m/Naima/install/zed_topic_benchmark_component/bin'
[1.864s] Level 1:colcon.colcon_core.environment:checking '/home/men3m/Naima/install/zed_topic_benchmark_component/lib/pkgconfig/zed_topic_benchmark_component.pc'
[1.864s] Level 1:colcon.colcon_core.environment:checking '/home/men3m/Naima/install/zed_topic_benchmark_component/lib/python3.10/site-packages'
[1.864s] Level 1:colcon.colcon_core.environment:checking '/home/men3m/Naima/install/zed_topic_benchmark_component/bin'
[1.864s] INFO:colcon.colcon_core.shell:Creating package script '/home/men3m/Naima/install/zed_topic_benchmark_component/share/zed_topic_benchmark_component/package.ps1'
[1.865s] INFO:colcon.colcon_core.shell:Creating package descriptor '/home/men3m/Naima/install/zed_topic_benchmark_component/share/zed_topic_benchmark_component/package.dsv'
[1.865s] INFO:colcon.colcon_core.shell:Creating package script '/home/men3m/Naima/install/zed_topic_benchmark_component/share/zed_topic_benchmark_component/package.sh'
[1.866s] INFO:colcon.colcon_core.shell:Creating package script '/home/men3m/Naima/install/zed_topic_benchmark_component/share/zed_topic_benchmark_component/package.bash'
[1.866s] INFO:colcon.colcon_core.shell:Creating package script '/home/men3m/Naima/install/zed_topic_benchmark_component/share/zed_topic_benchmark_component/package.zsh'
[1.866s] Level 1:colcon.colcon_core.environment:create_file_with_runtime_dependencies(/home/men3m/Naima/install/zed_topic_benchmark_component/share/colcon-core/packages/zed_topic_benchmark_component)
[1.867s] Level 1:colcon.colcon_core.environment:create_environment_scripts_only(zed_topic_benchmark_component)
[1.867s] Level 1:colcon.colcon_core.environment:checking '/home/men3m/Naima/install/zed_topic_benchmark_component' for CMake module files
[1.867s] Level 1:colcon.colcon_core.environment:checking '/home/men3m/Naima/install/zed_topic_benchmark_component' for CMake config files
[1.868s] Level 1:colcon.colcon_core.shell:create_environment_hook('zed_topic_benchmark_component', 'cmake_prefix_path')
[1.868s] INFO:colcon.colcon_core.shell:Creating environment hook '/home/men3m/Naima/install/zed_topic_benchmark_component/share/zed_topic_benchmark_component/hook/cmake_prefix_path.ps1'
[1.868s] INFO:colcon.colcon_core.shell:Creating environment descriptor '/home/men3m/Naima/install/zed_topic_benchmark_component/share/zed_topic_benchmark_component/hook/cmake_prefix_path.dsv'
[1.869s] INFO:colcon.colcon_core.shell:Creating environment hook '/home/men3m/Naima/install/zed_topic_benchmark_component/share/zed_topic_benchmark_component/hook/cmake_prefix_path.sh'
[1.869s] Level 1:colcon.colcon_core.environment:checking '/home/men3m/Naima/install/zed_topic_benchmark_component/lib'
[1.869s] Level 1:colcon.colcon_core.shell:create_environment_hook('zed_topic_benchmark_component', 'ld_library_path_lib')
[1.869s] INFO:colcon.colcon_core.shell:Creating environment hook '/home/men3m/Naima/install/zed_topic_benchmark_component/share/zed_topic_benchmark_component/hook/ld_library_path_lib.ps1'
[1.870s] INFO:colcon.colcon_core.shell:Creating environment descriptor '/home/men3m/Naima/install/zed_topic_benchmark_component/share/zed_topic_benchmark_component/hook/ld_library_path_lib.dsv'
[1.870s] INFO:colcon.colcon_core.shell:Creating environment hook '/home/men3m/Naima/install/zed_topic_benchmark_component/share/zed_topic_benchmark_component/hook/ld_library_path_lib.sh'
[1.871s] Level 1:colcon.colcon_core.environment:checking '/home/men3m/Naima/install/zed_topic_benchmark_component/bin'
[1.871s] Level 1:colcon.colcon_core.environment:checking '/home/men3m/Naima/install/zed_topic_benchmark_component/lib/pkgconfig/zed_topic_benchmark_component.pc'
[1.871s] Level 1:colcon.colcon_core.environment:checking '/home/men3m/Naima/install/zed_topic_benchmark_component/lib/python3.10/site-packages'
[1.871s] Level 1:colcon.colcon_core.environment:checking '/home/men3m/Naima/install/zed_topic_benchmark_component/bin'
[1.871s] INFO:colcon.colcon_core.shell:Creating package script '/home/men3m/Naima/install/zed_topic_benchmark_component/share/zed_topic_benchmark_component/package.ps1'
[1.872s] INFO:colcon.colcon_core.shell:Creating package descriptor '/home/men3m/Naima/install/zed_topic_benchmark_component/share/zed_topic_benchmark_component/package.dsv'
[1.873s] INFO:colcon.colcon_core.shell:Creating package script '/home/men3m/Naima/install/zed_topic_benchmark_component/share/zed_topic_benchmark_component/package.sh'
[1.873s] INFO:colcon.colcon_core.shell:Creating package script '/home/men3m/Naima/install/zed_topic_benchmark_component/share/zed_topic_benchmark_component/package.bash'
[1.874s] INFO:colcon.colcon_core.shell:Creating package script '/home/men3m/Naima/install/zed_topic_benchmark_component/share/zed_topic_benchmark_component/package.zsh'
[1.874s] Level 1:colcon.colcon_core.environment:create_file_with_runtime_dependencies(/home/men3m/Naima/install/zed_topic_benchmark_component/share/colcon-core/packages/zed_topic_benchmark_component)
[1.875s] INFO:colcon.colcon_ros.task.ament_cmake.build:Building ROS package in '/home/men3m/Naima/src/zed-ros2-examples/tools/zed_benchmark' with build type 'ament_cmake'
[1.875s] INFO:colcon.colcon_cmake.task.cmake.build:Building CMake package in '/home/men3m/Naima/src/zed-ros2-examples/tools/zed_benchmark'
[1.876s] INFO:colcon.colcon_core.shell:Skip shell extension 'powershell' for command environment: Not usable outside of PowerShell
[1.876s] DEBUG:colcon.colcon_core.shell:Skip shell extension 'dsv' for command environment
[1.884s] DEBUG:colcon.colcon_core.event_handler.log_command:Invoked command in '/home/men3m/Naima/build/zed_depth_to_laserscan' returned '0': CMAKE_PREFIX_PATH=/home/men3m/Naima/install/zed_wrapper:/home/men3m/Naima/install/zed_components:/home/men3m/Naima/install/zed_ros2:/home/men3m/Naima/install/zed_robot_integration:/home/men3m/Naima/install/zed_ipc:/home/men3m/Naima/install/zed_multi_camera:/home/men3m/Naima/install/zed_display_rviz2:/home/men3m/Naima/install/zed_depth_to_laserscan:/home/men3m/Naima/install/zed_tutorial_video:/home/men3m/Naima/install/zed_tutorial_pos_tracking:/home/men3m/Naima/install/zed_tutorial_depth:/home/men3m/Naima/install/zed_topic_benchmark:/home/men3m/Naima/install/zed_topic_benchmark_component:/home/men3m/Naima/install/zed_topic_benchmark_interfaces:/home/men3m/Naima/install/zed_rgb_convert:/home/men3m/Naima/install/zed_aruco_localization:/home/men3m/Naima/install/ublox:/home/men3m/Naima/install/ublox_gps:/home/men3m/Naima/install/ublox_msgs:/home/men3m/Naima/install/ublox_serialization:/home/men3m/Naima/install/rviz_plugin_zed_od:/home/men3m/Naima/install/naima_examples:/home/men3m/Naima/install/naima_msgs:/home/men3m/Naima/install/naima_mapping:/home/men3m/Naima/install/naima_localization:/home/men3m/Naima/install/naima_description:/home/men3m/Naima/install/naima_control:/home/men3m/Naima/install/naima_bringup:/home/men3m/Naima/install/naima:/opt/ros/humble LD_LIBRARY_PATH=/home/men3m/Naima/install/zed_components/lib:/home/men3m/Naima/install/zed_ipc/lib:/home/men3m/Naima/install/zed_topic_benchmark_component/lib:/home/men3m/Naima/install/zed_topic_benchmark_interfaces/lib:/home/men3m/Naima/install/zed_rgb_convert/lib:/home/men3m/Naima/install/zed_aruco_localization/lib:/home/men3m/Naima/install/ublox_gps/lib:/home/men3m/Naima/install/ublox_msgs/lib:/home/men3m/Naima/install/rviz_plugin_zed_od/lib:/home/men3m/Naima/install/naima_examples/lib:/home/men3m/Naima/install/naima_msgs/lib:/usr/lib/x86_64-linux-gnu/gazebo-11/plugins:/opt/ros/humble/opt/rviz_ogre_vendor/lib:/opt/ros/humble/lib/x86_64-linux-gnu:/opt/ros/humble/lib:/usr/local/cuda-12.4.0/lib64:/usr/local/cuda-12.4.0/lib64 /usr/bin/cmake --build /home/men3m/Naima/build/zed_depth_to_laserscan -- -j16 -l16
[1.885s] Level 1:colcon.colcon_core.environment:create_environment_scripts_only(naima_examples)
[1.886s] Level 1:colcon.colcon_core.environment:checking '/home/men3m/Naima/install/naima_examples' for CMake module files
[1.886s] DEBUG:colcon.colcon_core.event_handler.log_command:Invoking command in '/home/men3m/Naima/build/zed_depth_to_laserscan': CMAKE_PREFIX_PATH=/home/men3m/Naima/install/zed_wrapper:/home/men3m/Naima/install/zed_components:/home/men3m/Naima/install/zed_ros2:/home/men3m/Naima/install/zed_robot_integration:/home/men3m/Naima/install/zed_ipc:/home/men3m/Naima/install/zed_multi_camera:/home/men3m/Naima/install/zed_display_rviz2:/home/men3m/Naima/install/zed_depth_to_laserscan:/home/men3m/Naima/install/zed_tutorial_video:/home/men3m/Naima/install/zed_tutorial_pos_tracking:/home/men3m/Naima/install/zed_tutorial_depth:/home/men3m/Naima/install/zed_topic_benchmark:/home/men3m/Naima/install/zed_topic_benchmark_component:/home/men3m/Naima/install/zed_topic_benchmark_interfaces:/home/men3m/Naima/install/zed_rgb_convert:/home/men3m/Naima/install/zed_aruco_localization:/home/men3m/Naima/install/ublox:/home/men3m/Naima/install/ublox_gps:/home/men3m/Naima/install/ublox_msgs:/home/men3m/Naima/install/ublox_serialization:/home/men3m/Naima/install/rviz_plugin_zed_od:/home/men3m/Naima/install/naima_examples:/home/men3m/Naima/install/naima_msgs:/home/men3m/Naima/install/naima_mapping:/home/men3m/Naima/install/naima_localization:/home/men3m/Naima/install/naima_description:/home/men3m/Naima/install/naima_control:/home/men3m/Naima/install/naima_bringup:/home/men3m/Naima/install/naima:/opt/ros/humble LD_LIBRARY_PATH=/home/men3m/Naima/install/zed_components/lib:/home/men3m/Naima/install/zed_ipc/lib:/home/men3m/Naima/install/zed_topic_benchmark_component/lib:/home/men3m/Naima/install/zed_topic_benchmark_interfaces/lib:/home/men3m/Naima/install/zed_rgb_convert/lib:/home/men3m/Naima/install/zed_aruco_localization/lib:/home/men3m/Naima/install/ublox_gps/lib:/home/men3m/Naima/install/ublox_msgs/lib:/home/men3m/Naima/install/rviz_plugin_zed_od/lib:/home/men3m/Naima/install/naima_examples/lib:/home/men3m/Naima/install/naima_msgs/lib:/usr/lib/x86_64-linux-gnu/gazebo-11/plugins:/opt/ros/humble/opt/rviz_ogre_vendor/lib:/opt/ros/humble/lib/x86_64-linux-gnu:/opt/ros/humble/lib:/usr/local/cuda-12.4.0/lib64:/usr/local/cuda-12.4.0/lib64 /usr/bin/cmake --install /home/men3m/Naima/build/zed_depth_to_laserscan
[1.887s] DEBUG:colcon.colcon_core.event_handler.log_command:Invoked command in '/home/men3m/Naima/build/naima_examples' returned '0': CMAKE_PREFIX_PATH=/home/men3m/Naima/install/naima_msgs:/home/men3m/Naima/install/zed_ros2:/home/men3m/Naima/install/zed_robot_integration:/home/men3m/Naima/install/zed_ipc:/home/men3m/Naima/install/zed_multi_camera:/home/men3m/Naima/install/zed_display_rviz2:/home/men3m/Naima/install/zed_depth_to_laserscan:/home/men3m/Naima/install/zed_wrapper:/home/men3m/Naima/install/zed_tutorial_video:/home/men3m/Naima/install/zed_tutorial_pos_tracking:/home/men3m/Naima/install/zed_tutorial_depth:/home/men3m/Naima/install/zed_topic_benchmark:/home/men3m/Naima/install/zed_topic_benchmark_component:/home/men3m/Naima/install/zed_topic_benchmark_interfaces:/home/men3m/Naima/install/zed_rgb_convert:/home/men3m/Naima/install/zed_aruco_localization:/home/men3m/Naima/install/zed_components:/home/men3m/Naima/install/ublox:/home/men3m/Naima/install/ublox_gps:/home/men3m/Naima/install/ublox_msgs:/home/men3m/Naima/install/ublox_serialization:/home/men3m/Naima/install/rviz_plugin_zed_od:/home/men3m/Naima/install/naima_examples:/home/men3m/Naima/install/naima_mapping:/home/men3m/Naima/install/naima_localization:/home/men3m/Naima/install/naima_description:/home/men3m/Naima/install/naima_control:/home/men3m/Naima/install/naima_bringup:/home/men3m/Naima/install/naima:/opt/ros/humble LD_LIBRARY_PATH=/home/men3m/Naima/install/naima_msgs/lib:/home/men3m/Naima/install/zed_ipc/lib:/home/men3m/Naima/install/zed_topic_benchmark_component/lib:/home/men3m/Naima/install/zed_topic_benchmark_interfaces/lib:/home/men3m/Naima/install/zed_rgb_convert/lib:/home/men3m/Naima/install/zed_aruco_localization/lib:/home/men3m/Naima/install/zed_components/lib:/home/men3m/Naima/install/ublox_gps/lib:/home/men3m/Naima/install/ublox_msgs/lib:/home/men3m/Naima/install/rviz_plugin_zed_od/lib:/home/men3m/Naima/install/naima_examples/lib:/usr/lib/x86_64-linux-gnu/gazebo-11/plugins:/opt/ros/humble/opt/rviz_ogre_vendor/lib:/opt/ros/humble/lib/x86_64-linux-gnu:/opt/ros/humble/lib:/usr/local/cuda-12.4.0/lib64:/usr/local/cuda-12.4.0/lib64 /usr/bin/cmake --install /home/men3m/Naima/build/naima_examples
[1.887s] Level 1:colcon.colcon_core.environment:checking '/home/men3m/Naima/install/naima_examples' for CMake config files
[1.887s] Level 1:colcon.colcon_core.shell:create_environment_hook('naima_examples', 'cmake_prefix_path')
[1.887s] INFO:colcon.colcon_core.shell:Creating environment hook '/home/men3m/Naima/install/naima_examples/share/naima_examples/hook/cmake_prefix_path.ps1'
[1.888s] INFO:colcon.colcon_core.shell:Creating environment descriptor '/home/men3m/Naima/install/naima_examples/share/naima_examples/hook/cmake_prefix_path.dsv'
[1.888s] INFO:colcon.colcon_core.shell:Creating environment hook '/home/men3m/Naima/install/naima_examples/share/naima_examples/hook/cmake_prefix_path.sh'
[1.889s] Level 1:colcon.colcon_core.environment:checking '/home/men3m/Naima/install/naima_examples/lib'
[1.889s] Level 1:colcon.colcon_core.shell:create_environment_hook('naima_examples', 'ld_library_path_lib')
[1.889s] INFO:colcon.colcon_core.shell:Creating environment hook '/home/men3m/Naima/install/naima_examples/share/naima_examples/hook/ld_library_path_lib.ps1'
[1.889s] INFO:colcon.colcon_core.shell:Creating environment descriptor '/home/men3m/Naima/install/naima_examples/share/naima_examples/hook/ld_library_path_lib.dsv'
[1.890s] INFO:colcon.colcon_core.shell:Creating environment hook '/home/men3m/Naima/install/naima_examples/share/naima_examples/hook/ld_library_path_lib.sh'
[1.890s] Level 1:colcon.colcon_core.environment:checking '/home/men3m/Naima/install/naima_examples/bin'
[1.890s] Level 1:colcon.colcon_core.environment:checking '/home/men3m/Naima/install/naima_examples/lib/pkgconfig/naima_examples.pc'
[1.890s] Level 1:colcon.colcon_core.environment:checking '/home/men3m/Naima/install/naima_examples/lib/python3.10/site-packages'
[1.890s] Level 1:colcon.colcon_core.environment:checking '/home/men3m/Naima/install/naima_examples/bin'
[1.891s] INFO:colcon.colcon_core.shell:Creating package script '/home/men3m/Naima/install/naima_examples/share/naima_examples/package.ps1'
[1.891s] INFO:colcon.colcon_core.shell:Creating package descriptor '/home/men3m/Naima/install/naima_examples/share/naima_examples/package.dsv'
[1.892s] INFO:colcon.colcon_core.shell:Creating package script '/home/men3m/Naima/install/naima_examples/share/naima_examples/package.sh'
[1.892s] INFO:colcon.colcon_core.shell:Creating package script '/home/men3m/Naima/install/naima_examples/share/naima_examples/package.bash'
[1.892s] INFO:colcon.colcon_core.shell:Creating package script '/home/men3m/Naima/install/naima_examples/share/naima_examples/package.zsh'
[1.893s] Level 1:colcon.colcon_core.environment:create_file_with_runtime_dependencies(/home/men3m/Naima/install/naima_examples/share/colcon-core/packages/naima_examples)
[1.893s] Level 1:colcon.colcon_core.environment:create_environment_scripts_only(naima_examples)
[1.893s] Level 1:colcon.colcon_core.environment:checking '/home/men3m/Naima/install/naima_examples' for CMake module files
[1.894s] Level 1:colcon.colcon_core.environment:checking '/home/men3m/Naima/install/naima_examples' for CMake config files
[1.894s] Level 1:colcon.colcon_core.shell:create_environment_hook('naima_examples', 'cmake_prefix_path')
[1.894s] INFO:colcon.colcon_core.shell:Creating environment hook '/home/men3m/Naima/install/naima_examples/share/naima_examples/hook/cmake_prefix_path.ps1'
[1.895s] INFO:colcon.colcon_core.shell:Creating environment descriptor '/home/men3m/Naima/install/naima_examples/share/naima_examples/hook/cmake_prefix_path.dsv'
[1.895s] INFO:colcon.colcon_core.shell:Creating environment hook '/home/men3m/Naima/install/naima_examples/share/naima_examples/hook/cmake_prefix_path.sh'
[1.895s] Level 1:colcon.colcon_core.environment:checking '/home/men3m/Naima/install/naima_examples/lib'
[1.895s] Level 1:colcon.colcon_core.shell:create_environment_hook('naima_examples', 'ld_library_path_lib')
[1.896s] INFO:colcon.colcon_core.shell:Creating environment hook '/home/men3m/Naima/install/naima_examples/share/naima_examples/hook/ld_library_path_lib.ps1'
[1.896s] INFO:colcon.colcon_core.shell:Creating environment descriptor '/home/men3m/Naima/install/naima_examples/share/naima_examples/hook/ld_library_path_lib.dsv'
[1.896s] INFO:colcon.colcon_core.shell:Creating environment hook '/home/men3m/Naima/install/naima_examples/share/naima_examples/hook/ld_library_path_lib.sh'
[1.897s] Level 1:colcon.colcon_core.environment:checking '/home/men3m/Naima/install/naima_examples/bin'
[1.897s] Level 1:colcon.colcon_core.environment:checking '/home/men3m/Naima/install/naima_examples/lib/pkgconfig/naima_examples.pc'
[1.897s] Level 1:colcon.colcon_core.environment:checking '/home/men3m/Naima/install/naima_examples/lib/python3.10/site-packages'
[1.897s] Level 1:colcon.colcon_core.environment:checking '/home/men3m/Naima/install/naima_examples/bin'
[1.897s] INFO:colcon.colcon_core.shell:Creating package script '/home/men3m/Naima/install/naima_examples/share/naima_examples/package.ps1'
[1.898s] INFO:colcon.colcon_core.shell:Creating package descriptor '/home/men3m/Naima/install/naima_examples/share/naima_examples/package.dsv'
[1.898s] INFO:colcon.colcon_core.shell:Creating package script '/home/men3m/Naima/install/naima_examples/share/naima_examples/package.sh'
[1.899s] INFO:colcon.colcon_core.shell:Creating package script '/home/men3m/Naima/install/naima_examples/share/naima_examples/package.bash'
[1.899s] INFO:colcon.colcon_core.shell:Creating package script '/home/men3m/Naima/install/naima_examples/share/naima_examples/package.zsh'
[1.899s] Level 1:colcon.colcon_core.environment:create_file_with_runtime_dependencies(/home/men3m/Naima/install/naima_examples/share/colcon-core/packages/naima_examples)
[1.901s] DEBUG:colcon.colcon_core.event_handler.log_command:Invoked command in '/home/men3m/Naima/build/zed_multi_camera' returned '0': CMAKE_PREFIX_PATH=/home/men3m/Naima/install/zed_wrapper:/home/men3m/Naima/install/zed_components:/home/men3m/Naima/install/zed_ros2:/home/men3m/Naima/install/zed_robot_integration:/home/men3m/Naima/install/zed_ipc:/home/men3m/Naima/install/zed_multi_camera:/home/men3m/Naima/install/zed_display_rviz2:/home/men3m/Naima/install/zed_depth_to_laserscan:/home/men3m/Naima/install/zed_tutorial_video:/home/men3m/Naima/install/zed_tutorial_pos_tracking:/home/men3m/Naima/install/zed_tutorial_depth:/home/men3m/Naima/install/zed_topic_benchmark:/home/men3m/Naima/install/zed_topic_benchmark_component:/home/men3m/Naima/install/zed_topic_benchmark_interfaces:/home/men3m/Naima/install/zed_rgb_convert:/home/men3m/Naima/install/zed_aruco_localization:/home/men3m/Naima/install/ublox:/home/men3m/Naima/install/ublox_gps:/home/men3m/Naima/install/ublox_msgs:/home/men3m/Naima/install/ublox_serialization:/home/men3m/Naima/install/rviz_plugin_zed_od:/home/men3m/Naima/install/naima_examples:/home/men3m/Naima/install/naima_msgs:/home/men3m/Naima/install/naima_mapping:/home/men3m/Naima/install/naima_localization:/home/men3m/Naima/install/naima_description:/home/men3m/Naima/install/naima_control:/home/men3m/Naima/install/naima_bringup:/home/men3m/Naima/install/naima:/opt/ros/humble LD_LIBRARY_PATH=/home/men3m/Naima/install/zed_components/lib:/home/men3m/Naima/install/zed_ipc/lib:/home/men3m/Naima/install/zed_topic_benchmark_component/lib:/home/men3m/Naima/install/zed_topic_benchmark_interfaces/lib:/home/men3m/Naima/install/zed_rgb_convert/lib:/home/men3m/Naima/install/zed_aruco_localization/lib:/home/men3m/Naima/install/ublox_gps/lib:/home/men3m/Naima/install/ublox_msgs/lib:/home/men3m/Naima/install/rviz_plugin_zed_od/lib:/home/men3m/Naima/install/naima_examples/lib:/home/men3m/Naima/install/naima_msgs/lib:/usr/lib/x86_64-linux-gnu/gazebo-11/plugins:/opt/ros/humble/opt/rviz_ogre_vendor/lib:/opt/ros/humble/lib/x86_64-linux-gnu:/opt/ros/humble/lib:/usr/local/cuda-12.4.0/lib64:/usr/local/cuda-12.4.0/lib64 /usr/bin/cmake --build /home/men3m/Naima/build/zed_multi_camera -- -j16 -l16
[1.902s] DEBUG:colcon.colcon_core.event_handler.log_command:Invoking command in '/home/men3m/Naima/build/zed_multi_camera': CMAKE_PREFIX_PATH=/home/men3m/Naima/install/zed_wrapper:/home/men3m/Naima/install/zed_components:/home/men3m/Naima/install/zed_ros2:/home/men3m/Naima/install/zed_robot_integration:/home/men3m/Naima/install/zed_ipc:/home/men3m/Naima/install/zed_multi_camera:/home/men3m/Naima/install/zed_display_rviz2:/home/men3m/Naima/install/zed_depth_to_laserscan:/home/men3m/Naima/install/zed_tutorial_video:/home/men3m/Naima/install/zed_tutorial_pos_tracking:/home/men3m/Naima/install/zed_tutorial_depth:/home/men3m/Naima/install/zed_topic_benchmark:/home/men3m/Naima/install/zed_topic_benchmark_component:/home/men3m/Naima/install/zed_topic_benchmark_interfaces:/home/men3m/Naima/install/zed_rgb_convert:/home/men3m/Naima/install/zed_aruco_localization:/home/men3m/Naima/install/ublox:/home/men3m/Naima/install/ublox_gps:/home/men3m/Naima/install/ublox_msgs:/home/men3m/Naima/install/ublox_serialization:/home/men3m/Naima/install/rviz_plugin_zed_od:/home/men3m/Naima/install/naima_examples:/home/men3m/Naima/install/naima_msgs:/home/men3m/Naima/install/naima_mapping:/home/men3m/Naima/install/naima_localization:/home/men3m/Naima/install/naima_description:/home/men3m/Naima/install/naima_control:/home/men3m/Naima/install/naima_bringup:/home/men3m/Naima/install/naima:/opt/ros/humble LD_LIBRARY_PATH=/home/men3m/Naima/install/zed_components/lib:/home/men3m/Naima/install/zed_ipc/lib:/home/men3m/Naima/install/zed_topic_benchmark_component/lib:/home/men3m/Naima/install/zed_topic_benchmark_interfaces/lib:/home/men3m/Naima/install/zed_rgb_convert/lib:/home/men3m/Naima/install/zed_aruco_localization/lib:/home/men3m/Naima/install/ublox_gps/lib:/home/men3m/Naima/install/ublox_msgs/lib:/home/men3m/Naima/install/rviz_plugin_zed_od/lib:/home/men3m/Naima/install/naima_examples/lib:/home/men3m/Naima/install/naima_msgs/lib:/usr/lib/x86_64-linux-gnu/gazebo-11/plugins:/opt/ros/humble/opt/rviz_ogre_vendor/lib:/opt/ros/humble/lib/x86_64-linux-gnu:/opt/ros/humble/lib:/usr/local/cuda-12.4.0/lib64:/usr/local/cuda-12.4.0/lib64 /usr/bin/cmake --install /home/men3m/Naima/build/zed_multi_camera
[1.903s] DEBUG:colcon.colcon_core.event_handler.log_command:Invoked command in '/home/men3m/Naima/build/zed_robot_integration' returned '0': CMAKE_PREFIX_PATH=/home/men3m/Naima/install/zed_wrapper:/home/men3m/Naima/install/zed_components:/home/men3m/Naima/install/zed_ros2:/home/men3m/Naima/install/zed_robot_integration:/home/men3m/Naima/install/zed_ipc:/home/men3m/Naima/install/zed_multi_camera:/home/men3m/Naima/install/zed_display_rviz2:/home/men3m/Naima/install/zed_depth_to_laserscan:/home/men3m/Naima/install/zed_tutorial_video:/home/men3m/Naima/install/zed_tutorial_pos_tracking:/home/men3m/Naima/install/zed_tutorial_depth:/home/men3m/Naima/install/zed_topic_benchmark:/home/men3m/Naima/install/zed_topic_benchmark_component:/home/men3m/Naima/install/zed_topic_benchmark_interfaces:/home/men3m/Naima/install/zed_rgb_convert:/home/men3m/Naima/install/zed_aruco_localization:/home/men3m/Naima/install/ublox:/home/men3m/Naima/install/ublox_gps:/home/men3m/Naima/install/ublox_msgs:/home/men3m/Naima/install/ublox_serialization:/home/men3m/Naima/install/rviz_plugin_zed_od:/home/men3m/Naima/install/naima_examples:/home/men3m/Naima/install/naima_msgs:/home/men3m/Naima/install/naima_mapping:/home/men3m/Naima/install/naima_localization:/home/men3m/Naima/install/naima_description:/home/men3m/Naima/install/naima_control:/home/men3m/Naima/install/naima_bringup:/home/men3m/Naima/install/naima:/opt/ros/humble LD_LIBRARY_PATH=/home/men3m/Naima/install/zed_components/lib:/home/men3m/Naima/install/zed_ipc/lib:/home/men3m/Naima/install/zed_topic_benchmark_component/lib:/home/men3m/Naima/install/zed_topic_benchmark_interfaces/lib:/home/men3m/Naima/install/zed_rgb_convert/lib:/home/men3m/Naima/install/zed_aruco_localization/lib:/home/men3m/Naima/install/ublox_gps/lib:/home/men3m/Naima/install/ublox_msgs/lib:/home/men3m/Naima/install/rviz_plugin_zed_od/lib:/home/men3m/Naima/install/naima_examples/lib:/home/men3m/Naima/install/naima_msgs/lib:/usr/lib/x86_64-linux-gnu/gazebo-11/plugins:/opt/ros/humble/opt/rviz_ogre_vendor/lib:/opt/ros/humble/lib/x86_64-linux-gnu:/opt/ros/humble/lib:/usr/local/cuda-12.4.0/lib64:/usr/local/cuda-12.4.0/lib64 /usr/bin/cmake --build /home/men3m/Naima/build/zed_robot_integration -- -j16 -l16
[1.904s] DEBUG:colcon.colcon_core.event_handler.log_command:Invoking command in '/home/men3m/Naima/build/zed_robot_integration': CMAKE_PREFIX_PATH=/home/men3m/Naima/install/zed_wrapper:/home/men3m/Naima/install/zed_components:/home/men3m/Naima/install/zed_ros2:/home/men3m/Naima/install/zed_robot_integration:/home/men3m/Naima/install/zed_ipc:/home/men3m/Naima/install/zed_multi_camera:/home/men3m/Naima/install/zed_display_rviz2:/home/men3m/Naima/install/zed_depth_to_laserscan:/home/men3m/Naima/install/zed_tutorial_video:/home/men3m/Naima/install/zed_tutorial_pos_tracking:/home/men3m/Naima/install/zed_tutorial_depth:/home/men3m/Naima/install/zed_topic_benchmark:/home/men3m/Naima/install/zed_topic_benchmark_component:/home/men3m/Naima/install/zed_topic_benchmark_interfaces:/home/men3m/Naima/install/zed_rgb_convert:/home/men3m/Naima/install/zed_aruco_localization:/home/men3m/Naima/install/ublox:/home/men3m/Naima/install/ublox_gps:/home/men3m/Naima/install/ublox_msgs:/home/men3m/Naima/install/ublox_serialization:/home/men3m/Naima/install/rviz_plugin_zed_od:/home/men3m/Naima/install/naima_examples:/home/men3m/Naima/install/naima_msgs:/home/men3m/Naima/install/naima_mapping:/home/men3m/Naima/install/naima_localization:/home/men3m/Naima/install/naima_description:/home/men3m/Naima/install/naima_control:/home/men3m/Naima/install/naima_bringup:/home/men3m/Naima/install/naima:/opt/ros/humble LD_LIBRARY_PATH=/home/men3m/Naima/install/zed_components/lib:/home/men3m/Naima/install/zed_ipc/lib:/home/men3m/Naima/install/zed_topic_benchmark_component/lib:/home/men3m/Naima/install/zed_topic_benchmark_interfaces/lib:/home/men3m/Naima/install/zed_rgb_convert/lib:/home/men3m/Naima/install/zed_aruco_localization/lib:/home/men3m/Naima/install/ublox_gps/lib:/home/men3m/Naima/install/ublox_msgs/lib:/home/men3m/Naima/install/rviz_plugin_zed_od/lib:/home/men3m/Naima/install/naima_examples/lib:/home/men3m/Naima/install/naima_msgs/lib:/usr/lib/x86_64-linux-gnu/gazebo-11/plugins:/opt/ros/humble/opt/rviz_ogre_vendor/lib:/opt/ros/humble/lib/x86_64-linux-gnu:/opt/ros/humble/lib:/usr/local/cuda-12.4.0/lib64:/usr/local/cuda-12.4.0/lib64 /usr/bin/cmake --install /home/men3m/Naima/build/zed_robot_integration
[1.905s] DEBUG:colcon.colcon_core.event_handler.log_command:Invoked command in '/home/men3m/Naima/build/zed_display_rviz2' returned '0': CMAKE_PREFIX_PATH=/home/men3m/Naima/install/zed_wrapper:/home/men3m/Naima/install/zed_components:/home/men3m/Naima/install/zed_ros2:/home/men3m/Naima/install/zed_robot_integration:/home/men3m/Naima/install/zed_ipc:/home/men3m/Naima/install/zed_multi_camera:/home/men3m/Naima/install/zed_display_rviz2:/home/men3m/Naima/install/zed_depth_to_laserscan:/home/men3m/Naima/install/zed_tutorial_video:/home/men3m/Naima/install/zed_tutorial_pos_tracking:/home/men3m/Naima/install/zed_tutorial_depth:/home/men3m/Naima/install/zed_topic_benchmark:/home/men3m/Naima/install/zed_topic_benchmark_component:/home/men3m/Naima/install/zed_topic_benchmark_interfaces:/home/men3m/Naima/install/zed_rgb_convert:/home/men3m/Naima/install/zed_aruco_localization:/home/men3m/Naima/install/ublox:/home/men3m/Naima/install/ublox_gps:/home/men3m/Naima/install/ublox_msgs:/home/men3m/Naima/install/ublox_serialization:/home/men3m/Naima/install/rviz_plugin_zed_od:/home/men3m/Naima/install/naima_examples:/home/men3m/Naima/install/naima_msgs:/home/men3m/Naima/install/naima_mapping:/home/men3m/Naima/install/naima_localization:/home/men3m/Naima/install/naima_description:/home/men3m/Naima/install/naima_control:/home/men3m/Naima/install/naima_bringup:/home/men3m/Naima/install/naima:/opt/ros/humble LD_LIBRARY_PATH=/home/men3m/Naima/install/zed_components/lib:/home/men3m/Naima/install/zed_ipc/lib:/home/men3m/Naima/install/zed_topic_benchmark_component/lib:/home/men3m/Naima/install/zed_topic_benchmark_interfaces/lib:/home/men3m/Naima/install/zed_rgb_convert/lib:/home/men3m/Naima/install/zed_aruco_localization/lib:/home/men3m/Naima/install/ublox_gps/lib:/home/men3m/Naima/install/ublox_msgs/lib:/home/men3m/Naima/install/rviz_plugin_zed_od/lib:/home/men3m/Naima/install/naima_examples/lib:/home/men3m/Naima/install/naima_msgs/lib:/usr/lib/x86_64-linux-gnu/gazebo-11/plugins:/opt/ros/humble/opt/rviz_ogre_vendor/lib:/opt/ros/humble/lib/x86_64-linux-gnu:/opt/ros/humble/lib:/usr/local/cuda-12.4.0/lib64:/usr/local/cuda-12.4.0/lib64 /usr/bin/cmake --build /home/men3m/Naima/build/zed_display_rviz2 -- -j16 -l16
[1.906s] DEBUG:colcon.colcon_core.event_handler.log_command:Invoking command in '/home/men3m/Naima/build/zed_display_rviz2': CMAKE_PREFIX_PATH=/home/men3m/Naima/install/zed_wrapper:/home/men3m/Naima/install/zed_components:/home/men3m/Naima/install/zed_ros2:/home/men3m/Naima/install/zed_robot_integration:/home/men3m/Naima/install/zed_ipc:/home/men3m/Naima/install/zed_multi_camera:/home/men3m/Naima/install/zed_display_rviz2:/home/men3m/Naima/install/zed_depth_to_laserscan:/home/men3m/Naima/install/zed_tutorial_video:/home/men3m/Naima/install/zed_tutorial_pos_tracking:/home/men3m/Naima/install/zed_tutorial_depth:/home/men3m/Naima/install/zed_topic_benchmark:/home/men3m/Naima/install/zed_topic_benchmark_component:/home/men3m/Naima/install/zed_topic_benchmark_interfaces:/home/men3m/Naima/install/zed_rgb_convert:/home/men3m/Naima/install/zed_aruco_localization:/home/men3m/Naima/install/ublox:/home/men3m/Naima/install/ublox_gps:/home/men3m/Naima/install/ublox_msgs:/home/men3m/Naima/install/ublox_serialization:/home/men3m/Naima/install/rviz_plugin_zed_od:/home/men3m/Naima/install/naima_examples:/home/men3m/Naima/install/naima_msgs:/home/men3m/Naima/install/naima_mapping:/home/men3m/Naima/install/naima_localization:/home/men3m/Naima/install/naima_description:/home/men3m/Naima/install/naima_control:/home/men3m/Naima/install/naima_bringup:/home/men3m/Naima/install/naima:/opt/ros/humble LD_LIBRARY_PATH=/home/men3m/Naima/install/zed_components/lib:/home/men3m/Naima/install/zed_ipc/lib:/home/men3m/Naima/install/zed_topic_benchmark_component/lib:/home/men3m/Naima/install/zed_topic_benchmark_interfaces/lib:/home/men3m/Naima/install/zed_rgb_convert/lib:/home/men3m/Naima/install/zed_aruco_localization/lib:/home/men3m/Naima/install/ublox_gps/lib:/home/men3m/Naima/install/ublox_msgs/lib:/home/men3m/Naima/install/rviz_plugin_zed_od/lib:/home/men3m/Naima/install/naima_examples/lib:/home/men3m/Naima/install/naima_msgs/lib:/usr/lib/x86_64-linux-gnu/gazebo-11/plugins:/opt/ros/humble/opt/rviz_ogre_vendor/lib:/opt/ros/humble/lib/x86_64-linux-gnu:/opt/ros/humble/lib:/usr/local/cuda-12.4.0/lib64:/usr/local/cuda-12.4.0/lib64 /usr/bin/cmake --install /home/men3m/Naima/build/zed_display_rviz2
[1.907s] DEBUG:colcon.colcon_core.event_handler.log_command:Invoked command in '/home/men3m/Naima/build/zed_ros2' returned '0': CMAKE_PREFIX_PATH=/home/men3m/Naima/install/zed_wrapper:/home/men3m/Naima/install/zed_components:/home/men3m/Naima/install/zed_ros2:/home/men3m/Naima/install/zed_robot_integration:/home/men3m/Naima/install/zed_ipc:/home/men3m/Naima/install/zed_multi_camera:/home/men3m/Naima/install/zed_display_rviz2:/home/men3m/Naima/install/zed_depth_to_laserscan:/home/men3m/Naima/install/zed_tutorial_video:/home/men3m/Naima/install/zed_tutorial_pos_tracking:/home/men3m/Naima/install/zed_tutorial_depth:/home/men3m/Naima/install/zed_topic_benchmark:/home/men3m/Naima/install/zed_topic_benchmark_component:/home/men3m/Naima/install/zed_topic_benchmark_interfaces:/home/men3m/Naima/install/zed_rgb_convert:/home/men3m/Naima/install/zed_aruco_localization:/home/men3m/Naima/install/ublox:/home/men3m/Naima/install/ublox_gps:/home/men3m/Naima/install/ublox_msgs:/home/men3m/Naima/install/ublox_serialization:/home/men3m/Naima/install/rviz_plugin_zed_od:/home/men3m/Naima/install/naima_examples:/home/men3m/Naima/install/naima_msgs:/home/men3m/Naima/install/naima_mapping:/home/men3m/Naima/install/naima_localization:/home/men3m/Naima/install/naima_description:/home/men3m/Naima/install/naima_control:/home/men3m/Naima/install/naima_bringup:/home/men3m/Naima/install/naima:/opt/ros/humble LD_LIBRARY_PATH=/home/men3m/Naima/install/zed_components/lib:/home/men3m/Naima/install/zed_ipc/lib:/home/men3m/Naima/install/zed_topic_benchmark_component/lib:/home/men3m/Naima/install/zed_topic_benchmark_interfaces/lib:/home/men3m/Naima/install/zed_rgb_convert/lib:/home/men3m/Naima/install/zed_aruco_localization/lib:/home/men3m/Naima/install/ublox_gps/lib:/home/men3m/Naima/install/ublox_msgs/lib:/home/men3m/Naima/install/rviz_plugin_zed_od/lib:/home/men3m/Naima/install/naima_examples/lib:/home/men3m/Naima/install/naima_msgs/lib:/usr/lib/x86_64-linux-gnu/gazebo-11/plugins:/opt/ros/humble/opt/rviz_ogre_vendor/lib:/opt/ros/humble/lib/x86_64-linux-gnu:/opt/ros/humble/lib:/usr/local/cuda-12.4.0/lib64:/usr/local/cuda-12.4.0/lib64 /usr/bin/cmake --build /home/men3m/Naima/build/zed_ros2 -- -j16 -l16
[1.912s] DEBUG:colcon.colcon_core.event_handler.log_command:Invoking command in '/home/men3m/Naima/build/zed_ros2': CMAKE_PREFIX_PATH=/home/men3m/Naima/install/zed_wrapper:/home/men3m/Naima/install/zed_components:/home/men3m/Naima/install/zed_ros2:/home/men3m/Naima/install/zed_robot_integration:/home/men3m/Naima/install/zed_ipc:/home/men3m/Naima/install/zed_multi_camera:/home/men3m/Naima/install/zed_display_rviz2:/home/men3m/Naima/install/zed_depth_to_laserscan:/home/men3m/Naima/install/zed_tutorial_video:/home/men3m/Naima/install/zed_tutorial_pos_tracking:/home/men3m/Naima/install/zed_tutorial_depth:/home/men3m/Naima/install/zed_topic_benchmark:/home/men3m/Naima/install/zed_topic_benchmark_component:/home/men3m/Naima/install/zed_topic_benchmark_interfaces:/home/men3m/Naima/install/zed_rgb_convert:/home/men3m/Naima/install/zed_aruco_localization:/home/men3m/Naima/install/ublox:/home/men3m/Naima/install/ublox_gps:/home/men3m/Naima/install/ublox_msgs:/home/men3m/Naima/install/ublox_serialization:/home/men3m/Naima/install/rviz_plugin_zed_od:/home/men3m/Naima/install/naima_examples:/home/men3m/Naima/install/naima_msgs:/home/men3m/Naima/install/naima_mapping:/home/men3m/Naima/install/naima_localization:/home/men3m/Naima/install/naima_description:/home/men3m/Naima/install/naima_control:/home/men3m/Naima/install/naima_bringup:/home/men3m/Naima/install/naima:/opt/ros/humble LD_LIBRARY_PATH=/home/men3m/Naima/install/zed_components/lib:/home/men3m/Naima/install/zed_ipc/lib:/home/men3m/Naima/install/zed_topic_benchmark_component/lib:/home/men3m/Naima/install/zed_topic_benchmark_interfaces/lib:/home/men3m/Naima/install/zed_rgb_convert/lib:/home/men3m/Naima/install/zed_aruco_localization/lib:/home/men3m/Naima/install/ublox_gps/lib:/home/men3m/Naima/install/ublox_msgs/lib:/home/men3m/Naima/install/rviz_plugin_zed_od/lib:/home/men3m/Naima/install/naima_examples/lib:/home/men3m/Naima/install/naima_msgs/lib:/usr/lib/x86_64-linux-gnu/gazebo-11/plugins:/opt/ros/humble/opt/rviz_ogre_vendor/lib:/opt/ros/humble/lib/x86_64-linux-gnu:/opt/ros/humble/lib:/usr/local/cuda-12.4.0/lib64:/usr/local/cuda-12.4.0/lib64 /usr/bin/cmake --install /home/men3m/Naima/build/zed_ros2
[1.924s] Level 1:colcon.colcon_core.environment:create_environment_scripts_only(zed_depth_to_laserscan)
[1.925s] Level 1:colcon.colcon_core.environment:checking '/home/men3m/Naima/install/zed_depth_to_laserscan' for CMake module files
[1.927s] DEBUG:colcon.colcon_core.event_handler.log_command:Invoking command in '/home/men3m/Naima/build/zed_topic_benchmark': CMAKE_PREFIX_PATH=/home/men3m/Naima/install/zed_topic_benchmark_component:/home/men3m/Naima/install/zed_topic_benchmark_interfaces:/home/men3m/Naima/install/zed_ros2:/home/men3m/Naima/install/zed_robot_integration:/home/men3m/Naima/install/zed_ipc:/home/men3m/Naima/install/zed_multi_camera:/home/men3m/Naima/install/zed_display_rviz2:/home/men3m/Naima/install/zed_depth_to_laserscan:/home/men3m/Naima/install/zed_wrapper:/home/men3m/Naima/install/zed_tutorial_video:/home/men3m/Naima/install/zed_tutorial_pos_tracking:/home/men3m/Naima/install/zed_tutorial_depth:/home/men3m/Naima/install/zed_topic_benchmark:/home/men3m/Naima/install/zed_rgb_convert:/home/men3m/Naima/install/zed_aruco_localization:/home/men3m/Naima/install/zed_components:/home/men3m/Naima/install/ublox:/home/men3m/Naima/install/ublox_gps:/home/men3m/Naima/install/ublox_msgs:/home/men3m/Naima/install/ublox_serialization:/home/men3m/Naima/install/rviz_plugin_zed_od:/home/men3m/Naima/install/naima_examples:/home/men3m/Naima/install/naima_msgs:/home/men3m/Naima/install/naima_mapping:/home/men3m/Naima/install/naima_localization:/home/men3m/Naima/install/naima_description:/home/men3m/Naima/install/naima_control:/home/men3m/Naima/install/naima_bringup:/home/men3m/Naima/install/naima:/opt/ros/humble LD_LIBRARY_PATH=/home/men3m/Naima/install/zed_topic_benchmark_component/lib:/home/men3m/Naima/install/zed_topic_benchmark_interfaces/lib:/home/men3m/Naima/install/zed_ipc/lib:/home/men3m/Naima/install/zed_rgb_convert/lib:/home/men3m/Naima/install/zed_aruco_localization/lib:/home/men3m/Naima/install/zed_components/lib:/home/men3m/Naima/install/ublox_gps/lib:/home/men3m/Naima/install/ublox_msgs/lib:/home/men3m/Naima/install/rviz_plugin_zed_od/lib:/home/men3m/Naima/install/naima_examples/lib:/home/men3m/Naima/install/naima_msgs/lib:/usr/lib/x86_64-linux-gnu/gazebo-11/plugins:/opt/ros/humble/opt/rviz_ogre_vendor/lib:/opt/ros/humble/lib/x86_64-linux-gnu:/opt/ros/humble/lib:/usr/local/cuda-12.4.0/lib64:/usr/local/cuda-12.4.0/lib64 /usr/bin/cmake --build /home/men3m/Naima/build/zed_topic_benchmark -- -j16 -l16
[1.927s] Level 1:colcon.colcon_core.environment:checking '/home/men3m/Naima/install/zed_depth_to_laserscan' for CMake config files
[1.927s] DEBUG:colcon.colcon_core.event_handler.log_command:Invoking command in '/home/men3m/Naima/src/naima_bringup': PYTHONPATH=/home/men3m/Naima/build/naima_bringup/prefix_override:/usr/lib/python3/dist-packages/colcon_core/task/python/colcon_distutils_commands:/home/men3m/Naima/install/naima_bringup/lib/python3.10/site-packages:${PYTHONPATH} /usr/bin/python3 -W ignore:setup.py install is deprecated -W ignore:easy_install command is deprecated setup.py egg_info --egg-base ../../build/naima_bringup build --build-base /home/men3m/Naima/build/naima_bringup/build install --record /home/men3m/Naima/build/naima_bringup/install.log --single-version-externally-managed install_data
[1.928s] Level 1:colcon.colcon_core.shell:create_environment_hook('zed_depth_to_laserscan', 'cmake_prefix_path')
[1.928s] INFO:colcon.colcon_core.shell:Creating environment hook '/home/men3m/Naima/install/zed_depth_to_laserscan/share/zed_depth_to_laserscan/hook/cmake_prefix_path.ps1'
[1.929s] DEBUG:colcon.colcon_core.event_handler.log_command:Invoking command in '/home/men3m/Naima/src/naima': PYTHONPATH=/home/men3m/Naima/build/naima/prefix_override:/usr/lib/python3/dist-packages/colcon_core/task/python/colcon_distutils_commands:/home/men3m/Naima/install/naima/lib/python3.10/site-packages:${PYTHONPATH} /usr/bin/python3 -W ignore:setup.py install is deprecated -W ignore:easy_install command is deprecated setup.py egg_info --egg-base ../../build/naima build --build-base /home/men3m/Naima/build/naima/build install --record /home/men3m/Naima/build/naima/install.log --single-version-externally-managed install_data
[1.929s] INFO:colcon.colcon_core.shell:Creating environment descriptor '/home/men3m/Naima/install/zed_depth_to_laserscan/share/zed_depth_to_laserscan/hook/cmake_prefix_path.dsv'
[1.929s] DEBUG:colcon.colcon_core.event_handler.log_command:Invoked command in '/home/men3m/Naima/build/zed_depth_to_laserscan' returned '0': CMAKE_PREFIX_PATH=/home/men3m/Naima/install/zed_wrapper:/home/men3m/Naima/install/zed_components:/home/men3m/Naima/install/zed_ros2:/home/men3m/Naima/install/zed_robot_integration:/home/men3m/Naima/install/zed_ipc:/home/men3m/Naima/install/zed_multi_camera:/home/men3m/Naima/install/zed_display_rviz2:/home/men3m/Naima/install/zed_depth_to_laserscan:/home/men3m/Naima/install/zed_tutorial_video:/home/men3m/Naima/install/zed_tutorial_pos_tracking:/home/men3m/Naima/install/zed_tutorial_depth:/home/men3m/Naima/install/zed_topic_benchmark:/home/men3m/Naima/install/zed_topic_benchmark_component:/home/men3m/Naima/install/zed_topic_benchmark_interfaces:/home/men3m/Naima/install/zed_rgb_convert:/home/men3m/Naima/install/zed_aruco_localization:/home/men3m/Naima/install/ublox:/home/men3m/Naima/install/ublox_gps:/home/men3m/Naima/install/ublox_msgs:/home/men3m/Naima/install/ublox_serialization:/home/men3m/Naima/install/rviz_plugin_zed_od:/home/men3m/Naima/install/naima_examples:/home/men3m/Naima/install/naima_msgs:/home/men3m/Naima/install/naima_mapping:/home/men3m/Naima/install/naima_localization:/home/men3m/Naima/install/naima_description:/home/men3m/Naima/install/naima_control:/home/men3m/Naima/install/naima_bringup:/home/men3m/Naima/install/naima:/opt/ros/humble LD_LIBRARY_PATH=/home/men3m/Naima/install/zed_components/lib:/home/men3m/Naima/install/zed_ipc/lib:/home/men3m/Naima/install/zed_topic_benchmark_component/lib:/home/men3m/Naima/install/zed_topic_benchmark_interfaces/lib:/home/men3m/Naima/install/zed_rgb_convert/lib:/home/men3m/Naima/install/zed_aruco_localization/lib:/home/men3m/Naima/install/ublox_gps/lib:/home/men3m/Naima/install/ublox_msgs/lib:/home/men3m/Naima/install/rviz_plugin_zed_od/lib:/home/men3m/Naima/install/naima_examples/lib:/home/men3m/Naima/install/naima_msgs/lib:/usr/lib/x86_64-linux-gnu/gazebo-11/plugins:/opt/ros/humble/opt/rviz_ogre_vendor/lib:/opt/ros/humble/lib/x86_64-linux-gnu:/opt/ros/humble/lib:/usr/local/cuda-12.4.0/lib64:/usr/local/cuda-12.4.0/lib64 /usr/bin/cmake --install /home/men3m/Naima/build/zed_depth_to_laserscan
[1.930s] INFO:colcon.colcon_core.shell:Creating environment hook '/home/men3m/Naima/install/zed_depth_to_laserscan/share/zed_depth_to_laserscan/hook/cmake_prefix_path.sh'
[1.930s] Level 1:colcon.colcon_core.environment:checking '/home/men3m/Naima/install/zed_depth_to_laserscan/bin'
[1.931s] Level 1:colcon.colcon_core.environment:checking '/home/men3m/Naima/install/zed_depth_to_laserscan/lib/pkgconfig/zed_depth_to_laserscan.pc'
[1.931s] Level 1:colcon.colcon_core.environment:checking '/home/men3m/Naima/install/zed_depth_to_laserscan/lib/python3.10/site-packages'
[1.931s] Level 1:colcon.colcon_core.environment:checking '/home/men3m/Naima/install/zed_depth_to_laserscan/bin'
[1.932s] INFO:colcon.colcon_core.shell:Creating package script '/home/men3m/Naima/install/zed_depth_to_laserscan/share/zed_depth_to_laserscan/package.ps1'
[1.932s] INFO:colcon.colcon_core.shell:Creating package descriptor '/home/men3m/Naima/install/zed_depth_to_laserscan/share/zed_depth_to_laserscan/package.dsv'
[1.933s] INFO:colcon.colcon_core.shell:Creating package script '/home/men3m/Naima/install/zed_depth_to_laserscan/share/zed_depth_to_laserscan/package.sh'
[1.933s] INFO:colcon.colcon_core.shell:Creating package script '/home/men3m/Naima/install/zed_depth_to_laserscan/share/zed_depth_to_laserscan/package.bash'
[1.934s] INFO:colcon.colcon_core.shell:Creating package script '/home/men3m/Naima/install/zed_depth_to_laserscan/share/zed_depth_to_laserscan/package.zsh'
[1.934s] Level 1:colcon.colcon_core.environment:create_file_with_runtime_dependencies(/home/men3m/Naima/install/zed_depth_to_laserscan/share/colcon-core/packages/zed_depth_to_laserscan)
[1.935s] Level 1:colcon.colcon_core.environment:create_environment_scripts_only(zed_depth_to_laserscan)
[1.935s] Level 1:colcon.colcon_core.environment:checking '/home/men3m/Naima/install/zed_depth_to_laserscan' for CMake module files
[1.936s] Level 1:colcon.colcon_core.environment:checking '/home/men3m/Naima/install/zed_depth_to_laserscan' for CMake config files
[1.936s] Level 1:colcon.colcon_core.shell:create_environment_hook('zed_depth_to_laserscan', 'cmake_prefix_path')
[1.936s] INFO:colcon.colcon_core.shell:Creating environment hook '/home/men3m/Naima/install/zed_depth_to_laserscan/share/zed_depth_to_laserscan/hook/cmake_prefix_path.ps1'
[1.937s] INFO:colcon.colcon_core.shell:Creating environment descriptor '/home/men3m/Naima/install/zed_depth_to_laserscan/share/zed_depth_to_laserscan/hook/cmake_prefix_path.dsv'
[1.937s] INFO:colcon.colcon_core.shell:Creating environment hook '/home/men3m/Naima/install/zed_depth_to_laserscan/share/zed_depth_to_laserscan/hook/cmake_prefix_path.sh'
[1.938s] Level 1:colcon.colcon_core.environment:checking '/home/men3m/Naima/install/zed_depth_to_laserscan/bin'
[1.938s] Level 1:colcon.colcon_core.environment:checking '/home/men3m/Naima/install/zed_depth_to_laserscan/lib/pkgconfig/zed_depth_to_laserscan.pc'
[1.938s] Level 1:colcon.colcon_core.environment:checking '/home/men3m/Naima/install/zed_depth_to_laserscan/lib/python3.10/site-packages'
[1.938s] Level 1:colcon.colcon_core.environment:checking '/home/men3m/Naima/install/zed_depth_to_laserscan/bin'
[1.939s] INFO:colcon.colcon_core.shell:Creating package script '/home/men3m/Naima/install/zed_depth_to_laserscan/share/zed_depth_to_laserscan/package.ps1'
[1.939s] INFO:colcon.colcon_core.shell:Creating package descriptor '/home/men3m/Naima/install/zed_depth_to_laserscan/share/zed_depth_to_laserscan/package.dsv'
[1.940s] INFO:colcon.colcon_core.shell:Creating package script '/home/men3m/Naima/install/zed_depth_to_laserscan/share/zed_depth_to_laserscan/package.sh'
[1.940s] INFO:colcon.colcon_core.shell:Creating package script '/home/men3m/Naima/install/zed_depth_to_laserscan/share/zed_depth_to_laserscan/package.bash'
[1.941s] INFO:colcon.colcon_core.shell:Creating package script '/home/men3m/Naima/install/zed_depth_to_laserscan/share/zed_depth_to_laserscan/package.zsh'
[1.942s] Level 1:colcon.colcon_core.environment:create_file_with_runtime_dependencies(/home/men3m/Naima/install/zed_depth_to_laserscan/share/colcon-core/packages/zed_depth_to_laserscan)
[1.943s] Level 1:colcon.colcon_core.environment:create_environment_scripts_only(zed_robot_integration)
[1.943s] Level 1:colcon.colcon_core.environment:checking '/home/men3m/Naima/install/zed_robot_integration' for CMake module files
[1.944s] DEBUG:colcon.colcon_core.event_handler.log_command:Invoked command in '/home/men3m/Naima/build/zed_robot_integration' returned '0': CMAKE_PREFIX_PATH=/home/men3m/Naima/install/zed_wrapper:/home/men3m/Naima/install/zed_components:/home/men3m/Naima/install/zed_ros2:/home/men3m/Naima/install/zed_robot_integration:/home/men3m/Naima/install/zed_ipc:/home/men3m/Naima/install/zed_multi_camera:/home/men3m/Naima/install/zed_display_rviz2:/home/men3m/Naima/install/zed_depth_to_laserscan:/home/men3m/Naima/install/zed_tutorial_video:/home/men3m/Naima/install/zed_tutorial_pos_tracking:/home/men3m/Naima/install/zed_tutorial_depth:/home/men3m/Naima/install/zed_topic_benchmark:/home/men3m/Naima/install/zed_topic_benchmark_component:/home/men3m/Naima/install/zed_topic_benchmark_interfaces:/home/men3m/Naima/install/zed_rgb_convert:/home/men3m/Naima/install/zed_aruco_localization:/home/men3m/Naima/install/ublox:/home/men3m/Naima/install/ublox_gps:/home/men3m/Naima/install/ublox_msgs:/home/men3m/Naima/install/ublox_serialization:/home/men3m/Naima/install/rviz_plugin_zed_od:/home/men3m/Naima/install/naima_examples:/home/men3m/Naima/install/naima_msgs:/home/men3m/Naima/install/naima_mapping:/home/men3m/Naima/install/naima_localization:/home/men3m/Naima/install/naima_description:/home/men3m/Naima/install/naima_control:/home/men3m/Naima/install/naima_bringup:/home/men3m/Naima/install/naima:/opt/ros/humble LD_LIBRARY_PATH=/home/men3m/Naima/install/zed_components/lib:/home/men3m/Naima/install/zed_ipc/lib:/home/men3m/Naima/install/zed_topic_benchmark_component/lib:/home/men3m/Naima/install/zed_topic_benchmark_interfaces/lib:/home/men3m/Naima/install/zed_rgb_convert/lib:/home/men3m/Naima/install/zed_aruco_localization/lib:/home/men3m/Naima/install/ublox_gps/lib:/home/men3m/Naima/install/ublox_msgs/lib:/home/men3m/Naima/install/rviz_plugin_zed_od/lib:/home/men3m/Naima/install/naima_examples/lib:/home/men3m/Naima/install/naima_msgs/lib:/usr/lib/x86_64-linux-gnu/gazebo-11/plugins:/opt/ros/humble/opt/rviz_ogre_vendor/lib:/opt/ros/humble/lib/x86_64-linux-gnu:/opt/ros/humble/lib:/usr/local/cuda-12.4.0/lib64:/usr/local/cuda-12.4.0/lib64 /usr/bin/cmake --install /home/men3m/Naima/build/zed_robot_integration
[1.945s] Level 1:colcon.colcon_core.environment:checking '/home/men3m/Naima/install/zed_robot_integration' for CMake config files
[1.945s] Level 1:colcon.colcon_core.shell:create_environment_hook('zed_robot_integration', 'cmake_prefix_path')
[1.945s] INFO:colcon.colcon_core.shell:Creating environment hook '/home/men3m/Naima/install/zed_robot_integration/share/zed_robot_integration/hook/cmake_prefix_path.ps1'
[1.946s] INFO:colcon.colcon_core.shell:Creating environment descriptor '/home/men3m/Naima/install/zed_robot_integration/share/zed_robot_integration/hook/cmake_prefix_path.dsv'
[1.946s] INFO:colcon.colcon_core.shell:Creating environment hook '/home/men3m/Naima/install/zed_robot_integration/share/zed_robot_integration/hook/cmake_prefix_path.sh'
[1.947s] Level 1:colcon.colcon_core.environment:checking '/home/men3m/Naima/install/zed_robot_integration/bin'
[1.947s] Level 1:colcon.colcon_core.environment:checking '/home/men3m/Naima/install/zed_robot_integration/lib/pkgconfig/zed_robot_integration.pc'
[1.947s] Level 1:colcon.colcon_core.environment:checking '/home/men3m/Naima/install/zed_robot_integration/lib/python3.10/site-packages'
[1.948s] Level 1:colcon.colcon_core.environment:checking '/home/men3m/Naima/install/zed_robot_integration/bin'
[1.948s] INFO:colcon.colcon_core.shell:Creating package script '/home/men3m/Naima/install/zed_robot_integration/share/zed_robot_integration/package.ps1'
[1.949s] INFO:colcon.colcon_core.shell:Creating package descriptor '/home/men3m/Naima/install/zed_robot_integration/share/zed_robot_integration/package.dsv'
[1.949s] INFO:colcon.colcon_core.shell:Creating package script '/home/men3m/Naima/install/zed_robot_integration/share/zed_robot_integration/package.sh'
[1.950s] INFO:colcon.colcon_core.shell:Creating package script '/home/men3m/Naima/install/zed_robot_integration/share/zed_robot_integration/package.bash'
[1.950s] INFO:colcon.colcon_core.shell:Creating package script '/home/men3m/Naima/install/zed_robot_integration/share/zed_robot_integration/package.zsh'
[1.950s] Level 1:colcon.colcon_core.environment:create_file_with_runtime_dependencies(/home/men3m/Naima/install/zed_robot_integration/share/colcon-core/packages/zed_robot_integration)
[1.951s] Level 1:colcon.colcon_core.environment:create_environment_scripts_only(zed_robot_integration)
[1.951s] Level 1:colcon.colcon_core.environment:checking '/home/men3m/Naima/install/zed_robot_integration' for CMake module files
[1.952s] Level 1:colcon.colcon_core.environment:checking '/home/men3m/Naima/install/zed_robot_integration' for CMake config files
[1.952s] Level 1:colcon.colcon_core.shell:create_environment_hook('zed_robot_integration', 'cmake_prefix_path')
[1.953s] INFO:colcon.colcon_core.shell:Creating environment hook '/home/men3m/Naima/install/zed_robot_integration/share/zed_robot_integration/hook/cmake_prefix_path.ps1'
[1.953s] INFO:colcon.colcon_core.shell:Creating environment descriptor '/home/men3m/Naima/install/zed_robot_integration/share/zed_robot_integration/hook/cmake_prefix_path.dsv'
[1.953s] INFO:colcon.colcon_core.shell:Creating environment hook '/home/men3m/Naima/install/zed_robot_integration/share/zed_robot_integration/hook/cmake_prefix_path.sh'
[1.954s] Level 1:colcon.colcon_core.environment:checking '/home/men3m/Naima/install/zed_robot_integration/bin'
[1.954s] Level 1:colcon.colcon_core.environment:checking '/home/men3m/Naima/install/zed_robot_integration/lib/pkgconfig/zed_robot_integration.pc'
[1.954s] Level 1:colcon.colcon_core.environment:checking '/home/men3m/Naima/install/zed_robot_integration/lib/python3.10/site-packages'
[1.955s] Level 1:colcon.colcon_core.environment:checking '/home/men3m/Naima/install/zed_robot_integration/bin'
[1.955s] INFO:colcon.colcon_core.shell:Creating package script '/home/men3m/Naima/install/zed_robot_integration/share/zed_robot_integration/package.ps1'
[1.956s] INFO:colcon.colcon_core.shell:Creating package descriptor '/home/men3m/Naima/install/zed_robot_integration/share/zed_robot_integration/package.dsv'
[1.957s] INFO:colcon.colcon_core.shell:Creating package script '/home/men3m/Naima/install/zed_robot_integration/share/zed_robot_integration/package.sh'
[1.957s] INFO:colcon.colcon_core.shell:Creating package script '/home/men3m/Naima/install/zed_robot_integration/share/zed_robot_integration/package.bash'
[1.958s] INFO:colcon.colcon_core.shell:Creating package script '/home/men3m/Naima/install/zed_robot_integration/share/zed_robot_integration/package.zsh'
[1.958s] Level 1:colcon.colcon_core.environment:create_file_with_runtime_dependencies(/home/men3m/Naima/install/zed_robot_integration/share/colcon-core/packages/zed_robot_integration)
[1.959s] Level 1:colcon.colcon_core.environment:create_environment_scripts_only(zed_multi_camera)
[1.959s] Level 1:colcon.colcon_core.environment:checking '/home/men3m/Naima/install/zed_multi_camera' for CMake module files
[1.960s] DEBUG:colcon.colcon_core.event_handler.log_command:Invoked command in '/home/men3m/Naima/build/zed_multi_camera' returned '0': CMAKE_PREFIX_PATH=/home/men3m/Naima/install/zed_wrapper:/home/men3m/Naima/install/zed_components:/home/men3m/Naima/install/zed_ros2:/home/men3m/Naima/install/zed_robot_integration:/home/men3m/Naima/install/zed_ipc:/home/men3m/Naima/install/zed_multi_camera:/home/men3m/Naima/install/zed_display_rviz2:/home/men3m/Naima/install/zed_depth_to_laserscan:/home/men3m/Naima/install/zed_tutorial_video:/home/men3m/Naima/install/zed_tutorial_pos_tracking:/home/men3m/Naima/install/zed_tutorial_depth:/home/men3m/Naima/install/zed_topic_benchmark:/home/men3m/Naima/install/zed_topic_benchmark_component:/home/men3m/Naima/install/zed_topic_benchmark_interfaces:/home/men3m/Naima/install/zed_rgb_convert:/home/men3m/Naima/install/zed_aruco_localization:/home/men3m/Naima/install/ublox:/home/men3m/Naima/install/ublox_gps:/home/men3m/Naima/install/ublox_msgs:/home/men3m/Naima/install/ublox_serialization:/home/men3m/Naima/install/rviz_plugin_zed_od:/home/men3m/Naima/install/naima_examples:/home/men3m/Naima/install/naima_msgs:/home/men3m/Naima/install/naima_mapping:/home/men3m/Naima/install/naima_localization:/home/men3m/Naima/install/naima_description:/home/men3m/Naima/install/naima_control:/home/men3m/Naima/install/naima_bringup:/home/men3m/Naima/install/naima:/opt/ros/humble LD_LIBRARY_PATH=/home/men3m/Naima/install/zed_components/lib:/home/men3m/Naima/install/zed_ipc/lib:/home/men3m/Naima/install/zed_topic_benchmark_component/lib:/home/men3m/Naima/install/zed_topic_benchmark_interfaces/lib:/home/men3m/Naima/install/zed_rgb_convert/lib:/home/men3m/Naima/install/zed_aruco_localization/lib:/home/men3m/Naima/install/ublox_gps/lib:/home/men3m/Naima/install/ublox_msgs/lib:/home/men3m/Naima/install/rviz_plugin_zed_od/lib:/home/men3m/Naima/install/naima_examples/lib:/home/men3m/Naima/install/naima_msgs/lib:/usr/lib/x86_64-linux-gnu/gazebo-11/plugins:/opt/ros/humble/opt/rviz_ogre_vendor/lib:/opt/ros/humble/lib/x86_64-linux-gnu:/opt/ros/humble/lib:/usr/local/cuda-12.4.0/lib64:/usr/local/cuda-12.4.0/lib64 /usr/bin/cmake --install /home/men3m/Naima/build/zed_multi_camera
[1.961s] Level 1:colcon.colcon_core.environment:checking '/home/men3m/Naima/install/zed_multi_camera' for CMake config files
[1.961s] Level 1:colcon.colcon_core.shell:create_environment_hook('zed_multi_camera', 'cmake_prefix_path')
[1.961s] INFO:colcon.colcon_core.shell:Creating environment hook '/home/men3m/Naima/install/zed_multi_camera/share/zed_multi_camera/hook/cmake_prefix_path.ps1'
[1.962s] INFO:colcon.colcon_core.shell:Creating environment descriptor '/home/men3m/Naima/install/zed_multi_camera/share/zed_multi_camera/hook/cmake_prefix_path.dsv'
[1.962s] INFO:colcon.colcon_core.shell:Creating environment hook '/home/men3m/Naima/install/zed_multi_camera/share/zed_multi_camera/hook/cmake_prefix_path.sh'
[1.963s] Level 1:colcon.colcon_core.environment:checking '/home/men3m/Naima/install/zed_multi_camera/bin'
[1.963s] Level 1:colcon.colcon_core.environment:checking '/home/men3m/Naima/install/zed_multi_camera/lib/pkgconfig/zed_multi_camera.pc'
[1.963s] Level 1:colcon.colcon_core.environment:checking '/home/men3m/Naima/install/zed_multi_camera/lib/python3.10/site-packages'
[1.964s] Level 1:colcon.colcon_core.environment:checking '/home/men3m/Naima/install/zed_multi_camera/bin'
[1.964s] INFO:colcon.colcon_core.shell:Creating package script '/home/men3m/Naima/install/zed_multi_camera/share/zed_multi_camera/package.ps1'
[1.965s] INFO:colcon.colcon_core.shell:Creating package descriptor '/home/men3m/Naima/install/zed_multi_camera/share/zed_multi_camera/package.dsv'
[1.965s] INFO:colcon.colcon_core.shell:Creating package script '/home/men3m/Naima/install/zed_multi_camera/share/zed_multi_camera/package.sh'
[1.966s] INFO:colcon.colcon_core.shell:Creating package script '/home/men3m/Naima/install/zed_multi_camera/share/zed_multi_camera/package.bash'
[1.966s] INFO:colcon.colcon_core.shell:Creating package script '/home/men3m/Naima/install/zed_multi_camera/share/zed_multi_camera/package.zsh'
[1.966s] Level 1:colcon.colcon_core.environment:create_file_with_runtime_dependencies(/home/men3m/Naima/install/zed_multi_camera/share/colcon-core/packages/zed_multi_camera)
[1.967s] Level 1:colcon.colcon_core.environment:create_environment_scripts_only(zed_multi_camera)
[1.967s] Level 1:colcon.colcon_core.environment:checking '/home/men3m/Naima/install/zed_multi_camera' for CMake module files
[1.968s] Level 1:colcon.colcon_core.environment:checking '/home/men3m/Naima/install/zed_multi_camera' for CMake config files
[1.968s] Level 1:colcon.colcon_core.shell:create_environment_hook('zed_multi_camera', 'cmake_prefix_path')
[1.969s] INFO:colcon.colcon_core.shell:Creating environment hook '/home/men3m/Naima/install/zed_multi_camera/share/zed_multi_camera/hook/cmake_prefix_path.ps1'
[1.969s] INFO:colcon.colcon_core.shell:Creating environment descriptor '/home/men3m/Naima/install/zed_multi_camera/share/zed_multi_camera/hook/cmake_prefix_path.dsv'
[1.970s] INFO:colcon.colcon_core.shell:Creating environment hook '/home/men3m/Naima/install/zed_multi_camera/share/zed_multi_camera/hook/cmake_prefix_path.sh'
[1.970s] Level 1:colcon.colcon_core.environment:checking '/home/men3m/Naima/install/zed_multi_camera/bin'
[1.970s] Level 1:colcon.colcon_core.environment:checking '/home/men3m/Naima/install/zed_multi_camera/lib/pkgconfig/zed_multi_camera.pc'
[1.971s] Level 1:colcon.colcon_core.environment:checking '/home/men3m/Naima/install/zed_multi_camera/lib/python3.10/site-packages'
[1.971s] Level 1:colcon.colcon_core.environment:checking '/home/men3m/Naima/install/zed_multi_camera/bin'
[1.971s] INFO:colcon.colcon_core.shell:Creating package script '/home/men3m/Naima/install/zed_multi_camera/share/zed_multi_camera/package.ps1'
[1.972s] INFO:colcon.colcon_core.shell:Creating package descriptor '/home/men3m/Naima/install/zed_multi_camera/share/zed_multi_camera/package.dsv'
[1.972s] INFO:colcon.colcon_core.shell:Creating package script '/home/men3m/Naima/install/zed_multi_camera/share/zed_multi_camera/package.sh'
[1.973s] INFO:colcon.colcon_core.shell:Creating package script '/home/men3m/Naima/install/zed_multi_camera/share/zed_multi_camera/package.bash'
[1.973s] INFO:colcon.colcon_core.shell:Creating package script '/home/men3m/Naima/install/zed_multi_camera/share/zed_multi_camera/package.zsh'
[1.974s] Level 1:colcon.colcon_core.environment:create_file_with_runtime_dependencies(/home/men3m/Naima/install/zed_multi_camera/share/colcon-core/packages/zed_multi_camera)
[1.975s] INFO:colcon.colcon_ros.task.ament_cmake.build:Building ROS package in '/home/men3m/Naima/src/zed-ros2-examples/tutorials/zed_ipc' with build type 'ament_cmake'
[1.975s] INFO:colcon.colcon_cmake.task.cmake.build:Building CMake package in '/home/men3m/Naima/src/zed-ros2-examples/tutorials/zed_ipc'
[1.975s] INFO:colcon.colcon_core.shell:Skip shell extension 'powershell' for command environment: Not usable outside of PowerShell
[1.975s] DEBUG:colcon.colcon_core.shell:Skip shell extension 'dsv' for command environment
[1.985s] Level 1:colcon.colcon_core.environment:create_environment_scripts_only(zed_display_rviz2)
[1.985s] Level 1:colcon.colcon_core.environment:checking '/home/men3m/Naima/install/zed_display_rviz2' for CMake module files
[1.986s] DEBUG:colcon.colcon_core.event_handler.log_command:Invoked command in '/home/men3m/Naima/build/zed_display_rviz2' returned '0': CMAKE_PREFIX_PATH=/home/men3m/Naima/install/zed_wrapper:/home/men3m/Naima/install/zed_components:/home/men3m/Naima/install/zed_ros2:/home/men3m/Naima/install/zed_robot_integration:/home/men3m/Naima/install/zed_ipc:/home/men3m/Naima/install/zed_multi_camera:/home/men3m/Naima/install/zed_display_rviz2:/home/men3m/Naima/install/zed_depth_to_laserscan:/home/men3m/Naima/install/zed_tutorial_video:/home/men3m/Naima/install/zed_tutorial_pos_tracking:/home/men3m/Naima/install/zed_tutorial_depth:/home/men3m/Naima/install/zed_topic_benchmark:/home/men3m/Naima/install/zed_topic_benchmark_component:/home/men3m/Naima/install/zed_topic_benchmark_interfaces:/home/men3m/Naima/install/zed_rgb_convert:/home/men3m/Naima/install/zed_aruco_localization:/home/men3m/Naima/install/ublox:/home/men3m/Naima/install/ublox_gps:/home/men3m/Naima/install/ublox_msgs:/home/men3m/Naima/install/ublox_serialization:/home/men3m/Naima/install/rviz_plugin_zed_od:/home/men3m/Naima/install/naima_examples:/home/men3m/Naima/install/naima_msgs:/home/men3m/Naima/install/naima_mapping:/home/men3m/Naima/install/naima_localization:/home/men3m/Naima/install/naima_description:/home/men3m/Naima/install/naima_control:/home/men3m/Naima/install/naima_bringup:/home/men3m/Naima/install/naima:/opt/ros/humble LD_LIBRARY_PATH=/home/men3m/Naima/install/zed_components/lib:/home/men3m/Naima/install/zed_ipc/lib:/home/men3m/Naima/install/zed_topic_benchmark_component/lib:/home/men3m/Naima/install/zed_topic_benchmark_interfaces/lib:/home/men3m/Naima/install/zed_rgb_convert/lib:/home/men3m/Naima/install/zed_aruco_localization/lib:/home/men3m/Naima/install/ublox_gps/lib:/home/men3m/Naima/install/ublox_msgs/lib:/home/men3m/Naima/install/rviz_plugin_zed_od/lib:/home/men3m/Naima/install/naima_examples/lib:/home/men3m/Naima/install/naima_msgs/lib:/usr/lib/x86_64-linux-gnu/gazebo-11/plugins:/opt/ros/humble/opt/rviz_ogre_vendor/lib:/opt/ros/humble/lib/x86_64-linux-gnu:/opt/ros/humble/lib:/usr/local/cuda-12.4.0/lib64:/usr/local/cuda-12.4.0/lib64 /usr/bin/cmake --install /home/men3m/Naima/build/zed_display_rviz2
[1.986s] Level 1:colcon.colcon_core.environment:checking '/home/men3m/Naima/install/zed_display_rviz2' for CMake config files
[1.986s] Level 1:colcon.colcon_core.shell:create_environment_hook('zed_display_rviz2', 'cmake_prefix_path')
[1.986s] INFO:colcon.colcon_core.shell:Creating environment hook '/home/men3m/Naima/install/zed_display_rviz2/share/zed_display_rviz2/hook/cmake_prefix_path.ps1'
[1.987s] INFO:colcon.colcon_core.shell:Creating environment descriptor '/home/men3m/Naima/install/zed_display_rviz2/share/zed_display_rviz2/hook/cmake_prefix_path.dsv'
[1.987s] INFO:colcon.colcon_core.shell:Creating environment hook '/home/men3m/Naima/install/zed_display_rviz2/share/zed_display_rviz2/hook/cmake_prefix_path.sh'
[1.987s] Level 1:colcon.colcon_core.environment:checking '/home/men3m/Naima/install/zed_display_rviz2/bin'
[1.988s] Level 1:colcon.colcon_core.environment:checking '/home/men3m/Naima/install/zed_display_rviz2/lib/pkgconfig/zed_display_rviz2.pc'
[1.988s] Level 1:colcon.colcon_core.environment:checking '/home/men3m/Naima/install/zed_display_rviz2/lib/python3.10/site-packages'
[1.988s] Level 1:colcon.colcon_core.environment:checking '/home/men3m/Naima/install/zed_display_rviz2/bin'
[1.988s] INFO:colcon.colcon_core.shell:Creating package script '/home/men3m/Naima/install/zed_display_rviz2/share/zed_display_rviz2/package.ps1'
[1.989s] INFO:colcon.colcon_core.shell:Creating package descriptor '/home/men3m/Naima/install/zed_display_rviz2/share/zed_display_rviz2/package.dsv'
[1.989s] INFO:colcon.colcon_core.shell:Creating package script '/home/men3m/Naima/install/zed_display_rviz2/share/zed_display_rviz2/package.sh'
[1.989s] INFO:colcon.colcon_core.shell:Creating package script '/home/men3m/Naima/install/zed_display_rviz2/share/zed_display_rviz2/package.bash'
[1.990s] INFO:colcon.colcon_core.shell:Creating package script '/home/men3m/Naima/install/zed_display_rviz2/share/zed_display_rviz2/package.zsh'
[1.990s] Level 1:colcon.colcon_core.environment:create_file_with_runtime_dependencies(/home/men3m/Naima/install/zed_display_rviz2/share/colcon-core/packages/zed_display_rviz2)
[1.990s] Level 1:colcon.colcon_core.environment:create_environment_scripts_only(zed_display_rviz2)
[1.991s] Level 1:colcon.colcon_core.environment:checking '/home/men3m/Naima/install/zed_display_rviz2' for CMake module files
[1.991s] Level 1:colcon.colcon_core.environment:checking '/home/men3m/Naima/install/zed_display_rviz2' for CMake config files
[1.991s] Level 1:colcon.colcon_core.shell:create_environment_hook('zed_display_rviz2', 'cmake_prefix_path')
[1.991s] INFO:colcon.colcon_core.shell:Creating environment hook '/home/men3m/Naima/install/zed_display_rviz2/share/zed_display_rviz2/hook/cmake_prefix_path.ps1'
[1.992s] INFO:colcon.colcon_core.shell:Creating environment descriptor '/home/men3m/Naima/install/zed_display_rviz2/share/zed_display_rviz2/hook/cmake_prefix_path.dsv'
[1.992s] INFO:colcon.colcon_core.shell:Creating environment hook '/home/men3m/Naima/install/zed_display_rviz2/share/zed_display_rviz2/hook/cmake_prefix_path.sh'
[1.992s] Level 1:colcon.colcon_core.environment:checking '/home/men3m/Naima/install/zed_display_rviz2/bin'
[1.992s] Level 1:colcon.colcon_core.environment:checking '/home/men3m/Naima/install/zed_display_rviz2/lib/pkgconfig/zed_display_rviz2.pc'
[1.993s] Level 1:colcon.colcon_core.environment:checking '/home/men3m/Naima/install/zed_display_rviz2/lib/python3.10/site-packages'
[1.993s] Level 1:colcon.colcon_core.environment:checking '/home/men3m/Naima/install/zed_display_rviz2/bin'
[1.993s] INFO:colcon.colcon_core.shell:Creating package script '/home/men3m/Naima/install/zed_display_rviz2/share/zed_display_rviz2/package.ps1'
[1.994s] INFO:colcon.colcon_core.shell:Creating package descriptor '/home/men3m/Naima/install/zed_display_rviz2/share/zed_display_rviz2/package.dsv'
[1.994s] INFO:colcon.colcon_core.shell:Creating package script '/home/men3m/Naima/install/zed_display_rviz2/share/zed_display_rviz2/package.sh'
[1.995s] INFO:colcon.colcon_core.shell:Creating package script '/home/men3m/Naima/install/zed_display_rviz2/share/zed_display_rviz2/package.bash'
[1.995s] INFO:colcon.colcon_core.shell:Creating package script '/home/men3m/Naima/install/zed_display_rviz2/share/zed_display_rviz2/package.zsh'
[1.996s] Level 1:colcon.colcon_core.environment:create_file_with_runtime_dependencies(/home/men3m/Naima/install/zed_display_rviz2/share/colcon-core/packages/zed_display_rviz2)
[1.996s] Level 1:colcon.colcon_core.environment:create_environment_scripts_only(zed_ros2)
[1.996s] Level 1:colcon.colcon_core.environment:checking '/home/men3m/Naima/install/zed_ros2' for CMake module files
[1.997s] DEBUG:colcon.colcon_core.event_handler.log_command:Invoked command in '/home/men3m/Naima/build/zed_ros2' returned '0': CMAKE_PREFIX_PATH=/home/men3m/Naima/install/zed_wrapper:/home/men3m/Naima/install/zed_components:/home/men3m/Naima/install/zed_ros2:/home/men3m/Naima/install/zed_robot_integration:/home/men3m/Naima/install/zed_ipc:/home/men3m/Naima/install/zed_multi_camera:/home/men3m/Naima/install/zed_display_rviz2:/home/men3m/Naima/install/zed_depth_to_laserscan:/home/men3m/Naima/install/zed_tutorial_video:/home/men3m/Naima/install/zed_tutorial_pos_tracking:/home/men3m/Naima/install/zed_tutorial_depth:/home/men3m/Naima/install/zed_topic_benchmark:/home/men3m/Naima/install/zed_topic_benchmark_component:/home/men3m/Naima/install/zed_topic_benchmark_interfaces:/home/men3m/Naima/install/zed_rgb_convert:/home/men3m/Naima/install/zed_aruco_localization:/home/men3m/Naima/install/ublox:/home/men3m/Naima/install/ublox_gps:/home/men3m/Naima/install/ublox_msgs:/home/men3m/Naima/install/ublox_serialization:/home/men3m/Naima/install/rviz_plugin_zed_od:/home/men3m/Naima/install/naima_examples:/home/men3m/Naima/install/naima_msgs:/home/men3m/Naima/install/naima_mapping:/home/men3m/Naima/install/naima_localization:/home/men3m/Naima/install/naima_description:/home/men3m/Naima/install/naima_control:/home/men3m/Naima/install/naima_bringup:/home/men3m/Naima/install/naima:/opt/ros/humble LD_LIBRARY_PATH=/home/men3m/Naima/install/zed_components/lib:/home/men3m/Naima/install/zed_ipc/lib:/home/men3m/Naima/install/zed_topic_benchmark_component/lib:/home/men3m/Naima/install/zed_topic_benchmark_interfaces/lib:/home/men3m/Naima/install/zed_rgb_convert/lib:/home/men3m/Naima/install/zed_aruco_localization/lib:/home/men3m/Naima/install/ublox_gps/lib:/home/men3m/Naima/install/ublox_msgs/lib:/home/men3m/Naima/install/rviz_plugin_zed_od/lib:/home/men3m/Naima/install/naima_examples/lib:/home/men3m/Naima/install/naima_msgs/lib:/usr/lib/x86_64-linux-gnu/gazebo-11/plugins:/opt/ros/humble/opt/rviz_ogre_vendor/lib:/opt/ros/humble/lib/x86_64-linux-gnu:/opt/ros/humble/lib:/usr/local/cuda-12.4.0/lib64:/usr/local/cuda-12.4.0/lib64 /usr/bin/cmake --install /home/men3m/Naima/build/zed_ros2
[1.997s] Level 1:colcon.colcon_core.environment:checking '/home/men3m/Naima/install/zed_ros2' for CMake config files
[1.998s] Level 1:colcon.colcon_core.shell:create_environment_hook('zed_ros2', 'cmake_prefix_path')
[1.998s] INFO:colcon.colcon_core.shell:Creating environment hook '/home/men3m/Naima/install/zed_ros2/share/zed_ros2/hook/cmake_prefix_path.ps1'
[1.998s] INFO:colcon.colcon_core.shell:Creating environment descriptor '/home/men3m/Naima/install/zed_ros2/share/zed_ros2/hook/cmake_prefix_path.dsv'
[1.998s] INFO:colcon.colcon_core.shell:Creating environment hook '/home/men3m/Naima/install/zed_ros2/share/zed_ros2/hook/cmake_prefix_path.sh'
[1.999s] Level 1:colcon.colcon_core.environment:checking '/home/men3m/Naima/install/zed_ros2/bin'
[1.999s] Level 1:colcon.colcon_core.environment:checking '/home/men3m/Naima/install/zed_ros2/lib/pkgconfig/zed_ros2.pc'
[1.999s] Level 1:colcon.colcon_core.environment:checking '/home/men3m/Naima/install/zed_ros2/lib/python3.10/site-packages'
[1.999s] Level 1:colcon.colcon_core.environment:checking '/home/men3m/Naima/install/zed_ros2/bin'
[2.000s] INFO:colcon.colcon_core.shell:Creating package script '/home/men3m/Naima/install/zed_ros2/share/zed_ros2/package.ps1'
[2.000s] INFO:colcon.colcon_core.shell:Creating package descriptor '/home/men3m/Naima/install/zed_ros2/share/zed_ros2/package.dsv'
[2.000s] INFO:colcon.colcon_core.shell:Creating package script '/home/men3m/Naima/install/zed_ros2/share/zed_ros2/package.sh'
[2.001s] INFO:colcon.colcon_core.shell:Creating package script '/home/men3m/Naima/install/zed_ros2/share/zed_ros2/package.bash'
[2.001s] INFO:colcon.colcon_core.shell:Creating package script '/home/men3m/Naima/install/zed_ros2/share/zed_ros2/package.zsh'
[2.001s] Level 1:colcon.colcon_core.environment:create_file_with_runtime_dependencies(/home/men3m/Naima/install/zed_ros2/share/colcon-core/packages/zed_ros2)
[2.002s] Level 1:colcon.colcon_core.environment:create_environment_scripts_only(zed_ros2)
[2.002s] Level 1:colcon.colcon_core.environment:checking '/home/men3m/Naima/install/zed_ros2' for CMake module files
[2.002s] Level 1:colcon.colcon_core.environment:checking '/home/men3m/Naima/install/zed_ros2' for CMake config files
[2.002s] Level 1:colcon.colcon_core.shell:create_environment_hook('zed_ros2', 'cmake_prefix_path')
[2.003s] INFO:colcon.colcon_core.shell:Creating environment hook '/home/men3m/Naima/install/zed_ros2/share/zed_ros2/hook/cmake_prefix_path.ps1'
[2.003s] INFO:colcon.colcon_core.shell:Creating environment descriptor '/home/men3m/Naima/install/zed_ros2/share/zed_ros2/hook/cmake_prefix_path.dsv'
[2.003s] INFO:colcon.colcon_core.shell:Creating environment hook '/home/men3m/Naima/install/zed_ros2/share/zed_ros2/hook/cmake_prefix_path.sh'
[2.004s] Level 1:colcon.colcon_core.environment:checking '/home/men3m/Naima/install/zed_ros2/bin'
[2.004s] Level 1:colcon.colcon_core.environment:checking '/home/men3m/Naima/install/zed_ros2/lib/pkgconfig/zed_ros2.pc'
[2.004s] Level 1:colcon.colcon_core.environment:checking '/home/men3m/Naima/install/zed_ros2/lib/python3.10/site-packages'
[2.004s] Level 1:colcon.colcon_core.environment:checking '/home/men3m/Naima/install/zed_ros2/bin'
[2.004s] INFO:colcon.colcon_core.shell:Creating package script '/home/men3m/Naima/install/zed_ros2/share/zed_ros2/package.ps1'
[2.005s] INFO:colcon.colcon_core.shell:Creating package descriptor '/home/men3m/Naima/install/zed_ros2/share/zed_ros2/package.dsv'
[2.005s] INFO:colcon.colcon_core.shell:Creating package script '/home/men3m/Naima/install/zed_ros2/share/zed_ros2/package.sh'
[2.005s] INFO:colcon.colcon_core.shell:Creating package script '/home/men3m/Naima/install/zed_ros2/share/zed_ros2/package.bash'
[2.006s] INFO:colcon.colcon_core.shell:Creating package script '/home/men3m/Naima/install/zed_ros2/share/zed_ros2/package.zsh'
[2.006s] Level 1:colcon.colcon_core.environment:create_file_with_runtime_dependencies(/home/men3m/Naima/install/zed_ros2/share/colcon-core/packages/zed_ros2)
[2.011s] DEBUG:colcon.colcon_core.event_handler.log_command:Invoking command in '/home/men3m/Naima/build/zed_ipc': CMAKE_PREFIX_PATH=/home/men3m/Naima/install/zed_multi_camera:/home/men3m/Naima/install/zed_wrapper:/home/men3m/Naima/install/zed_components:/home/men3m/Naima/install/zed_ros2:/home/men3m/Naima/install/zed_robot_integration:/home/men3m/Naima/install/zed_ipc:/home/men3m/Naima/install/zed_display_rviz2:/home/men3m/Naima/install/zed_depth_to_laserscan:/home/men3m/Naima/install/zed_tutorial_video:/home/men3m/Naima/install/zed_tutorial_pos_tracking:/home/men3m/Naima/install/zed_tutorial_depth:/home/men3m/Naima/install/zed_topic_benchmark:/home/men3m/Naima/install/zed_topic_benchmark_component:/home/men3m/Naima/install/zed_topic_benchmark_interfaces:/home/men3m/Naima/install/zed_rgb_convert:/home/men3m/Naima/install/zed_aruco_localization:/home/men3m/Naima/install/ublox:/home/men3m/Naima/install/ublox_gps:/home/men3m/Naima/install/ublox_msgs:/home/men3m/Naima/install/ublox_serialization:/home/men3m/Naima/install/rviz_plugin_zed_od:/home/men3m/Naima/install/naima_examples:/home/men3m/Naima/install/naima_msgs:/home/men3m/Naima/install/naima_mapping:/home/men3m/Naima/install/naima_localization:/home/men3m/Naima/install/naima_description:/home/men3m/Naima/install/naima_control:/home/men3m/Naima/install/naima_bringup:/home/men3m/Naima/install/naima:/opt/ros/humble LD_LIBRARY_PATH=/home/men3m/Naima/install/zed_components/lib:/home/men3m/Naima/install/zed_ipc/lib:/home/men3m/Naima/install/zed_topic_benchmark_component/lib:/home/men3m/Naima/install/zed_topic_benchmark_interfaces/lib:/home/men3m/Naima/install/zed_rgb_convert/lib:/home/men3m/Naima/install/zed_aruco_localization/lib:/home/men3m/Naima/install/ublox_gps/lib:/home/men3m/Naima/install/ublox_msgs/lib:/home/men3m/Naima/install/rviz_plugin_zed_od/lib:/home/men3m/Naima/install/naima_examples/lib:/home/men3m/Naima/install/naima_msgs/lib:/usr/lib/x86_64-linux-gnu/gazebo-11/plugins:/opt/ros/humble/opt/rviz_ogre_vendor/lib:/opt/ros/humble/lib/x86_64-linux-gnu:/opt/ros/humble/lib:/usr/local/cuda-12.4.0/lib64:/usr/local/cuda-12.4.0/lib64 /usr/bin/cmake --build /home/men3m/Naima/build/zed_ipc -- -j16 -l16
[2.011s] DEBUG:colcon.colcon_core.event_handler.log_command:Invoked command in '/home/men3m/Naima/build/zed_topic_benchmark' returned '0': CMAKE_PREFIX_PATH=/home/men3m/Naima/install/zed_topic_benchmark_component:/home/men3m/Naima/install/zed_topic_benchmark_interfaces:/home/men3m/Naima/install/zed_ros2:/home/men3m/Naima/install/zed_robot_integration:/home/men3m/Naima/install/zed_ipc:/home/men3m/Naima/install/zed_multi_camera:/home/men3m/Naima/install/zed_display_rviz2:/home/men3m/Naima/install/zed_depth_to_laserscan:/home/men3m/Naima/install/zed_wrapper:/home/men3m/Naima/install/zed_tutorial_video:/home/men3m/Naima/install/zed_tutorial_pos_tracking:/home/men3m/Naima/install/zed_tutorial_depth:/home/men3m/Naima/install/zed_topic_benchmark:/home/men3m/Naima/install/zed_rgb_convert:/home/men3m/Naima/install/zed_aruco_localization:/home/men3m/Naima/install/zed_components:/home/men3m/Naima/install/ublox:/home/men3m/Naima/install/ublox_gps:/home/men3m/Naima/install/ublox_msgs:/home/men3m/Naima/install/ublox_serialization:/home/men3m/Naima/install/rviz_plugin_zed_od:/home/men3m/Naima/install/naima_examples:/home/men3m/Naima/install/naima_msgs:/home/men3m/Naima/install/naima_mapping:/home/men3m/Naima/install/naima_localization:/home/men3m/Naima/install/naima_description:/home/men3m/Naima/install/naima_control:/home/men3m/Naima/install/naima_bringup:/home/men3m/Naima/install/naima:/opt/ros/humble LD_LIBRARY_PATH=/home/men3m/Naima/install/zed_topic_benchmark_component/lib:/home/men3m/Naima/install/zed_topic_benchmark_interfaces/lib:/home/men3m/Naima/install/zed_ipc/lib:/home/men3m/Naima/install/zed_rgb_convert/lib:/home/men3m/Naima/install/zed_aruco_localization/lib:/home/men3m/Naima/install/zed_components/lib:/home/men3m/Naima/install/ublox_gps/lib:/home/men3m/Naima/install/ublox_msgs/lib:/home/men3m/Naima/install/rviz_plugin_zed_od/lib:/home/men3m/Naima/install/naima_examples/lib:/home/men3m/Naima/install/naima_msgs/lib:/usr/lib/x86_64-linux-gnu/gazebo-11/plugins:/opt/ros/humble/opt/rviz_ogre_vendor/lib:/opt/ros/humble/lib/x86_64-linux-gnu:/opt/ros/humble/lib:/usr/local/cuda-12.4.0/lib64:/usr/local/cuda-12.4.0/lib64 /usr/bin/cmake --build /home/men3m/Naima/build/zed_topic_benchmark -- -j16 -l16
[2.013s] DEBUG:colcon.colcon_core.event_handler.log_command:Invoking command in '/home/men3m/Naima/build/zed_topic_benchmark': CMAKE_PREFIX_PATH=/home/men3m/Naima/install/zed_topic_benchmark_component:/home/men3m/Naima/install/zed_topic_benchmark_interfaces:/home/men3m/Naima/install/zed_ros2:/home/men3m/Naima/install/zed_robot_integration:/home/men3m/Naima/install/zed_ipc:/home/men3m/Naima/install/zed_multi_camera:/home/men3m/Naima/install/zed_display_rviz2:/home/men3m/Naima/install/zed_depth_to_laserscan:/home/men3m/Naima/install/zed_wrapper:/home/men3m/Naima/install/zed_tutorial_video:/home/men3m/Naima/install/zed_tutorial_pos_tracking:/home/men3m/Naima/install/zed_tutorial_depth:/home/men3m/Naima/install/zed_topic_benchmark:/home/men3m/Naima/install/zed_rgb_convert:/home/men3m/Naima/install/zed_aruco_localization:/home/men3m/Naima/install/zed_components:/home/men3m/Naima/install/ublox:/home/men3m/Naima/install/ublox_gps:/home/men3m/Naima/install/ublox_msgs:/home/men3m/Naima/install/ublox_serialization:/home/men3m/Naima/install/rviz_plugin_zed_od:/home/men3m/Naima/install/naima_examples:/home/men3m/Naima/install/naima_msgs:/home/men3m/Naima/install/naima_mapping:/home/men3m/Naima/install/naima_localization:/home/men3m/Naima/install/naima_description:/home/men3m/Naima/install/naima_control:/home/men3m/Naima/install/naima_bringup:/home/men3m/Naima/install/naima:/opt/ros/humble LD_LIBRARY_PATH=/home/men3m/Naima/install/zed_topic_benchmark_component/lib:/home/men3m/Naima/install/zed_topic_benchmark_interfaces/lib:/home/men3m/Naima/install/zed_ipc/lib:/home/men3m/Naima/install/zed_rgb_convert/lib:/home/men3m/Naima/install/zed_aruco_localization/lib:/home/men3m/Naima/install/zed_components/lib:/home/men3m/Naima/install/ublox_gps/lib:/home/men3m/Naima/install/ublox_msgs/lib:/home/men3m/Naima/install/rviz_plugin_zed_od/lib:/home/men3m/Naima/install/naima_examples/lib:/home/men3m/Naima/install/naima_msgs/lib:/usr/lib/x86_64-linux-gnu/gazebo-11/plugins:/opt/ros/humble/opt/rviz_ogre_vendor/lib:/opt/ros/humble/lib/x86_64-linux-gnu:/opt/ros/humble/lib:/usr/local/cuda-12.4.0/lib64:/usr/local/cuda-12.4.0/lib64 /usr/bin/cmake --install /home/men3m/Naima/build/zed_topic_benchmark
[2.024s] Level 1:colcon.colcon_core.environment:create_environment_scripts_only(zed_topic_benchmark)
[2.024s] Level 1:colcon.colcon_core.environment:checking '/home/men3m/Naima/install/zed_topic_benchmark' for CMake module files
[2.025s] DEBUG:colcon.colcon_core.event_handler.log_command:Invoked command in '/home/men3m/Naima/build/zed_topic_benchmark' returned '0': CMAKE_PREFIX_PATH=/home/men3m/Naima/install/zed_topic_benchmark_component:/home/men3m/Naima/install/zed_topic_benchmark_interfaces:/home/men3m/Naima/install/zed_ros2:/home/men3m/Naima/install/zed_robot_integration:/home/men3m/Naima/install/zed_ipc:/home/men3m/Naima/install/zed_multi_camera:/home/men3m/Naima/install/zed_display_rviz2:/home/men3m/Naima/install/zed_depth_to_laserscan:/home/men3m/Naima/install/zed_wrapper:/home/men3m/Naima/install/zed_tutorial_video:/home/men3m/Naima/install/zed_tutorial_pos_tracking:/home/men3m/Naima/install/zed_tutorial_depth:/home/men3m/Naima/install/zed_topic_benchmark:/home/men3m/Naima/install/zed_rgb_convert:/home/men3m/Naima/install/zed_aruco_localization:/home/men3m/Naima/install/zed_components:/home/men3m/Naima/install/ublox:/home/men3m/Naima/install/ublox_gps:/home/men3m/Naima/install/ublox_msgs:/home/men3m/Naima/install/ublox_serialization:/home/men3m/Naima/install/rviz_plugin_zed_od:/home/men3m/Naima/install/naima_examples:/home/men3m/Naima/install/naima_msgs:/home/men3m/Naima/install/naima_mapping:/home/men3m/Naima/install/naima_localization:/home/men3m/Naima/install/naima_description:/home/men3m/Naima/install/naima_control:/home/men3m/Naima/install/naima_bringup:/home/men3m/Naima/install/naima:/opt/ros/humble LD_LIBRARY_PATH=/home/men3m/Naima/install/zed_topic_benchmark_component/lib:/home/men3m/Naima/install/zed_topic_benchmark_interfaces/lib:/home/men3m/Naima/install/zed_ipc/lib:/home/men3m/Naima/install/zed_rgb_convert/lib:/home/men3m/Naima/install/zed_aruco_localization/lib:/home/men3m/Naima/install/zed_components/lib:/home/men3m/Naima/install/ublox_gps/lib:/home/men3m/Naima/install/ublox_msgs/lib:/home/men3m/Naima/install/rviz_plugin_zed_od/lib:/home/men3m/Naima/install/naima_examples/lib:/home/men3m/Naima/install/naima_msgs/lib:/usr/lib/x86_64-linux-gnu/gazebo-11/plugins:/opt/ros/humble/opt/rviz_ogre_vendor/lib:/opt/ros/humble/lib/x86_64-linux-gnu:/opt/ros/humble/lib:/usr/local/cuda-12.4.0/lib64:/usr/local/cuda-12.4.0/lib64 /usr/bin/cmake --install /home/men3m/Naima/build/zed_topic_benchmark
[2.025s] Level 1:colcon.colcon_core.environment:checking '/home/men3m/Naima/install/zed_topic_benchmark' for CMake config files
[2.025s] Level 1:colcon.colcon_core.shell:create_environment_hook('zed_topic_benchmark', 'cmake_prefix_path')
[2.026s] INFO:colcon.colcon_core.shell:Creating environment hook '/home/men3m/Naima/install/zed_topic_benchmark/share/zed_topic_benchmark/hook/cmake_prefix_path.ps1'
[2.026s] INFO:colcon.colcon_core.shell:Creating environment descriptor '/home/men3m/Naima/install/zed_topic_benchmark/share/zed_topic_benchmark/hook/cmake_prefix_path.dsv'
[2.026s] INFO:colcon.colcon_core.shell:Creating environment hook '/home/men3m/Naima/install/zed_topic_benchmark/share/zed_topic_benchmark/hook/cmake_prefix_path.sh'
[2.027s] Level 1:colcon.colcon_core.environment:checking '/home/men3m/Naima/install/zed_topic_benchmark/lib'
[2.027s] Level 1:colcon.colcon_core.environment:checking '/home/men3m/Naima/install/zed_topic_benchmark/bin'
[2.027s] Level 1:colcon.colcon_core.environment:checking '/home/men3m/Naima/install/zed_topic_benchmark/lib/pkgconfig/zed_topic_benchmark.pc'
[2.027s] Level 1:colcon.colcon_core.environment:checking '/home/men3m/Naima/install/zed_topic_benchmark/lib/python3.10/site-packages'
[2.027s] Level 1:colcon.colcon_core.environment:checking '/home/men3m/Naima/install/zed_topic_benchmark/bin'
[2.028s] INFO:colcon.colcon_core.shell:Creating package script '/home/men3m/Naima/install/zed_topic_benchmark/share/zed_topic_benchmark/package.ps1'
[2.028s] INFO:colcon.colcon_core.shell:Creating package descriptor '/home/men3m/Naima/install/zed_topic_benchmark/share/zed_topic_benchmark/package.dsv'
[2.028s] INFO:colcon.colcon_core.shell:Creating package script '/home/men3m/Naima/install/zed_topic_benchmark/share/zed_topic_benchmark/package.sh'
[2.029s] INFO:colcon.colcon_core.shell:Creating package script '/home/men3m/Naima/install/zed_topic_benchmark/share/zed_topic_benchmark/package.bash'
[2.029s] INFO:colcon.colcon_core.shell:Creating package script '/home/men3m/Naima/install/zed_topic_benchmark/share/zed_topic_benchmark/package.zsh'
[2.029s] Level 1:colcon.colcon_core.environment:create_file_with_runtime_dependencies(/home/men3m/Naima/install/zed_topic_benchmark/share/colcon-core/packages/zed_topic_benchmark)
[2.030s] Level 1:colcon.colcon_core.environment:create_environment_scripts_only(zed_topic_benchmark)
[2.030s] Level 1:colcon.colcon_core.environment:checking '/home/men3m/Naima/install/zed_topic_benchmark' for CMake module files
[2.030s] Level 1:colcon.colcon_core.environment:checking '/home/men3m/Naima/install/zed_topic_benchmark' for CMake config files
[2.031s] Level 1:colcon.colcon_core.shell:create_environment_hook('zed_topic_benchmark', 'cmake_prefix_path')
[2.031s] INFO:colcon.colcon_core.shell:Creating environment hook '/home/men3m/Naima/install/zed_topic_benchmark/share/zed_topic_benchmark/hook/cmake_prefix_path.ps1'
[2.031s] INFO:colcon.colcon_core.shell:Creating environment descriptor '/home/men3m/Naima/install/zed_topic_benchmark/share/zed_topic_benchmark/hook/cmake_prefix_path.dsv'
[2.031s] INFO:colcon.colcon_core.shell:Creating environment hook '/home/men3m/Naima/install/zed_topic_benchmark/share/zed_topic_benchmark/hook/cmake_prefix_path.sh'
[2.032s] Level 1:colcon.colcon_core.environment:checking '/home/men3m/Naima/install/zed_topic_benchmark/lib'
[2.032s] Level 1:colcon.colcon_core.environment:checking '/home/men3m/Naima/install/zed_topic_benchmark/bin'
[2.032s] Level 1:colcon.colcon_core.environment:checking '/home/men3m/Naima/install/zed_topic_benchmark/lib/pkgconfig/zed_topic_benchmark.pc'
[2.032s] Level 1:colcon.colcon_core.environment:checking '/home/men3m/Naima/install/zed_topic_benchmark/lib/python3.10/site-packages'
[2.032s] Level 1:colcon.colcon_core.environment:checking '/home/men3m/Naima/install/zed_topic_benchmark/bin'
[2.033s] INFO:colcon.colcon_core.shell:Creating package script '/home/men3m/Naima/install/zed_topic_benchmark/share/zed_topic_benchmark/package.ps1'
[2.033s] INFO:colcon.colcon_core.shell:Creating package descriptor '/home/men3m/Naima/install/zed_topic_benchmark/share/zed_topic_benchmark/package.dsv'
[2.033s] INFO:colcon.colcon_core.shell:Creating package script '/home/men3m/Naima/install/zed_topic_benchmark/share/zed_topic_benchmark/package.sh'
[2.034s] INFO:colcon.colcon_core.shell:Creating package script '/home/men3m/Naima/install/zed_topic_benchmark/share/zed_topic_benchmark/package.bash'
[2.034s] INFO:colcon.colcon_core.shell:Creating package script '/home/men3m/Naima/install/zed_topic_benchmark/share/zed_topic_benchmark/package.zsh'
[2.035s] Level 1:colcon.colcon_core.environment:create_file_with_runtime_dependencies(/home/men3m/Naima/install/zed_topic_benchmark/share/colcon-core/packages/zed_topic_benchmark)
[2.085s] DEBUG:colcon.colcon_core.event_handler.log_command:Invoked command in '/home/men3m/Naima/build/zed_ipc' returned '0': CMAKE_PREFIX_PATH=/home/men3m/Naima/install/zed_multi_camera:/home/men3m/Naima/install/zed_wrapper:/home/men3m/Naima/install/zed_components:/home/men3m/Naima/install/zed_ros2:/home/men3m/Naima/install/zed_robot_integration:/home/men3m/Naima/install/zed_ipc:/home/men3m/Naima/install/zed_display_rviz2:/home/men3m/Naima/install/zed_depth_to_laserscan:/home/men3m/Naima/install/zed_tutorial_video:/home/men3m/Naima/install/zed_tutorial_pos_tracking:/home/men3m/Naima/install/zed_tutorial_depth:/home/men3m/Naima/install/zed_topic_benchmark:/home/men3m/Naima/install/zed_topic_benchmark_component:/home/men3m/Naima/install/zed_topic_benchmark_interfaces:/home/men3m/Naima/install/zed_rgb_convert:/home/men3m/Naima/install/zed_aruco_localization:/home/men3m/Naima/install/ublox:/home/men3m/Naima/install/ublox_gps:/home/men3m/Naima/install/ublox_msgs:/home/men3m/Naima/install/ublox_serialization:/home/men3m/Naima/install/rviz_plugin_zed_od:/home/men3m/Naima/install/naima_examples:/home/men3m/Naima/install/naima_msgs:/home/men3m/Naima/install/naima_mapping:/home/men3m/Naima/install/naima_localization:/home/men3m/Naima/install/naima_description:/home/men3m/Naima/install/naima_control:/home/men3m/Naima/install/naima_bringup:/home/men3m/Naima/install/naima:/opt/ros/humble LD_LIBRARY_PATH=/home/men3m/Naima/install/zed_components/lib:/home/men3m/Naima/install/zed_ipc/lib:/home/men3m/Naima/install/zed_topic_benchmark_component/lib:/home/men3m/Naima/install/zed_topic_benchmark_interfaces/lib:/home/men3m/Naima/install/zed_rgb_convert/lib:/home/men3m/Naima/install/zed_aruco_localization/lib:/home/men3m/Naima/install/ublox_gps/lib:/home/men3m/Naima/install/ublox_msgs/lib:/home/men3m/Naima/install/rviz_plugin_zed_od/lib:/home/men3m/Naima/install/naima_examples/lib:/home/men3m/Naima/install/naima_msgs/lib:/usr/lib/x86_64-linux-gnu/gazebo-11/plugins:/opt/ros/humble/opt/rviz_ogre_vendor/lib:/opt/ros/humble/lib/x86_64-linux-gnu:/opt/ros/humble/lib:/usr/local/cuda-12.4.0/lib64:/usr/local/cuda-12.4.0/lib64 /usr/bin/cmake --build /home/men3m/Naima/build/zed_ipc -- -j16 -l16
[2.087s] DEBUG:colcon.colcon_core.event_handler.log_command:Invoking command in '/home/men3m/Naima/build/zed_ipc': CMAKE_PREFIX_PATH=/home/men3m/Naima/install/zed_multi_camera:/home/men3m/Naima/install/zed_wrapper:/home/men3m/Naima/install/zed_components:/home/men3m/Naima/install/zed_ros2:/home/men3m/Naima/install/zed_robot_integration:/home/men3m/Naima/install/zed_ipc:/home/men3m/Naima/install/zed_display_rviz2:/home/men3m/Naima/install/zed_depth_to_laserscan:/home/men3m/Naima/install/zed_tutorial_video:/home/men3m/Naima/install/zed_tutorial_pos_tracking:/home/men3m/Naima/install/zed_tutorial_depth:/home/men3m/Naima/install/zed_topic_benchmark:/home/men3m/Naima/install/zed_topic_benchmark_component:/home/men3m/Naima/install/zed_topic_benchmark_interfaces:/home/men3m/Naima/install/zed_rgb_convert:/home/men3m/Naima/install/zed_aruco_localization:/home/men3m/Naima/install/ublox:/home/men3m/Naima/install/ublox_gps:/home/men3m/Naima/install/ublox_msgs:/home/men3m/Naima/install/ublox_serialization:/home/men3m/Naima/install/rviz_plugin_zed_od:/home/men3m/Naima/install/naima_examples:/home/men3m/Naima/install/naima_msgs:/home/men3m/Naima/install/naima_mapping:/home/men3m/Naima/install/naima_localization:/home/men3m/Naima/install/naima_description:/home/men3m/Naima/install/naima_control:/home/men3m/Naima/install/naima_bringup:/home/men3m/Naima/install/naima:/opt/ros/humble LD_LIBRARY_PATH=/home/men3m/Naima/install/zed_components/lib:/home/men3m/Naima/install/zed_ipc/lib:/home/men3m/Naima/install/zed_topic_benchmark_component/lib:/home/men3m/Naima/install/zed_topic_benchmark_interfaces/lib:/home/men3m/Naima/install/zed_rgb_convert/lib:/home/men3m/Naima/install/zed_aruco_localization/lib:/home/men3m/Naima/install/ublox_gps/lib:/home/men3m/Naima/install/ublox_msgs/lib:/home/men3m/Naima/install/rviz_plugin_zed_od/lib:/home/men3m/Naima/install/naima_examples/lib:/home/men3m/Naima/install/naima_msgs/lib:/usr/lib/x86_64-linux-gnu/gazebo-11/plugins:/opt/ros/humble/opt/rviz_ogre_vendor/lib:/opt/ros/humble/lib/x86_64-linux-gnu:/opt/ros/humble/lib:/usr/local/cuda-12.4.0/lib64:/usr/local/cuda-12.4.0/lib64 /usr/bin/cmake --install /home/men3m/Naima/build/zed_ipc
[2.093s] DEBUG:colcon.colcon_core.event_handler.log_command:Invoked command in '/home/men3m/Naima/build/ublox_msgs' returned '0': CMAKE_PREFIX_PATH=/home/men3m/Naima/install/ublox_serialization:/home/men3m/Naima/install/zed_ros2:/home/men3m/Naima/install/zed_robot_integration:/home/men3m/Naima/install/zed_ipc:/home/men3m/Naima/install/zed_multi_camera:/home/men3m/Naima/install/zed_display_rviz2:/home/men3m/Naima/install/zed_depth_to_laserscan:/home/men3m/Naima/install/zed_wrapper:/home/men3m/Naima/install/zed_tutorial_video:/home/men3m/Naima/install/zed_tutorial_pos_tracking:/home/men3m/Naima/install/zed_tutorial_depth:/home/men3m/Naima/install/zed_topic_benchmark:/home/men3m/Naima/install/zed_topic_benchmark_component:/home/men3m/Naima/install/zed_topic_benchmark_interfaces:/home/men3m/Naima/install/zed_rgb_convert:/home/men3m/Naima/install/zed_aruco_localization:/home/men3m/Naima/install/zed_components:/home/men3m/Naima/install/ublox:/home/men3m/Naima/install/ublox_gps:/home/men3m/Naima/install/ublox_msgs:/home/men3m/Naima/install/rviz_plugin_zed_od:/home/men3m/Naima/install/naima_examples:/home/men3m/Naima/install/naima_msgs:/home/men3m/Naima/install/naima_mapping:/home/men3m/Naima/install/naima_localization:/home/men3m/Naima/install/naima_description:/home/men3m/Naima/install/naima_control:/home/men3m/Naima/install/naima_bringup:/home/men3m/Naima/install/naima:/opt/ros/humble /usr/bin/cmake --build /home/men3m/Naima/build/ublox_msgs -- -j16 -l16
[2.095s] DEBUG:colcon.colcon_core.event_handler.log_command:Invoking command in '/home/men3m/Naima/build/ublox_msgs': CMAKE_PREFIX_PATH=/home/men3m/Naima/install/ublox_serialization:/home/men3m/Naima/install/zed_ros2:/home/men3m/Naima/install/zed_robot_integration:/home/men3m/Naima/install/zed_ipc:/home/men3m/Naima/install/zed_multi_camera:/home/men3m/Naima/install/zed_display_rviz2:/home/men3m/Naima/install/zed_depth_to_laserscan:/home/men3m/Naima/install/zed_wrapper:/home/men3m/Naima/install/zed_tutorial_video:/home/men3m/Naima/install/zed_tutorial_pos_tracking:/home/men3m/Naima/install/zed_tutorial_depth:/home/men3m/Naima/install/zed_topic_benchmark:/home/men3m/Naima/install/zed_topic_benchmark_component:/home/men3m/Naima/install/zed_topic_benchmark_interfaces:/home/men3m/Naima/install/zed_rgb_convert:/home/men3m/Naima/install/zed_aruco_localization:/home/men3m/Naima/install/zed_components:/home/men3m/Naima/install/ublox:/home/men3m/Naima/install/ublox_gps:/home/men3m/Naima/install/ublox_msgs:/home/men3m/Naima/install/rviz_plugin_zed_od:/home/men3m/Naima/install/naima_examples:/home/men3m/Naima/install/naima_msgs:/home/men3m/Naima/install/naima_mapping:/home/men3m/Naima/install/naima_localization:/home/men3m/Naima/install/naima_description:/home/men3m/Naima/install/naima_control:/home/men3m/Naima/install/naima_bringup:/home/men3m/Naima/install/naima:/opt/ros/humble /usr/bin/cmake --install /home/men3m/Naima/build/ublox_msgs
[2.098s] Level 1:colcon.colcon_core.environment:create_environment_scripts_only(zed_ipc)
[2.098s] Level 1:colcon.colcon_core.environment:checking '/home/men3m/Naima/install/zed_ipc' for CMake module files
[2.098s] DEBUG:colcon.colcon_core.event_handler.log_command:Invoked command in '/home/men3m/Naima/build/zed_ipc' returned '0': CMAKE_PREFIX_PATH=/home/men3m/Naima/install/zed_multi_camera:/home/men3m/Naima/install/zed_wrapper:/home/men3m/Naima/install/zed_components:/home/men3m/Naima/install/zed_ros2:/home/men3m/Naima/install/zed_robot_integration:/home/men3m/Naima/install/zed_ipc:/home/men3m/Naima/install/zed_display_rviz2:/home/men3m/Naima/install/zed_depth_to_laserscan:/home/men3m/Naima/install/zed_tutorial_video:/home/men3m/Naima/install/zed_tutorial_pos_tracking:/home/men3m/Naima/install/zed_tutorial_depth:/home/men3m/Naima/install/zed_topic_benchmark:/home/men3m/Naima/install/zed_topic_benchmark_component:/home/men3m/Naima/install/zed_topic_benchmark_interfaces:/home/men3m/Naima/install/zed_rgb_convert:/home/men3m/Naima/install/zed_aruco_localization:/home/men3m/Naima/install/ublox:/home/men3m/Naima/install/ublox_gps:/home/men3m/Naima/install/ublox_msgs:/home/men3m/Naima/install/ublox_serialization:/home/men3m/Naima/install/rviz_plugin_zed_od:/home/men3m/Naima/install/naima_examples:/home/men3m/Naima/install/naima_msgs:/home/men3m/Naima/install/naima_mapping:/home/men3m/Naima/install/naima_localization:/home/men3m/Naima/install/naima_description:/home/men3m/Naima/install/naima_control:/home/men3m/Naima/install/naima_bringup:/home/men3m/Naima/install/naima:/opt/ros/humble LD_LIBRARY_PATH=/home/men3m/Naima/install/zed_components/lib:/home/men3m/Naima/install/zed_ipc/lib:/home/men3m/Naima/install/zed_topic_benchmark_component/lib:/home/men3m/Naima/install/zed_topic_benchmark_interfaces/lib:/home/men3m/Naima/install/zed_rgb_convert/lib:/home/men3m/Naima/install/zed_aruco_localization/lib:/home/men3m/Naima/install/ublox_gps/lib:/home/men3m/Naima/install/ublox_msgs/lib:/home/men3m/Naima/install/rviz_plugin_zed_od/lib:/home/men3m/Naima/install/naima_examples/lib:/home/men3m/Naima/install/naima_msgs/lib:/usr/lib/x86_64-linux-gnu/gazebo-11/plugins:/opt/ros/humble/opt/rviz_ogre_vendor/lib:/opt/ros/humble/lib/x86_64-linux-gnu:/opt/ros/humble/lib:/usr/local/cuda-12.4.0/lib64:/usr/local/cuda-12.4.0/lib64 /usr/bin/cmake --install /home/men3m/Naima/build/zed_ipc
[2.099s] Level 1:colcon.colcon_core.environment:checking '/home/men3m/Naima/install/zed_ipc' for CMake config files
[2.099s] Level 1:colcon.colcon_core.shell:create_environment_hook('zed_ipc', 'cmake_prefix_path')
[2.099s] INFO:colcon.colcon_core.shell:Creating environment hook '/home/men3m/Naima/install/zed_ipc/share/zed_ipc/hook/cmake_prefix_path.ps1'
[2.100s] INFO:colcon.colcon_core.shell:Creating environment descriptor '/home/men3m/Naima/install/zed_ipc/share/zed_ipc/hook/cmake_prefix_path.dsv'
[2.100s] INFO:colcon.colcon_core.shell:Creating environment hook '/home/men3m/Naima/install/zed_ipc/share/zed_ipc/hook/cmake_prefix_path.sh'
[2.101s] Level 1:colcon.colcon_core.environment:checking '/home/men3m/Naima/install/zed_ipc/lib'
[2.101s] Level 1:colcon.colcon_core.shell:create_environment_hook('zed_ipc', 'ld_library_path_lib')
[2.101s] INFO:colcon.colcon_core.shell:Creating environment hook '/home/men3m/Naima/install/zed_ipc/share/zed_ipc/hook/ld_library_path_lib.ps1'
[2.101s] INFO:colcon.colcon_core.shell:Creating environment descriptor '/home/men3m/Naima/install/zed_ipc/share/zed_ipc/hook/ld_library_path_lib.dsv'
[2.101s] INFO:colcon.colcon_core.shell:Creating environment hook '/home/men3m/Naima/install/zed_ipc/share/zed_ipc/hook/ld_library_path_lib.sh'
[2.102s] Level 1:colcon.colcon_core.environment:checking '/home/men3m/Naima/install/zed_ipc/bin'
[2.102s] Level 1:colcon.colcon_core.environment:checking '/home/men3m/Naima/install/zed_ipc/lib/pkgconfig/zed_ipc.pc'
[2.102s] Level 1:colcon.colcon_core.environment:checking '/home/men3m/Naima/install/zed_ipc/lib/python3.10/site-packages'
[2.102s] Level 1:colcon.colcon_core.environment:checking '/home/men3m/Naima/install/zed_ipc/bin'
[2.102s] INFO:colcon.colcon_core.shell:Creating package script '/home/men3m/Naima/install/zed_ipc/share/zed_ipc/package.ps1'
[2.103s] INFO:colcon.colcon_core.shell:Creating package descriptor '/home/men3m/Naima/install/zed_ipc/share/zed_ipc/package.dsv'
[2.103s] INFO:colcon.colcon_core.shell:Creating package script '/home/men3m/Naima/install/zed_ipc/share/zed_ipc/package.sh'
[2.105s] INFO:colcon.colcon_core.shell:Creating package script '/home/men3m/Naima/install/zed_ipc/share/zed_ipc/package.bash'
[2.108s] INFO:colcon.colcon_core.shell:Creating package script '/home/men3m/Naima/install/zed_ipc/share/zed_ipc/package.zsh'
[2.110s] Level 1:colcon.colcon_core.environment:create_file_with_runtime_dependencies(/home/men3m/Naima/install/zed_ipc/share/colcon-core/packages/zed_ipc)
[2.113s] Level 1:colcon.colcon_core.environment:create_environment_scripts_only(zed_ipc)
[2.113s] Level 1:colcon.colcon_core.environment:checking '/home/men3m/Naima/install/zed_ipc' for CMake module files
[2.119s] Level 1:colcon.colcon_core.environment:checking '/home/men3m/Naima/install/zed_ipc' for CMake config files
[2.129s] Level 1:colcon.colcon_core.shell:create_environment_hook('zed_ipc', 'cmake_prefix_path')
[2.130s] INFO:colcon.colcon_core.shell:Creating environment hook '/home/men3m/Naima/install/zed_ipc/share/zed_ipc/hook/cmake_prefix_path.ps1'
[2.133s] INFO:colcon.colcon_core.shell:Creating environment descriptor '/home/men3m/Naima/install/zed_ipc/share/zed_ipc/hook/cmake_prefix_path.dsv'
[2.135s] INFO:colcon.colcon_core.shell:Creating environment hook '/home/men3m/Naima/install/zed_ipc/share/zed_ipc/hook/cmake_prefix_path.sh'
[2.140s] Level 1:colcon.colcon_core.environment:checking '/home/men3m/Naima/install/zed_ipc/lib'
[2.140s] Level 1:colcon.colcon_core.shell:create_environment_hook('zed_ipc', 'ld_library_path_lib')
[2.140s] INFO:colcon.colcon_core.shell:Creating environment hook '/home/men3m/Naima/install/zed_ipc/share/zed_ipc/hook/ld_library_path_lib.ps1'
[2.144s] INFO:colcon.colcon_core.shell:Creating environment descriptor '/home/men3m/Naima/install/zed_ipc/share/zed_ipc/hook/ld_library_path_lib.dsv'
[2.146s] INFO:colcon.colcon_core.shell:Creating environment hook '/home/men3m/Naima/install/zed_ipc/share/zed_ipc/hook/ld_library_path_lib.sh'
[2.147s] Level 1:colcon.colcon_core.environment:checking '/home/men3m/Naima/install/zed_ipc/bin'
[2.147s] Level 1:colcon.colcon_core.environment:checking '/home/men3m/Naima/install/zed_ipc/lib/pkgconfig/zed_ipc.pc'
[2.147s] Level 1:colcon.colcon_core.environment:checking '/home/men3m/Naima/install/zed_ipc/lib/python3.10/site-packages'
[2.148s] Level 1:colcon.colcon_core.environment:checking '/home/men3m/Naima/install/zed_ipc/bin'
[2.148s] INFO:colcon.colcon_core.shell:Creating package script '/home/men3m/Naima/install/zed_ipc/share/zed_ipc/package.ps1'
[2.150s] INFO:colcon.colcon_core.shell:Creating package descriptor '/home/men3m/Naima/install/zed_ipc/share/zed_ipc/package.dsv'
[2.152s] INFO:colcon.colcon_core.shell:Creating package script '/home/men3m/Naima/install/zed_ipc/share/zed_ipc/package.sh'
[2.154s] INFO:colcon.colcon_core.shell:Creating package script '/home/men3m/Naima/install/zed_ipc/share/zed_ipc/package.bash'
[2.156s] INFO:colcon.colcon_core.shell:Creating package script '/home/men3m/Naima/install/zed_ipc/share/zed_ipc/package.zsh'
[2.159s] Level 1:colcon.colcon_core.environment:create_file_with_runtime_dependencies(/home/men3m/Naima/install/zed_ipc/share/colcon-core/packages/zed_ipc)
[2.224s] Level 1:colcon.colcon_core.environment:checking '/home/men3m/Naima/install/naima' for CMake module files
[2.229s] DEBUG:colcon.colcon_core.event_handler.log_command:Invoked command in '/home/men3m/Naima/src/naima' returned '0': PYTHONPATH=/home/men3m/Naima/build/naima/prefix_override:/usr/lib/python3/dist-packages/colcon_core/task/python/colcon_distutils_commands:/home/men3m/Naima/install/naima/lib/python3.10/site-packages:${PYTHONPATH} /usr/bin/python3 -W ignore:setup.py install is deprecated -W ignore:easy_install command is deprecated setup.py egg_info --egg-base ../../build/naima build --build-base /home/men3m/Naima/build/naima/build install --record /home/men3m/Naima/build/naima/install.log --single-version-externally-managed install_data
[2.231s] Level 1:colcon.colcon_core.environment:checking '/home/men3m/Naima/install/naima' for CMake config files
[2.232s] Level 1:colcon.colcon_core.environment:checking '/home/men3m/Naima/install/naima/lib'
[2.232s] Level 1:colcon.colcon_core.environment:checking '/home/men3m/Naima/install/naima/bin'
[2.232s] Level 1:colcon.colcon_core.environment:checking '/home/men3m/Naima/install/naima/lib/pkgconfig/naima.pc'
[2.233s] Level 1:colcon.colcon_core.environment:checking '/home/men3m/Naima/install/naima/lib/python3.10/site-packages'
[2.233s] Level 1:colcon.colcon_core.shell:create_environment_hook('naima', 'pythonpath')
[2.233s] INFO:colcon.colcon_core.shell:Creating environment hook '/home/men3m/Naima/install/naima/share/naima/hook/pythonpath.ps1'
[2.233s] INFO:colcon.colcon_core.shell:Creating environment descriptor '/home/men3m/Naima/install/naima/share/naima/hook/pythonpath.dsv'
[2.234s] INFO:colcon.colcon_core.shell:Creating environment hook '/home/men3m/Naima/install/naima/share/naima/hook/pythonpath.sh'
[2.234s] Level 1:colcon.colcon_core.environment:checking '/home/men3m/Naima/install/naima/bin'
[2.234s] Level 1:colcon.colcon_core.environment:create_environment_scripts_only(naima)
[2.234s] INFO:colcon.colcon_core.shell:Creating package script '/home/men3m/Naima/install/naima/share/naima/package.ps1'
[2.235s] INFO:colcon.colcon_core.shell:Creating package descriptor '/home/men3m/Naima/install/naima/share/naima/package.dsv'
[2.235s] INFO:colcon.colcon_core.shell:Creating package script '/home/men3m/Naima/install/naima/share/naima/package.sh'
[2.235s] INFO:colcon.colcon_core.shell:Creating package script '/home/men3m/Naima/install/naima/share/naima/package.bash'
[2.236s] INFO:colcon.colcon_core.shell:Creating package script '/home/men3m/Naima/install/naima/share/naima/package.zsh'
[2.236s] Level 1:colcon.colcon_core.environment:create_file_with_runtime_dependencies(/home/men3m/Naima/install/naima/share/colcon-core/packages/naima)
[2.237s] Level 1:colcon.colcon_core.environment:create_environment_scripts_only(ublox_msgs)
[2.237s] Level 1:colcon.colcon_core.environment:checking '/home/men3m/Naima/install/ublox_msgs' for CMake module files
[2.238s] DEBUG:colcon.colcon_core.event_handler.log_command:Invoked command in '/home/men3m/Naima/build/ublox_msgs' returned '0': CMAKE_PREFIX_PATH=/home/men3m/Naima/install/ublox_serialization:/home/men3m/Naima/install/zed_ros2:/home/men3m/Naima/install/zed_robot_integration:/home/men3m/Naima/install/zed_ipc:/home/men3m/Naima/install/zed_multi_camera:/home/men3m/Naima/install/zed_display_rviz2:/home/men3m/Naima/install/zed_depth_to_laserscan:/home/men3m/Naima/install/zed_wrapper:/home/men3m/Naima/install/zed_tutorial_video:/home/men3m/Naima/install/zed_tutorial_pos_tracking:/home/men3m/Naima/install/zed_tutorial_depth:/home/men3m/Naima/install/zed_topic_benchmark:/home/men3m/Naima/install/zed_topic_benchmark_component:/home/men3m/Naima/install/zed_topic_benchmark_interfaces:/home/men3m/Naima/install/zed_rgb_convert:/home/men3m/Naima/install/zed_aruco_localization:/home/men3m/Naima/install/zed_components:/home/men3m/Naima/install/ublox:/home/men3m/Naima/install/ublox_gps:/home/men3m/Naima/install/ublox_msgs:/home/men3m/Naima/install/rviz_plugin_zed_od:/home/men3m/Naima/install/naima_examples:/home/men3m/Naima/install/naima_msgs:/home/men3m/Naima/install/naima_mapping:/home/men3m/Naima/install/naima_localization:/home/men3m/Naima/install/naima_description:/home/men3m/Naima/install/naima_control:/home/men3m/Naima/install/naima_bringup:/home/men3m/Naima/install/naima:/opt/ros/humble /usr/bin/cmake --install /home/men3m/Naima/build/ublox_msgs
[2.238s] Level 1:colcon.colcon_core.environment:checking '/home/men3m/Naima/install/ublox_msgs' for CMake config files
[2.239s] Level 1:colcon.colcon_core.shell:create_environment_hook('ublox_msgs', 'cmake_prefix_path')
[2.240s] INFO:colcon.colcon_core.shell:Creating environment hook '/home/men3m/Naima/install/ublox_msgs/share/ublox_msgs/hook/cmake_prefix_path.ps1'
[2.240s] INFO:colcon.colcon_core.shell:Creating environment descriptor '/home/men3m/Naima/install/ublox_msgs/share/ublox_msgs/hook/cmake_prefix_path.dsv'
[2.240s] INFO:colcon.colcon_core.shell:Creating environment hook '/home/men3m/Naima/install/ublox_msgs/share/ublox_msgs/hook/cmake_prefix_path.sh'
[2.241s] Level 1:colcon.colcon_core.environment:checking '/home/men3m/Naima/install/ublox_msgs/lib'
[2.241s] Level 1:colcon.colcon_core.shell:create_environment_hook('ublox_msgs', 'ld_library_path_lib')
[2.241s] INFO:colcon.colcon_core.shell:Creating environment hook '/home/men3m/Naima/install/ublox_msgs/share/ublox_msgs/hook/ld_library_path_lib.ps1'
[2.241s] INFO:colcon.colcon_core.shell:Creating environment descriptor '/home/men3m/Naima/install/ublox_msgs/share/ublox_msgs/hook/ld_library_path_lib.dsv'
[2.242s] INFO:colcon.colcon_core.shell:Creating environment hook '/home/men3m/Naima/install/ublox_msgs/share/ublox_msgs/hook/ld_library_path_lib.sh'
[2.242s] Level 1:colcon.colcon_core.environment:checking '/home/men3m/Naima/install/ublox_msgs/bin'
[2.242s] Level 1:colcon.colcon_core.environment:checking '/home/men3m/Naima/install/ublox_msgs/lib/pkgconfig/ublox_msgs.pc'
[2.242s] Level 1:colcon.colcon_core.environment:checking '/home/men3m/Naima/install/ublox_msgs/lib/python3.10/site-packages'
[2.242s] Level 1:colcon.colcon_core.environment:checking '/home/men3m/Naima/install/ublox_msgs/bin'
[2.243s] INFO:colcon.colcon_core.shell:Creating package script '/home/men3m/Naima/install/ublox_msgs/share/ublox_msgs/package.ps1'
[2.243s] INFO:colcon.colcon_core.shell:Creating package descriptor '/home/men3m/Naima/install/ublox_msgs/share/ublox_msgs/package.dsv'
[2.243s] INFO:colcon.colcon_core.shell:Creating package script '/home/men3m/Naima/install/ublox_msgs/share/ublox_msgs/package.sh'
[2.244s] INFO:colcon.colcon_core.shell:Creating package script '/home/men3m/Naima/install/ublox_msgs/share/ublox_msgs/package.bash'
[2.244s] INFO:colcon.colcon_core.shell:Creating package script '/home/men3m/Naima/install/ublox_msgs/share/ublox_msgs/package.zsh'
[2.244s] Level 1:colcon.colcon_core.environment:create_file_with_runtime_dependencies(/home/men3m/Naima/install/ublox_msgs/share/colcon-core/packages/ublox_msgs)
[2.245s] Level 1:colcon.colcon_core.environment:create_environment_scripts_only(ublox_msgs)
[2.245s] Level 1:colcon.colcon_core.environment:checking '/home/men3m/Naima/install/ublox_msgs' for CMake module files
[2.245s] Level 1:colcon.colcon_core.environment:checking '/home/men3m/Naima/install/ublox_msgs' for CMake config files
[2.247s] Level 1:colcon.colcon_core.shell:create_environment_hook('ublox_msgs', 'cmake_prefix_path')
[2.247s] INFO:colcon.colcon_core.shell:Creating environment hook '/home/men3m/Naima/install/ublox_msgs/share/ublox_msgs/hook/cmake_prefix_path.ps1'
[2.247s] INFO:colcon.colcon_core.shell:Creating environment descriptor '/home/men3m/Naima/install/ublox_msgs/share/ublox_msgs/hook/cmake_prefix_path.dsv'
[2.248s] INFO:colcon.colcon_core.shell:Creating environment hook '/home/men3m/Naima/install/ublox_msgs/share/ublox_msgs/hook/cmake_prefix_path.sh'
[2.248s] Level 1:colcon.colcon_core.environment:checking '/home/men3m/Naima/install/ublox_msgs/lib'
[2.248s] Level 1:colcon.colcon_core.shell:create_environment_hook('ublox_msgs', 'ld_library_path_lib')
[2.248s] INFO:colcon.colcon_core.shell:Creating environment hook '/home/men3m/Naima/install/ublox_msgs/share/ublox_msgs/hook/ld_library_path_lib.ps1'
[2.248s] INFO:colcon.colcon_core.shell:Creating environment descriptor '/home/men3m/Naima/install/ublox_msgs/share/ublox_msgs/hook/ld_library_path_lib.dsv'
[2.249s] INFO:colcon.colcon_core.shell:Creating environment hook '/home/men3m/Naima/install/ublox_msgs/share/ublox_msgs/hook/ld_library_path_lib.sh'
[2.249s] Level 1:colcon.colcon_core.environment:checking '/home/men3m/Naima/install/ublox_msgs/bin'
[2.249s] Level 1:colcon.colcon_core.environment:checking '/home/men3m/Naima/install/ublox_msgs/lib/pkgconfig/ublox_msgs.pc'
[2.249s] Level 1:colcon.colcon_core.environment:checking '/home/men3m/Naima/install/ublox_msgs/lib/python3.10/site-packages'
[2.249s] Level 1:colcon.colcon_core.environment:checking '/home/men3m/Naima/install/ublox_msgs/bin'
[2.250s] INFO:colcon.colcon_core.shell:Creating package script '/home/men3m/Naima/install/ublox_msgs/share/ublox_msgs/package.ps1'
[2.250s] INFO:colcon.colcon_core.shell:Creating package descriptor '/home/men3m/Naima/install/ublox_msgs/share/ublox_msgs/package.dsv'
[2.250s] INFO:colcon.colcon_core.shell:Creating package script '/home/men3m/Naima/install/ublox_msgs/share/ublox_msgs/package.sh'
[2.251s] INFO:colcon.colcon_core.shell:Creating package script '/home/men3m/Naima/install/ublox_msgs/share/ublox_msgs/package.bash'
[2.251s] INFO:colcon.colcon_core.shell:Creating package script '/home/men3m/Naima/install/ublox_msgs/share/ublox_msgs/package.zsh'
[2.251s] Level 1:colcon.colcon_core.environment:create_file_with_runtime_dependencies(/home/men3m/Naima/install/ublox_msgs/share/colcon-core/packages/ublox_msgs)
[2.252s] INFO:colcon.colcon_ros.task.ament_cmake.build:Building ROS package in '/home/men3m/Naima/src/naima_ublox_gps/ublox_gps' with build type 'ament_cmake'
[2.252s] INFO:colcon.colcon_cmake.task.cmake.build:Building CMake package in '/home/men3m/Naima/src/naima_ublox_gps/ublox_gps'
[2.252s] INFO:colcon.colcon_core.shell:Skip shell extension 'powershell' for command environment: Not usable outside of PowerShell
[2.252s] DEBUG:colcon.colcon_core.shell:Skip shell extension 'dsv' for command environment
[2.258s] Level 1:colcon.colcon_core.environment:checking '/home/men3m/Naima/install/naima_bringup' for CMake module files
[2.258s] DEBUG:colcon.colcon_core.event_handler.log_command:Invoked command in '/home/men3m/Naima/src/naima_bringup' returned '0': PYTHONPATH=/home/men3m/Naima/build/naima_bringup/prefix_override:/usr/lib/python3/dist-packages/colcon_core/task/python/colcon_distutils_commands:/home/men3m/Naima/install/naima_bringup/lib/python3.10/site-packages:${PYTHONPATH} /usr/bin/python3 -W ignore:setup.py install is deprecated -W ignore:easy_install command is deprecated setup.py egg_info --egg-base ../../build/naima_bringup build --build-base /home/men3m/Naima/build/naima_bringup/build install --record /home/men3m/Naima/build/naima_bringup/install.log --single-version-externally-managed install_data
[2.259s] Level 1:colcon.colcon_core.environment:checking '/home/men3m/Naima/install/naima_bringup' for CMake config files
[2.260s] Level 1:colcon.colcon_core.environment:checking '/home/men3m/Naima/install/naima_bringup/lib'
[2.260s] Level 1:colcon.colcon_core.environment:checking '/home/men3m/Naima/install/naima_bringup/bin'
[2.260s] Level 1:colcon.colcon_core.environment:checking '/home/men3m/Naima/install/naima_bringup/lib/pkgconfig/naima_bringup.pc'
[2.260s] Level 1:colcon.colcon_core.environment:checking '/home/men3m/Naima/install/naima_bringup/lib/python3.10/site-packages'
[2.260s] Level 1:colcon.colcon_core.shell:create_environment_hook('naima_bringup', 'pythonpath')
[2.260s] INFO:colcon.colcon_core.shell:Creating environment hook '/home/men3m/Naima/install/naima_bringup/share/naima_bringup/hook/pythonpath.ps1'
[2.261s] INFO:colcon.colcon_core.shell:Creating environment descriptor '/home/men3m/Naima/install/naima_bringup/share/naima_bringup/hook/pythonpath.dsv'
[2.261s] INFO:colcon.colcon_core.shell:Creating environment hook '/home/men3m/Naima/install/naima_bringup/share/naima_bringup/hook/pythonpath.sh'
[2.262s] Level 1:colcon.colcon_core.environment:checking '/home/men3m/Naima/install/naima_bringup/bin'
[2.262s] Level 1:colcon.colcon_core.environment:create_environment_scripts_only(naima_bringup)
[2.262s] INFO:colcon.colcon_core.shell:Creating package script '/home/men3m/Naima/install/naima_bringup/share/naima_bringup/package.ps1'
[2.262s] INFO:colcon.colcon_core.shell:Creating package descriptor '/home/men3m/Naima/install/naima_bringup/share/naima_bringup/package.dsv'
[2.263s] INFO:colcon.colcon_core.shell:Creating package script '/home/men3m/Naima/install/naima_bringup/share/naima_bringup/package.sh'
[2.263s] INFO:colcon.colcon_core.shell:Creating package script '/home/men3m/Naima/install/naima_bringup/share/naima_bringup/package.bash'
[2.264s] INFO:colcon.colcon_core.shell:Creating package script '/home/men3m/Naima/install/naima_bringup/share/naima_bringup/package.zsh'
[2.264s] Level 1:colcon.colcon_core.environment:create_file_with_runtime_dependencies(/home/men3m/Naima/install/naima_bringup/share/colcon-core/packages/naima_bringup)
[2.269s] DEBUG:colcon.colcon_core.event_handler.log_command:Invoking command in '/home/men3m/Naima/build/ublox_gps': CMAKE_PREFIX_PATH=/home/men3m/Naima/install/ublox_msgs:/home/men3m/Naima/install/ublox_serialization:/home/men3m/Naima/install/zed_ros2:/home/men3m/Naima/install/zed_robot_integration:/home/men3m/Naima/install/zed_ipc:/home/men3m/Naima/install/zed_multi_camera:/home/men3m/Naima/install/zed_display_rviz2:/home/men3m/Naima/install/zed_depth_to_laserscan:/home/men3m/Naima/install/zed_wrapper:/home/men3m/Naima/install/zed_tutorial_video:/home/men3m/Naima/install/zed_tutorial_pos_tracking:/home/men3m/Naima/install/zed_tutorial_depth:/home/men3m/Naima/install/zed_topic_benchmark:/home/men3m/Naima/install/zed_topic_benchmark_component:/home/men3m/Naima/install/zed_topic_benchmark_interfaces:/home/men3m/Naima/install/zed_rgb_convert:/home/men3m/Naima/install/zed_aruco_localization:/home/men3m/Naima/install/zed_components:/home/men3m/Naima/install/ublox:/home/men3m/Naima/install/ublox_gps:/home/men3m/Naima/install/rviz_plugin_zed_od:/home/men3m/Naima/install/naima_examples:/home/men3m/Naima/install/naima_msgs:/home/men3m/Naima/install/naima_mapping:/home/men3m/Naima/install/naima_localization:/home/men3m/Naima/install/naima_description:/home/men3m/Naima/install/naima_control:/home/men3m/Naima/install/naima_bringup:/home/men3m/Naima/install/naima:/opt/ros/humble LD_LIBRARY_PATH=/home/men3m/Naima/install/ublox_msgs/lib:/home/men3m/Naima/install/zed_ipc/lib:/home/men3m/Naima/install/zed_topic_benchmark_component/lib:/home/men3m/Naima/install/zed_topic_benchmark_interfaces/lib:/home/men3m/Naima/install/zed_rgb_convert/lib:/home/men3m/Naima/install/zed_aruco_localization/lib:/home/men3m/Naima/install/zed_components/lib:/home/men3m/Naima/install/ublox_gps/lib:/home/men3m/Naima/install/rviz_plugin_zed_od/lib:/home/men3m/Naima/install/naima_examples/lib:/home/men3m/Naima/install/naima_msgs/lib:/usr/lib/x86_64-linux-gnu/gazebo-11/plugins:/opt/ros/humble/opt/rviz_ogre_vendor/lib:/opt/ros/humble/lib/x86_64-linux-gnu:/opt/ros/humble/lib:/usr/local/cuda-12.4.0/lib64:/usr/local/cuda-12.4.0/lib64 /usr/bin/cmake --build /home/men3m/Naima/build/ublox_gps -- -j16 -l16
[2.423s] DEBUG:colcon.colcon_core.event_handler.log_command:Invoked command in '/home/men3m/Naima/build/ublox_gps' returned '0': CMAKE_PREFIX_PATH=/home/men3m/Naima/install/ublox_msgs:/home/men3m/Naima/install/ublox_serialization:/home/men3m/Naima/install/zed_ros2:/home/men3m/Naima/install/zed_robot_integration:/home/men3m/Naima/install/zed_ipc:/home/men3m/Naima/install/zed_multi_camera:/home/men3m/Naima/install/zed_display_rviz2:/home/men3m/Naima/install/zed_depth_to_laserscan:/home/men3m/Naima/install/zed_wrapper:/home/men3m/Naima/install/zed_tutorial_video:/home/men3m/Naima/install/zed_tutorial_pos_tracking:/home/men3m/Naima/install/zed_tutorial_depth:/home/men3m/Naima/install/zed_topic_benchmark:/home/men3m/Naima/install/zed_topic_benchmark_component:/home/men3m/Naima/install/zed_topic_benchmark_interfaces:/home/men3m/Naima/install/zed_rgb_convert:/home/men3m/Naima/install/zed_aruco_localization:/home/men3m/Naima/install/zed_components:/home/men3m/Naima/install/ublox:/home/men3m/Naima/install/ublox_gps:/home/men3m/Naima/install/rviz_plugin_zed_od:/home/men3m/Naima/install/naima_examples:/home/men3m/Naima/install/naima_msgs:/home/men3m/Naima/install/naima_mapping:/home/men3m/Naima/install/naima_localization:/home/men3m/Naima/install/naima_description:/home/men3m/Naima/install/naima_control:/home/men3m/Naima/install/naima_bringup:/home/men3m/Naima/install/naima:/opt/ros/humble LD_LIBRARY_PATH=/home/men3m/Naima/install/ublox_msgs/lib:/home/men3m/Naima/install/zed_ipc/lib:/home/men3m/Naima/install/zed_topic_benchmark_component/lib:/home/men3m/Naima/install/zed_topic_benchmark_interfaces/lib:/home/men3m/Naima/install/zed_rgb_convert/lib:/home/men3m/Naima/install/zed_aruco_localization/lib:/home/men3m/Naima/install/zed_components/lib:/home/men3m/Naima/install/ublox_gps/lib:/home/men3m/Naima/install/rviz_plugin_zed_od/lib:/home/men3m/Naima/install/naima_examples/lib:/home/men3m/Naima/install/naima_msgs/lib:/usr/lib/x86_64-linux-gnu/gazebo-11/plugins:/opt/ros/humble/opt/rviz_ogre_vendor/lib:/opt/ros/humble/lib/x86_64-linux-gnu:/opt/ros/humble/lib:/usr/local/cuda-12.4.0/lib64:/usr/local/cuda-12.4.0/lib64 /usr/bin/cmake --build /home/men3m/Naima/build/ublox_gps -- -j16 -l16
[2.424s] DEBUG:colcon.colcon_core.event_handler.log_command:Invoking command in '/home/men3m/Naima/build/ublox_gps': CMAKE_PREFIX_PATH=/home/men3m/Naima/install/ublox_msgs:/home/men3m/Naima/install/ublox_serialization:/home/men3m/Naima/install/zed_ros2:/home/men3m/Naima/install/zed_robot_integration:/home/men3m/Naima/install/zed_ipc:/home/men3m/Naima/install/zed_multi_camera:/home/men3m/Naima/install/zed_display_rviz2:/home/men3m/Naima/install/zed_depth_to_laserscan:/home/men3m/Naima/install/zed_wrapper:/home/men3m/Naima/install/zed_tutorial_video:/home/men3m/Naima/install/zed_tutorial_pos_tracking:/home/men3m/Naima/install/zed_tutorial_depth:/home/men3m/Naima/install/zed_topic_benchmark:/home/men3m/Naima/install/zed_topic_benchmark_component:/home/men3m/Naima/install/zed_topic_benchmark_interfaces:/home/men3m/Naima/install/zed_rgb_convert:/home/men3m/Naima/install/zed_aruco_localization:/home/men3m/Naima/install/zed_components:/home/men3m/Naima/install/ublox:/home/men3m/Naima/install/ublox_gps:/home/men3m/Naima/install/rviz_plugin_zed_od:/home/men3m/Naima/install/naima_examples:/home/men3m/Naima/install/naima_msgs:/home/men3m/Naima/install/naima_mapping:/home/men3m/Naima/install/naima_localization:/home/men3m/Naima/install/naima_description:/home/men3m/Naima/install/naima_control:/home/men3m/Naima/install/naima_bringup:/home/men3m/Naima/install/naima:/opt/ros/humble LD_LIBRARY_PATH=/home/men3m/Naima/install/ublox_msgs/lib:/home/men3m/Naima/install/zed_ipc/lib:/home/men3m/Naima/install/zed_topic_benchmark_component/lib:/home/men3m/Naima/install/zed_topic_benchmark_interfaces/lib:/home/men3m/Naima/install/zed_rgb_convert/lib:/home/men3m/Naima/install/zed_aruco_localization/lib:/home/men3m/Naima/install/zed_components/lib:/home/men3m/Naima/install/ublox_gps/lib:/home/men3m/Naima/install/rviz_plugin_zed_od/lib:/home/men3m/Naima/install/naima_examples/lib:/home/men3m/Naima/install/naima_msgs/lib:/usr/lib/x86_64-linux-gnu/gazebo-11/plugins:/opt/ros/humble/opt/rviz_ogre_vendor/lib:/opt/ros/humble/lib/x86_64-linux-gnu:/opt/ros/humble/lib:/usr/local/cuda-12.4.0/lib64:/usr/local/cuda-12.4.0/lib64 /usr/bin/cmake --install /home/men3m/Naima/build/ublox_gps
[2.437s] Level 1:colcon.colcon_core.environment:create_environment_scripts_only(ublox_gps)
[2.437s] Level 1:colcon.colcon_core.environment:checking '/home/men3m/Naima/install/ublox_gps' for CMake module files
[2.438s] DEBUG:colcon.colcon_core.event_handler.log_command:Invoked command in '/home/men3m/Naima/build/ublox_gps' returned '0': CMAKE_PREFIX_PATH=/home/men3m/Naima/install/ublox_msgs:/home/men3m/Naima/install/ublox_serialization:/home/men3m/Naima/install/zed_ros2:/home/men3m/Naima/install/zed_robot_integration:/home/men3m/Naima/install/zed_ipc:/home/men3m/Naima/install/zed_multi_camera:/home/men3m/Naima/install/zed_display_rviz2:/home/men3m/Naima/install/zed_depth_to_laserscan:/home/men3m/Naima/install/zed_wrapper:/home/men3m/Naima/install/zed_tutorial_video:/home/men3m/Naima/install/zed_tutorial_pos_tracking:/home/men3m/Naima/install/zed_tutorial_depth:/home/men3m/Naima/install/zed_topic_benchmark:/home/men3m/Naima/install/zed_topic_benchmark_component:/home/men3m/Naima/install/zed_topic_benchmark_interfaces:/home/men3m/Naima/install/zed_rgb_convert:/home/men3m/Naima/install/zed_aruco_localization:/home/men3m/Naima/install/zed_components:/home/men3m/Naima/install/ublox:/home/men3m/Naima/install/ublox_gps:/home/men3m/Naima/install/rviz_plugin_zed_od:/home/men3m/Naima/install/naima_examples:/home/men3m/Naima/install/naima_msgs:/home/men3m/Naima/install/naima_mapping:/home/men3m/Naima/install/naima_localization:/home/men3m/Naima/install/naima_description:/home/men3m/Naima/install/naima_control:/home/men3m/Naima/install/naima_bringup:/home/men3m/Naima/install/naima:/opt/ros/humble LD_LIBRARY_PATH=/home/men3m/Naima/install/ublox_msgs/lib:/home/men3m/Naima/install/zed_ipc/lib:/home/men3m/Naima/install/zed_topic_benchmark_component/lib:/home/men3m/Naima/install/zed_topic_benchmark_interfaces/lib:/home/men3m/Naima/install/zed_rgb_convert/lib:/home/men3m/Naima/install/zed_aruco_localization/lib:/home/men3m/Naima/install/zed_components/lib:/home/men3m/Naima/install/ublox_gps/lib:/home/men3m/Naima/install/rviz_plugin_zed_od/lib:/home/men3m/Naima/install/naima_examples/lib:/home/men3m/Naima/install/naima_msgs/lib:/usr/lib/x86_64-linux-gnu/gazebo-11/plugins:/opt/ros/humble/opt/rviz_ogre_vendor/lib:/opt/ros/humble/lib/x86_64-linux-gnu:/opt/ros/humble/lib:/usr/local/cuda-12.4.0/lib64:/usr/local/cuda-12.4.0/lib64 /usr/bin/cmake --install /home/men3m/Naima/build/ublox_gps
[2.438s] Level 1:colcon.colcon_core.environment:checking '/home/men3m/Naima/install/ublox_gps' for CMake config files
[2.438s] Level 1:colcon.colcon_core.shell:create_environment_hook('ublox_gps', 'cmake_prefix_path')
[2.438s] INFO:colcon.colcon_core.shell:Creating environment hook '/home/men3m/Naima/install/ublox_gps/share/ublox_gps/hook/cmake_prefix_path.ps1'
[2.439s] INFO:colcon.colcon_core.shell:Creating environment descriptor '/home/men3m/Naima/install/ublox_gps/share/ublox_gps/hook/cmake_prefix_path.dsv'
[2.439s] INFO:colcon.colcon_core.shell:Creating environment hook '/home/men3m/Naima/install/ublox_gps/share/ublox_gps/hook/cmake_prefix_path.sh'
[2.440s] Level 1:colcon.colcon_core.environment:checking '/home/men3m/Naima/install/ublox_gps/lib'
[2.440s] Level 1:colcon.colcon_core.shell:create_environment_hook('ublox_gps', 'ld_library_path_lib')
[2.440s] INFO:colcon.colcon_core.shell:Creating environment hook '/home/men3m/Naima/install/ublox_gps/share/ublox_gps/hook/ld_library_path_lib.ps1'
[2.440s] INFO:colcon.colcon_core.shell:Creating environment descriptor '/home/men3m/Naima/install/ublox_gps/share/ublox_gps/hook/ld_library_path_lib.dsv'
[2.440s] INFO:colcon.colcon_core.shell:Creating environment hook '/home/men3m/Naima/install/ublox_gps/share/ublox_gps/hook/ld_library_path_lib.sh'
[2.441s] Level 1:colcon.colcon_core.environment:checking '/home/men3m/Naima/install/ublox_gps/bin'
[2.441s] Level 1:colcon.colcon_core.environment:checking '/home/men3m/Naima/install/ublox_gps/lib/pkgconfig/ublox_gps.pc'
[2.441s] Level 1:colcon.colcon_core.environment:checking '/home/men3m/Naima/install/ublox_gps/lib/python3.10/site-packages'
[2.441s] Level 1:colcon.colcon_core.environment:checking '/home/men3m/Naima/install/ublox_gps/bin'
[2.441s] INFO:colcon.colcon_core.shell:Creating package script '/home/men3m/Naima/install/ublox_gps/share/ublox_gps/package.ps1'
[2.442s] INFO:colcon.colcon_core.shell:Creating package descriptor '/home/men3m/Naima/install/ublox_gps/share/ublox_gps/package.dsv'
[2.442s] INFO:colcon.colcon_core.shell:Creating package script '/home/men3m/Naima/install/ublox_gps/share/ublox_gps/package.sh'
[2.442s] INFO:colcon.colcon_core.shell:Creating package script '/home/men3m/Naima/install/ublox_gps/share/ublox_gps/package.bash'
[2.443s] INFO:colcon.colcon_core.shell:Creating package script '/home/men3m/Naima/install/ublox_gps/share/ublox_gps/package.zsh'
[2.443s] Level 1:colcon.colcon_core.environment:create_file_with_runtime_dependencies(/home/men3m/Naima/install/ublox_gps/share/colcon-core/packages/ublox_gps)
[2.443s] Level 1:colcon.colcon_core.environment:create_environment_scripts_only(ublox_gps)
[2.443s] Level 1:colcon.colcon_core.environment:checking '/home/men3m/Naima/install/ublox_gps' for CMake module files
[2.444s] Level 1:colcon.colcon_core.environment:checking '/home/men3m/Naima/install/ublox_gps' for CMake config files
[2.444s] Level 1:colcon.colcon_core.shell:create_environment_hook('ublox_gps', 'cmake_prefix_path')
[2.444s] INFO:colcon.colcon_core.shell:Creating environment hook '/home/men3m/Naima/install/ublox_gps/share/ublox_gps/hook/cmake_prefix_path.ps1'
[2.445s] INFO:colcon.colcon_core.shell:Creating environment descriptor '/home/men3m/Naima/install/ublox_gps/share/ublox_gps/hook/cmake_prefix_path.dsv'
[2.445s] INFO:colcon.colcon_core.shell:Creating environment hook '/home/men3m/Naima/install/ublox_gps/share/ublox_gps/hook/cmake_prefix_path.sh'
[2.445s] Level 1:colcon.colcon_core.environment:checking '/home/men3m/Naima/install/ublox_gps/lib'
[2.445s] Level 1:colcon.colcon_core.shell:create_environment_hook('ublox_gps', 'ld_library_path_lib')
[2.445s] INFO:colcon.colcon_core.shell:Creating environment hook '/home/men3m/Naima/install/ublox_gps/share/ublox_gps/hook/ld_library_path_lib.ps1'
[2.446s] INFO:colcon.colcon_core.shell:Creating environment descriptor '/home/men3m/Naima/install/ublox_gps/share/ublox_gps/hook/ld_library_path_lib.dsv'
[2.446s] INFO:colcon.colcon_core.shell:Creating environment hook '/home/men3m/Naima/install/ublox_gps/share/ublox_gps/hook/ld_library_path_lib.sh'
[2.446s] Level 1:colcon.colcon_core.environment:checking '/home/men3m/Naima/install/ublox_gps/bin'
[2.446s] Level 1:colcon.colcon_core.environment:checking '/home/men3m/Naima/install/ublox_gps/lib/pkgconfig/ublox_gps.pc'
[2.446s] Level 1:colcon.colcon_core.environment:checking '/home/men3m/Naima/install/ublox_gps/lib/python3.10/site-packages'
[2.447s] Level 1:colcon.colcon_core.environment:checking '/home/men3m/Naima/install/ublox_gps/bin'
[2.447s] INFO:colcon.colcon_core.shell:Creating package script '/home/men3m/Naima/install/ublox_gps/share/ublox_gps/package.ps1'
[2.447s] INFO:colcon.colcon_core.shell:Creating package descriptor '/home/men3m/Naima/install/ublox_gps/share/ublox_gps/package.dsv'
[2.448s] INFO:colcon.colcon_core.shell:Creating package script '/home/men3m/Naima/install/ublox_gps/share/ublox_gps/package.sh'
[2.448s] INFO:colcon.colcon_core.shell:Creating package script '/home/men3m/Naima/install/ublox_gps/share/ublox_gps/package.bash'
[2.449s] INFO:colcon.colcon_core.shell:Creating package script '/home/men3m/Naima/install/ublox_gps/share/ublox_gps/package.zsh'
[2.449s] Level 1:colcon.colcon_core.environment:create_file_with_runtime_dependencies(/home/men3m/Naima/install/ublox_gps/share/colcon-core/packages/ublox_gps)
[2.449s] INFO:colcon.colcon_ros.task.ament_cmake.build:Building ROS package in '/home/men3m/Naima/src/naima_ublox_gps/ublox' with build type 'ament_cmake'
[2.449s] INFO:colcon.colcon_cmake.task.cmake.build:Building CMake package in '/home/men3m/Naima/src/naima_ublox_gps/ublox'
[2.449s] INFO:colcon.colcon_core.shell:Skip shell extension 'powershell' for command environment: Not usable outside of PowerShell
[2.449s] DEBUG:colcon.colcon_core.shell:Skip shell extension 'dsv' for command environment
[2.464s] DEBUG:colcon.colcon_core.event_handler.log_command:Invoking command in '/home/men3m/Naima/build/ublox': CMAKE_PREFIX_PATH=/home/men3m/Naima/install/ublox_gps:/home/men3m/Naima/install/ublox_msgs:/home/men3m/Naima/install/ublox_serialization:/home/men3m/Naima/install/zed_ros2:/home/men3m/Naima/install/zed_robot_integration:/home/men3m/Naima/install/zed_ipc:/home/men3m/Naima/install/zed_multi_camera:/home/men3m/Naima/install/zed_display_rviz2:/home/men3m/Naima/install/zed_depth_to_laserscan:/home/men3m/Naima/install/zed_wrapper:/home/men3m/Naima/install/zed_tutorial_video:/home/men3m/Naima/install/zed_tutorial_pos_tracking:/home/men3m/Naima/install/zed_tutorial_depth:/home/men3m/Naima/install/zed_topic_benchmark:/home/men3m/Naima/install/zed_topic_benchmark_component:/home/men3m/Naima/install/zed_topic_benchmark_interfaces:/home/men3m/Naima/install/zed_rgb_convert:/home/men3m/Naima/install/zed_aruco_localization:/home/men3m/Naima/install/zed_components:/home/men3m/Naima/install/ublox:/home/men3m/Naima/install/rviz_plugin_zed_od:/home/men3m/Naima/install/naima_examples:/home/men3m/Naima/install/naima_msgs:/home/men3m/Naima/install/naima_mapping:/home/men3m/Naima/install/naima_localization:/home/men3m/Naima/install/naima_description:/home/men3m/Naima/install/naima_control:/home/men3m/Naima/install/naima_bringup:/home/men3m/Naima/install/naima:/opt/ros/humble LD_LIBRARY_PATH=/home/men3m/Naima/install/ublox_gps/lib:/home/men3m/Naima/install/ublox_msgs/lib:/home/men3m/Naima/install/zed_ipc/lib:/home/men3m/Naima/install/zed_topic_benchmark_component/lib:/home/men3m/Naima/install/zed_topic_benchmark_interfaces/lib:/home/men3m/Naima/install/zed_rgb_convert/lib:/home/men3m/Naima/install/zed_aruco_localization/lib:/home/men3m/Naima/install/zed_components/lib:/home/men3m/Naima/install/rviz_plugin_zed_od/lib:/home/men3m/Naima/install/naima_examples/lib:/home/men3m/Naima/install/naima_msgs/lib:/usr/lib/x86_64-linux-gnu/gazebo-11/plugins:/opt/ros/humble/opt/rviz_ogre_vendor/lib:/opt/ros/humble/lib/x86_64-linux-gnu:/opt/ros/humble/lib:/usr/local/cuda-12.4.0/lib64:/usr/local/cuda-12.4.0/lib64 /usr/bin/cmake --build /home/men3m/Naima/build/ublox -- -j16 -l16
[2.507s] DEBUG:colcon.colcon_core.event_handler.log_command:Invoked command in '/home/men3m/Naima/build/ublox' returned '0': CMAKE_PREFIX_PATH=/home/men3m/Naima/install/ublox_gps:/home/men3m/Naima/install/ublox_msgs:/home/men3m/Naima/install/ublox_serialization:/home/men3m/Naima/install/zed_ros2:/home/men3m/Naima/install/zed_robot_integration:/home/men3m/Naima/install/zed_ipc:/home/men3m/Naima/install/zed_multi_camera:/home/men3m/Naima/install/zed_display_rviz2:/home/men3m/Naima/install/zed_depth_to_laserscan:/home/men3m/Naima/install/zed_wrapper:/home/men3m/Naima/install/zed_tutorial_video:/home/men3m/Naima/install/zed_tutorial_pos_tracking:/home/men3m/Naima/install/zed_tutorial_depth:/home/men3m/Naima/install/zed_topic_benchmark:/home/men3m/Naima/install/zed_topic_benchmark_component:/home/men3m/Naima/install/zed_topic_benchmark_interfaces:/home/men3m/Naima/install/zed_rgb_convert:/home/men3m/Naima/install/zed_aruco_localization:/home/men3m/Naima/install/zed_components:/home/men3m/Naima/install/ublox:/home/men3m/Naima/install/rviz_plugin_zed_od:/home/men3m/Naima/install/naima_examples:/home/men3m/Naima/install/naima_msgs:/home/men3m/Naima/install/naima_mapping:/home/men3m/Naima/install/naima_localization:/home/men3m/Naima/install/naima_description:/home/men3m/Naima/install/naima_control:/home/men3m/Naima/install/naima_bringup:/home/men3m/Naima/install/naima:/opt/ros/humble LD_LIBRARY_PATH=/home/men3m/Naima/install/ublox_gps/lib:/home/men3m/Naima/install/ublox_msgs/lib:/home/men3m/Naima/install/zed_ipc/lib:/home/men3m/Naima/install/zed_topic_benchmark_component/lib:/home/men3m/Naima/install/zed_topic_benchmark_interfaces/lib:/home/men3m/Naima/install/zed_rgb_convert/lib:/home/men3m/Naima/install/zed_aruco_localization/lib:/home/men3m/Naima/install/zed_components/lib:/home/men3m/Naima/install/rviz_plugin_zed_od/lib:/home/men3m/Naima/install/naima_examples/lib:/home/men3m/Naima/install/naima_msgs/lib:/usr/lib/x86_64-linux-gnu/gazebo-11/plugins:/opt/ros/humble/opt/rviz_ogre_vendor/lib:/opt/ros/humble/lib/x86_64-linux-gnu:/opt/ros/humble/lib:/usr/local/cuda-12.4.0/lib64:/usr/local/cuda-12.4.0/lib64 /usr/bin/cmake --build /home/men3m/Naima/build/ublox -- -j16 -l16
[2.509s] DEBUG:colcon.colcon_core.event_handler.log_command:Invoking command in '/home/men3m/Naima/build/ublox': CMAKE_PREFIX_PATH=/home/men3m/Naima/install/ublox_gps:/home/men3m/Naima/install/ublox_msgs:/home/men3m/Naima/install/ublox_serialization:/home/men3m/Naima/install/zed_ros2:/home/men3m/Naima/install/zed_robot_integration:/home/men3m/Naima/install/zed_ipc:/home/men3m/Naima/install/zed_multi_camera:/home/men3m/Naima/install/zed_display_rviz2:/home/men3m/Naima/install/zed_depth_to_laserscan:/home/men3m/Naima/install/zed_wrapper:/home/men3m/Naima/install/zed_tutorial_video:/home/men3m/Naima/install/zed_tutorial_pos_tracking:/home/men3m/Naima/install/zed_tutorial_depth:/home/men3m/Naima/install/zed_topic_benchmark:/home/men3m/Naima/install/zed_topic_benchmark_component:/home/men3m/Naima/install/zed_topic_benchmark_interfaces:/home/men3m/Naima/install/zed_rgb_convert:/home/men3m/Naima/install/zed_aruco_localization:/home/men3m/Naima/install/zed_components:/home/men3m/Naima/install/ublox:/home/men3m/Naima/install/rviz_plugin_zed_od:/home/men3m/Naima/install/naima_examples:/home/men3m/Naima/install/naima_msgs:/home/men3m/Naima/install/naima_mapping:/home/men3m/Naima/install/naima_localization:/home/men3m/Naima/install/naima_description:/home/men3m/Naima/install/naima_control:/home/men3m/Naima/install/naima_bringup:/home/men3m/Naima/install/naima:/opt/ros/humble LD_LIBRARY_PATH=/home/men3m/Naima/install/ublox_gps/lib:/home/men3m/Naima/install/ublox_msgs/lib:/home/men3m/Naima/install/zed_ipc/lib:/home/men3m/Naima/install/zed_topic_benchmark_component/lib:/home/men3m/Naima/install/zed_topic_benchmark_interfaces/lib:/home/men3m/Naima/install/zed_rgb_convert/lib:/home/men3m/Naima/install/zed_aruco_localization/lib:/home/men3m/Naima/install/zed_components/lib:/home/men3m/Naima/install/rviz_plugin_zed_od/lib:/home/men3m/Naima/install/naima_examples/lib:/home/men3m/Naima/install/naima_msgs/lib:/usr/lib/x86_64-linux-gnu/gazebo-11/plugins:/opt/ros/humble/opt/rviz_ogre_vendor/lib:/opt/ros/humble/lib/x86_64-linux-gnu:/opt/ros/humble/lib:/usr/local/cuda-12.4.0/lib64:/usr/local/cuda-12.4.0/lib64 /usr/bin/cmake --install /home/men3m/Naima/build/ublox
[2.524s] Level 1:colcon.colcon_core.environment:create_environment_scripts_only(ublox)
[2.524s] Level 1:colcon.colcon_core.environment:checking '/home/men3m/Naima/install/ublox' for CMake module files
[2.525s] DEBUG:colcon.colcon_core.event_handler.log_command:Invoked command in '/home/men3m/Naima/build/ublox' returned '0': CMAKE_PREFIX_PATH=/home/men3m/Naima/install/ublox_gps:/home/men3m/Naima/install/ublox_msgs:/home/men3m/Naima/install/ublox_serialization:/home/men3m/Naima/install/zed_ros2:/home/men3m/Naima/install/zed_robot_integration:/home/men3m/Naima/install/zed_ipc:/home/men3m/Naima/install/zed_multi_camera:/home/men3m/Naima/install/zed_display_rviz2:/home/men3m/Naima/install/zed_depth_to_laserscan:/home/men3m/Naima/install/zed_wrapper:/home/men3m/Naima/install/zed_tutorial_video:/home/men3m/Naima/install/zed_tutorial_pos_tracking:/home/men3m/Naima/install/zed_tutorial_depth:/home/men3m/Naima/install/zed_topic_benchmark:/home/men3m/Naima/install/zed_topic_benchmark_component:/home/men3m/Naima/install/zed_topic_benchmark_interfaces:/home/men3m/Naima/install/zed_rgb_convert:/home/men3m/Naima/install/zed_aruco_localization:/home/men3m/Naima/install/zed_components:/home/men3m/Naima/install/ublox:/home/men3m/Naima/install/rviz_plugin_zed_od:/home/men3m/Naima/install/naima_examples:/home/men3m/Naima/install/naima_msgs:/home/men3m/Naima/install/naima_mapping:/home/men3m/Naima/install/naima_localization:/home/men3m/Naima/install/naima_description:/home/men3m/Naima/install/naima_control:/home/men3m/Naima/install/naima_bringup:/home/men3m/Naima/install/naima:/opt/ros/humble LD_LIBRARY_PATH=/home/men3m/Naima/install/ublox_gps/lib:/home/men3m/Naima/install/ublox_msgs/lib:/home/men3m/Naima/install/zed_ipc/lib:/home/men3m/Naima/install/zed_topic_benchmark_component/lib:/home/men3m/Naima/install/zed_topic_benchmark_interfaces/lib:/home/men3m/Naima/install/zed_rgb_convert/lib:/home/men3m/Naima/install/zed_aruco_localization/lib:/home/men3m/Naima/install/zed_components/lib:/home/men3m/Naima/install/rviz_plugin_zed_od/lib:/home/men3m/Naima/install/naima_examples/lib:/home/men3m/Naima/install/naima_msgs/lib:/usr/lib/x86_64-linux-gnu/gazebo-11/plugins:/opt/ros/humble/opt/rviz_ogre_vendor/lib:/opt/ros/humble/lib/x86_64-linux-gnu:/opt/ros/humble/lib:/usr/local/cuda-12.4.0/lib64:/usr/local/cuda-12.4.0/lib64 /usr/bin/cmake --install /home/men3m/Naima/build/ublox
[2.525s] Level 1:colcon.colcon_core.environment:checking '/home/men3m/Naima/install/ublox' for CMake config files
[2.525s] Level 1:colcon.colcon_core.shell:create_environment_hook('ublox', 'cmake_prefix_path')
[2.525s] INFO:colcon.colcon_core.shell:Creating environment hook '/home/men3m/Naima/install/ublox/share/ublox/hook/cmake_prefix_path.ps1'
[2.526s] INFO:colcon.colcon_core.shell:Creating environment descriptor '/home/men3m/Naima/install/ublox/share/ublox/hook/cmake_prefix_path.dsv'
[2.526s] INFO:colcon.colcon_core.shell:Creating environment hook '/home/men3m/Naima/install/ublox/share/ublox/hook/cmake_prefix_path.sh'
[2.527s] Level 1:colcon.colcon_core.environment:checking '/home/men3m/Naima/install/ublox/bin'
[2.527s] Level 1:colcon.colcon_core.environment:checking '/home/men3m/Naima/install/ublox/lib/pkgconfig/ublox.pc'
[2.527s] Level 1:colcon.colcon_core.environment:checking '/home/men3m/Naima/install/ublox/lib/python3.10/site-packages'
[2.527s] Level 1:colcon.colcon_core.environment:checking '/home/men3m/Naima/install/ublox/bin'
[2.527s] INFO:colcon.colcon_core.shell:Creating package script '/home/men3m/Naima/install/ublox/share/ublox/package.ps1'
[2.527s] INFO:colcon.colcon_core.shell:Creating package descriptor '/home/men3m/Naima/install/ublox/share/ublox/package.dsv'
[2.528s] INFO:colcon.colcon_core.shell:Creating package script '/home/men3m/Naima/install/ublox/share/ublox/package.sh'
[2.528s] INFO:colcon.colcon_core.shell:Creating package script '/home/men3m/Naima/install/ublox/share/ublox/package.bash'
[2.528s] INFO:colcon.colcon_core.shell:Creating package script '/home/men3m/Naima/install/ublox/share/ublox/package.zsh'
[2.529s] Level 1:colcon.colcon_core.environment:create_file_with_runtime_dependencies(/home/men3m/Naima/install/ublox/share/colcon-core/packages/ublox)
[2.529s] Level 1:colcon.colcon_core.environment:create_environment_scripts_only(ublox)
[2.529s] Level 1:colcon.colcon_core.environment:checking '/home/men3m/Naima/install/ublox' for CMake module files
[2.530s] Level 1:colcon.colcon_core.environment:checking '/home/men3m/Naima/install/ublox' for CMake config files
[2.530s] Level 1:colcon.colcon_core.shell:create_environment_hook('ublox', 'cmake_prefix_path')
[2.530s] INFO:colcon.colcon_core.shell:Creating environment hook '/home/men3m/Naima/install/ublox/share/ublox/hook/cmake_prefix_path.ps1'
[2.530s] INFO:colcon.colcon_core.shell:Creating environment descriptor '/home/men3m/Naima/install/ublox/share/ublox/hook/cmake_prefix_path.dsv'
[2.531s] INFO:colcon.colcon_core.shell:Creating environment hook '/home/men3m/Naima/install/ublox/share/ublox/hook/cmake_prefix_path.sh'
[2.531s] Level 1:colcon.colcon_core.environment:checking '/home/men3m/Naima/install/ublox/bin'
[2.531s] Level 1:colcon.colcon_core.environment:checking '/home/men3m/Naima/install/ublox/lib/pkgconfig/ublox.pc'
[2.531s] Level 1:colcon.colcon_core.environment:checking '/home/men3m/Naima/install/ublox/lib/python3.10/site-packages'
[2.531s] Level 1:colcon.colcon_core.environment:checking '/home/men3m/Naima/install/ublox/bin'
[2.531s] INFO:colcon.colcon_core.shell:Creating package script '/home/men3m/Naima/install/ublox/share/ublox/package.ps1'
[2.532s] INFO:colcon.colcon_core.shell:Creating package descriptor '/home/men3m/Naima/install/ublox/share/ublox/package.dsv'
[2.532s] INFO:colcon.colcon_core.shell:Creating package script '/home/men3m/Naima/install/ublox/share/ublox/package.sh'
[2.533s] INFO:colcon.colcon_core.shell:Creating package script '/home/men3m/Naima/install/ublox/share/ublox/package.bash'
[2.533s] INFO:colcon.colcon_core.shell:Creating package script '/home/men3m/Naima/install/ublox/share/ublox/package.zsh'
[2.533s] Level 1:colcon.colcon_core.environment:create_file_with_runtime_dependencies(/home/men3m/Naima/install/ublox/share/colcon-core/packages/ublox)
[2.533s] DEBUG:colcon.colcon_parallel_executor.executor.parallel:closing loop
[2.534s] DEBUG:colcon.colcon_parallel_executor.executor.parallel:loop closed
[2.534s] DEBUG:colcon.colcon_parallel_executor.executor.parallel:run_until_complete finished with '0'
[2.534s] DEBUG:colcon.colcon_core.event_reactor:joining thread
[2.546s] INFO:colcon.colcon_core.plugin_system:Skipping extension 'colcon_notification.desktop_notification.terminal_notifier': Not used on non-Darwin systems
[2.546s] INFO:colcon.colcon_core.plugin_system:Skipping extension 'colcon_notification.desktop_notification.win32': Not used on non-Windows systems
[2.546s] INFO:colcon.colcon_notification.desktop_notification:Sending desktop notification using 'notify2'
[2.562s] DEBUG:colcon.colcon_core.event_reactor:joined thread
[2.562s] INFO:colcon.colcon_core.shell:Creating prefix script '/home/men3m/Naima/install/local_setup.ps1'
[2.563s] INFO:colcon.colcon_core.shell:Creating prefix util module '/home/men3m/Naima/install/_local_setup_util_ps1.py'
[2.565s] INFO:colcon.colcon_core.shell:Creating prefix chain script '/home/men3m/Naima/install/setup.ps1'
[2.567s] INFO:colcon.colcon_core.shell:Creating prefix script '/home/men3m/Naima/install/local_setup.sh'
[2.567s] INFO:colcon.colcon_core.shell:Creating prefix util module '/home/men3m/Naima/install/_local_setup_util_sh.py'
[2.568s] INFO:colcon.colcon_core.shell:Creating prefix chain script '/home/men3m/Naima/install/setup.sh'
[2.569s] INFO:colcon.colcon_core.shell:Creating prefix script '/home/men3m/Naima/install/local_setup.bash'
[2.570s] INFO:colcon.colcon_core.shell:Creating prefix chain script '/home/men3m/Naima/install/setup.bash'
[2.572s] INFO:colcon.colcon_core.shell:Creating prefix script '/home/men3m/Naima/install/local_setup.zsh'
[2.572s] INFO:colcon.colcon_core.shell:Creating prefix chain script '/home/men3m/Naima/install/setup.zsh'
