[0.102s] DEBUG:colcon:Command line arguments: ['/usr/bin/colcon', 'build']
[0.102s] DEBUG:colcon:Parsed command line arguments: Namespace(log_base=None, log_level=None, verb_name='build', build_base='build', install_base='install', merge_install=False, symlink_install=False, test_result_base=None, continue_on_error=False, executor='parallel', parallel_workers=16, event_handlers=None, ignore_user_meta=False, metas=['./colcon.meta'], base_paths=['.'], packages_ignore=None, packages_ignore_regex=None, paths=None, packages_up_to=None, packages_up_to_regex=None, packages_above=None, packages_above_and_dependencies=None, packages_above_depth=None, packages_select_by_dep=None, packages_skip_by_dep=None, packages_skip_up_to=None, packages_select_build_failed=False, packages_skip_build_finished=False, packages_select_test_failures=False, packages_skip_test_passed=False, packages_select=None, packages_skip=None, packages_select_regex=None, packages_skip_regex=None, packages_start=None, packages_end=None, allow_overriding=[], cmake_args=None, cmake_target=None, cmake_target_skip_unavailable=False, cmake_clean_cache=False, cmake_clean_first=False, cmake_force_configure=False, ament_cmake_args=None, catkin_cmake_args=None, catkin_skip_building_tests=False, verb_parser=<colcon_defaults.argument_parser.defaults.DefaultArgumentsDecorator object at 0x7f2dba53b040>, verb_extension=<colcon_core.verb.build.BuildVerb object at 0x7f2dba53aa10>, main=<bound method BuildVerb.main of <colcon_core.verb.build.BuildVerb object at 0x7f2dba53aa10>>)
[0.262s] Level 1:colcon.colcon_core.package_discovery:discover_packages(colcon_meta) check parameters
[0.262s] Level 1:colcon.colcon_core.package_discovery:discover_packages(recursive) check parameters
[0.263s] Level 1:colcon.colcon_core.package_discovery:discover_packages(ignore) check parameters
[0.263s] Level 1:colcon.colcon_core.package_discovery:discover_packages(path) check parameters
[0.263s] Level 1:colcon.colcon_core.package_discovery:discover_packages(colcon_meta) discover
[0.263s] Level 1:colcon.colcon_core.package_discovery:discover_packages(recursive) discover
[0.263s] INFO:colcon.colcon_core.package_discovery:Crawling recursively for packages in '/home/men3m/Naima'
[0.263s] Level 1:colcon.colcon_core.package_identification:_identify(.) by extensions ['ignore', 'ignore_ament_install']
[0.263s] Level 1:colcon.colcon_core.package_identification:_identify(.) by extension 'ignore'
[0.263s] Level 1:colcon.colcon_core.package_identification:_identify(.) by extension 'ignore_ament_install'
[0.263s] Level 1:colcon.colcon_core.package_identification:_identify(.) by extensions ['colcon_pkg']
[0.263s] Level 1:colcon.colcon_core.package_identification:_identify(.) by extension 'colcon_pkg'
[0.263s] Level 1:colcon.colcon_core.package_identification:_identify(.) by extensions ['colcon_meta']
[0.263s] Level 1:colcon.colcon_core.package_identification:_identify(.) by extension 'colcon_meta'
[0.263s] Level 1:colcon.colcon_core.package_identification:_identify(.) by extensions ['ros']
[0.263s] Level 1:colcon.colcon_core.package_identification:_identify(.) by extension 'ros'
[0.279s] Level 1:colcon.colcon_core.package_identification:_identify(.) by extensions ['cmake', 'python']
[0.279s] Level 1:colcon.colcon_core.package_identification:_identify(.) by extension 'cmake'
[0.279s] Level 1:colcon.colcon_core.package_identification:_identify(.) by extension 'python'
[0.279s] Level 1:colcon.colcon_core.package_identification:_identify(.) by extensions ['python_setup_py']
[0.279s] Level 1:colcon.colcon_core.package_identification:_identify(.) by extension 'python_setup_py'
[0.279s] Level 1:colcon.colcon_core.package_identification:_identify(AI) by extensions ['ignore', 'ignore_ament_install']
[0.279s] Level 1:colcon.colcon_core.package_identification:_identify(AI) by extension 'ignore'
[0.280s] Level 1:colcon.colcon_core.package_identification:_identify(AI) by extension 'ignore_ament_install'
[0.280s] Level 1:colcon.colcon_core.package_identification:_identify(AI) by extensions ['colcon_pkg']
[0.280s] Level 1:colcon.colcon_core.package_identification:_identify(AI) by extension 'colcon_pkg'
[0.280s] Level 1:colcon.colcon_core.package_identification:_identify(AI) by extensions ['colcon_meta']
[0.280s] Level 1:colcon.colcon_core.package_identification:_identify(AI) by extension 'colcon_meta'
[0.280s] Level 1:colcon.colcon_core.package_identification:_identify(AI) by extensions ['ros']
[0.280s] Level 1:colcon.colcon_core.package_identification:_identify(AI) by extension 'ros'
[0.280s] Level 1:colcon.colcon_core.package_identification:_identify(AI) by extensions ['cmake', 'python']
[0.280s] Level 1:colcon.colcon_core.package_identification:_identify(AI) by extension 'cmake'
[0.280s] Level 1:colcon.colcon_core.package_identification:_identify(AI) by extension 'python'
[0.280s] Level 1:colcon.colcon_core.package_identification:_identify(AI) by extensions ['python_setup_py']
[0.280s] Level 1:colcon.colcon_core.package_identification:_identify(AI) by extension 'python_setup_py'
[0.280s] Level 1:colcon.colcon_core.package_identification:_identify(BMS) by extensions ['ignore', 'ignore_ament_install']
[0.280s] Level 1:colcon.colcon_core.package_identification:_identify(BMS) by extension 'ignore'
[0.280s] Level 1:colcon.colcon_core.package_identification:_identify(BMS) by extension 'ignore_ament_install'
[0.280s] Level 1:colcon.colcon_core.package_identification:_identify(BMS) by extensions ['colcon_pkg']
[0.280s] Level 1:colcon.colcon_core.package_identification:_identify(BMS) by extension 'colcon_pkg'
[0.280s] Level 1:colcon.colcon_core.package_identification:_identify(BMS) by extensions ['colcon_meta']
[0.280s] Level 1:colcon.colcon_core.package_identification:_identify(BMS) by extension 'colcon_meta'
[0.280s] Level 1:colcon.colcon_core.package_identification:_identify(BMS) by extensions ['ros']
[0.280s] Level 1:colcon.colcon_core.package_identification:_identify(BMS) by extension 'ros'
[0.280s] Level 1:colcon.colcon_core.package_identification:_identify(BMS) by extensions ['cmake', 'python']
[0.280s] Level 1:colcon.colcon_core.package_identification:_identify(BMS) by extension 'cmake'
[0.280s] Level 1:colcon.colcon_core.package_identification:_identify(BMS) by extension 'python'
[0.280s] Level 1:colcon.colcon_core.package_identification:_identify(BMS) by extensions ['python_setup_py']
[0.280s] Level 1:colcon.colcon_core.package_identification:_identify(BMS) by extension 'python_setup_py'
[0.281s] Level 1:colcon.colcon_core.package_identification:_identify(Embedded Systems) by extensions ['ignore', 'ignore_ament_install']
[0.281s] Level 1:colcon.colcon_core.package_identification:_identify(Embedded Systems) by extension 'ignore'
[0.281s] Level 1:colcon.colcon_core.package_identification:_identify(Embedded Systems) by extension 'ignore_ament_install'
[0.281s] Level 1:colcon.colcon_core.package_identification:_identify(Embedded Systems) by extensions ['colcon_pkg']
[0.281s] Level 1:colcon.colcon_core.package_identification:_identify(Embedded Systems) by extension 'colcon_pkg'
[0.281s] Level 1:colcon.colcon_core.package_identification:_identify(Embedded Systems) by extensions ['colcon_meta']
[0.281s] Level 1:colcon.colcon_core.package_identification:_identify(Embedded Systems) by extension 'colcon_meta'
[0.281s] Level 1:colcon.colcon_core.package_identification:_identify(Embedded Systems) by extensions ['ros']
[0.281s] Level 1:colcon.colcon_core.package_identification:_identify(Embedded Systems) by extension 'ros'
[0.281s] Level 1:colcon.colcon_core.package_identification:_identify(Embedded Systems) by extensions ['cmake', 'python']
[0.281s] Level 1:colcon.colcon_core.package_identification:_identify(Embedded Systems) by extension 'cmake'
[0.281s] Level 1:colcon.colcon_core.package_identification:_identify(Embedded Systems) by extension 'python'
[0.281s] Level 1:colcon.colcon_core.package_identification:_identify(Embedded Systems) by extensions ['python_setup_py']
[0.281s] Level 1:colcon.colcon_core.package_identification:_identify(Embedded Systems) by extension 'python_setup_py'
[0.281s] Level 1:colcon.colcon_core.package_identification:_identify(build) by extensions ['ignore', 'ignore_ament_install']
[0.281s] Level 1:colcon.colcon_core.package_identification:_identify(build) by extension 'ignore'
[0.281s] Level 1:colcon.colcon_core.package_identification:_identify(build) ignored
[0.281s] Level 1:colcon.colcon_core.package_identification:_identify(image) by extensions ['ignore', 'ignore_ament_install']
[0.281s] Level 1:colcon.colcon_core.package_identification:_identify(image) by extension 'ignore'
[0.281s] Level 1:colcon.colcon_core.package_identification:_identify(image) by extension 'ignore_ament_install'
[0.281s] Level 1:colcon.colcon_core.package_identification:_identify(image) by extensions ['colcon_pkg']
[0.281s] Level 1:colcon.colcon_core.package_identification:_identify(image) by extension 'colcon_pkg'
[0.282s] Level 1:colcon.colcon_core.package_identification:_identify(image) by extensions ['colcon_meta']
[0.282s] Level 1:colcon.colcon_core.package_identification:_identify(image) by extension 'colcon_meta'
[0.282s] Level 1:colcon.colcon_core.package_identification:_identify(image) by extensions ['ros']
[0.282s] Level 1:colcon.colcon_core.package_identification:_identify(image) by extension 'ros'
[0.282s] Level 1:colcon.colcon_core.package_identification:_identify(image) by extensions ['cmake', 'python']
[0.282s] Level 1:colcon.colcon_core.package_identification:_identify(image) by extension 'cmake'
[0.282s] Level 1:colcon.colcon_core.package_identification:_identify(image) by extension 'python'
[0.282s] Level 1:colcon.colcon_core.package_identification:_identify(image) by extensions ['python_setup_py']
[0.282s] Level 1:colcon.colcon_core.package_identification:_identify(image) by extension 'python_setup_py'
[0.282s] Level 1:colcon.colcon_core.package_identification:_identify(install) by extensions ['ignore', 'ignore_ament_install']
[0.282s] Level 1:colcon.colcon_core.package_identification:_identify(install) by extension 'ignore'
[0.282s] Level 1:colcon.colcon_core.package_identification:_identify(install) ignored
[0.282s] Level 1:colcon.colcon_core.package_identification:_identify(log) by extensions ['ignore', 'ignore_ament_install']
[0.282s] Level 1:colcon.colcon_core.package_identification:_identify(log) by extension 'ignore'
[0.282s] Level 1:colcon.colcon_core.package_identification:_identify(log) ignored
[0.282s] Level 1:colcon.colcon_core.package_identification:_identify(src) by extensions ['ignore', 'ignore_ament_install']
[0.282s] Level 1:colcon.colcon_core.package_identification:_identify(src) by extension 'ignore'
[0.282s] Level 1:colcon.colcon_core.package_identification:_identify(src) by extension 'ignore_ament_install'
[0.282s] Level 1:colcon.colcon_core.package_identification:_identify(src) by extensions ['colcon_pkg']
[0.282s] Level 1:colcon.colcon_core.package_identification:_identify(src) by extension 'colcon_pkg'
[0.282s] Level 1:colcon.colcon_core.package_identification:_identify(src) by extensions ['colcon_meta']
[0.282s] Level 1:colcon.colcon_core.package_identification:_identify(src) by extension 'colcon_meta'
[0.282s] Level 1:colcon.colcon_core.package_identification:_identify(src) by extensions ['ros']
[0.283s] Level 1:colcon.colcon_core.package_identification:_identify(src) by extension 'ros'
[0.283s] Level 1:colcon.colcon_core.package_identification:_identify(src) by extensions ['cmake', 'python']
[0.283s] Level 1:colcon.colcon_core.package_identification:_identify(src) by extension 'cmake'
[0.283s] Level 1:colcon.colcon_core.package_identification:_identify(src) by extension 'python'
[0.283s] Level 1:colcon.colcon_core.package_identification:_identify(src) by extensions ['python_setup_py']
[0.283s] Level 1:colcon.colcon_core.package_identification:_identify(src) by extension 'python_setup_py'
[0.283s] Level 1:colcon.colcon_core.package_identification:_identify(src/naima) by extensions ['ignore', 'ignore_ament_install']
[0.283s] Level 1:colcon.colcon_core.package_identification:_identify(src/naima) by extension 'ignore'
[0.283s] Level 1:colcon.colcon_core.package_identification:_identify(src/naima) by extension 'ignore_ament_install'
[0.283s] Level 1:colcon.colcon_core.package_identification:_identify(src/naima) by extensions ['colcon_pkg']
[0.283s] Level 1:colcon.colcon_core.package_identification:_identify(src/naima) by extension 'colcon_pkg'
[0.283s] Level 1:colcon.colcon_core.package_identification:_identify(src/naima) by extensions ['colcon_meta']
[0.283s] Level 1:colcon.colcon_core.package_identification:_identify(src/naima) by extension 'colcon_meta'
[0.283s] Level 1:colcon.colcon_core.package_identification:_identify(src/naima) by extensions ['ros']
[0.283s] Level 1:colcon.colcon_core.package_identification:_identify(src/naima) by extension 'ros'
[0.285s] DEBUG:colcon.colcon_core.package_identification:Package 'src/naima' with type 'ros.ament_python' and name 'naima'
[0.285s] Level 1:colcon.colcon_core.package_identification:_identify(src/naima_bringup) by extensions ['ignore', 'ignore_ament_install']
[0.286s] Level 1:colcon.colcon_core.package_identification:_identify(src/naima_bringup) by extension 'ignore'
[0.286s] Level 1:colcon.colcon_core.package_identification:_identify(src/naima_bringup) by extension 'ignore_ament_install'
[0.286s] Level 1:colcon.colcon_core.package_identification:_identify(src/naima_bringup) by extensions ['colcon_pkg']
[0.286s] Level 1:colcon.colcon_core.package_identification:_identify(src/naima_bringup) by extension 'colcon_pkg'
[0.286s] Level 1:colcon.colcon_core.package_identification:_identify(src/naima_bringup) by extensions ['colcon_meta']
[0.286s] Level 1:colcon.colcon_core.package_identification:_identify(src/naima_bringup) by extension 'colcon_meta'
[0.286s] Level 1:colcon.colcon_core.package_identification:_identify(src/naima_bringup) by extensions ['ros']
[0.286s] Level 1:colcon.colcon_core.package_identification:_identify(src/naima_bringup) by extension 'ros'
[0.286s] DEBUG:colcon.colcon_core.package_identification:Package 'src/naima_bringup' with type 'ros.ament_python' and name 'naima_bringup'
[0.286s] Level 1:colcon.colcon_core.package_identification:_identify(src/naima_control) by extensions ['ignore', 'ignore_ament_install']
[0.286s] Level 1:colcon.colcon_core.package_identification:_identify(src/naima_control) by extension 'ignore'
[0.286s] Level 1:colcon.colcon_core.package_identification:_identify(src/naima_control) by extension 'ignore_ament_install'
[0.286s] Level 1:colcon.colcon_core.package_identification:_identify(src/naima_control) by extensions ['colcon_pkg']
[0.286s] Level 1:colcon.colcon_core.package_identification:_identify(src/naima_control) by extension 'colcon_pkg'
[0.287s] Level 1:colcon.colcon_core.package_identification:_identify(src/naima_control) by extensions ['colcon_meta']
[0.287s] Level 1:colcon.colcon_core.package_identification:_identify(src/naima_control) by extension 'colcon_meta'
[0.287s] Level 1:colcon.colcon_core.package_identification:_identify(src/naima_control) by extensions ['ros']
[0.287s] Level 1:colcon.colcon_core.package_identification:_identify(src/naima_control) by extension 'ros'
[0.287s] DEBUG:colcon.colcon_core.package_identification:Package 'src/naima_control' with type 'ros.ament_cmake' and name 'naima_control'
[0.287s] Level 1:colcon.colcon_core.package_identification:_identify(src/naima_description) by extensions ['ignore', 'ignore_ament_install']
[0.287s] Level 1:colcon.colcon_core.package_identification:_identify(src/naima_description) by extension 'ignore'
[0.287s] Level 1:colcon.colcon_core.package_identification:_identify(src/naima_description) by extension 'ignore_ament_install'
[0.287s] Level 1:colcon.colcon_core.package_identification:_identify(src/naima_description) by extensions ['colcon_pkg']
[0.287s] Level 1:colcon.colcon_core.package_identification:_identify(src/naima_description) by extension 'colcon_pkg'
[0.287s] Level 1:colcon.colcon_core.package_identification:_identify(src/naima_description) by extensions ['colcon_meta']
[0.287s] Level 1:colcon.colcon_core.package_identification:_identify(src/naima_description) by extension 'colcon_meta'
[0.288s] Level 1:colcon.colcon_core.package_identification:_identify(src/naima_description) by extensions ['ros']
[0.288s] Level 1:colcon.colcon_core.package_identification:_identify(src/naima_description) by extension 'ros'
[0.288s] DEBUG:colcon.colcon_core.package_identification:Package 'src/naima_description' with type 'ros.ament_cmake' and name 'naima_description'
[0.288s] Level 1:colcon.colcon_core.package_identification:_identify(src/naima_examples) by extensions ['ignore', 'ignore_ament_install']
[0.288s] Level 1:colcon.colcon_core.package_identification:_identify(src/naima_examples) by extension 'ignore'
[0.288s] Level 1:colcon.colcon_core.package_identification:_identify(src/naima_examples) by extension 'ignore_ament_install'
[0.288s] Level 1:colcon.colcon_core.package_identification:_identify(src/naima_examples) by extensions ['colcon_pkg']
[0.288s] Level 1:colcon.colcon_core.package_identification:_identify(src/naima_examples) by extension 'colcon_pkg'
[0.288s] Level 1:colcon.colcon_core.package_identification:_identify(src/naima_examples) by extensions ['colcon_meta']
[0.288s] Level 1:colcon.colcon_core.package_identification:_identify(src/naima_examples) by extension 'colcon_meta'
[0.288s] Level 1:colcon.colcon_core.package_identification:_identify(src/naima_examples) by extensions ['ros']
[0.288s] Level 1:colcon.colcon_core.package_identification:_identify(src/naima_examples) by extension 'ros'
[0.289s] DEBUG:colcon.colcon_core.package_identification:Package 'src/naima_examples' with type 'ros.ament_cmake' and name 'naima_examples'
[0.289s] Level 1:colcon.colcon_core.package_identification:_identify(src/naima_localization) by extensions ['ignore', 'ignore_ament_install']
[0.289s] Level 1:colcon.colcon_core.package_identification:_identify(src/naima_localization) by extension 'ignore'
[0.289s] Level 1:colcon.colcon_core.package_identification:_identify(src/naima_localization) by extension 'ignore_ament_install'
[0.290s] Level 1:colcon.colcon_core.package_identification:_identify(src/naima_localization) by extensions ['colcon_pkg']
[0.290s] Level 1:colcon.colcon_core.package_identification:_identify(src/naima_localization) by extension 'colcon_pkg'
[0.290s] Level 1:colcon.colcon_core.package_identification:_identify(src/naima_localization) by extensions ['colcon_meta']
[0.290s] Level 1:colcon.colcon_core.package_identification:_identify(src/naima_localization) by extension 'colcon_meta'
[0.290s] Level 1:colcon.colcon_core.package_identification:_identify(src/naima_localization) by extensions ['ros']
[0.290s] Level 1:colcon.colcon_core.package_identification:_identify(src/naima_localization) by extension 'ros'
[0.290s] DEBUG:colcon.colcon_core.package_identification:Package 'src/naima_localization' with type 'ros.ament_cmake' and name 'naima_localization'
[0.290s] Level 1:colcon.colcon_core.package_identification:_identify(src/naima_mapping) by extensions ['ignore', 'ignore_ament_install']
[0.290s] Level 1:colcon.colcon_core.package_identification:_identify(src/naima_mapping) by extension 'ignore'
[0.290s] Level 1:colcon.colcon_core.package_identification:_identify(src/naima_mapping) by extension 'ignore_ament_install'
[0.290s] Level 1:colcon.colcon_core.package_identification:_identify(src/naima_mapping) by extensions ['colcon_pkg']
[0.291s] Level 1:colcon.colcon_core.package_identification:_identify(src/naima_mapping) by extension 'colcon_pkg'
[0.291s] Level 1:colcon.colcon_core.package_identification:_identify(src/naima_mapping) by extensions ['colcon_meta']
[0.291s] Level 1:colcon.colcon_core.package_identification:_identify(src/naima_mapping) by extension 'colcon_meta'
[0.291s] Level 1:colcon.colcon_core.package_identification:_identify(src/naima_mapping) by extensions ['ros']
[0.291s] Level 1:colcon.colcon_core.package_identification:_identify(src/naima_mapping) by extension 'ros'
[0.291s] DEBUG:colcon.colcon_core.package_identification:Package 'src/naima_mapping' with type 'ros.ament_cmake' and name 'naima_mapping'
[0.291s] Level 1:colcon.colcon_core.package_identification:_identify(src/naima_msgs) by extensions ['ignore', 'ignore_ament_install']
[0.291s] Level 1:colcon.colcon_core.package_identification:_identify(src/naima_msgs) by extension 'ignore'
[0.291s] Level 1:colcon.colcon_core.package_identification:_identify(src/naima_msgs) by extension 'ignore_ament_install'
[0.291s] Level 1:colcon.colcon_core.package_identification:_identify(src/naima_msgs) by extensions ['colcon_pkg']
[0.291s] Level 1:colcon.colcon_core.package_identification:_identify(src/naima_msgs) by extension 'colcon_pkg'
[0.291s] Level 1:colcon.colcon_core.package_identification:_identify(src/naima_msgs) by extensions ['colcon_meta']
[0.291s] Level 1:colcon.colcon_core.package_identification:_identify(src/naima_msgs) by extension 'colcon_meta'
[0.291s] Level 1:colcon.colcon_core.package_identification:_identify(src/naima_msgs) by extensions ['ros']
[0.291s] Level 1:colcon.colcon_core.package_identification:_identify(src/naima_msgs) by extension 'ros'
[0.292s] DEBUG:colcon.colcon_core.package_identification:Package 'src/naima_msgs' with type 'ros.ament_cmake' and name 'naima_msgs'
[0.292s] Level 1:colcon.colcon_core.package_identification:_identify(src/naima_ublox_gps) by extensions ['ignore', 'ignore_ament_install']
[0.292s] Level 1:colcon.colcon_core.package_identification:_identify(src/naima_ublox_gps) by extension 'ignore'
[0.292s] Level 1:colcon.colcon_core.package_identification:_identify(src/naima_ublox_gps) by extension 'ignore_ament_install'
[0.292s] Level 1:colcon.colcon_core.package_identification:_identify(src/naima_ublox_gps) by extensions ['colcon_pkg']
[0.292s] Level 1:colcon.colcon_core.package_identification:_identify(src/naima_ublox_gps) by extension 'colcon_pkg'
[0.292s] Level 1:colcon.colcon_core.package_identification:_identify(src/naima_ublox_gps) by extensions ['colcon_meta']
[0.292s] Level 1:colcon.colcon_core.package_identification:_identify(src/naima_ublox_gps) by extension 'colcon_meta'
[0.292s] Level 1:colcon.colcon_core.package_identification:_identify(src/naima_ublox_gps) by extensions ['ros']
[0.292s] Level 1:colcon.colcon_core.package_identification:_identify(src/naima_ublox_gps) by extension 'ros'
[0.292s] Level 1:colcon.colcon_core.package_identification:_identify(src/naima_ublox_gps) by extensions ['cmake', 'python']
[0.292s] Level 1:colcon.colcon_core.package_identification:_identify(src/naima_ublox_gps) by extension 'cmake'
[0.292s] Level 1:colcon.colcon_core.package_identification:_identify(src/naima_ublox_gps) by extension 'python'
[0.292s] Level 1:colcon.colcon_core.package_identification:_identify(src/naima_ublox_gps) by extensions ['python_setup_py']
[0.292s] Level 1:colcon.colcon_core.package_identification:_identify(src/naima_ublox_gps) by extension 'python_setup_py'
[0.293s] Level 1:colcon.colcon_core.package_identification:_identify(src/naima_ublox_gps/ublox) by extensions ['ignore', 'ignore_ament_install']
[0.293s] Level 1:colcon.colcon_core.package_identification:_identify(src/naima_ublox_gps/ublox) by extension 'ignore'
[0.293s] Level 1:colcon.colcon_core.package_identification:_identify(src/naima_ublox_gps/ublox) by extension 'ignore_ament_install'
[0.293s] Level 1:colcon.colcon_core.package_identification:_identify(src/naima_ublox_gps/ublox) by extensions ['colcon_pkg']
[0.293s] Level 1:colcon.colcon_core.package_identification:_identify(src/naima_ublox_gps/ublox) by extension 'colcon_pkg'
[0.293s] Level 1:colcon.colcon_core.package_identification:_identify(src/naima_ublox_gps/ublox) by extensions ['colcon_meta']
[0.293s] Level 1:colcon.colcon_core.package_identification:_identify(src/naima_ublox_gps/ublox) by extension 'colcon_meta'
[0.293s] Level 1:colcon.colcon_core.package_identification:_identify(src/naima_ublox_gps/ublox) by extensions ['ros']
[0.293s] Level 1:colcon.colcon_core.package_identification:_identify(src/naima_ublox_gps/ublox) by extension 'ros'
[0.293s] DEBUG:colcon.colcon_core.package_identification:Package 'src/naima_ublox_gps/ublox' with type 'ros.ament_cmake' and name 'ublox'
[0.293s] Level 1:colcon.colcon_core.package_identification:_identify(src/naima_ublox_gps/ublox_gps) by extensions ['ignore', 'ignore_ament_install']
[0.293s] Level 1:colcon.colcon_core.package_identification:_identify(src/naima_ublox_gps/ublox_gps) by extension 'ignore'
[0.293s] Level 1:colcon.colcon_core.package_identification:_identify(src/naima_ublox_gps/ublox_gps) by extension 'ignore_ament_install'
[0.294s] Level 1:colcon.colcon_core.package_identification:_identify(src/naima_ublox_gps/ublox_gps) by extensions ['colcon_pkg']
[0.294s] Level 1:colcon.colcon_core.package_identification:_identify(src/naima_ublox_gps/ublox_gps) by extension 'colcon_pkg'
[0.294s] Level 1:colcon.colcon_core.package_identification:_identify(src/naima_ublox_gps/ublox_gps) by extensions ['colcon_meta']
[0.294s] Level 1:colcon.colcon_core.package_identification:_identify(src/naima_ublox_gps/ublox_gps) by extension 'colcon_meta'
[0.294s] Level 1:colcon.colcon_core.package_identification:_identify(src/naima_ublox_gps/ublox_gps) by extensions ['ros']
[0.294s] Level 1:colcon.colcon_core.package_identification:_identify(src/naima_ublox_gps/ublox_gps) by extension 'ros'
[0.295s] DEBUG:colcon.colcon_core.package_identification:Package 'src/naima_ublox_gps/ublox_gps' with type 'ros.ament_cmake' and name 'ublox_gps'
[0.295s] Level 1:colcon.colcon_core.package_identification:_identify(src/naima_ublox_gps/ublox_msgs) by extensions ['ignore', 'ignore_ament_install']
[0.295s] Level 1:colcon.colcon_core.package_identification:_identify(src/naima_ublox_gps/ublox_msgs) by extension 'ignore'
[0.295s] Level 1:colcon.colcon_core.package_identification:_identify(src/naima_ublox_gps/ublox_msgs) by extension 'ignore_ament_install'
[0.295s] Level 1:colcon.colcon_core.package_identification:_identify(src/naima_ublox_gps/ublox_msgs) by extensions ['colcon_pkg']
[0.295s] Level 1:colcon.colcon_core.package_identification:_identify(src/naima_ublox_gps/ublox_msgs) by extension 'colcon_pkg'
[0.295s] Level 1:colcon.colcon_core.package_identification:_identify(src/naima_ublox_gps/ublox_msgs) by extensions ['colcon_meta']
[0.295s] Level 1:colcon.colcon_core.package_identification:_identify(src/naima_ublox_gps/ublox_msgs) by extension 'colcon_meta'
[0.295s] Level 1:colcon.colcon_core.package_identification:_identify(src/naima_ublox_gps/ublox_msgs) by extensions ['ros']
[0.295s] Level 1:colcon.colcon_core.package_identification:_identify(src/naima_ublox_gps/ublox_msgs) by extension 'ros'
[0.296s] DEBUG:colcon.colcon_core.package_identification:Package 'src/naima_ublox_gps/ublox_msgs' with type 'ros.ament_cmake' and name 'ublox_msgs'
[0.296s] Level 1:colcon.colcon_core.package_identification:_identify(src/naima_ublox_gps/ublox_serialization) by extensions ['ignore', 'ignore_ament_install']
[0.296s] Level 1:colcon.colcon_core.package_identification:_identify(src/naima_ublox_gps/ublox_serialization) by extension 'ignore'
[0.296s] Level 1:colcon.colcon_core.package_identification:_identify(src/naima_ublox_gps/ublox_serialization) by extension 'ignore_ament_install'
[0.296s] Level 1:colcon.colcon_core.package_identification:_identify(src/naima_ublox_gps/ublox_serialization) by extensions ['colcon_pkg']
[0.296s] Level 1:colcon.colcon_core.package_identification:_identify(src/naima_ublox_gps/ublox_serialization) by extension 'colcon_pkg'
[0.296s] Level 1:colcon.colcon_core.package_identification:_identify(src/naima_ublox_gps/ublox_serialization) by extensions ['colcon_meta']
[0.296s] Level 1:colcon.colcon_core.package_identification:_identify(src/naima_ublox_gps/ublox_serialization) by extension 'colcon_meta'
[0.296s] Level 1:colcon.colcon_core.package_identification:_identify(src/naima_ublox_gps/ublox_serialization) by extensions ['ros']
[0.296s] Level 1:colcon.colcon_core.package_identification:_identify(src/naima_ublox_gps/ublox_serialization) by extension 'ros'
[0.296s] DEBUG:colcon.colcon_core.package_identification:Package 'src/naima_ublox_gps/ublox_serialization' with type 'ros.ament_cmake' and name 'ublox_serialization'
[0.296s] Level 1:colcon.colcon_core.package_identification:_identify(src/zed-ros2-examples) by extensions ['ignore', 'ignore_ament_install']
[0.296s] Level 1:colcon.colcon_core.package_identification:_identify(src/zed-ros2-examples) by extension 'ignore'
[0.297s] Level 1:colcon.colcon_core.package_identification:_identify(src/zed-ros2-examples) by extension 'ignore_ament_install'
[0.297s] Level 1:colcon.colcon_core.package_identification:_identify(src/zed-ros2-examples) by extensions ['colcon_pkg']
[0.297s] Level 1:colcon.colcon_core.package_identification:_identify(src/zed-ros2-examples) by extension 'colcon_pkg'
[0.297s] Level 1:colcon.colcon_core.package_identification:_identify(src/zed-ros2-examples) by extensions ['colcon_meta']
[0.297s] Level 1:colcon.colcon_core.package_identification:_identify(src/zed-ros2-examples) by extension 'colcon_meta'
[0.297s] Level 1:colcon.colcon_core.package_identification:_identify(src/zed-ros2-examples) by extensions ['ros']
[0.297s] Level 1:colcon.colcon_core.package_identification:_identify(src/zed-ros2-examples) by extension 'ros'
[0.297s] Level 1:colcon.colcon_core.package_identification:_identify(src/zed-ros2-examples) by extensions ['cmake', 'python']
[0.297s] Level 1:colcon.colcon_core.package_identification:_identify(src/zed-ros2-examples) by extension 'cmake'
[0.297s] Level 1:colcon.colcon_core.package_identification:_identify(src/zed-ros2-examples) by extension 'python'
[0.297s] Level 1:colcon.colcon_core.package_identification:_identify(src/zed-ros2-examples) by extensions ['python_setup_py']
[0.297s] Level 1:colcon.colcon_core.package_identification:_identify(src/zed-ros2-examples) by extension 'python_setup_py'
[0.297s] Level 1:colcon.colcon_core.package_identification:_identify(src/zed-ros2-examples/examples) by extensions ['ignore', 'ignore_ament_install']
[0.297s] Level 1:colcon.colcon_core.package_identification:_identify(src/zed-ros2-examples/examples) by extension 'ignore'
[0.297s] Level 1:colcon.colcon_core.package_identification:_identify(src/zed-ros2-examples/examples) by extension 'ignore_ament_install'
[0.297s] Level 1:colcon.colcon_core.package_identification:_identify(src/zed-ros2-examples/examples) by extensions ['colcon_pkg']
[0.297s] Level 1:colcon.colcon_core.package_identification:_identify(src/zed-ros2-examples/examples) by extension 'colcon_pkg'
[0.297s] Level 1:colcon.colcon_core.package_identification:_identify(src/zed-ros2-examples/examples) by extensions ['colcon_meta']
[0.297s] Level 1:colcon.colcon_core.package_identification:_identify(src/zed-ros2-examples/examples) by extension 'colcon_meta'
[0.297s] Level 1:colcon.colcon_core.package_identification:_identify(src/zed-ros2-examples/examples) by extensions ['ros']
[0.297s] Level 1:colcon.colcon_core.package_identification:_identify(src/zed-ros2-examples/examples) by extension 'ros'
[0.297s] Level 1:colcon.colcon_core.package_identification:_identify(src/zed-ros2-examples/examples) by extensions ['cmake', 'python']
[0.297s] Level 1:colcon.colcon_core.package_identification:_identify(src/zed-ros2-examples/examples) by extension 'cmake'
[0.297s] Level 1:colcon.colcon_core.package_identification:_identify(src/zed-ros2-examples/examples) by extension 'python'
[0.297s] Level 1:colcon.colcon_core.package_identification:_identify(src/zed-ros2-examples/examples) by extensions ['python_setup_py']
[0.297s] Level 1:colcon.colcon_core.package_identification:_identify(src/zed-ros2-examples/examples) by extension 'python_setup_py'
[0.298s] Level 1:colcon.colcon_core.package_identification:_identify(src/zed-ros2-examples/examples/zed_aruco_localization) by extensions ['ignore', 'ignore_ament_install']
[0.298s] Level 1:colcon.colcon_core.package_identification:_identify(src/zed-ros2-examples/examples/zed_aruco_localization) by extension 'ignore'
[0.298s] Level 1:colcon.colcon_core.package_identification:_identify(src/zed-ros2-examples/examples/zed_aruco_localization) by extension 'ignore_ament_install'
[0.298s] Level 1:colcon.colcon_core.package_identification:_identify(src/zed-ros2-examples/examples/zed_aruco_localization) by extensions ['colcon_pkg']
[0.298s] Level 1:colcon.colcon_core.package_identification:_identify(src/zed-ros2-examples/examples/zed_aruco_localization) by extension 'colcon_pkg'
[0.298s] Level 1:colcon.colcon_core.package_identification:_identify(src/zed-ros2-examples/examples/zed_aruco_localization) by extensions ['colcon_meta']
[0.298s] Level 1:colcon.colcon_core.package_identification:_identify(src/zed-ros2-examples/examples/zed_aruco_localization) by extension 'colcon_meta'
[0.298s] Level 1:colcon.colcon_core.package_identification:_identify(src/zed-ros2-examples/examples/zed_aruco_localization) by extensions ['ros']
[0.298s] Level 1:colcon.colcon_core.package_identification:_identify(src/zed-ros2-examples/examples/zed_aruco_localization) by extension 'ros'
[0.298s] DEBUG:colcon.colcon_core.package_identification:Package 'src/zed-ros2-examples/examples/zed_aruco_localization' with type 'ros.ament_cmake' and name 'zed_aruco_localization'
[0.299s] Level 1:colcon.colcon_core.package_identification:_identify(src/zed-ros2-examples/examples/zed_depth_to_laserscan) by extensions ['ignore', 'ignore_ament_install']
[0.299s] Level 1:colcon.colcon_core.package_identification:_identify(src/zed-ros2-examples/examples/zed_depth_to_laserscan) by extension 'ignore'
[0.299s] Level 1:colcon.colcon_core.package_identification:_identify(src/zed-ros2-examples/examples/zed_depth_to_laserscan) by extension 'ignore_ament_install'
[0.299s] Level 1:colcon.colcon_core.package_identification:_identify(src/zed-ros2-examples/examples/zed_depth_to_laserscan) by extensions ['colcon_pkg']
[0.299s] Level 1:colcon.colcon_core.package_identification:_identify(src/zed-ros2-examples/examples/zed_depth_to_laserscan) by extension 'colcon_pkg'
[0.299s] Level 1:colcon.colcon_core.package_identification:_identify(src/zed-ros2-examples/examples/zed_depth_to_laserscan) by extensions ['colcon_meta']
[0.299s] Level 1:colcon.colcon_core.package_identification:_identify(src/zed-ros2-examples/examples/zed_depth_to_laserscan) by extension 'colcon_meta'
[0.299s] Level 1:colcon.colcon_core.package_identification:_identify(src/zed-ros2-examples/examples/zed_depth_to_laserscan) by extensions ['ros']
[0.299s] Level 1:colcon.colcon_core.package_identification:_identify(src/zed-ros2-examples/examples/zed_depth_to_laserscan) by extension 'ros'
[0.300s] DEBUG:colcon.colcon_core.package_identification:Package 'src/zed-ros2-examples/examples/zed_depth_to_laserscan' with type 'ros.ament_cmake' and name 'zed_depth_to_laserscan'
[0.300s] Level 1:colcon.colcon_core.package_identification:_identify(src/zed-ros2-examples/images) by extensions ['ignore', 'ignore_ament_install']
[0.300s] Level 1:colcon.colcon_core.package_identification:_identify(src/zed-ros2-examples/images) by extension 'ignore'
[0.300s] Level 1:colcon.colcon_core.package_identification:_identify(src/zed-ros2-examples/images) by extension 'ignore_ament_install'
[0.300s] Level 1:colcon.colcon_core.package_identification:_identify(src/zed-ros2-examples/images) by extensions ['colcon_pkg']
[0.300s] Level 1:colcon.colcon_core.package_identification:_identify(src/zed-ros2-examples/images) by extension 'colcon_pkg'
[0.300s] Level 1:colcon.colcon_core.package_identification:_identify(src/zed-ros2-examples/images) by extensions ['colcon_meta']
[0.300s] Level 1:colcon.colcon_core.package_identification:_identify(src/zed-ros2-examples/images) by extension 'colcon_meta'
[0.300s] Level 1:colcon.colcon_core.package_identification:_identify(src/zed-ros2-examples/images) by extensions ['ros']
[0.300s] Level 1:colcon.colcon_core.package_identification:_identify(src/zed-ros2-examples/images) by extension 'ros'
[0.300s] Level 1:colcon.colcon_core.package_identification:_identify(src/zed-ros2-examples/images) by extensions ['cmake', 'python']
[0.300s] Level 1:colcon.colcon_core.package_identification:_identify(src/zed-ros2-examples/images) by extension 'cmake'
[0.300s] Level 1:colcon.colcon_core.package_identification:_identify(src/zed-ros2-examples/images) by extension 'python'
[0.300s] Level 1:colcon.colcon_core.package_identification:_identify(src/zed-ros2-examples/images) by extensions ['python_setup_py']
[0.300s] Level 1:colcon.colcon_core.package_identification:_identify(src/zed-ros2-examples/images) by extension 'python_setup_py'
[0.300s] Level 1:colcon.colcon_core.package_identification:_identify(src/zed-ros2-examples/rviz-plugin-zed-od) by extensions ['ignore', 'ignore_ament_install']
[0.300s] Level 1:colcon.colcon_core.package_identification:_identify(src/zed-ros2-examples/rviz-plugin-zed-od) by extension 'ignore'
[0.300s] Level 1:colcon.colcon_core.package_identification:_identify(src/zed-ros2-examples/rviz-plugin-zed-od) by extension 'ignore_ament_install'
[0.300s] Level 1:colcon.colcon_core.package_identification:_identify(src/zed-ros2-examples/rviz-plugin-zed-od) by extensions ['colcon_pkg']
[0.300s] Level 1:colcon.colcon_core.package_identification:_identify(src/zed-ros2-examples/rviz-plugin-zed-od) by extension 'colcon_pkg'
[0.301s] Level 1:colcon.colcon_core.package_identification:_identify(src/zed-ros2-examples/rviz-plugin-zed-od) by extensions ['colcon_meta']
[0.301s] Level 1:colcon.colcon_core.package_identification:_identify(src/zed-ros2-examples/rviz-plugin-zed-od) by extension 'colcon_meta'
[0.301s] Level 1:colcon.colcon_core.package_identification:_identify(src/zed-ros2-examples/rviz-plugin-zed-od) by extensions ['ros']
[0.301s] Level 1:colcon.colcon_core.package_identification:_identify(src/zed-ros2-examples/rviz-plugin-zed-od) by extension 'ros'
[0.301s] DEBUG:colcon.colcon_core.package_identification:Package 'src/zed-ros2-examples/rviz-plugin-zed-od' with type 'ros.ament_cmake' and name 'rviz_plugin_zed_od'
[0.301s] Level 1:colcon.colcon_core.package_identification:_identify(src/zed-ros2-examples/tools) by extensions ['ignore', 'ignore_ament_install']
[0.301s] Level 1:colcon.colcon_core.package_identification:_identify(src/zed-ros2-examples/tools) by extension 'ignore'
[0.301s] Level 1:colcon.colcon_core.package_identification:_identify(src/zed-ros2-examples/tools) by extension 'ignore_ament_install'
[0.301s] Level 1:colcon.colcon_core.package_identification:_identify(src/zed-ros2-examples/tools) by extensions ['colcon_pkg']
[0.301s] Level 1:colcon.colcon_core.package_identification:_identify(src/zed-ros2-examples/tools) by extension 'colcon_pkg'
[0.301s] Level 1:colcon.colcon_core.package_identification:_identify(src/zed-ros2-examples/tools) by extensions ['colcon_meta']
[0.301s] Level 1:colcon.colcon_core.package_identification:_identify(src/zed-ros2-examples/tools) by extension 'colcon_meta'
[0.302s] Level 1:colcon.colcon_core.package_identification:_identify(src/zed-ros2-examples/tools) by extensions ['ros']
[0.302s] Level 1:colcon.colcon_core.package_identification:_identify(src/zed-ros2-examples/tools) by extension 'ros'
[0.302s] Level 1:colcon.colcon_core.package_identification:_identify(src/zed-ros2-examples/tools) by extensions ['cmake', 'python']
[0.302s] Level 1:colcon.colcon_core.package_identification:_identify(src/zed-ros2-examples/tools) by extension 'cmake'
[0.302s] Level 1:colcon.colcon_core.package_identification:_identify(src/zed-ros2-examples/tools) by extension 'python'
[0.302s] Level 1:colcon.colcon_core.package_identification:_identify(src/zed-ros2-examples/tools) by extensions ['python_setup_py']
[0.302s] Level 1:colcon.colcon_core.package_identification:_identify(src/zed-ros2-examples/tools) by extension 'python_setup_py'
[0.302s] Level 1:colcon.colcon_core.package_identification:_identify(src/zed-ros2-examples/tools/zed_benchmark) by extensions ['ignore', 'ignore_ament_install']
[0.302s] Level 1:colcon.colcon_core.package_identification:_identify(src/zed-ros2-examples/tools/zed_benchmark) by extension 'ignore'
[0.302s] Level 1:colcon.colcon_core.package_identification:_identify(src/zed-ros2-examples/tools/zed_benchmark) by extension 'ignore_ament_install'
[0.302s] Level 1:colcon.colcon_core.package_identification:_identify(src/zed-ros2-examples/tools/zed_benchmark) by extensions ['colcon_pkg']
[0.302s] Level 1:colcon.colcon_core.package_identification:_identify(src/zed-ros2-examples/tools/zed_benchmark) by extension 'colcon_pkg'
[0.302s] Level 1:colcon.colcon_core.package_identification:_identify(src/zed-ros2-examples/tools/zed_benchmark) by extensions ['colcon_meta']
[0.302s] Level 1:colcon.colcon_core.package_identification:_identify(src/zed-ros2-examples/tools/zed_benchmark) by extension 'colcon_meta'
[0.302s] Level 1:colcon.colcon_core.package_identification:_identify(src/zed-ros2-examples/tools/zed_benchmark) by extensions ['ros']
[0.302s] Level 1:colcon.colcon_core.package_identification:_identify(src/zed-ros2-examples/tools/zed_benchmark) by extension 'ros'
[0.303s] DEBUG:colcon.colcon_core.package_identification:Package 'src/zed-ros2-examples/tools/zed_benchmark' with type 'ros.ament_cmake' and name 'zed_topic_benchmark'
[0.303s] Level 1:colcon.colcon_core.package_identification:_identify(src/zed-ros2-examples/tools/zed_benchmark_component) by extensions ['ignore', 'ignore_ament_install']
[0.303s] Level 1:colcon.colcon_core.package_identification:_identify(src/zed-ros2-examples/tools/zed_benchmark_component) by extension 'ignore'
[0.303s] Level 1:colcon.colcon_core.package_identification:_identify(src/zed-ros2-examples/tools/zed_benchmark_component) by extension 'ignore_ament_install'
[0.303s] Level 1:colcon.colcon_core.package_identification:_identify(src/zed-ros2-examples/tools/zed_benchmark_component) by extensions ['colcon_pkg']
[0.303s] Level 1:colcon.colcon_core.package_identification:_identify(src/zed-ros2-examples/tools/zed_benchmark_component) by extension 'colcon_pkg'
[0.303s] Level 1:colcon.colcon_core.package_identification:_identify(src/zed-ros2-examples/tools/zed_benchmark_component) by extensions ['colcon_meta']
[0.303s] Level 1:colcon.colcon_core.package_identification:_identify(src/zed-ros2-examples/tools/zed_benchmark_component) by extension 'colcon_meta'
[0.303s] Level 1:colcon.colcon_core.package_identification:_identify(src/zed-ros2-examples/tools/zed_benchmark_component) by extensions ['ros']
[0.303s] Level 1:colcon.colcon_core.package_identification:_identify(src/zed-ros2-examples/tools/zed_benchmark_component) by extension 'ros'
[0.303s] DEBUG:colcon.colcon_core.package_identification:Package 'src/zed-ros2-examples/tools/zed_benchmark_component' with type 'ros.ament_cmake' and name 'zed_topic_benchmark_component'
[0.304s] Level 1:colcon.colcon_core.package_identification:_identify(src/zed-ros2-examples/tools/zed_benchmark_interfaces) by extensions ['ignore', 'ignore_ament_install']
[0.304s] Level 1:colcon.colcon_core.package_identification:_identify(src/zed-ros2-examples/tools/zed_benchmark_interfaces) by extension 'ignore'
[0.304s] Level 1:colcon.colcon_core.package_identification:_identify(src/zed-ros2-examples/tools/zed_benchmark_interfaces) by extension 'ignore_ament_install'
[0.304s] Level 1:colcon.colcon_core.package_identification:_identify(src/zed-ros2-examples/tools/zed_benchmark_interfaces) by extensions ['colcon_pkg']
[0.304s] Level 1:colcon.colcon_core.package_identification:_identify(src/zed-ros2-examples/tools/zed_benchmark_interfaces) by extension 'colcon_pkg'
[0.304s] Level 1:colcon.colcon_core.package_identification:_identify(src/zed-ros2-examples/tools/zed_benchmark_interfaces) by extensions ['colcon_meta']
[0.304s] Level 1:colcon.colcon_core.package_identification:_identify(src/zed-ros2-examples/tools/zed_benchmark_interfaces) by extension 'colcon_meta'
[0.304s] Level 1:colcon.colcon_core.package_identification:_identify(src/zed-ros2-examples/tools/zed_benchmark_interfaces) by extensions ['ros']
[0.304s] Level 1:colcon.colcon_core.package_identification:_identify(src/zed-ros2-examples/tools/zed_benchmark_interfaces) by extension 'ros'
[0.304s] DEBUG:colcon.colcon_core.package_identification:Package 'src/zed-ros2-examples/tools/zed_benchmark_interfaces' with type 'ros.ament_cmake' and name 'zed_topic_benchmark_interfaces'
[0.304s] Level 1:colcon.colcon_core.package_identification:_identify(src/zed-ros2-examples/tutorials) by extensions ['ignore', 'ignore_ament_install']
[0.305s] Level 1:colcon.colcon_core.package_identification:_identify(src/zed-ros2-examples/tutorials) by extension 'ignore'
[0.305s] Level 1:colcon.colcon_core.package_identification:_identify(src/zed-ros2-examples/tutorials) by extension 'ignore_ament_install'
[0.305s] Level 1:colcon.colcon_core.package_identification:_identify(src/zed-ros2-examples/tutorials) by extensions ['colcon_pkg']
[0.305s] Level 1:colcon.colcon_core.package_identification:_identify(src/zed-ros2-examples/tutorials) by extension 'colcon_pkg'
[0.305s] Level 1:colcon.colcon_core.package_identification:_identify(src/zed-ros2-examples/tutorials) by extensions ['colcon_meta']
[0.305s] Level 1:colcon.colcon_core.package_identification:_identify(src/zed-ros2-examples/tutorials) by extension 'colcon_meta'
[0.305s] Level 1:colcon.colcon_core.package_identification:_identify(src/zed-ros2-examples/tutorials) by extensions ['ros']
[0.305s] Level 1:colcon.colcon_core.package_identification:_identify(src/zed-ros2-examples/tutorials) by extension 'ros'
[0.305s] Level 1:colcon.colcon_core.package_identification:_identify(src/zed-ros2-examples/tutorials) by extensions ['cmake', 'python']
[0.305s] Level 1:colcon.colcon_core.package_identification:_identify(src/zed-ros2-examples/tutorials) by extension 'cmake'
[0.305s] Level 1:colcon.colcon_core.package_identification:_identify(src/zed-ros2-examples/tutorials) by extension 'python'
[0.305s] Level 1:colcon.colcon_core.package_identification:_identify(src/zed-ros2-examples/tutorials) by extensions ['python_setup_py']
[0.305s] Level 1:colcon.colcon_core.package_identification:_identify(src/zed-ros2-examples/tutorials) by extension 'python_setup_py'
[0.305s] Level 1:colcon.colcon_core.package_identification:_identify(src/zed-ros2-examples/tutorials/zed_depth_tutorial) by extensions ['ignore', 'ignore_ament_install']
[0.305s] Level 1:colcon.colcon_core.package_identification:_identify(src/zed-ros2-examples/tutorials/zed_depth_tutorial) by extension 'ignore'
[0.305s] Level 1:colcon.colcon_core.package_identification:_identify(src/zed-ros2-examples/tutorials/zed_depth_tutorial) by extension 'ignore_ament_install'
[0.305s] Level 1:colcon.colcon_core.package_identification:_identify(src/zed-ros2-examples/tutorials/zed_depth_tutorial) by extensions ['colcon_pkg']
[0.305s] Level 1:colcon.colcon_core.package_identification:_identify(src/zed-ros2-examples/tutorials/zed_depth_tutorial) by extension 'colcon_pkg'
[0.305s] Level 1:colcon.colcon_core.package_identification:_identify(src/zed-ros2-examples/tutorials/zed_depth_tutorial) by extensions ['colcon_meta']
[0.305s] Level 1:colcon.colcon_core.package_identification:_identify(src/zed-ros2-examples/tutorials/zed_depth_tutorial) by extension 'colcon_meta'
[0.305s] Level 1:colcon.colcon_core.package_identification:_identify(src/zed-ros2-examples/tutorials/zed_depth_tutorial) by extensions ['ros']
[0.305s] Level 1:colcon.colcon_core.package_identification:_identify(src/zed-ros2-examples/tutorials/zed_depth_tutorial) by extension 'ros'
[0.306s] DEBUG:colcon.colcon_core.package_identification:Package 'src/zed-ros2-examples/tutorials/zed_depth_tutorial' with type 'ros.ament_cmake' and name 'zed_tutorial_depth'
[0.306s] Level 1:colcon.colcon_core.package_identification:_identify(src/zed-ros2-examples/tutorials/zed_ipc) by extensions ['ignore', 'ignore_ament_install']
[0.306s] Level 1:colcon.colcon_core.package_identification:_identify(src/zed-ros2-examples/tutorials/zed_ipc) by extension 'ignore'
[0.306s] Level 1:colcon.colcon_core.package_identification:_identify(src/zed-ros2-examples/tutorials/zed_ipc) by extension 'ignore_ament_install'
[0.306s] Level 1:colcon.colcon_core.package_identification:_identify(src/zed-ros2-examples/tutorials/zed_ipc) by extensions ['colcon_pkg']
[0.306s] Level 1:colcon.colcon_core.package_identification:_identify(src/zed-ros2-examples/tutorials/zed_ipc) by extension 'colcon_pkg'
[0.306s] Level 1:colcon.colcon_core.package_identification:_identify(src/zed-ros2-examples/tutorials/zed_ipc) by extensions ['colcon_meta']
[0.306s] Level 1:colcon.colcon_core.package_identification:_identify(src/zed-ros2-examples/tutorials/zed_ipc) by extension 'colcon_meta'
[0.306s] Level 1:colcon.colcon_core.package_identification:_identify(src/zed-ros2-examples/tutorials/zed_ipc) by extensions ['ros']
[0.306s] Level 1:colcon.colcon_core.package_identification:_identify(src/zed-ros2-examples/tutorials/zed_ipc) by extension 'ros'
[0.307s] DEBUG:colcon.colcon_core.package_identification:Package 'src/zed-ros2-examples/tutorials/zed_ipc' with type 'ros.ament_cmake' and name 'zed_ipc'
[0.307s] Level 1:colcon.colcon_core.package_identification:_identify(src/zed-ros2-examples/tutorials/zed_multi_camera) by extensions ['ignore', 'ignore_ament_install']
[0.307s] Level 1:colcon.colcon_core.package_identification:_identify(src/zed-ros2-examples/tutorials/zed_multi_camera) by extension 'ignore'
[0.307s] Level 1:colcon.colcon_core.package_identification:_identify(src/zed-ros2-examples/tutorials/zed_multi_camera) by extension 'ignore_ament_install'
[0.307s] Level 1:colcon.colcon_core.package_identification:_identify(src/zed-ros2-examples/tutorials/zed_multi_camera) by extensions ['colcon_pkg']
[0.307s] Level 1:colcon.colcon_core.package_identification:_identify(src/zed-ros2-examples/tutorials/zed_multi_camera) by extension 'colcon_pkg'
[0.307s] Level 1:colcon.colcon_core.package_identification:_identify(src/zed-ros2-examples/tutorials/zed_multi_camera) by extensions ['colcon_meta']
[0.307s] Level 1:colcon.colcon_core.package_identification:_identify(src/zed-ros2-examples/tutorials/zed_multi_camera) by extension 'colcon_meta'
[0.307s] Level 1:colcon.colcon_core.package_identification:_identify(src/zed-ros2-examples/tutorials/zed_multi_camera) by extensions ['ros']
[0.307s] Level 1:colcon.colcon_core.package_identification:_identify(src/zed-ros2-examples/tutorials/zed_multi_camera) by extension 'ros'
[0.308s] DEBUG:colcon.colcon_core.package_identification:Package 'src/zed-ros2-examples/tutorials/zed_multi_camera' with type 'ros.ament_cmake' and name 'zed_multi_camera'
[0.308s] Level 1:colcon.colcon_core.package_identification:_identify(src/zed-ros2-examples/tutorials/zed_pose_tutorial) by extensions ['ignore', 'ignore_ament_install']
[0.308s] Level 1:colcon.colcon_core.package_identification:_identify(src/zed-ros2-examples/tutorials/zed_pose_tutorial) by extension 'ignore'
[0.308s] Level 1:colcon.colcon_core.package_identification:_identify(src/zed-ros2-examples/tutorials/zed_pose_tutorial) by extension 'ignore_ament_install'
[0.308s] Level 1:colcon.colcon_core.package_identification:_identify(src/zed-ros2-examples/tutorials/zed_pose_tutorial) by extensions ['colcon_pkg']
[0.308s] Level 1:colcon.colcon_core.package_identification:_identify(src/zed-ros2-examples/tutorials/zed_pose_tutorial) by extension 'colcon_pkg'
[0.308s] Level 1:colcon.colcon_core.package_identification:_identify(src/zed-ros2-examples/tutorials/zed_pose_tutorial) by extensions ['colcon_meta']
[0.308s] Level 1:colcon.colcon_core.package_identification:_identify(src/zed-ros2-examples/tutorials/zed_pose_tutorial) by extension 'colcon_meta'
[0.308s] Level 1:colcon.colcon_core.package_identification:_identify(src/zed-ros2-examples/tutorials/zed_pose_tutorial) by extensions ['ros']
[0.308s] Level 1:colcon.colcon_core.package_identification:_identify(src/zed-ros2-examples/tutorials/zed_pose_tutorial) by extension 'ros'
[0.309s] DEBUG:colcon.colcon_core.package_identification:Package 'src/zed-ros2-examples/tutorials/zed_pose_tutorial' with type 'ros.ament_cmake' and name 'zed_tutorial_pos_tracking'
[0.309s] Level 1:colcon.colcon_core.package_identification:_identify(src/zed-ros2-examples/tutorials/zed_rgb_convert) by extensions ['ignore', 'ignore_ament_install']
[0.309s] Level 1:colcon.colcon_core.package_identification:_identify(src/zed-ros2-examples/tutorials/zed_rgb_convert) by extension 'ignore'
[0.309s] Level 1:colcon.colcon_core.package_identification:_identify(src/zed-ros2-examples/tutorials/zed_rgb_convert) by extension 'ignore_ament_install'
[0.309s] Level 1:colcon.colcon_core.package_identification:_identify(src/zed-ros2-examples/tutorials/zed_rgb_convert) by extensions ['colcon_pkg']
[0.309s] Level 1:colcon.colcon_core.package_identification:_identify(src/zed-ros2-examples/tutorials/zed_rgb_convert) by extension 'colcon_pkg'
[0.309s] Level 1:colcon.colcon_core.package_identification:_identify(src/zed-ros2-examples/tutorials/zed_rgb_convert) by extensions ['colcon_meta']
[0.309s] Level 1:colcon.colcon_core.package_identification:_identify(src/zed-ros2-examples/tutorials/zed_rgb_convert) by extension 'colcon_meta'
[0.309s] Level 1:colcon.colcon_core.package_identification:_identify(src/zed-ros2-examples/tutorials/zed_rgb_convert) by extensions ['ros']
[0.309s] Level 1:colcon.colcon_core.package_identification:_identify(src/zed-ros2-examples/tutorials/zed_rgb_convert) by extension 'ros'
[0.310s] DEBUG:colcon.colcon_core.package_identification:Package 'src/zed-ros2-examples/tutorials/zed_rgb_convert' with type 'ros.ament_cmake' and name 'zed_rgb_convert'
[0.310s] Level 1:colcon.colcon_core.package_identification:_identify(src/zed-ros2-examples/tutorials/zed_robot_integration) by extensions ['ignore', 'ignore_ament_install']
[0.310s] Level 1:colcon.colcon_core.package_identification:_identify(src/zed-ros2-examples/tutorials/zed_robot_integration) by extension 'ignore'
[0.310s] Level 1:colcon.colcon_core.package_identification:_identify(src/zed-ros2-examples/tutorials/zed_robot_integration) by extension 'ignore_ament_install'
[0.310s] Level 1:colcon.colcon_core.package_identification:_identify(src/zed-ros2-examples/tutorials/zed_robot_integration) by extensions ['colcon_pkg']
[0.310s] Level 1:colcon.colcon_core.package_identification:_identify(src/zed-ros2-examples/tutorials/zed_robot_integration) by extension 'colcon_pkg'
[0.310s] Level 1:colcon.colcon_core.package_identification:_identify(src/zed-ros2-examples/tutorials/zed_robot_integration) by extensions ['colcon_meta']
[0.310s] Level 1:colcon.colcon_core.package_identification:_identify(src/zed-ros2-examples/tutorials/zed_robot_integration) by extension 'colcon_meta'
[0.310s] Level 1:colcon.colcon_core.package_identification:_identify(src/zed-ros2-examples/tutorials/zed_robot_integration) by extensions ['ros']
[0.310s] Level 1:colcon.colcon_core.package_identification:_identify(src/zed-ros2-examples/tutorials/zed_robot_integration) by extension 'ros'
[0.311s] DEBUG:colcon.colcon_core.package_identification:Package 'src/zed-ros2-examples/tutorials/zed_robot_integration' with type 'ros.ament_cmake' and name 'zed_robot_integration'
[0.311s] Level 1:colcon.colcon_core.package_identification:_identify(src/zed-ros2-examples/tutorials/zed_video_tutorial) by extensions ['ignore', 'ignore_ament_install']
[0.311s] Level 1:colcon.colcon_core.package_identification:_identify(src/zed-ros2-examples/tutorials/zed_video_tutorial) by extension 'ignore'
[0.311s] Level 1:colcon.colcon_core.package_identification:_identify(src/zed-ros2-examples/tutorials/zed_video_tutorial) by extension 'ignore_ament_install'
[0.311s] Level 1:colcon.colcon_core.package_identification:_identify(src/zed-ros2-examples/tutorials/zed_video_tutorial) by extensions ['colcon_pkg']
[0.311s] Level 1:colcon.colcon_core.package_identification:_identify(src/zed-ros2-examples/tutorials/zed_video_tutorial) by extension 'colcon_pkg'
[0.311s] Level 1:colcon.colcon_core.package_identification:_identify(src/zed-ros2-examples/tutorials/zed_video_tutorial) by extensions ['colcon_meta']
[0.311s] Level 1:colcon.colcon_core.package_identification:_identify(src/zed-ros2-examples/tutorials/zed_video_tutorial) by extension 'colcon_meta'
[0.311s] Level 1:colcon.colcon_core.package_identification:_identify(src/zed-ros2-examples/tutorials/zed_video_tutorial) by extensions ['ros']
[0.311s] Level 1:colcon.colcon_core.package_identification:_identify(src/zed-ros2-examples/tutorials/zed_video_tutorial) by extension 'ros'
[0.312s] DEBUG:colcon.colcon_core.package_identification:Package 'src/zed-ros2-examples/tutorials/zed_video_tutorial' with type 'ros.ament_cmake' and name 'zed_tutorial_video'
[0.312s] Level 1:colcon.colcon_core.package_identification:_identify(src/zed-ros2-examples/zed_display_rviz2) by extensions ['ignore', 'ignore_ament_install']
[0.312s] Level 1:colcon.colcon_core.package_identification:_identify(src/zed-ros2-examples/zed_display_rviz2) by extension 'ignore'
[0.312s] Level 1:colcon.colcon_core.package_identification:_identify(src/zed-ros2-examples/zed_display_rviz2) by extension 'ignore_ament_install'
[0.312s] Level 1:colcon.colcon_core.package_identification:_identify(src/zed-ros2-examples/zed_display_rviz2) by extensions ['colcon_pkg']
[0.312s] Level 1:colcon.colcon_core.package_identification:_identify(src/zed-ros2-examples/zed_display_rviz2) by extension 'colcon_pkg'
[0.312s] Level 1:colcon.colcon_core.package_identification:_identify(src/zed-ros2-examples/zed_display_rviz2) by extensions ['colcon_meta']
[0.312s] Level 1:colcon.colcon_core.package_identification:_identify(src/zed-ros2-examples/zed_display_rviz2) by extension 'colcon_meta'
[0.312s] Level 1:colcon.colcon_core.package_identification:_identify(src/zed-ros2-examples/zed_display_rviz2) by extensions ['ros']
[0.312s] Level 1:colcon.colcon_core.package_identification:_identify(src/zed-ros2-examples/zed_display_rviz2) by extension 'ros'
[0.312s] DEBUG:colcon.colcon_core.package_identification:Package 'src/zed-ros2-examples/zed_display_rviz2' with type 'ros.ament_cmake' and name 'zed_display_rviz2'
[0.313s] Level 1:colcon.colcon_core.package_identification:_identify(src/zed-ros2-wrapper) by extensions ['ignore', 'ignore_ament_install']
[0.313s] Level 1:colcon.colcon_core.package_identification:_identify(src/zed-ros2-wrapper) by extension 'ignore'
[0.313s] Level 1:colcon.colcon_core.package_identification:_identify(src/zed-ros2-wrapper) by extension 'ignore_ament_install'
[0.313s] Level 1:colcon.colcon_core.package_identification:_identify(src/zed-ros2-wrapper) by extensions ['colcon_pkg']
[0.313s] Level 1:colcon.colcon_core.package_identification:_identify(src/zed-ros2-wrapper) by extension 'colcon_pkg'
[0.313s] Level 1:colcon.colcon_core.package_identification:_identify(src/zed-ros2-wrapper) by extensions ['colcon_meta']
[0.313s] Level 1:colcon.colcon_core.package_identification:_identify(src/zed-ros2-wrapper) by extension 'colcon_meta'
[0.313s] Level 1:colcon.colcon_core.package_identification:_identify(src/zed-ros2-wrapper) by extensions ['ros']
[0.313s] Level 1:colcon.colcon_core.package_identification:_identify(src/zed-ros2-wrapper) by extension 'ros'
[0.313s] Level 1:colcon.colcon_core.package_identification:_identify(src/zed-ros2-wrapper) by extensions ['cmake', 'python']
[0.313s] Level 1:colcon.colcon_core.package_identification:_identify(src/zed-ros2-wrapper) by extension 'cmake'
[0.313s] Level 1:colcon.colcon_core.package_identification:_identify(src/zed-ros2-wrapper) by extension 'python'
[0.313s] Level 1:colcon.colcon_core.package_identification:_identify(src/zed-ros2-wrapper) by extensions ['python_setup_py']
[0.313s] Level 1:colcon.colcon_core.package_identification:_identify(src/zed-ros2-wrapper) by extension 'python_setup_py'
[0.313s] Level 1:colcon.colcon_core.package_identification:_identify(src/zed-ros2-wrapper/docker) by extensions ['ignore', 'ignore_ament_install']
[0.313s] Level 1:colcon.colcon_core.package_identification:_identify(src/zed-ros2-wrapper/docker) by extension 'ignore'
[0.313s] Level 1:colcon.colcon_core.package_identification:_identify(src/zed-ros2-wrapper/docker) by extension 'ignore_ament_install'
[0.313s] Level 1:colcon.colcon_core.package_identification:_identify(src/zed-ros2-wrapper/docker) by extensions ['colcon_pkg']
[0.313s] Level 1:colcon.colcon_core.package_identification:_identify(src/zed-ros2-wrapper/docker) by extension 'colcon_pkg'
[0.313s] Level 1:colcon.colcon_core.package_identification:_identify(src/zed-ros2-wrapper/docker) by extensions ['colcon_meta']
[0.313s] Level 1:colcon.colcon_core.package_identification:_identify(src/zed-ros2-wrapper/docker) by extension 'colcon_meta'
[0.313s] Level 1:colcon.colcon_core.package_identification:_identify(src/zed-ros2-wrapper/docker) by extensions ['ros']
[0.313s] Level 1:colcon.colcon_core.package_identification:_identify(src/zed-ros2-wrapper/docker) by extension 'ros'
[0.313s] Level 1:colcon.colcon_core.package_identification:_identify(src/zed-ros2-wrapper/docker) by extensions ['cmake', 'python']
[0.313s] Level 1:colcon.colcon_core.package_identification:_identify(src/zed-ros2-wrapper/docker) by extension 'cmake'
[0.314s] Level 1:colcon.colcon_core.package_identification:_identify(src/zed-ros2-wrapper/docker) by extension 'python'
[0.314s] Level 1:colcon.colcon_core.package_identification:_identify(src/zed-ros2-wrapper/docker) by extensions ['python_setup_py']
[0.314s] Level 1:colcon.colcon_core.package_identification:_identify(src/zed-ros2-wrapper/docker) by extension 'python_setup_py'
[0.314s] Level 1:colcon.colcon_core.package_identification:_identify(src/zed-ros2-wrapper/images) by extensions ['ignore', 'ignore_ament_install']
[0.314s] Level 1:colcon.colcon_core.package_identification:_identify(src/zed-ros2-wrapper/images) by extension 'ignore'
[0.314s] Level 1:colcon.colcon_core.package_identification:_identify(src/zed-ros2-wrapper/images) by extension 'ignore_ament_install'
[0.314s] Level 1:colcon.colcon_core.package_identification:_identify(src/zed-ros2-wrapper/images) by extensions ['colcon_pkg']
[0.314s] Level 1:colcon.colcon_core.package_identification:_identify(src/zed-ros2-wrapper/images) by extension 'colcon_pkg'
[0.314s] Level 1:colcon.colcon_core.package_identification:_identify(src/zed-ros2-wrapper/images) by extensions ['colcon_meta']
[0.314s] Level 1:colcon.colcon_core.package_identification:_identify(src/zed-ros2-wrapper/images) by extension 'colcon_meta'
[0.314s] Level 1:colcon.colcon_core.package_identification:_identify(src/zed-ros2-wrapper/images) by extensions ['ros']
[0.314s] Level 1:colcon.colcon_core.package_identification:_identify(src/zed-ros2-wrapper/images) by extension 'ros'
[0.314s] Level 1:colcon.colcon_core.package_identification:_identify(src/zed-ros2-wrapper/images) by extensions ['cmake', 'python']
[0.314s] Level 1:colcon.colcon_core.package_identification:_identify(src/zed-ros2-wrapper/images) by extension 'cmake'
[0.314s] Level 1:colcon.colcon_core.package_identification:_identify(src/zed-ros2-wrapper/images) by extension 'python'
[0.314s] Level 1:colcon.colcon_core.package_identification:_identify(src/zed-ros2-wrapper/images) by extensions ['python_setup_py']
[0.314s] Level 1:colcon.colcon_core.package_identification:_identify(src/zed-ros2-wrapper/images) by extension 'python_setup_py'
[0.314s] Level 1:colcon.colcon_core.package_identification:_identify(src/zed-ros2-wrapper/zed_components) by extensions ['ignore', 'ignore_ament_install']
[0.314s] Level 1:colcon.colcon_core.package_identification:_identify(src/zed-ros2-wrapper/zed_components) by extension 'ignore'
[0.314s] Level 1:colcon.colcon_core.package_identification:_identify(src/zed-ros2-wrapper/zed_components) by extension 'ignore_ament_install'
[0.314s] Level 1:colcon.colcon_core.package_identification:_identify(src/zed-ros2-wrapper/zed_components) by extensions ['colcon_pkg']
[0.314s] Level 1:colcon.colcon_core.package_identification:_identify(src/zed-ros2-wrapper/zed_components) by extension 'colcon_pkg'
[0.314s] Level 1:colcon.colcon_core.package_identification:_identify(src/zed-ros2-wrapper/zed_components) by extensions ['colcon_meta']
[0.314s] Level 1:colcon.colcon_core.package_identification:_identify(src/zed-ros2-wrapper/zed_components) by extension 'colcon_meta'
[0.315s] Level 1:colcon.colcon_core.package_identification:_identify(src/zed-ros2-wrapper/zed_components) by extensions ['ros']
[0.315s] Level 1:colcon.colcon_core.package_identification:_identify(src/zed-ros2-wrapper/zed_components) by extension 'ros'
[0.315s] DEBUG:colcon.colcon_core.package_identification:Package 'src/zed-ros2-wrapper/zed_components' with type 'ros.ament_cmake' and name 'zed_components'
[0.316s] Level 1:colcon.colcon_core.package_identification:_identify(src/zed-ros2-wrapper/zed_ros2) by extensions ['ignore', 'ignore_ament_install']
[0.316s] Level 1:colcon.colcon_core.package_identification:_identify(src/zed-ros2-wrapper/zed_ros2) by extension 'ignore'
[0.316s] Level 1:colcon.colcon_core.package_identification:_identify(src/zed-ros2-wrapper/zed_ros2) by extension 'ignore_ament_install'
[0.316s] Level 1:colcon.colcon_core.package_identification:_identify(src/zed-ros2-wrapper/zed_ros2) by extensions ['colcon_pkg']
[0.316s] Level 1:colcon.colcon_core.package_identification:_identify(src/zed-ros2-wrapper/zed_ros2) by extension 'colcon_pkg'
[0.316s] Level 1:colcon.colcon_core.package_identification:_identify(src/zed-ros2-wrapper/zed_ros2) by extensions ['colcon_meta']
[0.316s] Level 1:colcon.colcon_core.package_identification:_identify(src/zed-ros2-wrapper/zed_ros2) by extension 'colcon_meta'
[0.316s] Level 1:colcon.colcon_core.package_identification:_identify(src/zed-ros2-wrapper/zed_ros2) by extensions ['ros']
[0.316s] Level 1:colcon.colcon_core.package_identification:_identify(src/zed-ros2-wrapper/zed_ros2) by extension 'ros'
[0.316s] DEBUG:colcon.colcon_core.package_identification:Package 'src/zed-ros2-wrapper/zed_ros2' with type 'ros.ament_cmake' and name 'zed_ros2'
[0.316s] Level 1:colcon.colcon_core.package_identification:_identify(src/zed-ros2-wrapper/zed_wrapper) by extensions ['ignore', 'ignore_ament_install']
[0.317s] Level 1:colcon.colcon_core.package_identification:_identify(src/zed-ros2-wrapper/zed_wrapper) by extension 'ignore'
[0.317s] Level 1:colcon.colcon_core.package_identification:_identify(src/zed-ros2-wrapper/zed_wrapper) by extension 'ignore_ament_install'
[0.317s] Level 1:colcon.colcon_core.package_identification:_identify(src/zed-ros2-wrapper/zed_wrapper) by extensions ['colcon_pkg']
[0.317s] Level 1:colcon.colcon_core.package_identification:_identify(src/zed-ros2-wrapper/zed_wrapper) by extension 'colcon_pkg'
[0.317s] Level 1:colcon.colcon_core.package_identification:_identify(src/zed-ros2-wrapper/zed_wrapper) by extensions ['colcon_meta']
[0.317s] Level 1:colcon.colcon_core.package_identification:_identify(src/zed-ros2-wrapper/zed_wrapper) by extension 'colcon_meta'
[0.317s] Level 1:colcon.colcon_core.package_identification:_identify(src/zed-ros2-wrapper/zed_wrapper) by extensions ['ros']
[0.317s] Level 1:colcon.colcon_core.package_identification:_identify(src/zed-ros2-wrapper/zed_wrapper) by extension 'ros'
[0.318s] DEBUG:colcon.colcon_core.package_identification:Package 'src/zed-ros2-wrapper/zed_wrapper' with type 'ros.ament_cmake' and name 'zed_wrapper'
[0.318s] Level 1:colcon.colcon_core.package_discovery:discover_packages(recursive) using defaults
[0.318s] Level 1:colcon.colcon_core.package_discovery:discover_packages(ignore) discover
[0.318s] Level 1:colcon.colcon_core.package_discovery:discover_packages(ignore) using defaults
[0.318s] Level 1:colcon.colcon_core.package_discovery:discover_packages(path) discover
[0.318s] Level 1:colcon.colcon_core.package_discovery:discover_packages(path) using defaults
[0.339s] Level 1:colcon.colcon_core.package_discovery:discover_packages(prefix_path) check parameters
[0.339s] Level 1:colcon.colcon_core.package_discovery:discover_packages(prefix_path) discover
[0.342s] DEBUG:colcon.colcon_installed_package_information.package_discovery:Found 29 installed packages in /home/men3m/Naima/install
[0.344s] DEBUG:colcon.colcon_installed_package_information.package_discovery:Found 437 installed packages in /opt/ros/humble
[0.346s] Level 1:colcon.colcon_core.package_discovery:discover_packages(prefix_path) using defaults
[0.386s] Level 5:colcon.colcon_core.verb:set package 'naima' build argument 'cmake_args' from command line to 'None'
[0.386s] Level 5:colcon.colcon_core.verb:set package 'naima' build argument 'cmake_target' from command line to 'None'
[0.386s] Level 5:colcon.colcon_core.verb:set package 'naima' build argument 'cmake_target_skip_unavailable' from command line to 'False'
[0.386s] Level 5:colcon.colcon_core.verb:set package 'naima' build argument 'cmake_clean_cache' from command line to 'False'
[0.386s] Level 5:colcon.colcon_core.verb:set package 'naima' build argument 'cmake_clean_first' from command line to 'False'
[0.386s] Level 5:colcon.colcon_core.verb:set package 'naima' build argument 'cmake_force_configure' from command line to 'False'
[0.386s] Level 5:colcon.colcon_core.verb:set package 'naima' build argument 'ament_cmake_args' from command line to 'None'
[0.386s] Level 5:colcon.colcon_core.verb:set package 'naima' build argument 'catkin_cmake_args' from command line to 'None'
[0.386s] Level 5:colcon.colcon_core.verb:set package 'naima' build argument 'catkin_skip_building_tests' from command line to 'False'
[0.387s] DEBUG:colcon.colcon_core.verb:Building package 'naima' with the following arguments: {'ament_cmake_args': None, 'build_base': '/home/men3m/Naima/build/naima', 'catkin_cmake_args': None, 'catkin_skip_building_tests': False, 'cmake_args': None, 'cmake_clean_cache': False, 'cmake_clean_first': False, 'cmake_force_configure': False, 'cmake_target': None, 'cmake_target_skip_unavailable': False, 'install_base': '/home/men3m/Naima/install/naima', 'merge_install': False, 'path': '/home/men3m/Naima/src/naima', 'symlink_install': False, 'test_result_base': None}
[0.387s] Level 5:colcon.colcon_core.verb:set package 'naima_bringup' build argument 'cmake_args' from command line to 'None'
[0.387s] Level 5:colcon.colcon_core.verb:set package 'naima_bringup' build argument 'cmake_target' from command line to 'None'
[0.387s] Level 5:colcon.colcon_core.verb:set package 'naima_bringup' build argument 'cmake_target_skip_unavailable' from command line to 'False'
[0.387s] Level 5:colcon.colcon_core.verb:set package 'naima_bringup' build argument 'cmake_clean_cache' from command line to 'False'
[0.387s] Level 5:colcon.colcon_core.verb:set package 'naima_bringup' build argument 'cmake_clean_first' from command line to 'False'
[0.387s] Level 5:colcon.colcon_core.verb:set package 'naima_bringup' build argument 'cmake_force_configure' from command line to 'False'
[0.387s] Level 5:colcon.colcon_core.verb:set package 'naima_bringup' build argument 'ament_cmake_args' from command line to 'None'
[0.387s] Level 5:colcon.colcon_core.verb:set package 'naima_bringup' build argument 'catkin_cmake_args' from command line to 'None'
[0.387s] Level 5:colcon.colcon_core.verb:set package 'naima_bringup' build argument 'catkin_skip_building_tests' from command line to 'False'
[0.387s] DEBUG:colcon.colcon_core.verb:Building package 'naima_bringup' with the following arguments: {'ament_cmake_args': None, 'build_base': '/home/men3m/Naima/build/naima_bringup', 'catkin_cmake_args': None, 'catkin_skip_building_tests': False, 'cmake_args': None, 'cmake_clean_cache': False, 'cmake_clean_first': False, 'cmake_force_configure': False, 'cmake_target': None, 'cmake_target_skip_unavailable': False, 'install_base': '/home/men3m/Naima/install/naima_bringup', 'merge_install': False, 'path': '/home/men3m/Naima/src/naima_bringup', 'symlink_install': False, 'test_result_base': None}
[0.387s] Level 5:colcon.colcon_core.verb:set package 'naima_control' build argument 'cmake_args' from command line to 'None'
[0.387s] Level 5:colcon.colcon_core.verb:set package 'naima_control' build argument 'cmake_target' from command line to 'None'
[0.387s] Level 5:colcon.colcon_core.verb:set package 'naima_control' build argument 'cmake_target_skip_unavailable' from command line to 'False'
[0.387s] Level 5:colcon.colcon_core.verb:set package 'naima_control' build argument 'cmake_clean_cache' from command line to 'False'
[0.387s] Level 5:colcon.colcon_core.verb:set package 'naima_control' build argument 'cmake_clean_first' from command line to 'False'
[0.387s] Level 5:colcon.colcon_core.verb:set package 'naima_control' build argument 'cmake_force_configure' from command line to 'False'
[0.387s] Level 5:colcon.colcon_core.verb:set package 'naima_control' build argument 'ament_cmake_args' from command line to 'None'
[0.387s] Level 5:colcon.colcon_core.verb:set package 'naima_control' build argument 'catkin_cmake_args' from command line to 'None'
[0.388s] Level 5:colcon.colcon_core.verb:set package 'naima_control' build argument 'catkin_skip_building_tests' from command line to 'False'
[0.388s] DEBUG:colcon.colcon_core.verb:Building package 'naima_control' with the following arguments: {'ament_cmake_args': None, 'build_base': '/home/men3m/Naima/build/naima_control', 'catkin_cmake_args': None, 'catkin_skip_building_tests': False, 'cmake_args': None, 'cmake_clean_cache': False, 'cmake_clean_first': False, 'cmake_force_configure': False, 'cmake_target': None, 'cmake_target_skip_unavailable': False, 'install_base': '/home/men3m/Naima/install/naima_control', 'merge_install': False, 'path': '/home/men3m/Naima/src/naima_control', 'symlink_install': False, 'test_result_base': None}
[0.388s] Level 5:colcon.colcon_core.verb:set package 'naima_description' build argument 'cmake_args' from command line to 'None'
[0.388s] Level 5:colcon.colcon_core.verb:set package 'naima_description' build argument 'cmake_target' from command line to 'None'
[0.388s] Level 5:colcon.colcon_core.verb:set package 'naima_description' build argument 'cmake_target_skip_unavailable' from command line to 'False'
[0.388s] Level 5:colcon.colcon_core.verb:set package 'naima_description' build argument 'cmake_clean_cache' from command line to 'False'
[0.388s] Level 5:colcon.colcon_core.verb:set package 'naima_description' build argument 'cmake_clean_first' from command line to 'False'
[0.388s] Level 5:colcon.colcon_core.verb:set package 'naima_description' build argument 'cmake_force_configure' from command line to 'False'
[0.388s] Level 5:colcon.colcon_core.verb:set package 'naima_description' build argument 'ament_cmake_args' from command line to 'None'
[0.388s] Level 5:colcon.colcon_core.verb:set package 'naima_description' build argument 'catkin_cmake_args' from command line to 'None'
[0.388s] Level 5:colcon.colcon_core.verb:set package 'naima_description' build argument 'catkin_skip_building_tests' from command line to 'False'
[0.388s] DEBUG:colcon.colcon_core.verb:Building package 'naima_description' with the following arguments: {'ament_cmake_args': None, 'build_base': '/home/men3m/Naima/build/naima_description', 'catkin_cmake_args': None, 'catkin_skip_building_tests': False, 'cmake_args': None, 'cmake_clean_cache': False, 'cmake_clean_first': False, 'cmake_force_configure': False, 'cmake_target': None, 'cmake_target_skip_unavailable': False, 'install_base': '/home/men3m/Naima/install/naima_description', 'merge_install': False, 'path': '/home/men3m/Naima/src/naima_description', 'symlink_install': False, 'test_result_base': None}
[0.388s] Level 5:colcon.colcon_core.verb:set package 'naima_localization' build argument 'cmake_args' from command line to 'None'
[0.388s] Level 5:colcon.colcon_core.verb:set package 'naima_localization' build argument 'cmake_target' from command line to 'None'
[0.388s] Level 5:colcon.colcon_core.verb:set package 'naima_localization' build argument 'cmake_target_skip_unavailable' from command line to 'False'
[0.388s] Level 5:colcon.colcon_core.verb:set package 'naima_localization' build argument 'cmake_clean_cache' from command line to 'False'
[0.388s] Level 5:colcon.colcon_core.verb:set package 'naima_localization' build argument 'cmake_clean_first' from command line to 'False'
[0.388s] Level 5:colcon.colcon_core.verb:set package 'naima_localization' build argument 'cmake_force_configure' from command line to 'False'
[0.388s] Level 5:colcon.colcon_core.verb:set package 'naima_localization' build argument 'ament_cmake_args' from command line to 'None'
[0.388s] Level 5:colcon.colcon_core.verb:set package 'naima_localization' build argument 'catkin_cmake_args' from command line to 'None'
[0.388s] Level 5:colcon.colcon_core.verb:set package 'naima_localization' build argument 'catkin_skip_building_tests' from command line to 'False'
[0.388s] DEBUG:colcon.colcon_core.verb:Building package 'naima_localization' with the following arguments: {'ament_cmake_args': None, 'build_base': '/home/men3m/Naima/build/naima_localization', 'catkin_cmake_args': None, 'catkin_skip_building_tests': False, 'cmake_args': None, 'cmake_clean_cache': False, 'cmake_clean_first': False, 'cmake_force_configure': False, 'cmake_target': None, 'cmake_target_skip_unavailable': False, 'install_base': '/home/men3m/Naima/install/naima_localization', 'merge_install': False, 'path': '/home/men3m/Naima/src/naima_localization', 'symlink_install': False, 'test_result_base': None}
[0.389s] Level 5:colcon.colcon_core.verb:set package 'naima_mapping' build argument 'cmake_args' from command line to 'None'
[0.389s] Level 5:colcon.colcon_core.verb:set package 'naima_mapping' build argument 'cmake_target' from command line to 'None'
[0.389s] Level 5:colcon.colcon_core.verb:set package 'naima_mapping' build argument 'cmake_target_skip_unavailable' from command line to 'False'
[0.389s] Level 5:colcon.colcon_core.verb:set package 'naima_mapping' build argument 'cmake_clean_cache' from command line to 'False'
[0.389s] Level 5:colcon.colcon_core.verb:set package 'naima_mapping' build argument 'cmake_clean_first' from command line to 'False'
[0.389s] Level 5:colcon.colcon_core.verb:set package 'naima_mapping' build argument 'cmake_force_configure' from command line to 'False'
[0.389s] Level 5:colcon.colcon_core.verb:set package 'naima_mapping' build argument 'ament_cmake_args' from command line to 'None'
[0.389s] Level 5:colcon.colcon_core.verb:set package 'naima_mapping' build argument 'catkin_cmake_args' from command line to 'None'
[0.389s] Level 5:colcon.colcon_core.verb:set package 'naima_mapping' build argument 'catkin_skip_building_tests' from command line to 'False'
[0.389s] DEBUG:colcon.colcon_core.verb:Building package 'naima_mapping' with the following arguments: {'ament_cmake_args': None, 'build_base': '/home/men3m/Naima/build/naima_mapping', 'catkin_cmake_args': None, 'catkin_skip_building_tests': False, 'cmake_args': None, 'cmake_clean_cache': False, 'cmake_clean_first': False, 'cmake_force_configure': False, 'cmake_target': None, 'cmake_target_skip_unavailable': False, 'install_base': '/home/men3m/Naima/install/naima_mapping', 'merge_install': False, 'path': '/home/men3m/Naima/src/naima_mapping', 'symlink_install': False, 'test_result_base': None}
[0.389s] Level 5:colcon.colcon_core.verb:set package 'naima_msgs' build argument 'cmake_args' from command line to 'None'
[0.389s] Level 5:colcon.colcon_core.verb:set package 'naima_msgs' build argument 'cmake_target' from command line to 'None'
[0.389s] Level 5:colcon.colcon_core.verb:set package 'naima_msgs' build argument 'cmake_target_skip_unavailable' from command line to 'False'
[0.389s] Level 5:colcon.colcon_core.verb:set package 'naima_msgs' build argument 'cmake_clean_cache' from command line to 'False'
[0.389s] Level 5:colcon.colcon_core.verb:set package 'naima_msgs' build argument 'cmake_clean_first' from command line to 'False'
[0.389s] Level 5:colcon.colcon_core.verb:set package 'naima_msgs' build argument 'cmake_force_configure' from command line to 'False'
[0.389s] Level 5:colcon.colcon_core.verb:set package 'naima_msgs' build argument 'ament_cmake_args' from command line to 'None'
[0.389s] Level 5:colcon.colcon_core.verb:set package 'naima_msgs' build argument 'catkin_cmake_args' from command line to 'None'
[0.389s] Level 5:colcon.colcon_core.verb:set package 'naima_msgs' build argument 'catkin_skip_building_tests' from command line to 'False'
[0.389s] DEBUG:colcon.colcon_core.verb:Building package 'naima_msgs' with the following arguments: {'ament_cmake_args': None, 'build_base': '/home/men3m/Naima/build/naima_msgs', 'catkin_cmake_args': None, 'catkin_skip_building_tests': False, 'cmake_args': None, 'cmake_clean_cache': False, 'cmake_clean_first': False, 'cmake_force_configure': False, 'cmake_target': None, 'cmake_target_skip_unavailable': False, 'install_base': '/home/men3m/Naima/install/naima_msgs', 'merge_install': False, 'path': '/home/men3m/Naima/src/naima_msgs', 'symlink_install': False, 'test_result_base': None}
[0.390s] Level 5:colcon.colcon_core.verb:set package 'rviz_plugin_zed_od' build argument 'cmake_args' from command line to 'None'
[0.390s] Level 5:colcon.colcon_core.verb:set package 'rviz_plugin_zed_od' build argument 'cmake_target' from command line to 'None'
[0.390s] Level 5:colcon.colcon_core.verb:set package 'rviz_plugin_zed_od' build argument 'cmake_target_skip_unavailable' from command line to 'False'
[0.390s] Level 5:colcon.colcon_core.verb:set package 'rviz_plugin_zed_od' build argument 'cmake_clean_cache' from command line to 'False'
[0.390s] Level 5:colcon.colcon_core.verb:set package 'rviz_plugin_zed_od' build argument 'cmake_clean_first' from command line to 'False'
[0.390s] Level 5:colcon.colcon_core.verb:set package 'rviz_plugin_zed_od' build argument 'cmake_force_configure' from command line to 'False'
[0.390s] Level 5:colcon.colcon_core.verb:set package 'rviz_plugin_zed_od' build argument 'ament_cmake_args' from command line to 'None'
[0.390s] Level 5:colcon.colcon_core.verb:set package 'rviz_plugin_zed_od' build argument 'catkin_cmake_args' from command line to 'None'
[0.390s] Level 5:colcon.colcon_core.verb:set package 'rviz_plugin_zed_od' build argument 'catkin_skip_building_tests' from command line to 'False'
[0.390s] DEBUG:colcon.colcon_core.verb:Building package 'rviz_plugin_zed_od' with the following arguments: {'ament_cmake_args': None, 'build_base': '/home/men3m/Naima/build/rviz_plugin_zed_od', 'catkin_cmake_args': None, 'catkin_skip_building_tests': False, 'cmake_args': None, 'cmake_clean_cache': False, 'cmake_clean_first': False, 'cmake_force_configure': False, 'cmake_target': None, 'cmake_target_skip_unavailable': False, 'install_base': '/home/men3m/Naima/install/rviz_plugin_zed_od', 'merge_install': False, 'path': '/home/men3m/Naima/src/zed-ros2-examples/rviz-plugin-zed-od', 'symlink_install': False, 'test_result_base': None}
[0.390s] Level 5:colcon.colcon_core.verb:set package 'ublox_serialization' build argument 'cmake_args' from command line to 'None'
[0.390s] Level 5:colcon.colcon_core.verb:set package 'ublox_serialization' build argument 'cmake_target' from command line to 'None'
[0.390s] Level 5:colcon.colcon_core.verb:set package 'ublox_serialization' build argument 'cmake_target_skip_unavailable' from command line to 'False'
[0.390s] Level 5:colcon.colcon_core.verb:set package 'ublox_serialization' build argument 'cmake_clean_cache' from command line to 'False'
[0.390s] Level 5:colcon.colcon_core.verb:set package 'ublox_serialization' build argument 'cmake_clean_first' from command line to 'False'
[0.390s] Level 5:colcon.colcon_core.verb:set package 'ublox_serialization' build argument 'cmake_force_configure' from command line to 'False'
[0.390s] Level 5:colcon.colcon_core.verb:set package 'ublox_serialization' build argument 'ament_cmake_args' from command line to 'None'
[0.390s] Level 5:colcon.colcon_core.verb:set package 'ublox_serialization' build argument 'catkin_cmake_args' from command line to 'None'
[0.390s] Level 5:colcon.colcon_core.verb:set package 'ublox_serialization' build argument 'catkin_skip_building_tests' from command line to 'False'
[0.390s] DEBUG:colcon.colcon_core.verb:Building package 'ublox_serialization' with the following arguments: {'ament_cmake_args': None, 'build_base': '/home/men3m/Naima/build/ublox_serialization', 'catkin_cmake_args': None, 'catkin_skip_building_tests': False, 'cmake_args': None, 'cmake_clean_cache': False, 'cmake_clean_first': False, 'cmake_force_configure': False, 'cmake_target': None, 'cmake_target_skip_unavailable': False, 'install_base': '/home/men3m/Naima/install/ublox_serialization', 'merge_install': False, 'path': '/home/men3m/Naima/src/naima_ublox_gps/ublox_serialization', 'symlink_install': False, 'test_result_base': None}
[0.391s] Level 5:colcon.colcon_core.verb:set package 'zed_components' build argument 'cmake_args' from command line to 'None'
[0.391s] Level 5:colcon.colcon_core.verb:set package 'zed_components' build argument 'cmake_target' from command line to 'None'
[0.391s] Level 5:colcon.colcon_core.verb:set package 'zed_components' build argument 'cmake_target_skip_unavailable' from command line to 'False'
[0.391s] Level 5:colcon.colcon_core.verb:set package 'zed_components' build argument 'cmake_clean_cache' from command line to 'False'
[0.391s] Level 5:colcon.colcon_core.verb:set package 'zed_components' build argument 'cmake_clean_first' from command line to 'False'
[0.391s] Level 5:colcon.colcon_core.verb:set package 'zed_components' build argument 'cmake_force_configure' from command line to 'False'
[0.391s] Level 5:colcon.colcon_core.verb:set package 'zed_components' build argument 'ament_cmake_args' from command line to 'None'
[0.391s] Level 5:colcon.colcon_core.verb:set package 'zed_components' build argument 'catkin_cmake_args' from command line to 'None'
[0.391s] Level 5:colcon.colcon_core.verb:set package 'zed_components' build argument 'catkin_skip_building_tests' from command line to 'False'
[0.391s] DEBUG:colcon.colcon_core.verb:Building package 'zed_components' with the following arguments: {'ament_cmake_args': None, 'build_base': '/home/men3m/Naima/build/zed_components', 'catkin_cmake_args': None, 'catkin_skip_building_tests': False, 'cmake_args': None, 'cmake_clean_cache': False, 'cmake_clean_first': False, 'cmake_force_configure': False, 'cmake_target': None, 'cmake_target_skip_unavailable': False, 'install_base': '/home/men3m/Naima/install/zed_components', 'merge_install': False, 'path': '/home/men3m/Naima/src/zed-ros2-wrapper/zed_components', 'symlink_install': False, 'test_result_base': None}
[0.391s] Level 5:colcon.colcon_core.verb:set package 'zed_topic_benchmark_interfaces' build argument 'cmake_args' from command line to 'None'
[0.391s] Level 5:colcon.colcon_core.verb:set package 'zed_topic_benchmark_interfaces' build argument 'cmake_target' from command line to 'None'
[0.391s] Level 5:colcon.colcon_core.verb:set package 'zed_topic_benchmark_interfaces' build argument 'cmake_target_skip_unavailable' from command line to 'False'
[0.391s] Level 5:colcon.colcon_core.verb:set package 'zed_topic_benchmark_interfaces' build argument 'cmake_clean_cache' from command line to 'False'
[0.391s] Level 5:colcon.colcon_core.verb:set package 'zed_topic_benchmark_interfaces' build argument 'cmake_clean_first' from command line to 'False'
[0.391s] Level 5:colcon.colcon_core.verb:set package 'zed_topic_benchmark_interfaces' build argument 'cmake_force_configure' from command line to 'False'
[0.391s] Level 5:colcon.colcon_core.verb:set package 'zed_topic_benchmark_interfaces' build argument 'ament_cmake_args' from command line to 'None'
[0.391s] Level 5:colcon.colcon_core.verb:set package 'zed_topic_benchmark_interfaces' build argument 'catkin_cmake_args' from command line to 'None'
[0.391s] Level 5:colcon.colcon_core.verb:set package 'zed_topic_benchmark_interfaces' build argument 'catkin_skip_building_tests' from command line to 'False'
[0.391s] DEBUG:colcon.colcon_core.verb:Building package 'zed_topic_benchmark_interfaces' with the following arguments: {'ament_cmake_args': None, 'build_base': '/home/men3m/Naima/build/zed_topic_benchmark_interfaces', 'catkin_cmake_args': None, 'catkin_skip_building_tests': False, 'cmake_args': None, 'cmake_clean_cache': False, 'cmake_clean_first': False, 'cmake_force_configure': False, 'cmake_target': None, 'cmake_target_skip_unavailable': False, 'install_base': '/home/men3m/Naima/install/zed_topic_benchmark_interfaces', 'merge_install': False, 'path': '/home/men3m/Naima/src/zed-ros2-examples/tools/zed_benchmark_interfaces', 'symlink_install': False, 'test_result_base': None}
[0.392s] Level 5:colcon.colcon_core.verb:set package 'zed_tutorial_depth' build argument 'cmake_args' from command line to 'None'
[0.392s] Level 5:colcon.colcon_core.verb:set package 'zed_tutorial_depth' build argument 'cmake_target' from command line to 'None'
[0.392s] Level 5:colcon.colcon_core.verb:set package 'zed_tutorial_depth' build argument 'cmake_target_skip_unavailable' from command line to 'False'
[0.392s] Level 5:colcon.colcon_core.verb:set package 'zed_tutorial_depth' build argument 'cmake_clean_cache' from command line to 'False'
[0.392s] Level 5:colcon.colcon_core.verb:set package 'zed_tutorial_depth' build argument 'cmake_clean_first' from command line to 'False'
[0.392s] Level 5:colcon.colcon_core.verb:set package 'zed_tutorial_depth' build argument 'cmake_force_configure' from command line to 'False'
[0.392s] Level 5:colcon.colcon_core.verb:set package 'zed_tutorial_depth' build argument 'ament_cmake_args' from command line to 'None'
[0.392s] Level 5:colcon.colcon_core.verb:set package 'zed_tutorial_depth' build argument 'catkin_cmake_args' from command line to 'None'
[0.392s] Level 5:colcon.colcon_core.verb:set package 'zed_tutorial_depth' build argument 'catkin_skip_building_tests' from command line to 'False'
[0.392s] DEBUG:colcon.colcon_core.verb:Building package 'zed_tutorial_depth' with the following arguments: {'ament_cmake_args': None, 'build_base': '/home/men3m/Naima/build/zed_tutorial_depth', 'catkin_cmake_args': None, 'catkin_skip_building_tests': False, 'cmake_args': None, 'cmake_clean_cache': False, 'cmake_clean_first': False, 'cmake_force_configure': False, 'cmake_target': None, 'cmake_target_skip_unavailable': False, 'install_base': '/home/men3m/Naima/install/zed_tutorial_depth', 'merge_install': False, 'path': '/home/men3m/Naima/src/zed-ros2-examples/tutorials/zed_depth_tutorial', 'symlink_install': False, 'test_result_base': None}
[0.392s] Level 5:colcon.colcon_core.verb:set package 'zed_tutorial_pos_tracking' build argument 'cmake_args' from command line to 'None'
[0.392s] Level 5:colcon.colcon_core.verb:set package 'zed_tutorial_pos_tracking' build argument 'cmake_target' from command line to 'None'
[0.392s] Level 5:colcon.colcon_core.verb:set package 'zed_tutorial_pos_tracking' build argument 'cmake_target_skip_unavailable' from command line to 'False'
[0.392s] Level 5:colcon.colcon_core.verb:set package 'zed_tutorial_pos_tracking' build argument 'cmake_clean_cache' from command line to 'False'
[0.392s] Level 5:colcon.colcon_core.verb:set package 'zed_tutorial_pos_tracking' build argument 'cmake_clean_first' from command line to 'False'
[0.392s] Level 5:colcon.colcon_core.verb:set package 'zed_tutorial_pos_tracking' build argument 'cmake_force_configure' from command line to 'False'
[0.392s] Level 5:colcon.colcon_core.verb:set package 'zed_tutorial_pos_tracking' build argument 'ament_cmake_args' from command line to 'None'
[0.392s] Level 5:colcon.colcon_core.verb:set package 'zed_tutorial_pos_tracking' build argument 'catkin_cmake_args' from command line to 'None'
[0.392s] Level 5:colcon.colcon_core.verb:set package 'zed_tutorial_pos_tracking' build argument 'catkin_skip_building_tests' from command line to 'False'
[0.392s] DEBUG:colcon.colcon_core.verb:Building package 'zed_tutorial_pos_tracking' with the following arguments: {'ament_cmake_args': None, 'build_base': '/home/men3m/Naima/build/zed_tutorial_pos_tracking', 'catkin_cmake_args': None, 'catkin_skip_building_tests': False, 'cmake_args': None, 'cmake_clean_cache': False, 'cmake_clean_first': False, 'cmake_force_configure': False, 'cmake_target': None, 'cmake_target_skip_unavailable': False, 'install_base': '/home/men3m/Naima/install/zed_tutorial_pos_tracking', 'merge_install': False, 'path': '/home/men3m/Naima/src/zed-ros2-examples/tutorials/zed_pose_tutorial', 'symlink_install': False, 'test_result_base': None}
[0.392s] Level 5:colcon.colcon_core.verb:set package 'zed_tutorial_video' build argument 'cmake_args' from command line to 'None'
[0.392s] Level 5:colcon.colcon_core.verb:set package 'zed_tutorial_video' build argument 'cmake_target' from command line to 'None'
[0.392s] Level 5:colcon.colcon_core.verb:set package 'zed_tutorial_video' build argument 'cmake_target_skip_unavailable' from command line to 'False'
[0.393s] Level 5:colcon.colcon_core.verb:set package 'zed_tutorial_video' build argument 'cmake_clean_cache' from command line to 'False'
[0.393s] Level 5:colcon.colcon_core.verb:set package 'zed_tutorial_video' build argument 'cmake_clean_first' from command line to 'False'
[0.393s] Level 5:colcon.colcon_core.verb:set package 'zed_tutorial_video' build argument 'cmake_force_configure' from command line to 'False'
[0.393s] Level 5:colcon.colcon_core.verb:set package 'zed_tutorial_video' build argument 'ament_cmake_args' from command line to 'None'
[0.393s] Level 5:colcon.colcon_core.verb:set package 'zed_tutorial_video' build argument 'catkin_cmake_args' from command line to 'None'
[0.393s] Level 5:colcon.colcon_core.verb:set package 'zed_tutorial_video' build argument 'catkin_skip_building_tests' from command line to 'False'
[0.393s] DEBUG:colcon.colcon_core.verb:Building package 'zed_tutorial_video' with the following arguments: {'ament_cmake_args': None, 'build_base': '/home/men3m/Naima/build/zed_tutorial_video', 'catkin_cmake_args': None, 'catkin_skip_building_tests': False, 'cmake_args': None, 'cmake_clean_cache': False, 'cmake_clean_first': False, 'cmake_force_configure': False, 'cmake_target': None, 'cmake_target_skip_unavailable': False, 'install_base': '/home/men3m/Naima/install/zed_tutorial_video', 'merge_install': False, 'path': '/home/men3m/Naima/src/zed-ros2-examples/tutorials/zed_video_tutorial', 'symlink_install': False, 'test_result_base': None}
[0.393s] Level 5:colcon.colcon_core.verb:set package 'naima_examples' build argument 'cmake_args' from command line to 'None'
[0.393s] Level 5:colcon.colcon_core.verb:set package 'naima_examples' build argument 'cmake_target' from command line to 'None'
[0.393s] Level 5:colcon.colcon_core.verb:set package 'naima_examples' build argument 'cmake_target_skip_unavailable' from command line to 'False'
[0.393s] Level 5:colcon.colcon_core.verb:set package 'naima_examples' build argument 'cmake_clean_cache' from command line to 'False'
[0.393s] Level 5:colcon.colcon_core.verb:set package 'naima_examples' build argument 'cmake_clean_first' from command line to 'False'
[0.393s] Level 5:colcon.colcon_core.verb:set package 'naima_examples' build argument 'cmake_force_configure' from command line to 'False'
[0.393s] Level 5:colcon.colcon_core.verb:set package 'naima_examples' build argument 'ament_cmake_args' from command line to 'None'
[0.393s] Level 5:colcon.colcon_core.verb:set package 'naima_examples' build argument 'catkin_cmake_args' from command line to 'None'
[0.393s] Level 5:colcon.colcon_core.verb:set package 'naima_examples' build argument 'catkin_skip_building_tests' from command line to 'False'
[0.393s] DEBUG:colcon.colcon_core.verb:Building package 'naima_examples' with the following arguments: {'ament_cmake_args': None, 'build_base': '/home/men3m/Naima/build/naima_examples', 'catkin_cmake_args': None, 'catkin_skip_building_tests': False, 'cmake_args': None, 'cmake_clean_cache': False, 'cmake_clean_first': False, 'cmake_force_configure': False, 'cmake_target': None, 'cmake_target_skip_unavailable': False, 'install_base': '/home/men3m/Naima/install/naima_examples', 'merge_install': False, 'path': '/home/men3m/Naima/src/naima_examples', 'symlink_install': False, 'test_result_base': None}
[0.393s] Level 5:colcon.colcon_core.verb:set package 'ublox_msgs' build argument 'cmake_args' from command line to 'None'
[0.393s] Level 5:colcon.colcon_core.verb:set package 'ublox_msgs' build argument 'cmake_target' from command line to 'None'
[0.393s] Level 5:colcon.colcon_core.verb:set package 'ublox_msgs' build argument 'cmake_target_skip_unavailable' from command line to 'False'
[0.393s] Level 5:colcon.colcon_core.verb:set package 'ublox_msgs' build argument 'cmake_clean_cache' from command line to 'False'
[0.393s] Level 5:colcon.colcon_core.verb:set package 'ublox_msgs' build argument 'cmake_clean_first' from command line to 'False'
[0.393s] Level 5:colcon.colcon_core.verb:set package 'ublox_msgs' build argument 'cmake_force_configure' from command line to 'False'
[0.393s] Level 5:colcon.colcon_core.verb:set package 'ublox_msgs' build argument 'ament_cmake_args' from command line to 'None'
[0.393s] Level 5:colcon.colcon_core.verb:set package 'ublox_msgs' build argument 'catkin_cmake_args' from command line to 'None'
[0.393s] Level 5:colcon.colcon_core.verb:set package 'ublox_msgs' build argument 'catkin_skip_building_tests' from command line to 'False'
[0.394s] DEBUG:colcon.colcon_core.verb:Building package 'ublox_msgs' with the following arguments: {'ament_cmake_args': None, 'build_base': '/home/men3m/Naima/build/ublox_msgs', 'catkin_cmake_args': None, 'catkin_skip_building_tests': False, 'cmake_args': None, 'cmake_clean_cache': False, 'cmake_clean_first': False, 'cmake_force_configure': False, 'cmake_target': None, 'cmake_target_skip_unavailable': False, 'install_base': '/home/men3m/Naima/install/ublox_msgs', 'merge_install': False, 'path': '/home/men3m/Naima/src/naima_ublox_gps/ublox_msgs', 'symlink_install': False, 'test_result_base': None}
[0.394s] Level 5:colcon.colcon_core.verb:set package 'zed_aruco_localization' build argument 'cmake_args' from command line to 'None'
[0.394s] Level 5:colcon.colcon_core.verb:set package 'zed_aruco_localization' build argument 'cmake_target' from command line to 'None'
[0.394s] Level 5:colcon.colcon_core.verb:set package 'zed_aruco_localization' build argument 'cmake_target_skip_unavailable' from command line to 'False'
[0.394s] Level 5:colcon.colcon_core.verb:set package 'zed_aruco_localization' build argument 'cmake_clean_cache' from command line to 'False'
[0.394s] Level 5:colcon.colcon_core.verb:set package 'zed_aruco_localization' build argument 'cmake_clean_first' from command line to 'False'
[0.394s] Level 5:colcon.colcon_core.verb:set package 'zed_aruco_localization' build argument 'cmake_force_configure' from command line to 'False'
[0.394s] Level 5:colcon.colcon_core.verb:set package 'zed_aruco_localization' build argument 'ament_cmake_args' from command line to 'None'
[0.394s] Level 5:colcon.colcon_core.verb:set package 'zed_aruco_localization' build argument 'catkin_cmake_args' from command line to 'None'
[0.394s] Level 5:colcon.colcon_core.verb:set package 'zed_aruco_localization' build argument 'catkin_skip_building_tests' from command line to 'False'
[0.394s] DEBUG:colcon.colcon_core.verb:Building package 'zed_aruco_localization' with the following arguments: {'ament_cmake_args': None, 'build_base': '/home/men3m/Naima/build/zed_aruco_localization', 'catkin_cmake_args': None, 'catkin_skip_building_tests': False, 'cmake_args': None, 'cmake_clean_cache': False, 'cmake_clean_first': False, 'cmake_force_configure': False, 'cmake_target': None, 'cmake_target_skip_unavailable': False, 'install_base': '/home/men3m/Naima/install/zed_aruco_localization', 'merge_install': False, 'path': '/home/men3m/Naima/src/zed-ros2-examples/examples/zed_aruco_localization', 'symlink_install': False, 'test_result_base': None}
[0.394s] Level 5:colcon.colcon_core.verb:set package 'zed_rgb_convert' build argument 'cmake_args' from command line to 'None'
[0.394s] Level 5:colcon.colcon_core.verb:set package 'zed_rgb_convert' build argument 'cmake_target' from command line to 'None'
[0.394s] Level 5:colcon.colcon_core.verb:set package 'zed_rgb_convert' build argument 'cmake_target_skip_unavailable' from command line to 'False'
[0.394s] Level 5:colcon.colcon_core.verb:set package 'zed_rgb_convert' build argument 'cmake_clean_cache' from command line to 'False'
[0.394s] Level 5:colcon.colcon_core.verb:set package 'zed_rgb_convert' build argument 'cmake_clean_first' from command line to 'False'
[0.394s] Level 5:colcon.colcon_core.verb:set package 'zed_rgb_convert' build argument 'cmake_force_configure' from command line to 'False'
[0.394s] Level 5:colcon.colcon_core.verb:set package 'zed_rgb_convert' build argument 'ament_cmake_args' from command line to 'None'
[0.394s] Level 5:colcon.colcon_core.verb:set package 'zed_rgb_convert' build argument 'catkin_cmake_args' from command line to 'None'
[0.394s] Level 5:colcon.colcon_core.verb:set package 'zed_rgb_convert' build argument 'catkin_skip_building_tests' from command line to 'False'
[0.394s] DEBUG:colcon.colcon_core.verb:Building package 'zed_rgb_convert' with the following arguments: {'ament_cmake_args': None, 'build_base': '/home/men3m/Naima/build/zed_rgb_convert', 'catkin_cmake_args': None, 'catkin_skip_building_tests': False, 'cmake_args': None, 'cmake_clean_cache': False, 'cmake_clean_first': False, 'cmake_force_configure': False, 'cmake_target': None, 'cmake_target_skip_unavailable': False, 'install_base': '/home/men3m/Naima/install/zed_rgb_convert', 'merge_install': False, 'path': '/home/men3m/Naima/src/zed-ros2-examples/tutorials/zed_rgb_convert', 'symlink_install': False, 'test_result_base': None}
[0.395s] Level 5:colcon.colcon_core.verb:set package 'zed_topic_benchmark_component' build argument 'cmake_args' from command line to 'None'
[0.395s] Level 5:colcon.colcon_core.verb:set package 'zed_topic_benchmark_component' build argument 'cmake_target' from command line to 'None'
[0.395s] Level 5:colcon.colcon_core.verb:set package 'zed_topic_benchmark_component' build argument 'cmake_target_skip_unavailable' from command line to 'False'
[0.395s] Level 5:colcon.colcon_core.verb:set package 'zed_topic_benchmark_component' build argument 'cmake_clean_cache' from command line to 'False'
[0.395s] Level 5:colcon.colcon_core.verb:set package 'zed_topic_benchmark_component' build argument 'cmake_clean_first' from command line to 'False'
[0.395s] Level 5:colcon.colcon_core.verb:set package 'zed_topic_benchmark_component' build argument 'cmake_force_configure' from command line to 'False'
[0.395s] Level 5:colcon.colcon_core.verb:set package 'zed_topic_benchmark_component' build argument 'ament_cmake_args' from command line to 'None'
[0.395s] Level 5:colcon.colcon_core.verb:set package 'zed_topic_benchmark_component' build argument 'catkin_cmake_args' from command line to 'None'
[0.395s] Level 5:colcon.colcon_core.verb:set package 'zed_topic_benchmark_component' build argument 'catkin_skip_building_tests' from command line to 'False'
[0.395s] DEBUG:colcon.colcon_core.verb:Building package 'zed_topic_benchmark_component' with the following arguments: {'ament_cmake_args': None, 'build_base': '/home/men3m/Naima/build/zed_topic_benchmark_component', 'catkin_cmake_args': None, 'catkin_skip_building_tests': False, 'cmake_args': None, 'cmake_clean_cache': False, 'cmake_clean_first': False, 'cmake_force_configure': False, 'cmake_target': None, 'cmake_target_skip_unavailable': False, 'install_base': '/home/men3m/Naima/install/zed_topic_benchmark_component', 'merge_install': False, 'path': '/home/men3m/Naima/src/zed-ros2-examples/tools/zed_benchmark_component', 'symlink_install': False, 'test_result_base': None}
[0.395s] Level 5:colcon.colcon_core.verb:set package 'zed_wrapper' build argument 'cmake_args' from command line to 'None'
[0.395s] Level 5:colcon.colcon_core.verb:set package 'zed_wrapper' build argument 'cmake_target' from command line to 'None'
[0.395s] Level 5:colcon.colcon_core.verb:set package 'zed_wrapper' build argument 'cmake_target_skip_unavailable' from command line to 'False'
[0.395s] Level 5:colcon.colcon_core.verb:set package 'zed_wrapper' build argument 'cmake_clean_cache' from command line to 'False'
[0.395s] Level 5:colcon.colcon_core.verb:set package 'zed_wrapper' build argument 'cmake_clean_first' from command line to 'False'
[0.395s] Level 5:colcon.colcon_core.verb:set package 'zed_wrapper' build argument 'cmake_force_configure' from command line to 'False'
[0.395s] Level 5:colcon.colcon_core.verb:set package 'zed_wrapper' build argument 'ament_cmake_args' from command line to 'None'
[0.395s] Level 5:colcon.colcon_core.verb:set package 'zed_wrapper' build argument 'catkin_cmake_args' from command line to 'None'
[0.395s] Level 5:colcon.colcon_core.verb:set package 'zed_wrapper' build argument 'catkin_skip_building_tests' from command line to 'False'
[0.395s] DEBUG:colcon.colcon_core.verb:Building package 'zed_wrapper' with the following arguments: {'ament_cmake_args': None, 'build_base': '/home/men3m/Naima/build/zed_wrapper', 'catkin_cmake_args': None, 'catkin_skip_building_tests': False, 'cmake_args': None, 'cmake_clean_cache': False, 'cmake_clean_first': False, 'cmake_force_configure': False, 'cmake_target': None, 'cmake_target_skip_unavailable': False, 'install_base': '/home/men3m/Naima/install/zed_wrapper', 'merge_install': False, 'path': '/home/men3m/Naima/src/zed-ros2-wrapper/zed_wrapper', 'symlink_install': False, 'test_result_base': None}
[0.396s] Level 5:colcon.colcon_core.verb:set package 'ublox_gps' build argument 'cmake_args' from command line to 'None'
[0.396s] Level 5:colcon.colcon_core.verb:set package 'ublox_gps' build argument 'cmake_target' from command line to 'None'
[0.396s] Level 5:colcon.colcon_core.verb:set package 'ublox_gps' build argument 'cmake_target_skip_unavailable' from command line to 'False'
[0.396s] Level 5:colcon.colcon_core.verb:set package 'ublox_gps' build argument 'cmake_clean_cache' from command line to 'False'
[0.396s] Level 5:colcon.colcon_core.verb:set package 'ublox_gps' build argument 'cmake_clean_first' from command line to 'False'
[0.396s] Level 5:colcon.colcon_core.verb:set package 'ublox_gps' build argument 'cmake_force_configure' from command line to 'False'
[0.396s] Level 5:colcon.colcon_core.verb:set package 'ublox_gps' build argument 'ament_cmake_args' from command line to 'None'
[0.396s] Level 5:colcon.colcon_core.verb:set package 'ublox_gps' build argument 'catkin_cmake_args' from command line to 'None'
[0.396s] Level 5:colcon.colcon_core.verb:set package 'ublox_gps' build argument 'catkin_skip_building_tests' from command line to 'False'
[0.396s] DEBUG:colcon.colcon_core.verb:Building package 'ublox_gps' with the following arguments: {'ament_cmake_args': None, 'build_base': '/home/men3m/Naima/build/ublox_gps', 'catkin_cmake_args': None, 'catkin_skip_building_tests': False, 'cmake_args': None, 'cmake_clean_cache': False, 'cmake_clean_first': False, 'cmake_force_configure': False, 'cmake_target': None, 'cmake_target_skip_unavailable': False, 'install_base': '/home/men3m/Naima/install/ublox_gps', 'merge_install': False, 'path': '/home/men3m/Naima/src/naima_ublox_gps/ublox_gps', 'symlink_install': False, 'test_result_base': None}
[0.396s] Level 5:colcon.colcon_core.verb:set package 'zed_depth_to_laserscan' build argument 'cmake_args' from command line to 'None'
[0.396s] Level 5:colcon.colcon_core.verb:set package 'zed_depth_to_laserscan' build argument 'cmake_target' from command line to 'None'
[0.396s] Level 5:colcon.colcon_core.verb:set package 'zed_depth_to_laserscan' build argument 'cmake_target_skip_unavailable' from command line to 'False'
[0.396s] Level 5:colcon.colcon_core.verb:set package 'zed_depth_to_laserscan' build argument 'cmake_clean_cache' from command line to 'False'
[0.396s] Level 5:colcon.colcon_core.verb:set package 'zed_depth_to_laserscan' build argument 'cmake_clean_first' from command line to 'False'
[0.396s] Level 5:colcon.colcon_core.verb:set package 'zed_depth_to_laserscan' build argument 'cmake_force_configure' from command line to 'False'
[0.396s] Level 5:colcon.colcon_core.verb:set package 'zed_depth_to_laserscan' build argument 'ament_cmake_args' from command line to 'None'
[0.396s] Level 5:colcon.colcon_core.verb:set package 'zed_depth_to_laserscan' build argument 'catkin_cmake_args' from command line to 'None'
[0.396s] Level 5:colcon.colcon_core.verb:set package 'zed_depth_to_laserscan' build argument 'catkin_skip_building_tests' from command line to 'False'
[0.396s] DEBUG:colcon.colcon_core.verb:Building package 'zed_depth_to_laserscan' with the following arguments: {'ament_cmake_args': None, 'build_base': '/home/men3m/Naima/build/zed_depth_to_laserscan', 'catkin_cmake_args': None, 'catkin_skip_building_tests': False, 'cmake_args': None, 'cmake_clean_cache': False, 'cmake_clean_first': False, 'cmake_force_configure': False, 'cmake_target': None, 'cmake_target_skip_unavailable': False, 'install_base': '/home/men3m/Naima/install/zed_depth_to_laserscan', 'merge_install': False, 'path': '/home/men3m/Naima/src/zed-ros2-examples/examples/zed_depth_to_laserscan', 'symlink_install': False, 'test_result_base': None}
[0.396s] Level 5:colcon.colcon_core.verb:set package 'zed_display_rviz2' build argument 'cmake_args' from command line to 'None'
[0.397s] Level 5:colcon.colcon_core.verb:set package 'zed_display_rviz2' build argument 'cmake_target' from command line to 'None'
[0.397s] Level 5:colcon.colcon_core.verb:set package 'zed_display_rviz2' build argument 'cmake_target_skip_unavailable' from command line to 'False'
[0.397s] Level 5:colcon.colcon_core.verb:set package 'zed_display_rviz2' build argument 'cmake_clean_cache' from command line to 'False'
[0.397s] Level 5:colcon.colcon_core.verb:set package 'zed_display_rviz2' build argument 'cmake_clean_first' from command line to 'False'
[0.397s] Level 5:colcon.colcon_core.verb:set package 'zed_display_rviz2' build argument 'cmake_force_configure' from command line to 'False'
[0.397s] Level 5:colcon.colcon_core.verb:set package 'zed_display_rviz2' build argument 'ament_cmake_args' from command line to 'None'
[0.397s] Level 5:colcon.colcon_core.verb:set package 'zed_display_rviz2' build argument 'catkin_cmake_args' from command line to 'None'
[0.397s] Level 5:colcon.colcon_core.verb:set package 'zed_display_rviz2' build argument 'catkin_skip_building_tests' from command line to 'False'
[0.397s] DEBUG:colcon.colcon_core.verb:Building package 'zed_display_rviz2' with the following arguments: {'ament_cmake_args': None, 'build_base': '/home/men3m/Naima/build/zed_display_rviz2', 'catkin_cmake_args': None, 'catkin_skip_building_tests': False, 'cmake_args': None, 'cmake_clean_cache': False, 'cmake_clean_first': False, 'cmake_force_configure': False, 'cmake_target': None, 'cmake_target_skip_unavailable': False, 'install_base': '/home/men3m/Naima/install/zed_display_rviz2', 'merge_install': False, 'path': '/home/men3m/Naima/src/zed-ros2-examples/zed_display_rviz2', 'symlink_install': False, 'test_result_base': None}
[0.397s] Level 5:colcon.colcon_core.verb:set package 'zed_multi_camera' build argument 'cmake_args' from command line to 'None'
[0.397s] Level 5:colcon.colcon_core.verb:set package 'zed_multi_camera' build argument 'cmake_target' from command line to 'None'
[0.397s] Level 5:colcon.colcon_core.verb:set package 'zed_multi_camera' build argument 'cmake_target_skip_unavailable' from command line to 'False'
[0.397s] Level 5:colcon.colcon_core.verb:set package 'zed_multi_camera' build argument 'cmake_clean_cache' from command line to 'False'
[0.397s] Level 5:colcon.colcon_core.verb:set package 'zed_multi_camera' build argument 'cmake_clean_first' from command line to 'False'
[0.397s] Level 5:colcon.colcon_core.verb:set package 'zed_multi_camera' build argument 'cmake_force_configure' from command line to 'False'
[0.397s] Level 5:colcon.colcon_core.verb:set package 'zed_multi_camera' build argument 'ament_cmake_args' from command line to 'None'
[0.397s] Level 5:colcon.colcon_core.verb:set package 'zed_multi_camera' build argument 'catkin_cmake_args' from command line to 'None'
[0.397s] Level 5:colcon.colcon_core.verb:set package 'zed_multi_camera' build argument 'catkin_skip_building_tests' from command line to 'False'
[0.397s] DEBUG:colcon.colcon_core.verb:Building package 'zed_multi_camera' with the following arguments: {'ament_cmake_args': None, 'build_base': '/home/men3m/Naima/build/zed_multi_camera', 'catkin_cmake_args': None, 'catkin_skip_building_tests': False, 'cmake_args': None, 'cmake_clean_cache': False, 'cmake_clean_first': False, 'cmake_force_configure': False, 'cmake_target': None, 'cmake_target_skip_unavailable': False, 'install_base': '/home/men3m/Naima/install/zed_multi_camera', 'merge_install': False, 'path': '/home/men3m/Naima/src/zed-ros2-examples/tutorials/zed_multi_camera', 'symlink_install': False, 'test_result_base': None}
[0.397s] Level 5:colcon.colcon_core.verb:set package 'zed_robot_integration' build argument 'cmake_args' from command line to 'None'
[0.397s] Level 5:colcon.colcon_core.verb:set package 'zed_robot_integration' build argument 'cmake_target' from command line to 'None'
[0.397s] Level 5:colcon.colcon_core.verb:set package 'zed_robot_integration' build argument 'cmake_target_skip_unavailable' from command line to 'False'
[0.397s] Level 5:colcon.colcon_core.verb:set package 'zed_robot_integration' build argument 'cmake_clean_cache' from command line to 'False'
[0.397s] Level 5:colcon.colcon_core.verb:set package 'zed_robot_integration' build argument 'cmake_clean_first' from command line to 'False'
[0.398s] Level 5:colcon.colcon_core.verb:set package 'zed_robot_integration' build argument 'cmake_force_configure' from command line to 'False'
[0.398s] Level 5:colcon.colcon_core.verb:set package 'zed_robot_integration' build argument 'ament_cmake_args' from command line to 'None'
[0.398s] Level 5:colcon.colcon_core.verb:set package 'zed_robot_integration' build argument 'catkin_cmake_args' from command line to 'None'
[0.398s] Level 5:colcon.colcon_core.verb:set package 'zed_robot_integration' build argument 'catkin_skip_building_tests' from command line to 'False'
[0.398s] DEBUG:colcon.colcon_core.verb:Building package 'zed_robot_integration' with the following arguments: {'ament_cmake_args': None, 'build_base': '/home/men3m/Naima/build/zed_robot_integration', 'catkin_cmake_args': None, 'catkin_skip_building_tests': False, 'cmake_args': None, 'cmake_clean_cache': False, 'cmake_clean_first': False, 'cmake_force_configure': False, 'cmake_target': None, 'cmake_target_skip_unavailable': False, 'install_base': '/home/men3m/Naima/install/zed_robot_integration', 'merge_install': False, 'path': '/home/men3m/Naima/src/zed-ros2-examples/tutorials/zed_robot_integration', 'symlink_install': False, 'test_result_base': None}
[0.398s] Level 5:colcon.colcon_core.verb:set package 'zed_ros2' build argument 'cmake_args' from command line to 'None'
[0.398s] Level 5:colcon.colcon_core.verb:set package 'zed_ros2' build argument 'cmake_target' from command line to 'None'
[0.398s] Level 5:colcon.colcon_core.verb:set package 'zed_ros2' build argument 'cmake_target_skip_unavailable' from command line to 'False'
[0.398s] Level 5:colcon.colcon_core.verb:set package 'zed_ros2' build argument 'cmake_clean_cache' from command line to 'False'
[0.398s] Level 5:colcon.colcon_core.verb:set package 'zed_ros2' build argument 'cmake_clean_first' from command line to 'False'
[0.398s] Level 5:colcon.colcon_core.verb:set package 'zed_ros2' build argument 'cmake_force_configure' from command line to 'False'
[0.398s] Level 5:colcon.colcon_core.verb:set package 'zed_ros2' build argument 'ament_cmake_args' from command line to 'None'
[0.398s] Level 5:colcon.colcon_core.verb:set package 'zed_ros2' build argument 'catkin_cmake_args' from command line to 'None'
[0.398s] Level 5:colcon.colcon_core.verb:set package 'zed_ros2' build argument 'catkin_skip_building_tests' from command line to 'False'
[0.398s] DEBUG:colcon.colcon_core.verb:Building package 'zed_ros2' with the following arguments: {'ament_cmake_args': None, 'build_base': '/home/men3m/Naima/build/zed_ros2', 'catkin_cmake_args': None, 'catkin_skip_building_tests': False, 'cmake_args': None, 'cmake_clean_cache': False, 'cmake_clean_first': False, 'cmake_force_configure': False, 'cmake_target': None, 'cmake_target_skip_unavailable': False, 'install_base': '/home/men3m/Naima/install/zed_ros2', 'merge_install': False, 'path': '/home/men3m/Naima/src/zed-ros2-wrapper/zed_ros2', 'symlink_install': False, 'test_result_base': None}
[0.398s] Level 5:colcon.colcon_core.verb:set package 'zed_topic_benchmark' build argument 'cmake_args' from command line to 'None'
[0.398s] Level 5:colcon.colcon_core.verb:set package 'zed_topic_benchmark' build argument 'cmake_target' from command line to 'None'
[0.398s] Level 5:colcon.colcon_core.verb:set package 'zed_topic_benchmark' build argument 'cmake_target_skip_unavailable' from command line to 'False'
[0.398s] Level 5:colcon.colcon_core.verb:set package 'zed_topic_benchmark' build argument 'cmake_clean_cache' from command line to 'False'
[0.398s] Level 5:colcon.colcon_core.verb:set package 'zed_topic_benchmark' build argument 'cmake_clean_first' from command line to 'False'
[0.398s] Level 5:colcon.colcon_core.verb:set package 'zed_topic_benchmark' build argument 'cmake_force_configure' from command line to 'False'
[0.398s] Level 5:colcon.colcon_core.verb:set package 'zed_topic_benchmark' build argument 'ament_cmake_args' from command line to 'None'
[0.398s] Level 5:colcon.colcon_core.verb:set package 'zed_topic_benchmark' build argument 'catkin_cmake_args' from command line to 'None'
[0.398s] Level 5:colcon.colcon_core.verb:set package 'zed_topic_benchmark' build argument 'catkin_skip_building_tests' from command line to 'False'
[0.399s] DEBUG:colcon.colcon_core.verb:Building package 'zed_topic_benchmark' with the following arguments: {'ament_cmake_args': None, 'build_base': '/home/men3m/Naima/build/zed_topic_benchmark', 'catkin_cmake_args': None, 'catkin_skip_building_tests': False, 'cmake_args': None, 'cmake_clean_cache': False, 'cmake_clean_first': False, 'cmake_force_configure': False, 'cmake_target': None, 'cmake_target_skip_unavailable': False, 'install_base': '/home/men3m/Naima/install/zed_topic_benchmark', 'merge_install': False, 'path': '/home/men3m/Naima/src/zed-ros2-examples/tools/zed_benchmark', 'symlink_install': False, 'test_result_base': None}
[0.399s] Level 5:colcon.colcon_core.verb:set package 'ublox' build argument 'cmake_args' from command line to 'None'
[0.399s] Level 5:colcon.colcon_core.verb:set package 'ublox' build argument 'cmake_target' from command line to 'None'
[0.399s] Level 5:colcon.colcon_core.verb:set package 'ublox' build argument 'cmake_target_skip_unavailable' from command line to 'False'
[0.399s] Level 5:colcon.colcon_core.verb:set package 'ublox' build argument 'cmake_clean_cache' from command line to 'False'
[0.399s] Level 5:colcon.colcon_core.verb:set package 'ublox' build argument 'cmake_clean_first' from command line to 'False'
[0.399s] Level 5:colcon.colcon_core.verb:set package 'ublox' build argument 'cmake_force_configure' from command line to 'False'
[0.399s] Level 5:colcon.colcon_core.verb:set package 'ublox' build argument 'ament_cmake_args' from command line to 'None'
[0.399s] Level 5:colcon.colcon_core.verb:set package 'ublox' build argument 'catkin_cmake_args' from command line to 'None'
[0.399s] Level 5:colcon.colcon_core.verb:set package 'ublox' build argument 'catkin_skip_building_tests' from command line to 'False'
[0.399s] DEBUG:colcon.colcon_core.verb:Building package 'ublox' with the following arguments: {'ament_cmake_args': None, 'build_base': '/home/men3m/Naima/build/ublox', 'catkin_cmake_args': None, 'catkin_skip_building_tests': False, 'cmake_args': None, 'cmake_clean_cache': False, 'cmake_clean_first': False, 'cmake_force_configure': False, 'cmake_target': None, 'cmake_target_skip_unavailable': False, 'install_base': '/home/men3m/Naima/install/ublox', 'merge_install': False, 'path': '/home/men3m/Naima/src/naima_ublox_gps/ublox', 'symlink_install': False, 'test_result_base': None}
[0.399s] Level 5:colcon.colcon_core.verb:set package 'zed_ipc' build argument 'cmake_args' from command line to 'None'
[0.399s] Level 5:colcon.colcon_core.verb:set package 'zed_ipc' build argument 'cmake_target' from command line to 'None'
[0.399s] Level 5:colcon.colcon_core.verb:set package 'zed_ipc' build argument 'cmake_target_skip_unavailable' from command line to 'False'
[0.399s] Level 5:colcon.colcon_core.verb:set package 'zed_ipc' build argument 'cmake_clean_cache' from command line to 'False'
[0.399s] Level 5:colcon.colcon_core.verb:set package 'zed_ipc' build argument 'cmake_clean_first' from command line to 'False'
[0.399s] Level 5:colcon.colcon_core.verb:set package 'zed_ipc' build argument 'cmake_force_configure' from command line to 'False'
[0.399s] Level 5:colcon.colcon_core.verb:set package 'zed_ipc' build argument 'ament_cmake_args' from command line to 'None'
[0.399s] Level 5:colcon.colcon_core.verb:set package 'zed_ipc' build argument 'catkin_cmake_args' from command line to 'None'
[0.399s] Level 5:colcon.colcon_core.verb:set package 'zed_ipc' build argument 'catkin_skip_building_tests' from command line to 'False'
[0.399s] DEBUG:colcon.colcon_core.verb:Building package 'zed_ipc' with the following arguments: {'ament_cmake_args': None, 'build_base': '/home/men3m/Naima/build/zed_ipc', 'catkin_cmake_args': None, 'catkin_skip_building_tests': False, 'cmake_args': None, 'cmake_clean_cache': False, 'cmake_clean_first': False, 'cmake_force_configure': False, 'cmake_target': None, 'cmake_target_skip_unavailable': False, 'install_base': '/home/men3m/Naima/install/zed_ipc', 'merge_install': False, 'path': '/home/men3m/Naima/src/zed-ros2-examples/tutorials/zed_ipc', 'symlink_install': False, 'test_result_base': None}
[0.400s] INFO:colcon.colcon_core.executor:Executing jobs using 'parallel' executor
[0.400s] DEBUG:colcon.colcon_parallel_executor.executor.parallel:run_until_complete
[0.401s] INFO:colcon.colcon_ros.task.ament_cmake.build:Building ROS package in '/home/men3m/Naima/src/zed-ros2-wrapper/zed_components' with build type 'ament_cmake'
[0.401s] INFO:colcon.colcon_cmake.task.cmake.build:Building CMake package in '/home/men3m/Naima/src/zed-ros2-wrapper/zed_components'
[0.404s] INFO:colcon.colcon_core.plugin_system:Skipping extension 'colcon_core.shell.bat': Not used on non-Windows systems
[0.404s] INFO:colcon.colcon_core.shell:Skip shell extension 'powershell' for command environment: Not usable outside of PowerShell
[0.404s] DEBUG:colcon.colcon_core.shell:Skip shell extension 'dsv' for command environment
[0.409s] INFO:colcon.colcon_ros.task.ament_cmake.build:Building ROS package in '/home/men3m/Naima/src/naima_ublox_gps/ublox_serialization' with build type 'ament_cmake'
[0.409s] INFO:colcon.colcon_cmake.task.cmake.build:Building CMake package in '/home/men3m/Naima/src/naima_ublox_gps/ublox_serialization'
[0.409s] INFO:colcon.colcon_core.shell:Skip shell extension 'powershell' for command environment: Not usable outside of PowerShell
[0.409s] DEBUG:colcon.colcon_core.shell:Skip shell extension 'dsv' for command environment
[0.414s] INFO:colcon.colcon_ros.task.ament_cmake.build:Building ROS package in '/home/men3m/Naima/src/zed-ros2-examples/tools/zed_benchmark_interfaces' with build type 'ament_cmake'
[0.414s] INFO:colcon.colcon_cmake.task.cmake.build:Building CMake package in '/home/men3m/Naima/src/zed-ros2-examples/tools/zed_benchmark_interfaces'
[0.414s] INFO:colcon.colcon_core.shell:Skip shell extension 'powershell' for command environment: Not usable outside of PowerShell
[0.414s] DEBUG:colcon.colcon_core.shell:Skip shell extension 'dsv' for command environment
[0.418s] INFO:colcon.colcon_ros.task.ament_cmake.build:Building ROS package in '/home/men3m/Naima/src/naima_msgs' with build type 'ament_cmake'
[0.418s] INFO:colcon.colcon_cmake.task.cmake.build:Building CMake package in '/home/men3m/Naima/src/naima_msgs'
[0.418s] INFO:colcon.colcon_core.shell:Skip shell extension 'powershell' for command environment: Not usable outside of PowerShell
[0.419s] DEBUG:colcon.colcon_core.shell:Skip shell extension 'dsv' for command environment
[0.423s] INFO:colcon.colcon_ros.task.ament_python.build:Building ROS package in '/home/men3m/Naima/src/naima' with build type 'ament_python'
[0.423s] Level 1:colcon.colcon_core.shell:create_environment_hook('naima', 'ament_prefix_path')
[0.423s] INFO:colcon.colcon_core.shell:Creating environment hook '/home/men3m/Naima/install/naima/share/naima/hook/ament_prefix_path.ps1'
[0.424s] INFO:colcon.colcon_core.shell:Creating environment descriptor '/home/men3m/Naima/install/naima/share/naima/hook/ament_prefix_path.dsv'
[0.424s] INFO:colcon.colcon_core.shell:Creating environment hook '/home/men3m/Naima/install/naima/share/naima/hook/ament_prefix_path.sh'
[0.425s] INFO:colcon.colcon_core.shell:Skip shell extension 'powershell' for command environment: Not usable outside of PowerShell
[0.425s] DEBUG:colcon.colcon_core.shell:Skip shell extension 'dsv' for command environment
[0.429s] INFO:colcon.colcon_ros.task.ament_python.build:Building ROS package in '/home/men3m/Naima/src/naima_bringup' with build type 'ament_python'
[0.429s] Level 1:colcon.colcon_core.shell:create_environment_hook('naima_bringup', 'ament_prefix_path')
[0.429s] INFO:colcon.colcon_core.shell:Creating environment hook '/home/men3m/Naima/install/naima_bringup/share/naima_bringup/hook/ament_prefix_path.ps1'
[0.430s] INFO:colcon.colcon_core.shell:Creating environment descriptor '/home/men3m/Naima/install/naima_bringup/share/naima_bringup/hook/ament_prefix_path.dsv'
[0.430s] INFO:colcon.colcon_core.shell:Creating environment hook '/home/men3m/Naima/install/naima_bringup/share/naima_bringup/hook/ament_prefix_path.sh'
[0.430s] INFO:colcon.colcon_core.shell:Skip shell extension 'powershell' for command environment: Not usable outside of PowerShell
[0.430s] DEBUG:colcon.colcon_core.shell:Skip shell extension 'dsv' for command environment
[0.435s] INFO:colcon.colcon_ros.task.ament_cmake.build:Building ROS package in '/home/men3m/Naima/src/naima_control' with build type 'ament_cmake'
[0.435s] INFO:colcon.colcon_cmake.task.cmake.build:Building CMake package in '/home/men3m/Naima/src/naima_control'
[0.435s] INFO:colcon.colcon_core.shell:Skip shell extension 'powershell' for command environment: Not usable outside of PowerShell
[0.435s] DEBUG:colcon.colcon_core.shell:Skip shell extension 'dsv' for command environment
[0.440s] INFO:colcon.colcon_ros.task.ament_cmake.build:Building ROS package in '/home/men3m/Naima/src/naima_description' with build type 'ament_cmake'
[0.440s] INFO:colcon.colcon_cmake.task.cmake.build:Building CMake package in '/home/men3m/Naima/src/naima_description'
[0.440s] INFO:colcon.colcon_core.shell:Skip shell extension 'powershell' for command environment: Not usable outside of PowerShell
[0.440s] DEBUG:colcon.colcon_core.shell:Skip shell extension 'dsv' for command environment
[0.444s] INFO:colcon.colcon_ros.task.ament_cmake.build:Building ROS package in '/home/men3m/Naima/src/naima_localization' with build type 'ament_cmake'
[0.444s] INFO:colcon.colcon_cmake.task.cmake.build:Building CMake package in '/home/men3m/Naima/src/naima_localization'
[0.445s] INFO:colcon.colcon_core.shell:Skip shell extension 'powershell' for command environment: Not usable outside of PowerShell
[0.445s] DEBUG:colcon.colcon_core.shell:Skip shell extension 'dsv' for command environment
[0.449s] INFO:colcon.colcon_ros.task.ament_cmake.build:Building ROS package in '/home/men3m/Naima/src/naima_mapping' with build type 'ament_cmake'
[0.449s] INFO:colcon.colcon_cmake.task.cmake.build:Building CMake package in '/home/men3m/Naima/src/naima_mapping'
[0.449s] INFO:colcon.colcon_core.shell:Skip shell extension 'powershell' for command environment: Not usable outside of PowerShell
[0.449s] DEBUG:colcon.colcon_core.shell:Skip shell extension 'dsv' for command environment
[0.454s] INFO:colcon.colcon_ros.task.ament_cmake.build:Building ROS package in '/home/men3m/Naima/src/zed-ros2-examples/rviz-plugin-zed-od' with build type 'ament_cmake'
[0.454s] INFO:colcon.colcon_cmake.task.cmake.build:Building CMake package in '/home/men3m/Naima/src/zed-ros2-examples/rviz-plugin-zed-od'
[0.454s] INFO:colcon.colcon_core.shell:Skip shell extension 'powershell' for command environment: Not usable outside of PowerShell
[0.454s] DEBUG:colcon.colcon_core.shell:Skip shell extension 'dsv' for command environment
[0.458s] INFO:colcon.colcon_ros.task.ament_cmake.build:Building ROS package in '/home/men3m/Naima/src/zed-ros2-examples/tutorials/zed_depth_tutorial' with build type 'ament_cmake'
[0.458s] INFO:colcon.colcon_cmake.task.cmake.build:Building CMake package in '/home/men3m/Naima/src/zed-ros2-examples/tutorials/zed_depth_tutorial'
[0.458s] INFO:colcon.colcon_core.shell:Skip shell extension 'powershell' for command environment: Not usable outside of PowerShell
[0.458s] DEBUG:colcon.colcon_core.shell:Skip shell extension 'dsv' for command environment
[0.463s] INFO:colcon.colcon_ros.task.ament_cmake.build:Building ROS package in '/home/men3m/Naima/src/zed-ros2-examples/tutorials/zed_pose_tutorial' with build type 'ament_cmake'
[0.463s] INFO:colcon.colcon_cmake.task.cmake.build:Building CMake package in '/home/men3m/Naima/src/zed-ros2-examples/tutorials/zed_pose_tutorial'
[0.463s] INFO:colcon.colcon_core.shell:Skip shell extension 'powershell' for command environment: Not usable outside of PowerShell
[0.463s] DEBUG:colcon.colcon_core.shell:Skip shell extension 'dsv' for command environment
[0.468s] INFO:colcon.colcon_ros.task.ament_cmake.build:Building ROS package in '/home/men3m/Naima/src/zed-ros2-examples/tutorials/zed_video_tutorial' with build type 'ament_cmake'
[0.468s] INFO:colcon.colcon_cmake.task.cmake.build:Building CMake package in '/home/men3m/Naima/src/zed-ros2-examples/tutorials/zed_video_tutorial'
[0.468s] INFO:colcon.colcon_core.shell:Skip shell extension 'powershell' for command environment: Not usable outside of PowerShell
[0.468s] DEBUG:colcon.colcon_core.shell:Skip shell extension 'dsv' for command environment
[0.478s] DEBUG:colcon.colcon_core.event_handler.log_command:Invoking command in '/home/men3m/Naima/build/zed_components': CMAKE_PREFIX_PATH=${CMAKE_PREFIX_PATH}:/home/men3m/Naima/install/naima_bringup:/home/men3m/Naima/install/naima:/opt/ros/humble /usr/bin/cmake --build /home/men3m/Naima/build/zed_components -- -j16 -l16
[0.480s] DEBUG:colcon.colcon_core.event_handler.log_command:Invoking command in '/home/men3m/Naima/build/ublox_serialization': CMAKE_PREFIX_PATH=${CMAKE_PREFIX_PATH}:/home/men3m/Naima/install/naima_bringup:/home/men3m/Naima/install/naima:/opt/ros/humble /usr/bin/cmake --build /home/men3m/Naima/build/ublox_serialization -- -j16 -l16
[0.483s] DEBUG:colcon.colcon_core.event_handler.log_command:Invoking command in '/home/men3m/Naima/build/zed_topic_benchmark_interfaces': CMAKE_PREFIX_PATH=${CMAKE_PREFIX_PATH}:/home/men3m/Naima/install/naima_bringup:/home/men3m/Naima/install/naima:/opt/ros/humble /usr/bin/cmake --build /home/men3m/Naima/build/zed_topic_benchmark_interfaces -- -j16 -l16
[0.485s] DEBUG:colcon.colcon_core.event_handler.log_command:Invoking command in '/home/men3m/Naima/build/naima_msgs': CMAKE_PREFIX_PATH=${CMAKE_PREFIX_PATH}:/home/men3m/Naima/install/naima_bringup:/home/men3m/Naima/install/naima:/opt/ros/humble /usr/bin/cmake --build /home/men3m/Naima/build/naima_msgs -- -j16 -l16
[0.732s] INFO:colcon.colcon_core.task.python.build:Building Python package in '/home/men3m/Naima/src/naima'
[0.733s] INFO:colcon.colcon_core.shell:Skip shell extension 'powershell' for command environment: Not usable outside of PowerShell
[0.733s] DEBUG:colcon.colcon_core.shell:Skip shell extension 'dsv' for command environment
[0.973s] INFO:colcon.colcon_core.task.python.build:Building Python package in '/home/men3m/Naima/src/naima_bringup'
[0.974s] INFO:colcon.colcon_core.shell:Skip shell extension 'powershell' for command environment: Not usable outside of PowerShell
[0.974s] DEBUG:colcon.colcon_core.shell:Skip shell extension 'dsv' for command environment
[0.983s] DEBUG:colcon.colcon_core.event_handler.log_command:Invoking command in '/home/men3m/Naima/build/naima_control': CMAKE_PREFIX_PATH=${CMAKE_PREFIX_PATH}:/home/men3m/Naima/install/naima_bringup:/home/men3m/Naima/install/naima:/opt/ros/humble /usr/bin/cmake --build /home/men3m/Naima/build/naima_control -- -j16 -l16
[0.985s] DEBUG:colcon.colcon_core.event_handler.log_command:Invoking command in '/home/men3m/Naima/build/naima_description': CMAKE_PREFIX_PATH=${CMAKE_PREFIX_PATH}:/home/men3m/Naima/install/naima_bringup:/home/men3m/Naima/install/naima:/opt/ros/humble /usr/bin/cmake --build /home/men3m/Naima/build/naima_description -- -j16 -l16
[0.988s] DEBUG:colcon.colcon_core.event_handler.log_command:Invoking command in '/home/men3m/Naima/build/naima_localization': CMAKE_PREFIX_PATH=${CMAKE_PREFIX_PATH}:/home/men3m/Naima/install/naima_bringup:/home/men3m/Naima/install/naima:/opt/ros/humble /usr/bin/cmake --build /home/men3m/Naima/build/naima_localization -- -j16 -l16
[0.990s] DEBUG:colcon.colcon_core.event_handler.log_command:Invoking command in '/home/men3m/Naima/build/naima_mapping': CMAKE_PREFIX_PATH=${CMAKE_PREFIX_PATH}:/home/men3m/Naima/install/naima_bringup:/home/men3m/Naima/install/naima:/opt/ros/humble /usr/bin/cmake --build /home/men3m/Naima/build/naima_mapping -- -j16 -l16
[0.994s] DEBUG:colcon.colcon_core.event_handler.log_command:Invoking command in '/home/men3m/Naima/build/rviz_plugin_zed_od': CMAKE_PREFIX_PATH=${CMAKE_PREFIX_PATH}:/home/men3m/Naima/install/naima_bringup:/home/men3m/Naima/install/naima:/opt/ros/humble /usr/bin/cmake --build /home/men3m/Naima/build/rviz_plugin_zed_od -- -j16 -l16
[0.997s] DEBUG:colcon.colcon_core.event_handler.log_command:Invoking command in '/home/men3m/Naima/build/zed_tutorial_depth': CMAKE_PREFIX_PATH=${CMAKE_PREFIX_PATH}:/home/men3m/Naima/install/naima_bringup:/home/men3m/Naima/install/naima:/opt/ros/humble /usr/bin/cmake --build /home/men3m/Naima/build/zed_tutorial_depth -- -j16 -l16
[1.001s] DEBUG:colcon.colcon_core.event_handler.log_command:Invoking command in '/home/men3m/Naima/build/zed_tutorial_pos_tracking': CMAKE_PREFIX_PATH=${CMAKE_PREFIX_PATH}:/home/men3m/Naima/install/naima_bringup:/home/men3m/Naima/install/naima:/opt/ros/humble /usr/bin/cmake --build /home/men3m/Naima/build/zed_tutorial_pos_tracking -- -j16 -l16
[1.016s] DEBUG:colcon.colcon_core.event_handler.log_command:Invoking command in '/home/men3m/Naima/build/zed_tutorial_video': CMAKE_PREFIX_PATH=${CMAKE_PREFIX_PATH}:/home/men3m/Naima/install/naima_bringup:/home/men3m/Naima/install/naima:/opt/ros/humble /usr/bin/cmake --build /home/men3m/Naima/build/zed_tutorial_video -- -j16 -l16
[1.018s] DEBUG:colcon.colcon_core.event_handler.log_command:Invoked command in '/home/men3m/Naima/build/zed_components' returned '0': CMAKE_PREFIX_PATH=${CMAKE_PREFIX_PATH}:/home/men3m/Naima/install/naima_bringup:/home/men3m/Naima/install/naima:/opt/ros/humble /usr/bin/cmake --build /home/men3m/Naima/build/zed_components -- -j16 -l16
[1.031s] DEBUG:colcon.colcon_core.event_handler.log_command:Invoking command in '/home/men3m/Naima/build/zed_components': CMAKE_PREFIX_PATH=${CMAKE_PREFIX_PATH}:/home/men3m/Naima/install/naima_bringup:/home/men3m/Naima/install/naima:/opt/ros/humble /usr/bin/cmake --install /home/men3m/Naima/build/zed_components
[1.031s] DEBUG:colcon.colcon_core.event_handler.log_command:Invoked command in '/home/men3m/Naima/build/ublox_serialization' returned '0': CMAKE_PREFIX_PATH=${CMAKE_PREFIX_PATH}:/home/men3m/Naima/install/naima_bringup:/home/men3m/Naima/install/naima:/opt/ros/humble /usr/bin/cmake --build /home/men3m/Naima/build/ublox_serialization -- -j16 -l16
[1.033s] DEBUG:colcon.colcon_core.event_handler.log_command:Invoking command in '/home/men3m/Naima/build/ublox_serialization': CMAKE_PREFIX_PATH=${CMAKE_PREFIX_PATH}:/home/men3m/Naima/install/naima_bringup:/home/men3m/Naima/install/naima:/opt/ros/humble /usr/bin/cmake --install /home/men3m/Naima/build/ublox_serialization
[1.036s] DEBUG:colcon.colcon_core.event_handler.log_command:Invoked command in '/home/men3m/Naima/build/zed_topic_benchmark_interfaces' returned '0': CMAKE_PREFIX_PATH=${CMAKE_PREFIX_PATH}:/home/men3m/Naima/install/naima_bringup:/home/men3m/Naima/install/naima:/opt/ros/humble /usr/bin/cmake --build /home/men3m/Naima/build/zed_topic_benchmark_interfaces -- -j16 -l16
[1.037s] DEBUG:colcon.colcon_core.event_handler.log_command:Invoking command in '/home/men3m/Naima/build/zed_topic_benchmark_interfaces': CMAKE_PREFIX_PATH=${CMAKE_PREFIX_PATH}:/home/men3m/Naima/install/naima_bringup:/home/men3m/Naima/install/naima:/opt/ros/humble /usr/bin/cmake --install /home/men3m/Naima/build/zed_topic_benchmark_interfaces
[1.037s] DEBUG:colcon.colcon_core.event_handler.log_command:Invoked command in '/home/men3m/Naima/build/naima_msgs' returned '0': CMAKE_PREFIX_PATH=${CMAKE_PREFIX_PATH}:/home/men3m/Naima/install/naima_bringup:/home/men3m/Naima/install/naima:/opt/ros/humble /usr/bin/cmake --build /home/men3m/Naima/build/naima_msgs -- -j16 -l16
[1.040s] DEBUG:colcon.colcon_core.event_handler.log_command:Invoking command in '/home/men3m/Naima/build/naima_msgs': CMAKE_PREFIX_PATH=${CMAKE_PREFIX_PATH}:/home/men3m/Naima/install/naima_bringup:/home/men3m/Naima/install/naima:/opt/ros/humble /usr/bin/cmake --install /home/men3m/Naima/build/naima_msgs
[1.075s] Level 1:colcon.colcon_core.environment:create_environment_scripts_only(zed_components)
[1.079s] DEBUG:colcon.colcon_core.event_handler.log_command:Invoked command in '/home/men3m/Naima/build/naima_description' returned '0': CMAKE_PREFIX_PATH=${CMAKE_PREFIX_PATH}:/home/men3m/Naima/install/naima_bringup:/home/men3m/Naima/install/naima:/opt/ros/humble /usr/bin/cmake --build /home/men3m/Naima/build/naima_description -- -j16 -l16
[1.083s] DEBUG:colcon.colcon_core.event_handler.log_command:Invoking command in '/home/men3m/Naima/build/naima_description': CMAKE_PREFIX_PATH=${CMAKE_PREFIX_PATH}:/home/men3m/Naima/install/naima_bringup:/home/men3m/Naima/install/naima:/opt/ros/humble /usr/bin/cmake --install /home/men3m/Naima/build/naima_description
[1.083s] DEBUG:colcon.colcon_core.event_handler.log_command:Invoked command in '/home/men3m/Naima/build/naima_control' returned '0': CMAKE_PREFIX_PATH=${CMAKE_PREFIX_PATH}:/home/men3m/Naima/install/naima_bringup:/home/men3m/Naima/install/naima:/opt/ros/humble /usr/bin/cmake --build /home/men3m/Naima/build/naima_control -- -j16 -l16
[1.086s] DEBUG:colcon.colcon_core.event_handler.log_command:Invoking command in '/home/men3m/Naima/build/naima_control': CMAKE_PREFIX_PATH=${CMAKE_PREFIX_PATH}:/home/men3m/Naima/install/naima_bringup:/home/men3m/Naima/install/naima:/opt/ros/humble /usr/bin/cmake --install /home/men3m/Naima/build/naima_control
[1.086s] DEBUG:colcon.colcon_core.event_handler.log_command:Invoked command in '/home/men3m/Naima/build/naima_mapping' returned '0': CMAKE_PREFIX_PATH=${CMAKE_PREFIX_PATH}:/home/men3m/Naima/install/naima_bringup:/home/men3m/Naima/install/naima:/opt/ros/humble /usr/bin/cmake --build /home/men3m/Naima/build/naima_mapping -- -j16 -l16
[1.087s] DEBUG:colcon.colcon_core.event_handler.log_command:Invoking command in '/home/men3m/Naima/build/naima_mapping': CMAKE_PREFIX_PATH=${CMAKE_PREFIX_PATH}:/home/men3m/Naima/install/naima_bringup:/home/men3m/Naima/install/naima:/opt/ros/humble /usr/bin/cmake --install /home/men3m/Naima/build/naima_mapping
[1.088s] DEBUG:colcon.colcon_core.event_handler.log_command:Invoked command in '/home/men3m/Naima/build/zed_components' returned '0': CMAKE_PREFIX_PATH=${CMAKE_PREFIX_PATH}:/home/men3m/Naima/install/naima_bringup:/home/men3m/Naima/install/naima:/opt/ros/humble /usr/bin/cmake --install /home/men3m/Naima/build/zed_components
[1.094s] Level 1:colcon.colcon_core.environment:checking '/home/men3m/Naima/install/zed_components' for CMake module files
[1.096s] Level 1:colcon.colcon_core.environment:checking '/home/men3m/Naima/install/zed_components' for CMake config files
[1.098s] Level 1:colcon.colcon_core.shell:create_environment_hook('zed_components', 'cmake_prefix_path')
[1.099s] INFO:colcon.colcon_core.shell:Creating environment hook '/home/men3m/Naima/install/zed_components/share/zed_components/hook/cmake_prefix_path.ps1'
[1.099s] INFO:colcon.colcon_core.shell:Creating environment descriptor '/home/men3m/Naima/install/zed_components/share/zed_components/hook/cmake_prefix_path.dsv'
[1.099s] INFO:colcon.colcon_core.shell:Creating environment hook '/home/men3m/Naima/install/zed_components/share/zed_components/hook/cmake_prefix_path.sh'
[1.100s] Level 1:colcon.colcon_core.environment:checking '/home/men3m/Naima/install/zed_components/lib'
[1.100s] Level 1:colcon.colcon_core.shell:create_environment_hook('zed_components', 'ld_library_path_lib')
[1.100s] INFO:colcon.colcon_core.shell:Creating environment hook '/home/men3m/Naima/install/zed_components/share/zed_components/hook/ld_library_path_lib.ps1'
[1.101s] INFO:colcon.colcon_core.shell:Creating environment descriptor '/home/men3m/Naima/install/zed_components/share/zed_components/hook/ld_library_path_lib.dsv'
[1.101s] INFO:colcon.colcon_core.shell:Creating environment hook '/home/men3m/Naima/install/zed_components/share/zed_components/hook/ld_library_path_lib.sh'
[1.101s] Level 1:colcon.colcon_core.environment:checking '/home/men3m/Naima/install/zed_components/bin'
[1.101s] Level 1:colcon.colcon_core.environment:checking '/home/men3m/Naima/install/zed_components/lib/pkgconfig/zed_components.pc'
[1.102s] Level 1:colcon.colcon_core.environment:checking '/home/men3m/Naima/install/zed_components/lib/python3.10/site-packages'
[1.102s] Level 1:colcon.colcon_core.environment:checking '/home/men3m/Naima/install/zed_components/bin'
[1.102s] INFO:colcon.colcon_core.shell:Creating package script '/home/men3m/Naima/install/zed_components/share/zed_components/package.ps1'
[1.104s] INFO:colcon.colcon_core.shell:Creating package descriptor '/home/men3m/Naima/install/zed_components/share/zed_components/package.dsv'
[1.104s] INFO:colcon.colcon_core.shell:Creating package script '/home/men3m/Naima/install/zed_components/share/zed_components/package.sh'
[1.105s] INFO:colcon.colcon_core.shell:Creating package script '/home/men3m/Naima/install/zed_components/share/zed_components/package.bash'
[1.106s] INFO:colcon.colcon_core.shell:Creating package script '/home/men3m/Naima/install/zed_components/share/zed_components/package.zsh'
[1.106s] Level 1:colcon.colcon_core.environment:create_file_with_runtime_dependencies(/home/men3m/Naima/install/zed_components/share/colcon-core/packages/zed_components)
[1.107s] Level 1:colcon.colcon_core.environment:create_environment_scripts_only(zed_components)
[1.107s] Level 1:colcon.colcon_core.environment:checking '/home/men3m/Naima/install/zed_components' for CMake module files
[1.107s] Level 1:colcon.colcon_core.environment:checking '/home/men3m/Naima/install/zed_components' for CMake config files
[1.107s] Level 1:colcon.colcon_core.shell:create_environment_hook('zed_components', 'cmake_prefix_path')
[1.108s] INFO:colcon.colcon_core.shell:Creating environment hook '/home/men3m/Naima/install/zed_components/share/zed_components/hook/cmake_prefix_path.ps1'
[1.108s] INFO:colcon.colcon_core.shell:Creating environment descriptor '/home/men3m/Naima/install/zed_components/share/zed_components/hook/cmake_prefix_path.dsv'
[1.109s] INFO:colcon.colcon_core.shell:Creating environment hook '/home/men3m/Naima/install/zed_components/share/zed_components/hook/cmake_prefix_path.sh'
[1.112s] Level 1:colcon.colcon_core.environment:checking '/home/men3m/Naima/install/zed_components/lib'
[1.112s] Level 1:colcon.colcon_core.shell:create_environment_hook('zed_components', 'ld_library_path_lib')
[1.112s] INFO:colcon.colcon_core.shell:Creating environment hook '/home/men3m/Naima/install/zed_components/share/zed_components/hook/ld_library_path_lib.ps1'
[1.113s] INFO:colcon.colcon_core.shell:Creating environment descriptor '/home/men3m/Naima/install/zed_components/share/zed_components/hook/ld_library_path_lib.dsv'
[1.113s] INFO:colcon.colcon_core.shell:Creating environment hook '/home/men3m/Naima/install/zed_components/share/zed_components/hook/ld_library_path_lib.sh'
[1.114s] Level 1:colcon.colcon_core.environment:checking '/home/men3m/Naima/install/zed_components/bin'
[1.114s] Level 1:colcon.colcon_core.environment:checking '/home/men3m/Naima/install/zed_components/lib/pkgconfig/zed_components.pc'
[1.115s] Level 1:colcon.colcon_core.environment:checking '/home/men3m/Naima/install/zed_components/lib/python3.10/site-packages'
[1.115s] Level 1:colcon.colcon_core.environment:checking '/home/men3m/Naima/install/zed_components/bin'
[1.115s] INFO:colcon.colcon_core.shell:Creating package script '/home/men3m/Naima/install/zed_components/share/zed_components/package.ps1'
[1.116s] INFO:colcon.colcon_core.shell:Creating package descriptor '/home/men3m/Naima/install/zed_components/share/zed_components/package.dsv'
[1.116s] INFO:colcon.colcon_core.shell:Creating package script '/home/men3m/Naima/install/zed_components/share/zed_components/package.sh'
[1.117s] INFO:colcon.colcon_core.shell:Creating package script '/home/men3m/Naima/install/zed_components/share/zed_components/package.bash'
[1.118s] INFO:colcon.colcon_core.shell:Creating package script '/home/men3m/Naima/install/zed_components/share/zed_components/package.zsh'
[1.119s] Level 1:colcon.colcon_core.environment:create_file_with_runtime_dependencies(/home/men3m/Naima/install/zed_components/share/colcon-core/packages/zed_components)
[1.120s] Level 1:colcon.colcon_core.environment:create_environment_scripts_only(ublox_serialization)
[1.120s] Level 1:colcon.colcon_core.environment:checking '/home/men3m/Naima/install/ublox_serialization' for CMake module files
[1.122s] Level 1:colcon.colcon_core.environment:checking '/home/men3m/Naima/install/ublox_serialization' for CMake config files
[1.122s] Level 1:colcon.colcon_core.shell:create_environment_hook('ublox_serialization', 'cmake_prefix_path')
[1.123s] INFO:colcon.colcon_core.shell:Creating environment hook '/home/men3m/Naima/install/ublox_serialization/share/ublox_serialization/hook/cmake_prefix_path.ps1'
[1.123s] DEBUG:colcon.colcon_core.event_handler.log_command:Invoked command in '/home/men3m/Naima/build/ublox_serialization' returned '0': CMAKE_PREFIX_PATH=${CMAKE_PREFIX_PATH}:/home/men3m/Naima/install/naima_bringup:/home/men3m/Naima/install/naima:/opt/ros/humble /usr/bin/cmake --install /home/men3m/Naima/build/ublox_serialization
[1.123s] INFO:colcon.colcon_core.shell:Creating environment descriptor '/home/men3m/Naima/install/ublox_serialization/share/ublox_serialization/hook/cmake_prefix_path.dsv'
[1.124s] INFO:colcon.colcon_core.shell:Creating environment hook '/home/men3m/Naima/install/ublox_serialization/share/ublox_serialization/hook/cmake_prefix_path.sh'
[1.124s] Level 1:colcon.colcon_core.environment:checking '/home/men3m/Naima/install/ublox_serialization/bin'
[1.124s] Level 1:colcon.colcon_core.environment:checking '/home/men3m/Naima/install/ublox_serialization/lib/pkgconfig/ublox_serialization.pc'
[1.124s] Level 1:colcon.colcon_core.environment:checking '/home/men3m/Naima/install/ublox_serialization/lib/python3.10/site-packages'
[1.125s] Level 1:colcon.colcon_core.environment:checking '/home/men3m/Naima/install/ublox_serialization/bin'
[1.125s] INFO:colcon.colcon_core.shell:Creating package script '/home/men3m/Naima/install/ublox_serialization/share/ublox_serialization/package.ps1'
[1.125s] INFO:colcon.colcon_core.shell:Creating package descriptor '/home/men3m/Naima/install/ublox_serialization/share/ublox_serialization/package.dsv'
[1.126s] INFO:colcon.colcon_core.shell:Creating package script '/home/men3m/Naima/install/ublox_serialization/share/ublox_serialization/package.sh'
[1.126s] INFO:colcon.colcon_core.shell:Creating package script '/home/men3m/Naima/install/ublox_serialization/share/ublox_serialization/package.bash'
[1.126s] INFO:colcon.colcon_core.shell:Creating package script '/home/men3m/Naima/install/ublox_serialization/share/ublox_serialization/package.zsh'
[1.127s] Level 1:colcon.colcon_core.environment:create_file_with_runtime_dependencies(/home/men3m/Naima/install/ublox_serialization/share/colcon-core/packages/ublox_serialization)
[1.127s] Level 1:colcon.colcon_core.environment:create_environment_scripts_only(ublox_serialization)
[1.127s] Level 1:colcon.colcon_core.environment:checking '/home/men3m/Naima/install/ublox_serialization' for CMake module files
[1.128s] Level 1:colcon.colcon_core.environment:checking '/home/men3m/Naima/install/ublox_serialization' for CMake config files
[1.128s] Level 1:colcon.colcon_core.shell:create_environment_hook('ublox_serialization', 'cmake_prefix_path')
[1.128s] INFO:colcon.colcon_core.shell:Creating environment hook '/home/men3m/Naima/install/ublox_serialization/share/ublox_serialization/hook/cmake_prefix_path.ps1'
[1.128s] INFO:colcon.colcon_core.shell:Creating environment descriptor '/home/men3m/Naima/install/ublox_serialization/share/ublox_serialization/hook/cmake_prefix_path.dsv'
[1.129s] INFO:colcon.colcon_core.shell:Creating environment hook '/home/men3m/Naima/install/ublox_serialization/share/ublox_serialization/hook/cmake_prefix_path.sh'
[1.129s] Level 1:colcon.colcon_core.environment:checking '/home/men3m/Naima/install/ublox_serialization/bin'
[1.129s] Level 1:colcon.colcon_core.environment:checking '/home/men3m/Naima/install/ublox_serialization/lib/pkgconfig/ublox_serialization.pc'
[1.130s] Level 1:colcon.colcon_core.environment:checking '/home/men3m/Naima/install/ublox_serialization/lib/python3.10/site-packages'
[1.130s] Level 1:colcon.colcon_core.environment:checking '/home/men3m/Naima/install/ublox_serialization/bin'
[1.130s] INFO:colcon.colcon_core.shell:Creating package script '/home/men3m/Naima/install/ublox_serialization/share/ublox_serialization/package.ps1'
[1.131s] INFO:colcon.colcon_core.shell:Creating package descriptor '/home/men3m/Naima/install/ublox_serialization/share/ublox_serialization/package.dsv'
[1.131s] INFO:colcon.colcon_core.shell:Creating package script '/home/men3m/Naima/install/ublox_serialization/share/ublox_serialization/package.sh'
[1.131s] INFO:colcon.colcon_core.shell:Creating package script '/home/men3m/Naima/install/ublox_serialization/share/ublox_serialization/package.bash'
[1.132s] INFO:colcon.colcon_core.shell:Creating package script '/home/men3m/Naima/install/ublox_serialization/share/ublox_serialization/package.zsh'
[1.132s] Level 1:colcon.colcon_core.environment:create_file_with_runtime_dependencies(/home/men3m/Naima/install/ublox_serialization/share/colcon-core/packages/ublox_serialization)
[1.134s] INFO:colcon.colcon_ros.task.ament_cmake.build:Building ROS package in '/home/men3m/Naima/src/zed-ros2-wrapper/zed_wrapper' with build type 'ament_cmake'
[1.134s] INFO:colcon.colcon_cmake.task.cmake.build:Building CMake package in '/home/men3m/Naima/src/zed-ros2-wrapper/zed_wrapper'
[1.134s] INFO:colcon.colcon_core.shell:Skip shell extension 'powershell' for command environment: Not usable outside of PowerShell
[1.134s] DEBUG:colcon.colcon_core.shell:Skip shell extension 'dsv' for command environment
[1.142s] INFO:colcon.colcon_ros.task.ament_cmake.build:Building ROS package in '/home/men3m/Naima/src/naima_ublox_gps/ublox_msgs' with build type 'ament_cmake'
[1.143s] INFO:colcon.colcon_cmake.task.cmake.build:Building CMake package in '/home/men3m/Naima/src/naima_ublox_gps/ublox_msgs'
[1.143s] INFO:colcon.colcon_core.shell:Skip shell extension 'powershell' for command environment: Not usable outside of PowerShell
[1.143s] DEBUG:colcon.colcon_core.shell:Skip shell extension 'dsv' for command environment
[1.148s] INFO:colcon.colcon_ros.task.ament_cmake.build:Building ROS package in '/home/men3m/Naima/src/zed-ros2-examples/examples/zed_aruco_localization' with build type 'ament_cmake'
[1.148s] INFO:colcon.colcon_cmake.task.cmake.build:Building CMake package in '/home/men3m/Naima/src/zed-ros2-examples/examples/zed_aruco_localization'
[1.148s] INFO:colcon.colcon_core.shell:Skip shell extension 'powershell' for command environment: Not usable outside of PowerShell
[1.148s] DEBUG:colcon.colcon_core.shell:Skip shell extension 'dsv' for command environment
[1.153s] INFO:colcon.colcon_ros.task.ament_cmake.build:Building ROS package in '/home/men3m/Naima/src/zed-ros2-examples/tutorials/zed_rgb_convert' with build type 'ament_cmake'
[1.153s] INFO:colcon.colcon_cmake.task.cmake.build:Building CMake package in '/home/men3m/Naima/src/zed-ros2-examples/tutorials/zed_rgb_convert'
[1.154s] INFO:colcon.colcon_core.shell:Skip shell extension 'powershell' for command environment: Not usable outside of PowerShell
[1.154s] DEBUG:colcon.colcon_core.shell:Skip shell extension 'dsv' for command environment
[1.160s] Level 1:colcon.colcon_core.environment:create_environment_scripts_only(naima_description)
[1.160s] Level 1:colcon.colcon_core.environment:checking '/home/men3m/Naima/install/naima_description' for CMake module files
[1.161s] DEBUG:colcon.colcon_core.event_handler.log_command:Invoked command in '/home/men3m/Naima/build/naima_description' returned '0': CMAKE_PREFIX_PATH=${CMAKE_PREFIX_PATH}:/home/men3m/Naima/install/naima_bringup:/home/men3m/Naima/install/naima:/opt/ros/humble /usr/bin/cmake --install /home/men3m/Naima/build/naima_description
[1.161s] Level 1:colcon.colcon_core.environment:checking '/home/men3m/Naima/install/naima_description' for CMake config files
[1.161s] Level 1:colcon.colcon_core.shell:create_environment_hook('naima_description', 'cmake_prefix_path')
[1.162s] INFO:colcon.colcon_core.shell:Creating environment hook '/home/men3m/Naima/install/naima_description/share/naima_description/hook/cmake_prefix_path.ps1'
[1.162s] INFO:colcon.colcon_core.shell:Creating environment descriptor '/home/men3m/Naima/install/naima_description/share/naima_description/hook/cmake_prefix_path.dsv'
[1.162s] INFO:colcon.colcon_core.shell:Creating environment hook '/home/men3m/Naima/install/naima_description/share/naima_description/hook/cmake_prefix_path.sh'
[1.163s] Level 1:colcon.colcon_core.environment:checking '/home/men3m/Naima/install/naima_description/bin'
[1.163s] Level 1:colcon.colcon_core.environment:checking '/home/men3m/Naima/install/naima_description/lib/pkgconfig/naima_description.pc'
[1.163s] Level 1:colcon.colcon_core.environment:checking '/home/men3m/Naima/install/naima_description/lib/python3.10/site-packages'
[1.163s] Level 1:colcon.colcon_core.environment:checking '/home/men3m/Naima/install/naima_description/bin'
[1.163s] INFO:colcon.colcon_core.shell:Creating package script '/home/men3m/Naima/install/naima_description/share/naima_description/package.ps1'
[1.164s] INFO:colcon.colcon_core.shell:Creating package descriptor '/home/men3m/Naima/install/naima_description/share/naima_description/package.dsv'
[1.164s] INFO:colcon.colcon_core.shell:Creating package script '/home/men3m/Naima/install/naima_description/share/naima_description/package.sh'
[1.164s] INFO:colcon.colcon_core.shell:Creating package script '/home/men3m/Naima/install/naima_description/share/naima_description/package.bash'
[1.165s] INFO:colcon.colcon_core.shell:Creating package script '/home/men3m/Naima/install/naima_description/share/naima_description/package.zsh'
[1.165s] Level 1:colcon.colcon_core.environment:create_file_with_runtime_dependencies(/home/men3m/Naima/install/naima_description/share/colcon-core/packages/naima_description)
[1.165s] Level 1:colcon.colcon_core.environment:create_environment_scripts_only(naima_description)
[1.166s] Level 1:colcon.colcon_core.environment:checking '/home/men3m/Naima/install/naima_description' for CMake module files
[1.166s] Level 1:colcon.colcon_core.environment:checking '/home/men3m/Naima/install/naima_description' for CMake config files
[1.166s] Level 1:colcon.colcon_core.shell:create_environment_hook('naima_description', 'cmake_prefix_path')
[1.166s] INFO:colcon.colcon_core.shell:Creating environment hook '/home/men3m/Naima/install/naima_description/share/naima_description/hook/cmake_prefix_path.ps1'
[1.167s] INFO:colcon.colcon_core.shell:Creating environment descriptor '/home/men3m/Naima/install/naima_description/share/naima_description/hook/cmake_prefix_path.dsv'
[1.167s] INFO:colcon.colcon_core.shell:Creating environment hook '/home/men3m/Naima/install/naima_description/share/naima_description/hook/cmake_prefix_path.sh'
[1.168s] Level 1:colcon.colcon_core.environment:checking '/home/men3m/Naima/install/naima_description/bin'
[1.168s] Level 1:colcon.colcon_core.environment:checking '/home/men3m/Naima/install/naima_description/lib/pkgconfig/naima_description.pc'
[1.168s] Level 1:colcon.colcon_core.environment:checking '/home/men3m/Naima/install/naima_description/lib/python3.10/site-packages'
[1.168s] Level 1:colcon.colcon_core.environment:checking '/home/men3m/Naima/install/naima_description/bin'
[1.168s] INFO:colcon.colcon_core.shell:Creating package script '/home/men3m/Naima/install/naima_description/share/naima_description/package.ps1'
[1.169s] INFO:colcon.colcon_core.shell:Creating package descriptor '/home/men3m/Naima/install/naima_description/share/naima_description/package.dsv'
[1.169s] INFO:colcon.colcon_core.shell:Creating package script '/home/men3m/Naima/install/naima_description/share/naima_description/package.sh'
[1.169s] INFO:colcon.colcon_core.shell:Creating package script '/home/men3m/Naima/install/naima_description/share/naima_description/package.bash'
[1.170s] INFO:colcon.colcon_core.shell:Creating package script '/home/men3m/Naima/install/naima_description/share/naima_description/package.zsh'
[1.170s] Level 1:colcon.colcon_core.environment:create_file_with_runtime_dependencies(/home/men3m/Naima/install/naima_description/share/colcon-core/packages/naima_description)
[1.173s] DEBUG:colcon.colcon_core.event_handler.log_command:Invoked command in '/home/men3m/Naima/build/zed_tutorial_depth' returned '0': CMAKE_PREFIX_PATH=${CMAKE_PREFIX_PATH}:/home/men3m/Naima/install/naima_bringup:/home/men3m/Naima/install/naima:/opt/ros/humble /usr/bin/cmake --build /home/men3m/Naima/build/zed_tutorial_depth -- -j16 -l16
[1.174s] DEBUG:colcon.colcon_core.event_handler.log_command:Invoking command in '/home/men3m/Naima/build/zed_tutorial_depth': CMAKE_PREFIX_PATH=${CMAKE_PREFIX_PATH}:/home/men3m/Naima/install/naima_bringup:/home/men3m/Naima/install/naima:/opt/ros/humble /usr/bin/cmake --install /home/men3m/Naima/build/zed_tutorial_depth
[1.174s] Level 1:colcon.colcon_core.environment:create_environment_scripts_only(naima_control)
[1.174s] Level 1:colcon.colcon_core.environment:checking '/home/men3m/Naima/install/naima_control' for CMake module files
[1.175s] DEBUG:colcon.colcon_core.event_handler.log_command:Invoked command in '/home/men3m/Naima/build/naima_control' returned '0': CMAKE_PREFIX_PATH=${CMAKE_PREFIX_PATH}:/home/men3m/Naima/install/naima_bringup:/home/men3m/Naima/install/naima:/opt/ros/humble /usr/bin/cmake --install /home/men3m/Naima/build/naima_control
[1.175s] Level 1:colcon.colcon_core.environment:checking '/home/men3m/Naima/install/naima_control' for CMake config files
[1.175s] Level 1:colcon.colcon_core.shell:create_environment_hook('naima_control', 'cmake_prefix_path')
[1.176s] INFO:colcon.colcon_core.shell:Creating environment hook '/home/men3m/Naima/install/naima_control/share/naima_control/hook/cmake_prefix_path.ps1'
[1.176s] INFO:colcon.colcon_core.shell:Creating environment descriptor '/home/men3m/Naima/install/naima_control/share/naima_control/hook/cmake_prefix_path.dsv'
[1.177s] INFO:colcon.colcon_core.shell:Creating environment hook '/home/men3m/Naima/install/naima_control/share/naima_control/hook/cmake_prefix_path.sh'
[1.177s] Level 1:colcon.colcon_core.environment:checking '/home/men3m/Naima/install/naima_control/bin'
[1.177s] Level 1:colcon.colcon_core.environment:checking '/home/men3m/Naima/install/naima_control/lib/pkgconfig/naima_control.pc'
[1.178s] Level 1:colcon.colcon_core.environment:checking '/home/men3m/Naima/install/naima_control/lib/python3.10/site-packages'
[1.178s] Level 1:colcon.colcon_core.environment:checking '/home/men3m/Naima/install/naima_control/bin'
[1.178s] INFO:colcon.colcon_core.shell:Creating package script '/home/men3m/Naima/install/naima_control/share/naima_control/package.ps1'
[1.179s] INFO:colcon.colcon_core.shell:Creating package descriptor '/home/men3m/Naima/install/naima_control/share/naima_control/package.dsv'
[1.179s] INFO:colcon.colcon_core.shell:Creating package script '/home/men3m/Naima/install/naima_control/share/naima_control/package.sh'
[1.180s] INFO:colcon.colcon_core.shell:Creating package script '/home/men3m/Naima/install/naima_control/share/naima_control/package.bash'
[1.180s] INFO:colcon.colcon_core.shell:Creating package script '/home/men3m/Naima/install/naima_control/share/naima_control/package.zsh'
[1.181s] Level 1:colcon.colcon_core.environment:create_file_with_runtime_dependencies(/home/men3m/Naima/install/naima_control/share/colcon-core/packages/naima_control)
[1.181s] Level 1:colcon.colcon_core.environment:create_environment_scripts_only(naima_control)
[1.182s] Level 1:colcon.colcon_core.environment:checking '/home/men3m/Naima/install/naima_control' for CMake module files
[1.182s] Level 1:colcon.colcon_core.environment:checking '/home/men3m/Naima/install/naima_control' for CMake config files
[1.183s] Level 1:colcon.colcon_core.shell:create_environment_hook('naima_control', 'cmake_prefix_path')
[1.183s] INFO:colcon.colcon_core.shell:Creating environment hook '/home/men3m/Naima/install/naima_control/share/naima_control/hook/cmake_prefix_path.ps1'
[1.183s] INFO:colcon.colcon_core.shell:Creating environment descriptor '/home/men3m/Naima/install/naima_control/share/naima_control/hook/cmake_prefix_path.dsv'
[1.184s] INFO:colcon.colcon_core.shell:Creating environment hook '/home/men3m/Naima/install/naima_control/share/naima_control/hook/cmake_prefix_path.sh'
[1.184s] Level 1:colcon.colcon_core.environment:checking '/home/men3m/Naima/install/naima_control/bin'
[1.184s] Level 1:colcon.colcon_core.environment:checking '/home/men3m/Naima/install/naima_control/lib/pkgconfig/naima_control.pc'
[1.185s] Level 1:colcon.colcon_core.environment:checking '/home/men3m/Naima/install/naima_control/lib/python3.10/site-packages'
[1.185s] Level 1:colcon.colcon_core.environment:checking '/home/men3m/Naima/install/naima_control/bin'
[1.185s] INFO:colcon.colcon_core.shell:Creating package script '/home/men3m/Naima/install/naima_control/share/naima_control/package.ps1'
[1.186s] INFO:colcon.colcon_core.shell:Creating package descriptor '/home/men3m/Naima/install/naima_control/share/naima_control/package.dsv'
[1.186s] INFO:colcon.colcon_core.shell:Creating package script '/home/men3m/Naima/install/naima_control/share/naima_control/package.sh'
[1.187s] INFO:colcon.colcon_core.shell:Creating package script '/home/men3m/Naima/install/naima_control/share/naima_control/package.bash'
[1.187s] INFO:colcon.colcon_core.shell:Creating package script '/home/men3m/Naima/install/naima_control/share/naima_control/package.zsh'
[1.188s] Level 1:colcon.colcon_core.environment:create_file_with_runtime_dependencies(/home/men3m/Naima/install/naima_control/share/colcon-core/packages/naima_control)
[1.190s] Level 1:colcon.colcon_core.environment:create_environment_scripts_only(zed_topic_benchmark_interfaces)
[1.191s] Level 1:colcon.colcon_core.environment:checking '/home/men3m/Naima/install/zed_topic_benchmark_interfaces' for CMake module files
[1.191s] DEBUG:colcon.colcon_core.event_handler.log_command:Invoked command in '/home/men3m/Naima/build/zed_tutorial_pos_tracking' returned '0': CMAKE_PREFIX_PATH=${CMAKE_PREFIX_PATH}:/home/men3m/Naima/install/naima_bringup:/home/men3m/Naima/install/naima:/opt/ros/humble /usr/bin/cmake --build /home/men3m/Naima/build/zed_tutorial_pos_tracking -- -j16 -l16
[1.192s] DEBUG:colcon.colcon_core.event_handler.log_command:Invoking command in '/home/men3m/Naima/build/zed_tutorial_pos_tracking': CMAKE_PREFIX_PATH=${CMAKE_PREFIX_PATH}:/home/men3m/Naima/install/naima_bringup:/home/men3m/Naima/install/naima:/opt/ros/humble /usr/bin/cmake --install /home/men3m/Naima/build/zed_tutorial_pos_tracking
[1.192s] DEBUG:colcon.colcon_core.event_handler.log_command:Invoked command in '/home/men3m/Naima/build/zed_topic_benchmark_interfaces' returned '0': CMAKE_PREFIX_PATH=${CMAKE_PREFIX_PATH}:/home/men3m/Naima/install/naima_bringup:/home/men3m/Naima/install/naima:/opt/ros/humble /usr/bin/cmake --install /home/men3m/Naima/build/zed_topic_benchmark_interfaces
[1.194s] Level 1:colcon.colcon_core.environment:checking '/home/men3m/Naima/install/zed_topic_benchmark_interfaces' for CMake config files
[1.195s] Level 1:colcon.colcon_core.shell:create_environment_hook('zed_topic_benchmark_interfaces', 'cmake_prefix_path')
[1.196s] INFO:colcon.colcon_core.shell:Creating environment hook '/home/men3m/Naima/install/zed_topic_benchmark_interfaces/share/zed_topic_benchmark_interfaces/hook/cmake_prefix_path.ps1'
[1.196s] INFO:colcon.colcon_core.shell:Creating environment descriptor '/home/men3m/Naima/install/zed_topic_benchmark_interfaces/share/zed_topic_benchmark_interfaces/hook/cmake_prefix_path.dsv'
[1.196s] INFO:colcon.colcon_core.shell:Creating environment hook '/home/men3m/Naima/install/zed_topic_benchmark_interfaces/share/zed_topic_benchmark_interfaces/hook/cmake_prefix_path.sh'
[1.197s] Level 1:colcon.colcon_core.environment:checking '/home/men3m/Naima/install/zed_topic_benchmark_interfaces/lib'
[1.197s] Level 1:colcon.colcon_core.shell:create_environment_hook('zed_topic_benchmark_interfaces', 'ld_library_path_lib')
[1.197s] INFO:colcon.colcon_core.shell:Creating environment hook '/home/men3m/Naima/install/zed_topic_benchmark_interfaces/share/zed_topic_benchmark_interfaces/hook/ld_library_path_lib.ps1'
[1.198s] INFO:colcon.colcon_core.shell:Creating environment descriptor '/home/men3m/Naima/install/zed_topic_benchmark_interfaces/share/zed_topic_benchmark_interfaces/hook/ld_library_path_lib.dsv'
[1.198s] INFO:colcon.colcon_core.shell:Creating environment hook '/home/men3m/Naima/install/zed_topic_benchmark_interfaces/share/zed_topic_benchmark_interfaces/hook/ld_library_path_lib.sh'
[1.198s] Level 1:colcon.colcon_core.environment:checking '/home/men3m/Naima/install/zed_topic_benchmark_interfaces/bin'
[1.199s] Level 1:colcon.colcon_core.environment:checking '/home/men3m/Naima/install/zed_topic_benchmark_interfaces/lib/pkgconfig/zed_topic_benchmark_interfaces.pc'
[1.199s] Level 1:colcon.colcon_core.environment:checking '/home/men3m/Naima/install/zed_topic_benchmark_interfaces/lib/python3.10/site-packages'
[1.199s] Level 1:colcon.colcon_core.environment:checking '/home/men3m/Naima/install/zed_topic_benchmark_interfaces/bin'
[1.199s] INFO:colcon.colcon_core.shell:Creating package script '/home/men3m/Naima/install/zed_topic_benchmark_interfaces/share/zed_topic_benchmark_interfaces/package.ps1'
[1.200s] INFO:colcon.colcon_core.shell:Creating package descriptor '/home/men3m/Naima/install/zed_topic_benchmark_interfaces/share/zed_topic_benchmark_interfaces/package.dsv'
[1.200s] INFO:colcon.colcon_core.shell:Creating package script '/home/men3m/Naima/install/zed_topic_benchmark_interfaces/share/zed_topic_benchmark_interfaces/package.sh'
[1.201s] INFO:colcon.colcon_core.shell:Creating package script '/home/men3m/Naima/install/zed_topic_benchmark_interfaces/share/zed_topic_benchmark_interfaces/package.bash'
[1.201s] INFO:colcon.colcon_core.shell:Creating package script '/home/men3m/Naima/install/zed_topic_benchmark_interfaces/share/zed_topic_benchmark_interfaces/package.zsh'
[1.201s] Level 1:colcon.colcon_core.environment:create_file_with_runtime_dependencies(/home/men3m/Naima/install/zed_topic_benchmark_interfaces/share/colcon-core/packages/zed_topic_benchmark_interfaces)
[1.202s] Level 1:colcon.colcon_core.environment:create_environment_scripts_only(zed_topic_benchmark_interfaces)
[1.202s] Level 1:colcon.colcon_core.environment:checking '/home/men3m/Naima/install/zed_topic_benchmark_interfaces' for CMake module files
[1.202s] Level 1:colcon.colcon_core.environment:checking '/home/men3m/Naima/install/zed_topic_benchmark_interfaces' for CMake config files
[1.203s] Level 1:colcon.colcon_core.shell:create_environment_hook('zed_topic_benchmark_interfaces', 'cmake_prefix_path')
[1.203s] INFO:colcon.colcon_core.shell:Creating environment hook '/home/men3m/Naima/install/zed_topic_benchmark_interfaces/share/zed_topic_benchmark_interfaces/hook/cmake_prefix_path.ps1'
[1.204s] INFO:colcon.colcon_core.shell:Creating environment descriptor '/home/men3m/Naima/install/zed_topic_benchmark_interfaces/share/zed_topic_benchmark_interfaces/hook/cmake_prefix_path.dsv'
[1.204s] INFO:colcon.colcon_core.shell:Creating environment hook '/home/men3m/Naima/install/zed_topic_benchmark_interfaces/share/zed_topic_benchmark_interfaces/hook/cmake_prefix_path.sh'
[1.205s] Level 1:colcon.colcon_core.environment:checking '/home/men3m/Naima/install/zed_topic_benchmark_interfaces/lib'
[1.205s] Level 1:colcon.colcon_core.shell:create_environment_hook('zed_topic_benchmark_interfaces', 'ld_library_path_lib')
[1.205s] INFO:colcon.colcon_core.shell:Creating environment hook '/home/men3m/Naima/install/zed_topic_benchmark_interfaces/share/zed_topic_benchmark_interfaces/hook/ld_library_path_lib.ps1'
[1.205s] INFO:colcon.colcon_core.shell:Creating environment descriptor '/home/men3m/Naima/install/zed_topic_benchmark_interfaces/share/zed_topic_benchmark_interfaces/hook/ld_library_path_lib.dsv'
[1.206s] INFO:colcon.colcon_core.shell:Creating environment hook '/home/men3m/Naima/install/zed_topic_benchmark_interfaces/share/zed_topic_benchmark_interfaces/hook/ld_library_path_lib.sh'
[1.206s] Level 1:colcon.colcon_core.environment:checking '/home/men3m/Naima/install/zed_topic_benchmark_interfaces/bin'
[1.206s] Level 1:colcon.colcon_core.environment:checking '/home/men3m/Naima/install/zed_topic_benchmark_interfaces/lib/pkgconfig/zed_topic_benchmark_interfaces.pc'
[1.206s] Level 1:colcon.colcon_core.environment:checking '/home/men3m/Naima/install/zed_topic_benchmark_interfaces/lib/python3.10/site-packages'
[1.206s] Level 1:colcon.colcon_core.environment:checking '/home/men3m/Naima/install/zed_topic_benchmark_interfaces/bin'
[1.207s] INFO:colcon.colcon_core.shell:Creating package script '/home/men3m/Naima/install/zed_topic_benchmark_interfaces/share/zed_topic_benchmark_interfaces/package.ps1'
[1.207s] INFO:colcon.colcon_core.shell:Creating package descriptor '/home/men3m/Naima/install/zed_topic_benchmark_interfaces/share/zed_topic_benchmark_interfaces/package.dsv'
[1.208s] INFO:colcon.colcon_core.shell:Creating package script '/home/men3m/Naima/install/zed_topic_benchmark_interfaces/share/zed_topic_benchmark_interfaces/package.sh'
[1.208s] INFO:colcon.colcon_core.shell:Creating package script '/home/men3m/Naima/install/zed_topic_benchmark_interfaces/share/zed_topic_benchmark_interfaces/package.bash'
[1.209s] INFO:colcon.colcon_core.shell:Creating package script '/home/men3m/Naima/install/zed_topic_benchmark_interfaces/share/zed_topic_benchmark_interfaces/package.zsh'
[1.209s] Level 1:colcon.colcon_core.environment:create_file_with_runtime_dependencies(/home/men3m/Naima/install/zed_topic_benchmark_interfaces/share/colcon-core/packages/zed_topic_benchmark_interfaces)
[1.209s] Level 1:colcon.colcon_core.environment:create_environment_scripts_only(naima_msgs)
[1.209s] Level 1:colcon.colcon_core.environment:checking '/home/men3m/Naima/install/naima_msgs' for CMake module files
[1.210s] DEBUG:colcon.colcon_core.event_handler.log_command:Invoked command in '/home/men3m/Naima/build/naima_msgs' returned '0': CMAKE_PREFIX_PATH=${CMAKE_PREFIX_PATH}:/home/men3m/Naima/install/naima_bringup:/home/men3m/Naima/install/naima:/opt/ros/humble /usr/bin/cmake --install /home/men3m/Naima/build/naima_msgs
[1.211s] Level 1:colcon.colcon_core.environment:checking '/home/men3m/Naima/install/naima_msgs' for CMake config files
[1.211s] Level 1:colcon.colcon_core.shell:create_environment_hook('naima_msgs', 'cmake_prefix_path')
[1.211s] INFO:colcon.colcon_core.shell:Creating environment hook '/home/men3m/Naima/install/naima_msgs/share/naima_msgs/hook/cmake_prefix_path.ps1'
[1.212s] INFO:colcon.colcon_core.shell:Creating environment descriptor '/home/men3m/Naima/install/naima_msgs/share/naima_msgs/hook/cmake_prefix_path.dsv'
[1.212s] INFO:colcon.colcon_core.shell:Creating environment hook '/home/men3m/Naima/install/naima_msgs/share/naima_msgs/hook/cmake_prefix_path.sh'
[1.212s] Level 1:colcon.colcon_core.environment:checking '/home/men3m/Naima/install/naima_msgs/lib'
[1.212s] Level 1:colcon.colcon_core.shell:create_environment_hook('naima_msgs', 'ld_library_path_lib')
[1.213s] INFO:colcon.colcon_core.shell:Creating environment hook '/home/men3m/Naima/install/naima_msgs/share/naima_msgs/hook/ld_library_path_lib.ps1'
[1.213s] INFO:colcon.colcon_core.shell:Creating environment descriptor '/home/men3m/Naima/install/naima_msgs/share/naima_msgs/hook/ld_library_path_lib.dsv'
[1.213s] INFO:colcon.colcon_core.shell:Creating environment hook '/home/men3m/Naima/install/naima_msgs/share/naima_msgs/hook/ld_library_path_lib.sh'
[1.213s] Level 1:colcon.colcon_core.environment:checking '/home/men3m/Naima/install/naima_msgs/bin'
[1.214s] Level 1:colcon.colcon_core.environment:checking '/home/men3m/Naima/install/naima_msgs/lib/pkgconfig/naima_msgs.pc'
[1.214s] Level 1:colcon.colcon_core.environment:checking '/home/men3m/Naima/install/naima_msgs/lib/python3.10/site-packages'
[1.214s] Level 1:colcon.colcon_core.environment:checking '/home/men3m/Naima/install/naima_msgs/bin'
[1.214s] INFO:colcon.colcon_core.shell:Creating package script '/home/men3m/Naima/install/naima_msgs/share/naima_msgs/package.ps1'
[1.214s] INFO:colcon.colcon_core.shell:Creating package descriptor '/home/men3m/Naima/install/naima_msgs/share/naima_msgs/package.dsv'
[1.215s] INFO:colcon.colcon_core.shell:Creating package script '/home/men3m/Naima/install/naima_msgs/share/naima_msgs/package.sh'
[1.215s] INFO:colcon.colcon_core.shell:Creating package script '/home/men3m/Naima/install/naima_msgs/share/naima_msgs/package.bash'
[1.216s] INFO:colcon.colcon_core.shell:Creating package script '/home/men3m/Naima/install/naima_msgs/share/naima_msgs/package.zsh'
[1.216s] Level 1:colcon.colcon_core.environment:create_file_with_runtime_dependencies(/home/men3m/Naima/install/naima_msgs/share/colcon-core/packages/naima_msgs)
[1.216s] Level 1:colcon.colcon_core.environment:create_environment_scripts_only(naima_msgs)
[1.216s] Level 1:colcon.colcon_core.environment:checking '/home/men3m/Naima/install/naima_msgs' for CMake module files
[1.217s] Level 1:colcon.colcon_core.environment:checking '/home/men3m/Naima/install/naima_msgs' for CMake config files
[1.218s] Level 1:colcon.colcon_core.shell:create_environment_hook('naima_msgs', 'cmake_prefix_path')
[1.218s] INFO:colcon.colcon_core.shell:Creating environment hook '/home/men3m/Naima/install/naima_msgs/share/naima_msgs/hook/cmake_prefix_path.ps1'
[1.218s] INFO:colcon.colcon_core.shell:Creating environment descriptor '/home/men3m/Naima/install/naima_msgs/share/naima_msgs/hook/cmake_prefix_path.dsv'
[1.218s] INFO:colcon.colcon_core.shell:Creating environment hook '/home/men3m/Naima/install/naima_msgs/share/naima_msgs/hook/cmake_prefix_path.sh'
[1.219s] Level 1:colcon.colcon_core.environment:checking '/home/men3m/Naima/install/naima_msgs/lib'
[1.219s] Level 1:colcon.colcon_core.shell:create_environment_hook('naima_msgs', 'ld_library_path_lib')
[1.219s] INFO:colcon.colcon_core.shell:Creating environment hook '/home/men3m/Naima/install/naima_msgs/share/naima_msgs/hook/ld_library_path_lib.ps1'
[1.219s] INFO:colcon.colcon_core.shell:Creating environment descriptor '/home/men3m/Naima/install/naima_msgs/share/naima_msgs/hook/ld_library_path_lib.dsv'
[1.220s] INFO:colcon.colcon_core.shell:Creating environment hook '/home/men3m/Naima/install/naima_msgs/share/naima_msgs/hook/ld_library_path_lib.sh'
[1.220s] Level 1:colcon.colcon_core.environment:checking '/home/men3m/Naima/install/naima_msgs/bin'
[1.220s] Level 1:colcon.colcon_core.environment:checking '/home/men3m/Naima/install/naima_msgs/lib/pkgconfig/naima_msgs.pc'
[1.220s] Level 1:colcon.colcon_core.environment:checking '/home/men3m/Naima/install/naima_msgs/lib/python3.10/site-packages'
[1.220s] Level 1:colcon.colcon_core.environment:checking '/home/men3m/Naima/install/naima_msgs/bin'
[1.220s] INFO:colcon.colcon_core.shell:Creating package script '/home/men3m/Naima/install/naima_msgs/share/naima_msgs/package.ps1'
[1.221s] INFO:colcon.colcon_core.shell:Creating package descriptor '/home/men3m/Naima/install/naima_msgs/share/naima_msgs/package.dsv'
[1.221s] INFO:colcon.colcon_core.shell:Creating package script '/home/men3m/Naima/install/naima_msgs/share/naima_msgs/package.sh'
[1.222s] INFO:colcon.colcon_core.shell:Creating package script '/home/men3m/Naima/install/naima_msgs/share/naima_msgs/package.bash'
[1.222s] INFO:colcon.colcon_core.shell:Creating package script '/home/men3m/Naima/install/naima_msgs/share/naima_msgs/package.zsh'
[1.222s] Level 1:colcon.colcon_core.environment:create_file_with_runtime_dependencies(/home/men3m/Naima/install/naima_msgs/share/colcon-core/packages/naima_msgs)
[1.225s] DEBUG:colcon.colcon_core.event_handler.log_command:Invoked command in '/home/men3m/Naima/build/zed_tutorial_video' returned '0': CMAKE_PREFIX_PATH=${CMAKE_PREFIX_PATH}:/home/men3m/Naima/install/naima_bringup:/home/men3m/Naima/install/naima:/opt/ros/humble /usr/bin/cmake --build /home/men3m/Naima/build/zed_tutorial_video -- -j16 -l16
[1.225s] DEBUG:colcon.colcon_core.event_handler.log_command:Invoking command in '/home/men3m/Naima/build/zed_tutorial_video': CMAKE_PREFIX_PATH=${CMAKE_PREFIX_PATH}:/home/men3m/Naima/install/naima_bringup:/home/men3m/Naima/install/naima:/opt/ros/humble /usr/bin/cmake --install /home/men3m/Naima/build/zed_tutorial_video
[1.226s] DEBUG:colcon.colcon_core.event_handler.log_command:Invoked command in '/home/men3m/Naima/build/rviz_plugin_zed_od' returned '0': CMAKE_PREFIX_PATH=${CMAKE_PREFIX_PATH}:/home/men3m/Naima/install/naima_bringup:/home/men3m/Naima/install/naima:/opt/ros/humble /usr/bin/cmake --build /home/men3m/Naima/build/rviz_plugin_zed_od -- -j16 -l16
[1.227s] DEBUG:colcon.colcon_core.event_handler.log_command:Invoking command in '/home/men3m/Naima/build/rviz_plugin_zed_od': CMAKE_PREFIX_PATH=${CMAKE_PREFIX_PATH}:/home/men3m/Naima/install/naima_bringup:/home/men3m/Naima/install/naima:/opt/ros/humble /usr/bin/cmake --install /home/men3m/Naima/build/rviz_plugin_zed_od
[1.227s] Level 1:colcon.colcon_core.environment:create_environment_scripts_only(naima_mapping)
[1.228s] Level 1:colcon.colcon_core.environment:checking '/home/men3m/Naima/install/naima_mapping' for CMake module files
[1.228s] DEBUG:colcon.colcon_core.event_handler.log_command:Invoked command in '/home/men3m/Naima/build/naima_mapping' returned '0': CMAKE_PREFIX_PATH=${CMAKE_PREFIX_PATH}:/home/men3m/Naima/install/naima_bringup:/home/men3m/Naima/install/naima:/opt/ros/humble /usr/bin/cmake --install /home/men3m/Naima/build/naima_mapping
[1.229s] Level 1:colcon.colcon_core.environment:checking '/home/men3m/Naima/install/naima_mapping' for CMake config files
[1.229s] Level 1:colcon.colcon_core.shell:create_environment_hook('naima_mapping', 'cmake_prefix_path')
[1.229s] INFO:colcon.colcon_core.shell:Creating environment hook '/home/men3m/Naima/install/naima_mapping/share/naima_mapping/hook/cmake_prefix_path.ps1'
[1.229s] INFO:colcon.colcon_core.shell:Creating environment descriptor '/home/men3m/Naima/install/naima_mapping/share/naima_mapping/hook/cmake_prefix_path.dsv'
[1.230s] INFO:colcon.colcon_core.shell:Creating environment hook '/home/men3m/Naima/install/naima_mapping/share/naima_mapping/hook/cmake_prefix_path.sh'
[1.230s] Level 1:colcon.colcon_core.environment:checking '/home/men3m/Naima/install/naima_mapping/bin'
[1.230s] Level 1:colcon.colcon_core.environment:checking '/home/men3m/Naima/install/naima_mapping/lib/pkgconfig/naima_mapping.pc'
[1.230s] Level 1:colcon.colcon_core.environment:checking '/home/men3m/Naima/install/naima_mapping/lib/python3.10/site-packages'
[1.230s] Level 1:colcon.colcon_core.environment:checking '/home/men3m/Naima/install/naima_mapping/bin'
[1.231s] INFO:colcon.colcon_core.shell:Creating package script '/home/men3m/Naima/install/naima_mapping/share/naima_mapping/package.ps1'
[1.231s] INFO:colcon.colcon_core.shell:Creating package descriptor '/home/men3m/Naima/install/naima_mapping/share/naima_mapping/package.dsv'
[1.231s] INFO:colcon.colcon_core.shell:Creating package script '/home/men3m/Naima/install/naima_mapping/share/naima_mapping/package.sh'
[1.232s] INFO:colcon.colcon_core.shell:Creating package script '/home/men3m/Naima/install/naima_mapping/share/naima_mapping/package.bash'
[1.232s] INFO:colcon.colcon_core.shell:Creating package script '/home/men3m/Naima/install/naima_mapping/share/naima_mapping/package.zsh'
[1.232s] Level 1:colcon.colcon_core.environment:create_file_with_runtime_dependencies(/home/men3m/Naima/install/naima_mapping/share/colcon-core/packages/naima_mapping)
[1.233s] Level 1:colcon.colcon_core.environment:create_environment_scripts_only(naima_mapping)
[1.233s] Level 1:colcon.colcon_core.environment:checking '/home/men3m/Naima/install/naima_mapping' for CMake module files
[1.234s] Level 1:colcon.colcon_core.environment:checking '/home/men3m/Naima/install/naima_mapping' for CMake config files
[1.234s] Level 1:colcon.colcon_core.shell:create_environment_hook('naima_mapping', 'cmake_prefix_path')
[1.234s] INFO:colcon.colcon_core.shell:Creating environment hook '/home/men3m/Naima/install/naima_mapping/share/naima_mapping/hook/cmake_prefix_path.ps1'
[1.235s] INFO:colcon.colcon_core.shell:Creating environment descriptor '/home/men3m/Naima/install/naima_mapping/share/naima_mapping/hook/cmake_prefix_path.dsv'
[1.235s] INFO:colcon.colcon_core.shell:Creating environment hook '/home/men3m/Naima/install/naima_mapping/share/naima_mapping/hook/cmake_prefix_path.sh'
[1.235s] Level 1:colcon.colcon_core.environment:checking '/home/men3m/Naima/install/naima_mapping/bin'
[1.235s] Level 1:colcon.colcon_core.environment:checking '/home/men3m/Naima/install/naima_mapping/lib/pkgconfig/naima_mapping.pc'
[1.236s] Level 1:colcon.colcon_core.environment:checking '/home/men3m/Naima/install/naima_mapping/lib/python3.10/site-packages'
[1.236s] Level 1:colcon.colcon_core.environment:checking '/home/men3m/Naima/install/naima_mapping/bin'
[1.236s] INFO:colcon.colcon_core.shell:Creating package script '/home/men3m/Naima/install/naima_mapping/share/naima_mapping/package.ps1'
[1.236s] INFO:colcon.colcon_core.shell:Creating package descriptor '/home/men3m/Naima/install/naima_mapping/share/naima_mapping/package.dsv'
[1.237s] INFO:colcon.colcon_core.shell:Creating package script '/home/men3m/Naima/install/naima_mapping/share/naima_mapping/package.sh'
[1.237s] INFO:colcon.colcon_core.shell:Creating package script '/home/men3m/Naima/install/naima_mapping/share/naima_mapping/package.bash'
[1.237s] INFO:colcon.colcon_core.shell:Creating package script '/home/men3m/Naima/install/naima_mapping/share/naima_mapping/package.zsh'
[1.238s] Level 1:colcon.colcon_core.environment:create_file_with_runtime_dependencies(/home/men3m/Naima/install/naima_mapping/share/colcon-core/packages/naima_mapping)
[1.239s] INFO:colcon.colcon_ros.task.ament_cmake.build:Building ROS package in '/home/men3m/Naima/src/zed-ros2-examples/tools/zed_benchmark_component' with build type 'ament_cmake'
[1.239s] INFO:colcon.colcon_cmake.task.cmake.build:Building CMake package in '/home/men3m/Naima/src/zed-ros2-examples/tools/zed_benchmark_component'
[1.239s] INFO:colcon.colcon_core.shell:Skip shell extension 'powershell' for command environment: Not usable outside of PowerShell
[1.239s] DEBUG:colcon.colcon_core.shell:Skip shell extension 'dsv' for command environment
[1.244s] INFO:colcon.colcon_ros.task.ament_cmake.build:Building ROS package in '/home/men3m/Naima/src/naima_examples' with build type 'ament_cmake'
[1.244s] INFO:colcon.colcon_cmake.task.cmake.build:Building CMake package in '/home/men3m/Naima/src/naima_examples'
[1.244s] INFO:colcon.colcon_core.shell:Skip shell extension 'powershell' for command environment: Not usable outside of PowerShell
[1.245s] DEBUG:colcon.colcon_core.shell:Skip shell extension 'dsv' for command environment
[1.261s] DEBUG:colcon.colcon_core.event_handler.log_command:Invoking command in '/home/men3m/Naima/build/zed_wrapper': CMAKE_PREFIX_PATH=/home/men3m/Naima/install/zed_components:/home/men3m/Naima/install/zed_ros2:/home/men3m/Naima/install/zed_robot_integration:/home/men3m/Naima/install/zed_ipc:/home/men3m/Naima/install/zed_multi_camera:/home/men3m/Naima/install/zed_display_rviz2:/home/men3m/Naima/install/zed_depth_to_laserscan:/home/men3m/Naima/install/zed_wrapper:/home/men3m/Naima/install/zed_tutorial_video:/home/men3m/Naima/install/zed_tutorial_pos_tracking:/home/men3m/Naima/install/zed_tutorial_depth:/home/men3m/Naima/install/zed_topic_benchmark:/home/men3m/Naima/install/zed_topic_benchmark_component:/home/men3m/Naima/install/zed_topic_benchmark_interfaces:/home/men3m/Naima/install/zed_rgb_convert:/home/men3m/Naima/install/zed_aruco_localization:/home/men3m/Naima/install/ublox:/home/men3m/Naima/install/ublox_gps:/home/men3m/Naima/install/ublox_msgs:/home/men3m/Naima/install/ublox_serialization:/home/men3m/Naima/install/rviz_plugin_zed_od:/home/men3m/Naima/install/naima_examples:/home/men3m/Naima/install/naima_msgs:/home/men3m/Naima/install/naima_mapping:/home/men3m/Naima/install/naima_localization:/home/men3m/Naima/install/naima_description:/home/men3m/Naima/install/naima_control:/home/men3m/Naima/install/naima_bringup:/home/men3m/Naima/install/naima:/opt/ros/humble LD_LIBRARY_PATH=/home/men3m/Naima/install/zed_components/lib:/home/men3m/Naima/install/zed_ipc/lib:/home/men3m/Naima/install/zed_topic_benchmark_component/lib:/home/men3m/Naima/install/zed_topic_benchmark_interfaces/lib:/home/men3m/Naima/install/zed_rgb_convert/lib:/home/men3m/Naima/install/zed_aruco_localization/lib:/home/men3m/Naima/install/ublox_gps/lib:/home/men3m/Naima/install/ublox_msgs/lib:/home/men3m/Naima/install/rviz_plugin_zed_od/lib:/home/men3m/Naima/install/naima_examples/lib:/home/men3m/Naima/install/naima_msgs/lib:/usr/lib/x86_64-linux-gnu/gazebo-11/plugins:/opt/ros/humble/opt/rviz_ogre_vendor/lib:/opt/ros/humble/lib/x86_64-linux-gnu:/opt/ros/humble/lib:/usr/local/cuda-12.4.0/lib64:/usr/local/cuda-12.4.0/lib64 /usr/bin/cmake --build /home/men3m/Naima/build/zed_wrapper -- -j16 -l16
[1.264s] DEBUG:colcon.colcon_core.event_handler.log_command:Invoking command in '/home/men3m/Naima/build/ublox_msgs': CMAKE_PREFIX_PATH=/home/men3m/Naima/install/ublox_serialization:/home/men3m/Naima/install/zed_ros2:/home/men3m/Naima/install/zed_robot_integration:/home/men3m/Naima/install/zed_ipc:/home/men3m/Naima/install/zed_multi_camera:/home/men3m/Naima/install/zed_display_rviz2:/home/men3m/Naima/install/zed_depth_to_laserscan:/home/men3m/Naima/install/zed_wrapper:/home/men3m/Naima/install/zed_tutorial_video:/home/men3m/Naima/install/zed_tutorial_pos_tracking:/home/men3m/Naima/install/zed_tutorial_depth:/home/men3m/Naima/install/zed_topic_benchmark:/home/men3m/Naima/install/zed_topic_benchmark_component:/home/men3m/Naima/install/zed_topic_benchmark_interfaces:/home/men3m/Naima/install/zed_rgb_convert:/home/men3m/Naima/install/zed_aruco_localization:/home/men3m/Naima/install/zed_components:/home/men3m/Naima/install/ublox:/home/men3m/Naima/install/ublox_gps:/home/men3m/Naima/install/ublox_msgs:/home/men3m/Naima/install/rviz_plugin_zed_od:/home/men3m/Naima/install/naima_examples:/home/men3m/Naima/install/naima_msgs:/home/men3m/Naima/install/naima_mapping:/home/men3m/Naima/install/naima_localization:/home/men3m/Naima/install/naima_description:/home/men3m/Naima/install/naima_control:/home/men3m/Naima/install/naima_bringup:/home/men3m/Naima/install/naima:/opt/ros/humble /usr/bin/cmake --build /home/men3m/Naima/build/ublox_msgs -- -j16 -l16
[1.267s] DEBUG:colcon.colcon_core.event_handler.log_command:Invoking command in '/home/men3m/Naima/build/zed_aruco_localization': CMAKE_PREFIX_PATH=/home/men3m/Naima/install/zed_components:/home/men3m/Naima/install/zed_ros2:/home/men3m/Naima/install/zed_robot_integration:/home/men3m/Naima/install/zed_ipc:/home/men3m/Naima/install/zed_multi_camera:/home/men3m/Naima/install/zed_display_rviz2:/home/men3m/Naima/install/zed_depth_to_laserscan:/home/men3m/Naima/install/zed_wrapper:/home/men3m/Naima/install/zed_tutorial_video:/home/men3m/Naima/install/zed_tutorial_pos_tracking:/home/men3m/Naima/install/zed_tutorial_depth:/home/men3m/Naima/install/zed_topic_benchmark:/home/men3m/Naima/install/zed_topic_benchmark_component:/home/men3m/Naima/install/zed_topic_benchmark_interfaces:/home/men3m/Naima/install/zed_rgb_convert:/home/men3m/Naima/install/zed_aruco_localization:/home/men3m/Naima/install/ublox:/home/men3m/Naima/install/ublox_gps:/home/men3m/Naima/install/ublox_msgs:/home/men3m/Naima/install/ublox_serialization:/home/men3m/Naima/install/rviz_plugin_zed_od:/home/men3m/Naima/install/naima_examples:/home/men3m/Naima/install/naima_msgs:/home/men3m/Naima/install/naima_mapping:/home/men3m/Naima/install/naima_localization:/home/men3m/Naima/install/naima_description:/home/men3m/Naima/install/naima_control:/home/men3m/Naima/install/naima_bringup:/home/men3m/Naima/install/naima:/opt/ros/humble LD_LIBRARY_PATH=/home/men3m/Naima/install/zed_components/lib:/home/men3m/Naima/install/zed_ipc/lib:/home/men3m/Naima/install/zed_topic_benchmark_component/lib:/home/men3m/Naima/install/zed_topic_benchmark_interfaces/lib:/home/men3m/Naima/install/zed_rgb_convert/lib:/home/men3m/Naima/install/zed_aruco_localization/lib:/home/men3m/Naima/install/ublox_gps/lib:/home/men3m/Naima/install/ublox_msgs/lib:/home/men3m/Naima/install/rviz_plugin_zed_od/lib:/home/men3m/Naima/install/naima_examples/lib:/home/men3m/Naima/install/naima_msgs/lib:/usr/lib/x86_64-linux-gnu/gazebo-11/plugins:/opt/ros/humble/opt/rviz_ogre_vendor/lib:/opt/ros/humble/lib/x86_64-linux-gnu:/opt/ros/humble/lib:/usr/local/cuda-12.4.0/lib64:/usr/local/cuda-12.4.0/lib64 /usr/bin/cmake --build /home/men3m/Naima/build/zed_aruco_localization -- -j16 -l16
[1.270s] Level 1:colcon.colcon_core.environment:create_environment_scripts_only(zed_tutorial_depth)
[1.270s] Level 1:colcon.colcon_core.environment:checking '/home/men3m/Naima/install/zed_tutorial_depth' for CMake module files
[1.271s] DEBUG:colcon.colcon_core.event_handler.log_command:Invoking command in '/home/men3m/Naima/build/zed_rgb_convert': CMAKE_PREFIX_PATH=/home/men3m/Naima/install/zed_components:/home/men3m/Naima/install/zed_ros2:/home/men3m/Naima/install/zed_robot_integration:/home/men3m/Naima/install/zed_ipc:/home/men3m/Naima/install/zed_multi_camera:/home/men3m/Naima/install/zed_display_rviz2:/home/men3m/Naima/install/zed_depth_to_laserscan:/home/men3m/Naima/install/zed_wrapper:/home/men3m/Naima/install/zed_tutorial_video:/home/men3m/Naima/install/zed_tutorial_pos_tracking:/home/men3m/Naima/install/zed_tutorial_depth:/home/men3m/Naima/install/zed_topic_benchmark:/home/men3m/Naima/install/zed_topic_benchmark_component:/home/men3m/Naima/install/zed_topic_benchmark_interfaces:/home/men3m/Naima/install/zed_rgb_convert:/home/men3m/Naima/install/zed_aruco_localization:/home/men3m/Naima/install/ublox:/home/men3m/Naima/install/ublox_gps:/home/men3m/Naima/install/ublox_msgs:/home/men3m/Naima/install/ublox_serialization:/home/men3m/Naima/install/rviz_plugin_zed_od:/home/men3m/Naima/install/naima_examples:/home/men3m/Naima/install/naima_msgs:/home/men3m/Naima/install/naima_mapping:/home/men3m/Naima/install/naima_localization:/home/men3m/Naima/install/naima_description:/home/men3m/Naima/install/naima_control:/home/men3m/Naima/install/naima_bringup:/home/men3m/Naima/install/naima:/opt/ros/humble LD_LIBRARY_PATH=/home/men3m/Naima/install/zed_components/lib:/home/men3m/Naima/install/zed_ipc/lib:/home/men3m/Naima/install/zed_topic_benchmark_component/lib:/home/men3m/Naima/install/zed_topic_benchmark_interfaces/lib:/home/men3m/Naima/install/zed_rgb_convert/lib:/home/men3m/Naima/install/zed_aruco_localization/lib:/home/men3m/Naima/install/ublox_gps/lib:/home/men3m/Naima/install/ublox_msgs/lib:/home/men3m/Naima/install/rviz_plugin_zed_od/lib:/home/men3m/Naima/install/naima_examples/lib:/home/men3m/Naima/install/naima_msgs/lib:/usr/lib/x86_64-linux-gnu/gazebo-11/plugins:/opt/ros/humble/opt/rviz_ogre_vendor/lib:/opt/ros/humble/lib/x86_64-linux-gnu:/opt/ros/humble/lib:/usr/local/cuda-12.4.0/lib64:/usr/local/cuda-12.4.0/lib64 /usr/bin/cmake --build /home/men3m/Naima/build/zed_rgb_convert -- -j16 -l16
[1.272s] DEBUG:colcon.colcon_core.event_handler.log_command:Invoked command in '/home/men3m/Naima/build/zed_tutorial_depth' returned '0': CMAKE_PREFIX_PATH=${CMAKE_PREFIX_PATH}:/home/men3m/Naima/install/naima_bringup:/home/men3m/Naima/install/naima:/opt/ros/humble /usr/bin/cmake --install /home/men3m/Naima/build/zed_tutorial_depth
[1.272s] Level 1:colcon.colcon_core.environment:checking '/home/men3m/Naima/install/zed_tutorial_depth' for CMake config files
[1.272s] Level 1:colcon.colcon_core.shell:create_environment_hook('zed_tutorial_depth', 'cmake_prefix_path')
[1.272s] INFO:colcon.colcon_core.shell:Creating environment hook '/home/men3m/Naima/install/zed_tutorial_depth/share/zed_tutorial_depth/hook/cmake_prefix_path.ps1'
[1.273s] INFO:colcon.colcon_core.shell:Creating environment descriptor '/home/men3m/Naima/install/zed_tutorial_depth/share/zed_tutorial_depth/hook/cmake_prefix_path.dsv'
[1.273s] INFO:colcon.colcon_core.shell:Creating environment hook '/home/men3m/Naima/install/zed_tutorial_depth/share/zed_tutorial_depth/hook/cmake_prefix_path.sh'
[1.273s] Level 1:colcon.colcon_core.environment:checking '/home/men3m/Naima/install/zed_tutorial_depth/lib'
[1.273s] Level 1:colcon.colcon_core.environment:checking '/home/men3m/Naima/install/zed_tutorial_depth/bin'
[1.274s] Level 1:colcon.colcon_core.environment:checking '/home/men3m/Naima/install/zed_tutorial_depth/lib/pkgconfig/zed_tutorial_depth.pc'
[1.274s] Level 1:colcon.colcon_core.environment:checking '/home/men3m/Naima/install/zed_tutorial_depth/lib/python3.10/site-packages'
[1.274s] Level 1:colcon.colcon_core.environment:checking '/home/men3m/Naima/install/zed_tutorial_depth/bin'
[1.274s] INFO:colcon.colcon_core.shell:Creating package script '/home/men3m/Naima/install/zed_tutorial_depth/share/zed_tutorial_depth/package.ps1'
[1.274s] INFO:colcon.colcon_core.shell:Creating package descriptor '/home/men3m/Naima/install/zed_tutorial_depth/share/zed_tutorial_depth/package.dsv'
[1.275s] INFO:colcon.colcon_core.shell:Creating package script '/home/men3m/Naima/install/zed_tutorial_depth/share/zed_tutorial_depth/package.sh'
[1.275s] INFO:colcon.colcon_core.shell:Creating package script '/home/men3m/Naima/install/zed_tutorial_depth/share/zed_tutorial_depth/package.bash'
[1.275s] INFO:colcon.colcon_core.shell:Creating package script '/home/men3m/Naima/install/zed_tutorial_depth/share/zed_tutorial_depth/package.zsh'
[1.276s] Level 1:colcon.colcon_core.environment:create_file_with_runtime_dependencies(/home/men3m/Naima/install/zed_tutorial_depth/share/colcon-core/packages/zed_tutorial_depth)
[1.276s] Level 1:colcon.colcon_core.environment:create_environment_scripts_only(zed_tutorial_depth)
[1.276s] Level 1:colcon.colcon_core.environment:checking '/home/men3m/Naima/install/zed_tutorial_depth' for CMake module files
[1.277s] Level 1:colcon.colcon_core.environment:checking '/home/men3m/Naima/install/zed_tutorial_depth' for CMake config files
[1.277s] Level 1:colcon.colcon_core.shell:create_environment_hook('zed_tutorial_depth', 'cmake_prefix_path')
[1.277s] INFO:colcon.colcon_core.shell:Creating environment hook '/home/men3m/Naima/install/zed_tutorial_depth/share/zed_tutorial_depth/hook/cmake_prefix_path.ps1'
[1.277s] INFO:colcon.colcon_core.shell:Creating environment descriptor '/home/men3m/Naima/install/zed_tutorial_depth/share/zed_tutorial_depth/hook/cmake_prefix_path.dsv'
[1.278s] INFO:colcon.colcon_core.shell:Creating environment hook '/home/men3m/Naima/install/zed_tutorial_depth/share/zed_tutorial_depth/hook/cmake_prefix_path.sh'
[1.278s] Level 1:colcon.colcon_core.environment:checking '/home/men3m/Naima/install/zed_tutorial_depth/lib'
[1.278s] Level 1:colcon.colcon_core.environment:checking '/home/men3m/Naima/install/zed_tutorial_depth/bin'
[1.278s] Level 1:colcon.colcon_core.environment:checking '/home/men3m/Naima/install/zed_tutorial_depth/lib/pkgconfig/zed_tutorial_depth.pc'
[1.278s] Level 1:colcon.colcon_core.environment:checking '/home/men3m/Naima/install/zed_tutorial_depth/lib/python3.10/site-packages'
[1.279s] Level 1:colcon.colcon_core.environment:checking '/home/men3m/Naima/install/zed_tutorial_depth/bin'
[1.279s] INFO:colcon.colcon_core.shell:Creating package script '/home/men3m/Naima/install/zed_tutorial_depth/share/zed_tutorial_depth/package.ps1'
[1.279s] INFO:colcon.colcon_core.shell:Creating package descriptor '/home/men3m/Naima/install/zed_tutorial_depth/share/zed_tutorial_depth/package.dsv'
[1.280s] INFO:colcon.colcon_core.shell:Creating package script '/home/men3m/Naima/install/zed_tutorial_depth/share/zed_tutorial_depth/package.sh'
[1.280s] INFO:colcon.colcon_core.shell:Creating package script '/home/men3m/Naima/install/zed_tutorial_depth/share/zed_tutorial_depth/package.bash'
[1.281s] INFO:colcon.colcon_core.shell:Creating package script '/home/men3m/Naima/install/zed_tutorial_depth/share/zed_tutorial_depth/package.zsh'
[1.281s] Level 1:colcon.colcon_core.environment:create_file_with_runtime_dependencies(/home/men3m/Naima/install/zed_tutorial_depth/share/colcon-core/packages/zed_tutorial_depth)
[1.281s] Level 1:colcon.colcon_core.environment:create_environment_scripts_only(zed_tutorial_pos_tracking)
[1.281s] Level 1:colcon.colcon_core.environment:checking '/home/men3m/Naima/install/zed_tutorial_pos_tracking' for CMake module files
[1.282s] DEBUG:colcon.colcon_core.event_handler.log_command:Invoked command in '/home/men3m/Naima/build/zed_tutorial_pos_tracking' returned '0': CMAKE_PREFIX_PATH=${CMAKE_PREFIX_PATH}:/home/men3m/Naima/install/naima_bringup:/home/men3m/Naima/install/naima:/opt/ros/humble /usr/bin/cmake --install /home/men3m/Naima/build/zed_tutorial_pos_tracking
[1.283s] Level 1:colcon.colcon_core.environment:checking '/home/men3m/Naima/install/zed_tutorial_pos_tracking' for CMake config files
[1.283s] Level 1:colcon.colcon_core.shell:create_environment_hook('zed_tutorial_pos_tracking', 'cmake_prefix_path')
[1.283s] INFO:colcon.colcon_core.shell:Creating environment hook '/home/men3m/Naima/install/zed_tutorial_pos_tracking/share/zed_tutorial_pos_tracking/hook/cmake_prefix_path.ps1'
[1.283s] INFO:colcon.colcon_core.shell:Creating environment descriptor '/home/men3m/Naima/install/zed_tutorial_pos_tracking/share/zed_tutorial_pos_tracking/hook/cmake_prefix_path.dsv'
[1.284s] INFO:colcon.colcon_core.shell:Creating environment hook '/home/men3m/Naima/install/zed_tutorial_pos_tracking/share/zed_tutorial_pos_tracking/hook/cmake_prefix_path.sh'
[1.284s] Level 1:colcon.colcon_core.environment:checking '/home/men3m/Naima/install/zed_tutorial_pos_tracking/lib'
[1.284s] Level 1:colcon.colcon_core.environment:checking '/home/men3m/Naima/install/zed_tutorial_pos_tracking/bin'
[1.284s] Level 1:colcon.colcon_core.environment:checking '/home/men3m/Naima/install/zed_tutorial_pos_tracking/lib/pkgconfig/zed_tutorial_pos_tracking.pc'
[1.285s] Level 1:colcon.colcon_core.environment:checking '/home/men3m/Naima/install/zed_tutorial_pos_tracking/lib/python3.10/site-packages'
[1.285s] Level 1:colcon.colcon_core.environment:checking '/home/men3m/Naima/install/zed_tutorial_pos_tracking/bin'
[1.285s] INFO:colcon.colcon_core.shell:Creating package script '/home/men3m/Naima/install/zed_tutorial_pos_tracking/share/zed_tutorial_pos_tracking/package.ps1'
[1.286s] INFO:colcon.colcon_core.shell:Creating package descriptor '/home/men3m/Naima/install/zed_tutorial_pos_tracking/share/zed_tutorial_pos_tracking/package.dsv'
[1.286s] INFO:colcon.colcon_core.shell:Creating package script '/home/men3m/Naima/install/zed_tutorial_pos_tracking/share/zed_tutorial_pos_tracking/package.sh'
[1.287s] INFO:colcon.colcon_core.shell:Creating package script '/home/men3m/Naima/install/zed_tutorial_pos_tracking/share/zed_tutorial_pos_tracking/package.bash'
[1.287s] INFO:colcon.colcon_core.shell:Creating package script '/home/men3m/Naima/install/zed_tutorial_pos_tracking/share/zed_tutorial_pos_tracking/package.zsh'
[1.287s] Level 1:colcon.colcon_core.environment:create_file_with_runtime_dependencies(/home/men3m/Naima/install/zed_tutorial_pos_tracking/share/colcon-core/packages/zed_tutorial_pos_tracking)
[1.288s] Level 1:colcon.colcon_core.environment:create_environment_scripts_only(zed_tutorial_pos_tracking)
[1.288s] Level 1:colcon.colcon_core.environment:checking '/home/men3m/Naima/install/zed_tutorial_pos_tracking' for CMake module files
[1.289s] Level 1:colcon.colcon_core.environment:checking '/home/men3m/Naima/install/zed_tutorial_pos_tracking' for CMake config files
[1.289s] Level 1:colcon.colcon_core.shell:create_environment_hook('zed_tutorial_pos_tracking', 'cmake_prefix_path')
[1.289s] INFO:colcon.colcon_core.shell:Creating environment hook '/home/men3m/Naima/install/zed_tutorial_pos_tracking/share/zed_tutorial_pos_tracking/hook/cmake_prefix_path.ps1'
[1.289s] INFO:colcon.colcon_core.shell:Creating environment descriptor '/home/men3m/Naima/install/zed_tutorial_pos_tracking/share/zed_tutorial_pos_tracking/hook/cmake_prefix_path.dsv'
[1.290s] INFO:colcon.colcon_core.shell:Creating environment hook '/home/men3m/Naima/install/zed_tutorial_pos_tracking/share/zed_tutorial_pos_tracking/hook/cmake_prefix_path.sh'
[1.290s] Level 1:colcon.colcon_core.environment:checking '/home/men3m/Naima/install/zed_tutorial_pos_tracking/lib'
[1.290s] Level 1:colcon.colcon_core.environment:checking '/home/men3m/Naima/install/zed_tutorial_pos_tracking/bin'
[1.290s] Level 1:colcon.colcon_core.environment:checking '/home/men3m/Naima/install/zed_tutorial_pos_tracking/lib/pkgconfig/zed_tutorial_pos_tracking.pc'
[1.290s] Level 1:colcon.colcon_core.environment:checking '/home/men3m/Naima/install/zed_tutorial_pos_tracking/lib/python3.10/site-packages'
[1.291s] Level 1:colcon.colcon_core.environment:checking '/home/men3m/Naima/install/zed_tutorial_pos_tracking/bin'
[1.291s] INFO:colcon.colcon_core.shell:Creating package script '/home/men3m/Naima/install/zed_tutorial_pos_tracking/share/zed_tutorial_pos_tracking/package.ps1'
[1.291s] INFO:colcon.colcon_core.shell:Creating package descriptor '/home/men3m/Naima/install/zed_tutorial_pos_tracking/share/zed_tutorial_pos_tracking/package.dsv'
[1.292s] INFO:colcon.colcon_core.shell:Creating package script '/home/men3m/Naima/install/zed_tutorial_pos_tracking/share/zed_tutorial_pos_tracking/package.sh'
[1.292s] INFO:colcon.colcon_core.shell:Creating package script '/home/men3m/Naima/install/zed_tutorial_pos_tracking/share/zed_tutorial_pos_tracking/package.bash'
[1.292s] INFO:colcon.colcon_core.shell:Creating package script '/home/men3m/Naima/install/zed_tutorial_pos_tracking/share/zed_tutorial_pos_tracking/package.zsh'
[1.293s] Level 1:colcon.colcon_core.environment:create_file_with_runtime_dependencies(/home/men3m/Naima/install/zed_tutorial_pos_tracking/share/colcon-core/packages/zed_tutorial_pos_tracking)
[1.295s] Level 1:colcon.colcon_core.environment:create_environment_scripts_only(rviz_plugin_zed_od)
[1.295s] Level 1:colcon.colcon_core.environment:checking '/home/men3m/Naima/install/rviz_plugin_zed_od' for CMake module files
[1.296s] DEBUG:colcon.colcon_core.event_handler.log_command:Invoked command in '/home/men3m/Naima/build/rviz_plugin_zed_od' returned '0': CMAKE_PREFIX_PATH=${CMAKE_PREFIX_PATH}:/home/men3m/Naima/install/naima_bringup:/home/men3m/Naima/install/naima:/opt/ros/humble /usr/bin/cmake --install /home/men3m/Naima/build/rviz_plugin_zed_od
[1.296s] Level 1:colcon.colcon_core.environment:checking '/home/men3m/Naima/install/rviz_plugin_zed_od' for CMake config files
[1.296s] Level 1:colcon.colcon_core.shell:create_environment_hook('rviz_plugin_zed_od', 'cmake_prefix_path')
[1.297s] INFO:colcon.colcon_core.shell:Creating environment hook '/home/men3m/Naima/install/rviz_plugin_zed_od/share/rviz_plugin_zed_od/hook/cmake_prefix_path.ps1'
[1.297s] INFO:colcon.colcon_core.shell:Creating environment descriptor '/home/men3m/Naima/install/rviz_plugin_zed_od/share/rviz_plugin_zed_od/hook/cmake_prefix_path.dsv'
[1.297s] INFO:colcon.colcon_core.shell:Creating environment hook '/home/men3m/Naima/install/rviz_plugin_zed_od/share/rviz_plugin_zed_od/hook/cmake_prefix_path.sh'
[1.298s] Level 1:colcon.colcon_core.environment:checking '/home/men3m/Naima/install/rviz_plugin_zed_od/lib'
[1.298s] Level 1:colcon.colcon_core.shell:create_environment_hook('rviz_plugin_zed_od', 'ld_library_path_lib')
[1.298s] INFO:colcon.colcon_core.shell:Creating environment hook '/home/men3m/Naima/install/rviz_plugin_zed_od/share/rviz_plugin_zed_od/hook/ld_library_path_lib.ps1'
[1.298s] INFO:colcon.colcon_core.shell:Creating environment descriptor '/home/men3m/Naima/install/rviz_plugin_zed_od/share/rviz_plugin_zed_od/hook/ld_library_path_lib.dsv'
[1.299s] INFO:colcon.colcon_core.shell:Creating environment hook '/home/men3m/Naima/install/rviz_plugin_zed_od/share/rviz_plugin_zed_od/hook/ld_library_path_lib.sh'
[1.299s] Level 1:colcon.colcon_core.environment:checking '/home/men3m/Naima/install/rviz_plugin_zed_od/bin'
[1.299s] Level 1:colcon.colcon_core.environment:checking '/home/men3m/Naima/install/rviz_plugin_zed_od/lib/pkgconfig/rviz_plugin_zed_od.pc'
[1.299s] Level 1:colcon.colcon_core.environment:checking '/home/men3m/Naima/install/rviz_plugin_zed_od/lib/python3.10/site-packages'
[1.299s] Level 1:colcon.colcon_core.environment:checking '/home/men3m/Naima/install/rviz_plugin_zed_od/bin'
[1.300s] INFO:colcon.colcon_core.shell:Creating package script '/home/men3m/Naima/install/rviz_plugin_zed_od/share/rviz_plugin_zed_od/package.ps1'
[1.300s] INFO:colcon.colcon_core.shell:Creating package descriptor '/home/men3m/Naima/install/rviz_plugin_zed_od/share/rviz_plugin_zed_od/package.dsv'
[1.300s] INFO:colcon.colcon_core.shell:Creating package script '/home/men3m/Naima/install/rviz_plugin_zed_od/share/rviz_plugin_zed_od/package.sh'
[1.301s] INFO:colcon.colcon_core.shell:Creating package script '/home/men3m/Naima/install/rviz_plugin_zed_od/share/rviz_plugin_zed_od/package.bash'
[1.301s] INFO:colcon.colcon_core.shell:Creating package script '/home/men3m/Naima/install/rviz_plugin_zed_od/share/rviz_plugin_zed_od/package.zsh'
[1.301s] Level 1:colcon.colcon_core.environment:create_file_with_runtime_dependencies(/home/men3m/Naima/install/rviz_plugin_zed_od/share/colcon-core/packages/rviz_plugin_zed_od)
[1.302s] Level 1:colcon.colcon_core.environment:create_environment_scripts_only(rviz_plugin_zed_od)
[1.302s] Level 1:colcon.colcon_core.environment:checking '/home/men3m/Naima/install/rviz_plugin_zed_od' for CMake module files
[1.302s] Level 1:colcon.colcon_core.environment:checking '/home/men3m/Naima/install/rviz_plugin_zed_od' for CMake config files
[1.303s] Level 1:colcon.colcon_core.shell:create_environment_hook('rviz_plugin_zed_od', 'cmake_prefix_path')
[1.303s] INFO:colcon.colcon_core.shell:Creating environment hook '/home/men3m/Naima/install/rviz_plugin_zed_od/share/rviz_plugin_zed_od/hook/cmake_prefix_path.ps1'
[1.303s] INFO:colcon.colcon_core.shell:Creating environment descriptor '/home/men3m/Naima/install/rviz_plugin_zed_od/share/rviz_plugin_zed_od/hook/cmake_prefix_path.dsv'
[1.303s] INFO:colcon.colcon_core.shell:Creating environment hook '/home/men3m/Naima/install/rviz_plugin_zed_od/share/rviz_plugin_zed_od/hook/cmake_prefix_path.sh'
[1.304s] Level 1:colcon.colcon_core.environment:checking '/home/men3m/Naima/install/rviz_plugin_zed_od/lib'
[1.304s] Level 1:colcon.colcon_core.shell:create_environment_hook('rviz_plugin_zed_od', 'ld_library_path_lib')
[1.304s] INFO:colcon.colcon_core.shell:Creating environment hook '/home/men3m/Naima/install/rviz_plugin_zed_od/share/rviz_plugin_zed_od/hook/ld_library_path_lib.ps1'
[1.305s] INFO:colcon.colcon_core.shell:Creating environment descriptor '/home/men3m/Naima/install/rviz_plugin_zed_od/share/rviz_plugin_zed_od/hook/ld_library_path_lib.dsv'
[1.305s] INFO:colcon.colcon_core.shell:Creating environment hook '/home/men3m/Naima/install/rviz_plugin_zed_od/share/rviz_plugin_zed_od/hook/ld_library_path_lib.sh'
[1.305s] Level 1:colcon.colcon_core.environment:checking '/home/men3m/Naima/install/rviz_plugin_zed_od/bin'
[1.305s] Level 1:colcon.colcon_core.environment:checking '/home/men3m/Naima/install/rviz_plugin_zed_od/lib/pkgconfig/rviz_plugin_zed_od.pc'
[1.305s] Level 1:colcon.colcon_core.environment:checking '/home/men3m/Naima/install/rviz_plugin_zed_od/lib/python3.10/site-packages'
[1.306s] Level 1:colcon.colcon_core.environment:checking '/home/men3m/Naima/install/rviz_plugin_zed_od/bin'
[1.306s] INFO:colcon.colcon_core.shell:Creating package script '/home/men3m/Naima/install/rviz_plugin_zed_od/share/rviz_plugin_zed_od/package.ps1'
[1.306s] INFO:colcon.colcon_core.shell:Creating package descriptor '/home/men3m/Naima/install/rviz_plugin_zed_od/share/rviz_plugin_zed_od/package.dsv'
[1.307s] INFO:colcon.colcon_core.shell:Creating package script '/home/men3m/Naima/install/rviz_plugin_zed_od/share/rviz_plugin_zed_od/package.sh'
[1.307s] INFO:colcon.colcon_core.shell:Creating package script '/home/men3m/Naima/install/rviz_plugin_zed_od/share/rviz_plugin_zed_od/package.bash'
[1.308s] INFO:colcon.colcon_core.shell:Creating package script '/home/men3m/Naima/install/rviz_plugin_zed_od/share/rviz_plugin_zed_od/package.zsh'
[1.308s] Level 1:colcon.colcon_core.environment:create_file_with_runtime_dependencies(/home/men3m/Naima/install/rviz_plugin_zed_od/share/colcon-core/packages/rviz_plugin_zed_od)
[1.308s] Level 1:colcon.colcon_core.environment:create_environment_scripts_only(zed_tutorial_video)
[1.308s] Level 1:colcon.colcon_core.environment:checking '/home/men3m/Naima/install/zed_tutorial_video' for CMake module files
[1.309s] DEBUG:colcon.colcon_core.event_handler.log_command:Invoked command in '/home/men3m/Naima/build/zed_tutorial_video' returned '0': CMAKE_PREFIX_PATH=${CMAKE_PREFIX_PATH}:/home/men3m/Naima/install/naima_bringup:/home/men3m/Naima/install/naima:/opt/ros/humble /usr/bin/cmake --install /home/men3m/Naima/build/zed_tutorial_video
[1.309s] Level 1:colcon.colcon_core.environment:checking '/home/men3m/Naima/install/zed_tutorial_video' for CMake config files
[1.310s] Level 1:colcon.colcon_core.shell:create_environment_hook('zed_tutorial_video', 'cmake_prefix_path')
[1.310s] INFO:colcon.colcon_core.shell:Creating environment hook '/home/men3m/Naima/install/zed_tutorial_video/share/zed_tutorial_video/hook/cmake_prefix_path.ps1'
[1.310s] INFO:colcon.colcon_core.shell:Creating environment descriptor '/home/men3m/Naima/install/zed_tutorial_video/share/zed_tutorial_video/hook/cmake_prefix_path.dsv'
[1.311s] INFO:colcon.colcon_core.shell:Creating environment hook '/home/men3m/Naima/install/zed_tutorial_video/share/zed_tutorial_video/hook/cmake_prefix_path.sh'
[1.311s] Level 1:colcon.colcon_core.environment:checking '/home/men3m/Naima/install/zed_tutorial_video/lib'
[1.312s] Level 1:colcon.colcon_core.environment:checking '/home/men3m/Naima/install/zed_tutorial_video/bin'
[1.312s] Level 1:colcon.colcon_core.environment:checking '/home/men3m/Naima/install/zed_tutorial_video/lib/pkgconfig/zed_tutorial_video.pc'
[1.312s] Level 1:colcon.colcon_core.environment:checking '/home/men3m/Naima/install/zed_tutorial_video/lib/python3.10/site-packages'
[1.312s] Level 1:colcon.colcon_core.environment:checking '/home/men3m/Naima/install/zed_tutorial_video/bin'
[1.312s] INFO:colcon.colcon_core.shell:Creating package script '/home/men3m/Naima/install/zed_tutorial_video/share/zed_tutorial_video/package.ps1'
[1.313s] INFO:colcon.colcon_core.shell:Creating package descriptor '/home/men3m/Naima/install/zed_tutorial_video/share/zed_tutorial_video/package.dsv'
[1.313s] INFO:colcon.colcon_core.shell:Creating package script '/home/men3m/Naima/install/zed_tutorial_video/share/zed_tutorial_video/package.sh'
[1.314s] INFO:colcon.colcon_core.shell:Creating package script '/home/men3m/Naima/install/zed_tutorial_video/share/zed_tutorial_video/package.bash'
[1.314s] INFO:colcon.colcon_core.shell:Creating package script '/home/men3m/Naima/install/zed_tutorial_video/share/zed_tutorial_video/package.zsh'
[1.315s] Level 1:colcon.colcon_core.environment:create_file_with_runtime_dependencies(/home/men3m/Naima/install/zed_tutorial_video/share/colcon-core/packages/zed_tutorial_video)
[1.315s] Level 1:colcon.colcon_core.environment:create_environment_scripts_only(zed_tutorial_video)
[1.316s] Level 1:colcon.colcon_core.environment:checking '/home/men3m/Naima/install/zed_tutorial_video' for CMake module files
[1.317s] Level 1:colcon.colcon_core.environment:checking '/home/men3m/Naima/install/zed_tutorial_video' for CMake config files
[1.317s] Level 1:colcon.colcon_core.shell:create_environment_hook('zed_tutorial_video', 'cmake_prefix_path')
[1.317s] INFO:colcon.colcon_core.shell:Creating environment hook '/home/men3m/Naima/install/zed_tutorial_video/share/zed_tutorial_video/hook/cmake_prefix_path.ps1'
[1.317s] INFO:colcon.colcon_core.shell:Creating environment descriptor '/home/men3m/Naima/install/zed_tutorial_video/share/zed_tutorial_video/hook/cmake_prefix_path.dsv'
[1.318s] INFO:colcon.colcon_core.shell:Creating environment hook '/home/men3m/Naima/install/zed_tutorial_video/share/zed_tutorial_video/hook/cmake_prefix_path.sh'
[1.318s] Level 1:colcon.colcon_core.environment:checking '/home/men3m/Naima/install/zed_tutorial_video/lib'
[1.318s] Level 1:colcon.colcon_core.environment:checking '/home/men3m/Naima/install/zed_tutorial_video/bin'
[1.319s] Level 1:colcon.colcon_core.environment:checking '/home/men3m/Naima/install/zed_tutorial_video/lib/pkgconfig/zed_tutorial_video.pc'
[1.319s] Level 1:colcon.colcon_core.environment:checking '/home/men3m/Naima/install/zed_tutorial_video/lib/python3.10/site-packages'
[1.319s] Level 1:colcon.colcon_core.environment:checking '/home/men3m/Naima/install/zed_tutorial_video/bin'
[1.319s] INFO:colcon.colcon_core.shell:Creating package script '/home/men3m/Naima/install/zed_tutorial_video/share/zed_tutorial_video/package.ps1'
[1.320s] INFO:colcon.colcon_core.shell:Creating package descriptor '/home/men3m/Naima/install/zed_tutorial_video/share/zed_tutorial_video/package.dsv'
[1.320s] INFO:colcon.colcon_core.shell:Creating package script '/home/men3m/Naima/install/zed_tutorial_video/share/zed_tutorial_video/package.sh'
[1.321s] INFO:colcon.colcon_core.shell:Creating package script '/home/men3m/Naima/install/zed_tutorial_video/share/zed_tutorial_video/package.bash'
[1.321s] INFO:colcon.colcon_core.shell:Creating package script '/home/men3m/Naima/install/zed_tutorial_video/share/zed_tutorial_video/package.zsh'
[1.321s] Level 1:colcon.colcon_core.environment:create_file_with_runtime_dependencies(/home/men3m/Naima/install/zed_tutorial_video/share/colcon-core/packages/zed_tutorial_video)
[1.325s] DEBUG:colcon.colcon_core.event_handler.log_command:Invoking command in '/home/men3m/Naima/build/zed_topic_benchmark_component': CMAKE_PREFIX_PATH=/home/men3m/Naima/install/zed_topic_benchmark_interfaces:/home/men3m/Naima/install/zed_ros2:/home/men3m/Naima/install/zed_robot_integration:/home/men3m/Naima/install/zed_ipc:/home/men3m/Naima/install/zed_multi_camera:/home/men3m/Naima/install/zed_display_rviz2:/home/men3m/Naima/install/zed_depth_to_laserscan:/home/men3m/Naima/install/zed_wrapper:/home/men3m/Naima/install/zed_tutorial_video:/home/men3m/Naima/install/zed_tutorial_pos_tracking:/home/men3m/Naima/install/zed_tutorial_depth:/home/men3m/Naima/install/zed_topic_benchmark:/home/men3m/Naima/install/zed_topic_benchmark_component:/home/men3m/Naima/install/zed_rgb_convert:/home/men3m/Naima/install/zed_aruco_localization:/home/men3m/Naima/install/zed_components:/home/men3m/Naima/install/ublox:/home/men3m/Naima/install/ublox_gps:/home/men3m/Naima/install/ublox_msgs:/home/men3m/Naima/install/ublox_serialization:/home/men3m/Naima/install/rviz_plugin_zed_od:/home/men3m/Naima/install/naima_examples:/home/men3m/Naima/install/naima_msgs:/home/men3m/Naima/install/naima_mapping:/home/men3m/Naima/install/naima_localization:/home/men3m/Naima/install/naima_description:/home/men3m/Naima/install/naima_control:/home/men3m/Naima/install/naima_bringup:/home/men3m/Naima/install/naima:/opt/ros/humble LD_LIBRARY_PATH=/home/men3m/Naima/install/zed_topic_benchmark_interfaces/lib:/home/men3m/Naima/install/zed_ipc/lib:/home/men3m/Naima/install/zed_topic_benchmark_component/lib:/home/men3m/Naima/install/zed_rgb_convert/lib:/home/men3m/Naima/install/zed_aruco_localization/lib:/home/men3m/Naima/install/zed_components/lib:/home/men3m/Naima/install/ublox_gps/lib:/home/men3m/Naima/install/ublox_msgs/lib:/home/men3m/Naima/install/rviz_plugin_zed_od/lib:/home/men3m/Naima/install/naima_examples/lib:/home/men3m/Naima/install/naima_msgs/lib:/usr/lib/x86_64-linux-gnu/gazebo-11/plugins:/opt/ros/humble/opt/rviz_ogre_vendor/lib:/opt/ros/humble/lib/x86_64-linux-gnu:/opt/ros/humble/lib:/usr/local/cuda-12.4.0/lib64:/usr/local/cuda-12.4.0/lib64 /usr/bin/cmake --build /home/men3m/Naima/build/zed_topic_benchmark_component -- -j16 -l16
[1.330s] DEBUG:colcon.colcon_core.event_handler.log_command:Invoking command in '/home/men3m/Naima/build/naima_examples': CMAKE_PREFIX_PATH=/home/men3m/Naima/install/naima_msgs:/home/men3m/Naima/install/zed_ros2:/home/men3m/Naima/install/zed_robot_integration:/home/men3m/Naima/install/zed_ipc:/home/men3m/Naima/install/zed_multi_camera:/home/men3m/Naima/install/zed_display_rviz2:/home/men3m/Naima/install/zed_depth_to_laserscan:/home/men3m/Naima/install/zed_wrapper:/home/men3m/Naima/install/zed_tutorial_video:/home/men3m/Naima/install/zed_tutorial_pos_tracking:/home/men3m/Naima/install/zed_tutorial_depth:/home/men3m/Naima/install/zed_topic_benchmark:/home/men3m/Naima/install/zed_topic_benchmark_component:/home/men3m/Naima/install/zed_topic_benchmark_interfaces:/home/men3m/Naima/install/zed_rgb_convert:/home/men3m/Naima/install/zed_aruco_localization:/home/men3m/Naima/install/zed_components:/home/men3m/Naima/install/ublox:/home/men3m/Naima/install/ublox_gps:/home/men3m/Naima/install/ublox_msgs:/home/men3m/Naima/install/ublox_serialization:/home/men3m/Naima/install/rviz_plugin_zed_od:/home/men3m/Naima/install/naima_examples:/home/men3m/Naima/install/naima_mapping:/home/men3m/Naima/install/naima_localization:/home/men3m/Naima/install/naima_description:/home/men3m/Naima/install/naima_control:/home/men3m/Naima/install/naima_bringup:/home/men3m/Naima/install/naima:/opt/ros/humble LD_LIBRARY_PATH=/home/men3m/Naima/install/naima_msgs/lib:/home/men3m/Naima/install/zed_ipc/lib:/home/men3m/Naima/install/zed_topic_benchmark_component/lib:/home/men3m/Naima/install/zed_topic_benchmark_interfaces/lib:/home/men3m/Naima/install/zed_rgb_convert/lib:/home/men3m/Naima/install/zed_aruco_localization/lib:/home/men3m/Naima/install/zed_components/lib:/home/men3m/Naima/install/ublox_gps/lib:/home/men3m/Naima/install/ublox_msgs/lib:/home/men3m/Naima/install/rviz_plugin_zed_od/lib:/home/men3m/Naima/install/naima_examples/lib:/usr/lib/x86_64-linux-gnu/gazebo-11/plugins:/opt/ros/humble/opt/rviz_ogre_vendor/lib:/opt/ros/humble/lib/x86_64-linux-gnu:/opt/ros/humble/lib:/usr/local/cuda-12.4.0/lib64:/usr/local/cuda-12.4.0/lib64 /usr/bin/cmake --build /home/men3m/Naima/build/naima_examples -- -j16 -l16
[1.330s] DEBUG:colcon.colcon_core.event_handler.log_command:Invoked command in '/home/men3m/Naima/build/zed_wrapper' returned '0': CMAKE_PREFIX_PATH=/home/men3m/Naima/install/zed_components:/home/men3m/Naima/install/zed_ros2:/home/men3m/Naima/install/zed_robot_integration:/home/men3m/Naima/install/zed_ipc:/home/men3m/Naima/install/zed_multi_camera:/home/men3m/Naima/install/zed_display_rviz2:/home/men3m/Naima/install/zed_depth_to_laserscan:/home/men3m/Naima/install/zed_wrapper:/home/men3m/Naima/install/zed_tutorial_video:/home/men3m/Naima/install/zed_tutorial_pos_tracking:/home/men3m/Naima/install/zed_tutorial_depth:/home/men3m/Naima/install/zed_topic_benchmark:/home/men3m/Naima/install/zed_topic_benchmark_component:/home/men3m/Naima/install/zed_topic_benchmark_interfaces:/home/men3m/Naima/install/zed_rgb_convert:/home/men3m/Naima/install/zed_aruco_localization:/home/men3m/Naima/install/ublox:/home/men3m/Naima/install/ublox_gps:/home/men3m/Naima/install/ublox_msgs:/home/men3m/Naima/install/ublox_serialization:/home/men3m/Naima/install/rviz_plugin_zed_od:/home/men3m/Naima/install/naima_examples:/home/men3m/Naima/install/naima_msgs:/home/men3m/Naima/install/naima_mapping:/home/men3m/Naima/install/naima_localization:/home/men3m/Naima/install/naima_description:/home/men3m/Naima/install/naima_control:/home/men3m/Naima/install/naima_bringup:/home/men3m/Naima/install/naima:/opt/ros/humble LD_LIBRARY_PATH=/home/men3m/Naima/install/zed_components/lib:/home/men3m/Naima/install/zed_ipc/lib:/home/men3m/Naima/install/zed_topic_benchmark_component/lib:/home/men3m/Naima/install/zed_topic_benchmark_interfaces/lib:/home/men3m/Naima/install/zed_rgb_convert/lib:/home/men3m/Naima/install/zed_aruco_localization/lib:/home/men3m/Naima/install/ublox_gps/lib:/home/men3m/Naima/install/ublox_msgs/lib:/home/men3m/Naima/install/rviz_plugin_zed_od/lib:/home/men3m/Naima/install/naima_examples/lib:/home/men3m/Naima/install/naima_msgs/lib:/usr/lib/x86_64-linux-gnu/gazebo-11/plugins:/opt/ros/humble/opt/rviz_ogre_vendor/lib:/opt/ros/humble/lib/x86_64-linux-gnu:/opt/ros/humble/lib:/usr/local/cuda-12.4.0/lib64:/usr/local/cuda-12.4.0/lib64 /usr/bin/cmake --build /home/men3m/Naima/build/zed_wrapper -- -j16 -l16
[1.331s] DEBUG:colcon.colcon_core.event_handler.log_command:Invoking command in '/home/men3m/Naima/build/zed_wrapper': CMAKE_PREFIX_PATH=/home/men3m/Naima/install/zed_components:/home/men3m/Naima/install/zed_ros2:/home/men3m/Naima/install/zed_robot_integration:/home/men3m/Naima/install/zed_ipc:/home/men3m/Naima/install/zed_multi_camera:/home/men3m/Naima/install/zed_display_rviz2:/home/men3m/Naima/install/zed_depth_to_laserscan:/home/men3m/Naima/install/zed_wrapper:/home/men3m/Naima/install/zed_tutorial_video:/home/men3m/Naima/install/zed_tutorial_pos_tracking:/home/men3m/Naima/install/zed_tutorial_depth:/home/men3m/Naima/install/zed_topic_benchmark:/home/men3m/Naima/install/zed_topic_benchmark_component:/home/men3m/Naima/install/zed_topic_benchmark_interfaces:/home/men3m/Naima/install/zed_rgb_convert:/home/men3m/Naima/install/zed_aruco_localization:/home/men3m/Naima/install/ublox:/home/men3m/Naima/install/ublox_gps:/home/men3m/Naima/install/ublox_msgs:/home/men3m/Naima/install/ublox_serialization:/home/men3m/Naima/install/rviz_plugin_zed_od:/home/men3m/Naima/install/naima_examples:/home/men3m/Naima/install/naima_msgs:/home/men3m/Naima/install/naima_mapping:/home/men3m/Naima/install/naima_localization:/home/men3m/Naima/install/naima_description:/home/men3m/Naima/install/naima_control:/home/men3m/Naima/install/naima_bringup:/home/men3m/Naima/install/naima:/opt/ros/humble LD_LIBRARY_PATH=/home/men3m/Naima/install/zed_components/lib:/home/men3m/Naima/install/zed_ipc/lib:/home/men3m/Naima/install/zed_topic_benchmark_component/lib:/home/men3m/Naima/install/zed_topic_benchmark_interfaces/lib:/home/men3m/Naima/install/zed_rgb_convert/lib:/home/men3m/Naima/install/zed_aruco_localization/lib:/home/men3m/Naima/install/ublox_gps/lib:/home/men3m/Naima/install/ublox_msgs/lib:/home/men3m/Naima/install/rviz_plugin_zed_od/lib:/home/men3m/Naima/install/naima_examples/lib:/home/men3m/Naima/install/naima_msgs/lib:/usr/lib/x86_64-linux-gnu/gazebo-11/plugins:/opt/ros/humble/opt/rviz_ogre_vendor/lib:/opt/ros/humble/lib/x86_64-linux-gnu:/opt/ros/humble/lib:/usr/local/cuda-12.4.0/lib64:/usr/local/cuda-12.4.0/lib64 /usr/bin/cmake --install /home/men3m/Naima/build/zed_wrapper
[1.345s] Level 1:colcon.colcon_core.environment:create_environment_scripts_only(zed_wrapper)
[1.345s] Level 1:colcon.colcon_core.environment:checking '/home/men3m/Naima/install/zed_wrapper' for CMake module files
[1.346s] DEBUG:colcon.colcon_core.event_handler.log_command:Invoked command in '/home/men3m/Naima/build/zed_wrapper' returned '0': CMAKE_PREFIX_PATH=/home/men3m/Naima/install/zed_components:/home/men3m/Naima/install/zed_ros2:/home/men3m/Naima/install/zed_robot_integration:/home/men3m/Naima/install/zed_ipc:/home/men3m/Naima/install/zed_multi_camera:/home/men3m/Naima/install/zed_display_rviz2:/home/men3m/Naima/install/zed_depth_to_laserscan:/home/men3m/Naima/install/zed_wrapper:/home/men3m/Naima/install/zed_tutorial_video:/home/men3m/Naima/install/zed_tutorial_pos_tracking:/home/men3m/Naima/install/zed_tutorial_depth:/home/men3m/Naima/install/zed_topic_benchmark:/home/men3m/Naima/install/zed_topic_benchmark_component:/home/men3m/Naima/install/zed_topic_benchmark_interfaces:/home/men3m/Naima/install/zed_rgb_convert:/home/men3m/Naima/install/zed_aruco_localization:/home/men3m/Naima/install/ublox:/home/men3m/Naima/install/ublox_gps:/home/men3m/Naima/install/ublox_msgs:/home/men3m/Naima/install/ublox_serialization:/home/men3m/Naima/install/rviz_plugin_zed_od:/home/men3m/Naima/install/naima_examples:/home/men3m/Naima/install/naima_msgs:/home/men3m/Naima/install/naima_mapping:/home/men3m/Naima/install/naima_localization:/home/men3m/Naima/install/naima_description:/home/men3m/Naima/install/naima_control:/home/men3m/Naima/install/naima_bringup:/home/men3m/Naima/install/naima:/opt/ros/humble LD_LIBRARY_PATH=/home/men3m/Naima/install/zed_components/lib:/home/men3m/Naima/install/zed_ipc/lib:/home/men3m/Naima/install/zed_topic_benchmark_component/lib:/home/men3m/Naima/install/zed_topic_benchmark_interfaces/lib:/home/men3m/Naima/install/zed_rgb_convert/lib:/home/men3m/Naima/install/zed_aruco_localization/lib:/home/men3m/Naima/install/ublox_gps/lib:/home/men3m/Naima/install/ublox_msgs/lib:/home/men3m/Naima/install/rviz_plugin_zed_od/lib:/home/men3m/Naima/install/naima_examples/lib:/home/men3m/Naima/install/naima_msgs/lib:/usr/lib/x86_64-linux-gnu/gazebo-11/plugins:/opt/ros/humble/opt/rviz_ogre_vendor/lib:/opt/ros/humble/lib/x86_64-linux-gnu:/opt/ros/humble/lib:/usr/local/cuda-12.4.0/lib64:/usr/local/cuda-12.4.0/lib64 /usr/bin/cmake --install /home/men3m/Naima/build/zed_wrapper
[1.346s] Level 1:colcon.colcon_core.environment:checking '/home/men3m/Naima/install/zed_wrapper' for CMake config files
[1.347s] Level 1:colcon.colcon_core.shell:create_environment_hook('zed_wrapper', 'cmake_prefix_path')
[1.347s] INFO:colcon.colcon_core.shell:Creating environment hook '/home/men3m/Naima/install/zed_wrapper/share/zed_wrapper/hook/cmake_prefix_path.ps1'
[1.348s] INFO:colcon.colcon_core.shell:Creating environment descriptor '/home/men3m/Naima/install/zed_wrapper/share/zed_wrapper/hook/cmake_prefix_path.dsv'
[1.348s] INFO:colcon.colcon_core.shell:Creating environment hook '/home/men3m/Naima/install/zed_wrapper/share/zed_wrapper/hook/cmake_prefix_path.sh'
[1.349s] Level 1:colcon.colcon_core.environment:checking '/home/men3m/Naima/install/zed_wrapper/bin'
[1.349s] Level 1:colcon.colcon_core.environment:checking '/home/men3m/Naima/install/zed_wrapper/lib/pkgconfig/zed_wrapper.pc'
[1.349s] Level 1:colcon.colcon_core.environment:checking '/home/men3m/Naima/install/zed_wrapper/lib/python3.10/site-packages'
[1.349s] Level 1:colcon.colcon_core.environment:checking '/home/men3m/Naima/install/zed_wrapper/bin'
[1.350s] INFO:colcon.colcon_core.shell:Creating package script '/home/men3m/Naima/install/zed_wrapper/share/zed_wrapper/package.ps1'
[1.350s] INFO:colcon.colcon_core.shell:Creating package descriptor '/home/men3m/Naima/install/zed_wrapper/share/zed_wrapper/package.dsv'
[1.351s] INFO:colcon.colcon_core.shell:Creating package script '/home/men3m/Naima/install/zed_wrapper/share/zed_wrapper/package.sh'
[1.351s] INFO:colcon.colcon_core.shell:Creating package script '/home/men3m/Naima/install/zed_wrapper/share/zed_wrapper/package.bash'
[1.352s] INFO:colcon.colcon_core.shell:Creating package script '/home/men3m/Naima/install/zed_wrapper/share/zed_wrapper/package.zsh'
[1.352s] Level 1:colcon.colcon_core.environment:create_file_with_runtime_dependencies(/home/men3m/Naima/install/zed_wrapper/share/colcon-core/packages/zed_wrapper)
[1.353s] Level 1:colcon.colcon_core.environment:create_environment_scripts_only(zed_wrapper)
[1.353s] Level 1:colcon.colcon_core.environment:checking '/home/men3m/Naima/install/zed_wrapper' for CMake module files
[1.354s] Level 1:colcon.colcon_core.environment:checking '/home/men3m/Naima/install/zed_wrapper' for CMake config files
[1.354s] Level 1:colcon.colcon_core.shell:create_environment_hook('zed_wrapper', 'cmake_prefix_path')
[1.354s] INFO:colcon.colcon_core.shell:Creating environment hook '/home/men3m/Naima/install/zed_wrapper/share/zed_wrapper/hook/cmake_prefix_path.ps1'
[1.355s] INFO:colcon.colcon_core.shell:Creating environment descriptor '/home/men3m/Naima/install/zed_wrapper/share/zed_wrapper/hook/cmake_prefix_path.dsv'
[1.355s] INFO:colcon.colcon_core.shell:Creating environment hook '/home/men3m/Naima/install/zed_wrapper/share/zed_wrapper/hook/cmake_prefix_path.sh'
[1.355s] Level 1:colcon.colcon_core.environment:checking '/home/men3m/Naima/install/zed_wrapper/bin'
[1.356s] Level 1:colcon.colcon_core.environment:checking '/home/men3m/Naima/install/zed_wrapper/lib/pkgconfig/zed_wrapper.pc'
[1.356s] Level 1:colcon.colcon_core.environment:checking '/home/men3m/Naima/install/zed_wrapper/lib/python3.10/site-packages'
[1.356s] Level 1:colcon.colcon_core.environment:checking '/home/men3m/Naima/install/zed_wrapper/bin'
[1.356s] INFO:colcon.colcon_core.shell:Creating package script '/home/men3m/Naima/install/zed_wrapper/share/zed_wrapper/package.ps1'
[1.357s] INFO:colcon.colcon_core.shell:Creating package descriptor '/home/men3m/Naima/install/zed_wrapper/share/zed_wrapper/package.dsv'
[1.357s] INFO:colcon.colcon_core.shell:Creating package script '/home/men3m/Naima/install/zed_wrapper/share/zed_wrapper/package.sh'
[1.358s] INFO:colcon.colcon_core.shell:Creating package script '/home/men3m/Naima/install/zed_wrapper/share/zed_wrapper/package.bash'
[1.358s] INFO:colcon.colcon_core.shell:Creating package script '/home/men3m/Naima/install/zed_wrapper/share/zed_wrapper/package.zsh'
[1.359s] Level 1:colcon.colcon_core.environment:create_file_with_runtime_dependencies(/home/men3m/Naima/install/zed_wrapper/share/colcon-core/packages/zed_wrapper)
[1.359s] INFO:colcon.colcon_ros.task.ament_cmake.build:Building ROS package in '/home/men3m/Naima/src/zed-ros2-examples/tutorials/zed_multi_camera' with build type 'ament_cmake'
[1.359s] INFO:colcon.colcon_cmake.task.cmake.build:Building CMake package in '/home/men3m/Naima/src/zed-ros2-examples/tutorials/zed_multi_camera'
[1.360s] INFO:colcon.colcon_core.shell:Skip shell extension 'powershell' for command environment: Not usable outside of PowerShell
[1.360s] DEBUG:colcon.colcon_core.shell:Skip shell extension 'dsv' for command environment
[1.370s] INFO:colcon.colcon_ros.task.ament_cmake.build:Building ROS package in '/home/men3m/Naima/src/zed-ros2-examples/examples/zed_depth_to_laserscan' with build type 'ament_cmake'
[1.370s] INFO:colcon.colcon_cmake.task.cmake.build:Building CMake package in '/home/men3m/Naima/src/zed-ros2-examples/examples/zed_depth_to_laserscan'
[1.371s] INFO:colcon.colcon_core.shell:Skip shell extension 'powershell' for command environment: Not usable outside of PowerShell
[1.371s] DEBUG:colcon.colcon_core.shell:Skip shell extension 'dsv' for command environment
[1.378s] INFO:colcon.colcon_ros.task.ament_cmake.build:Building ROS package in '/home/men3m/Naima/src/zed-ros2-examples/zed_display_rviz2' with build type 'ament_cmake'
[1.379s] INFO:colcon.colcon_cmake.task.cmake.build:Building CMake package in '/home/men3m/Naima/src/zed-ros2-examples/zed_display_rviz2'
[1.379s] INFO:colcon.colcon_core.shell:Skip shell extension 'powershell' for command environment: Not usable outside of PowerShell
[1.379s] DEBUG:colcon.colcon_core.shell:Skip shell extension 'dsv' for command environment
[1.386s] INFO:colcon.colcon_ros.task.ament_cmake.build:Building ROS package in '/home/men3m/Naima/src/zed-ros2-examples/tutorials/zed_robot_integration' with build type 'ament_cmake'
[1.386s] INFO:colcon.colcon_cmake.task.cmake.build:Building CMake package in '/home/men3m/Naima/src/zed-ros2-examples/tutorials/zed_robot_integration'
[1.386s] INFO:colcon.colcon_core.shell:Skip shell extension 'powershell' for command environment: Not usable outside of PowerShell
[1.387s] DEBUG:colcon.colcon_core.shell:Skip shell extension 'dsv' for command environment
[1.394s] INFO:colcon.colcon_ros.task.ament_cmake.build:Building ROS package in '/home/men3m/Naima/src/zed-ros2-wrapper/zed_ros2' with build type 'ament_cmake'
[1.395s] INFO:colcon.colcon_cmake.task.cmake.build:Building CMake package in '/home/men3m/Naima/src/zed-ros2-wrapper/zed_ros2'
[1.395s] INFO:colcon.colcon_core.shell:Skip shell extension 'powershell' for command environment: Not usable outside of PowerShell
[1.395s] DEBUG:colcon.colcon_core.shell:Skip shell extension 'dsv' for command environment
[1.402s] DEBUG:colcon.colcon_core.event_handler.log_command:Invoked command in '/home/men3m/Naima/build/zed_aruco_localization' returned '0': CMAKE_PREFIX_PATH=/home/men3m/Naima/install/zed_components:/home/men3m/Naima/install/zed_ros2:/home/men3m/Naima/install/zed_robot_integration:/home/men3m/Naima/install/zed_ipc:/home/men3m/Naima/install/zed_multi_camera:/home/men3m/Naima/install/zed_display_rviz2:/home/men3m/Naima/install/zed_depth_to_laserscan:/home/men3m/Naima/install/zed_wrapper:/home/men3m/Naima/install/zed_tutorial_video:/home/men3m/Naima/install/zed_tutorial_pos_tracking:/home/men3m/Naima/install/zed_tutorial_depth:/home/men3m/Naima/install/zed_topic_benchmark:/home/men3m/Naima/install/zed_topic_benchmark_component:/home/men3m/Naima/install/zed_topic_benchmark_interfaces:/home/men3m/Naima/install/zed_rgb_convert:/home/men3m/Naima/install/zed_aruco_localization:/home/men3m/Naima/install/ublox:/home/men3m/Naima/install/ublox_gps:/home/men3m/Naima/install/ublox_msgs:/home/men3m/Naima/install/ublox_serialization:/home/men3m/Naima/install/rviz_plugin_zed_od:/home/men3m/Naima/install/naima_examples:/home/men3m/Naima/install/naima_msgs:/home/men3m/Naima/install/naima_mapping:/home/men3m/Naima/install/naima_localization:/home/men3m/Naima/install/naima_description:/home/men3m/Naima/install/naima_control:/home/men3m/Naima/install/naima_bringup:/home/men3m/Naima/install/naima:/opt/ros/humble LD_LIBRARY_PATH=/home/men3m/Naima/install/zed_components/lib:/home/men3m/Naima/install/zed_ipc/lib:/home/men3m/Naima/install/zed_topic_benchmark_component/lib:/home/men3m/Naima/install/zed_topic_benchmark_interfaces/lib:/home/men3m/Naima/install/zed_rgb_convert/lib:/home/men3m/Naima/install/zed_aruco_localization/lib:/home/men3m/Naima/install/ublox_gps/lib:/home/men3m/Naima/install/ublox_msgs/lib:/home/men3m/Naima/install/rviz_plugin_zed_od/lib:/home/men3m/Naima/install/naima_examples/lib:/home/men3m/Naima/install/naima_msgs/lib:/usr/lib/x86_64-linux-gnu/gazebo-11/plugins:/opt/ros/humble/opt/rviz_ogre_vendor/lib:/opt/ros/humble/lib/x86_64-linux-gnu:/opt/ros/humble/lib:/usr/local/cuda-12.4.0/lib64:/usr/local/cuda-12.4.0/lib64 /usr/bin/cmake --build /home/men3m/Naima/build/zed_aruco_localization -- -j16 -l16
[1.405s] DEBUG:colcon.colcon_core.event_handler.log_command:Invoking command in '/home/men3m/Naima/build/zed_aruco_localization': CMAKE_PREFIX_PATH=/home/men3m/Naima/install/zed_components:/home/men3m/Naima/install/zed_ros2:/home/men3m/Naima/install/zed_robot_integration:/home/men3m/Naima/install/zed_ipc:/home/men3m/Naima/install/zed_multi_camera:/home/men3m/Naima/install/zed_display_rviz2:/home/men3m/Naima/install/zed_depth_to_laserscan:/home/men3m/Naima/install/zed_wrapper:/home/men3m/Naima/install/zed_tutorial_video:/home/men3m/Naima/install/zed_tutorial_pos_tracking:/home/men3m/Naima/install/zed_tutorial_depth:/home/men3m/Naima/install/zed_topic_benchmark:/home/men3m/Naima/install/zed_topic_benchmark_component:/home/men3m/Naima/install/zed_topic_benchmark_interfaces:/home/men3m/Naima/install/zed_rgb_convert:/home/men3m/Naima/install/zed_aruco_localization:/home/men3m/Naima/install/ublox:/home/men3m/Naima/install/ublox_gps:/home/men3m/Naima/install/ublox_msgs:/home/men3m/Naima/install/ublox_serialization:/home/men3m/Naima/install/rviz_plugin_zed_od:/home/men3m/Naima/install/naima_examples:/home/men3m/Naima/install/naima_msgs:/home/men3m/Naima/install/naima_mapping:/home/men3m/Naima/install/naima_localization:/home/men3m/Naima/install/naima_description:/home/men3m/Naima/install/naima_control:/home/men3m/Naima/install/naima_bringup:/home/men3m/Naima/install/naima:/opt/ros/humble LD_LIBRARY_PATH=/home/men3m/Naima/install/zed_components/lib:/home/men3m/Naima/install/zed_ipc/lib:/home/men3m/Naima/install/zed_topic_benchmark_component/lib:/home/men3m/Naima/install/zed_topic_benchmark_interfaces/lib:/home/men3m/Naima/install/zed_rgb_convert/lib:/home/men3m/Naima/install/zed_aruco_localization/lib:/home/men3m/Naima/install/ublox_gps/lib:/home/men3m/Naima/install/ublox_msgs/lib:/home/men3m/Naima/install/rviz_plugin_zed_od/lib:/home/men3m/Naima/install/naima_examples/lib:/home/men3m/Naima/install/naima_msgs/lib:/usr/lib/x86_64-linux-gnu/gazebo-11/plugins:/opt/ros/humble/opt/rviz_ogre_vendor/lib:/opt/ros/humble/lib/x86_64-linux-gnu:/opt/ros/humble/lib:/usr/local/cuda-12.4.0/lib64:/usr/local/cuda-12.4.0/lib64 /usr/bin/cmake --install /home/men3m/Naima/build/zed_aruco_localization
[1.408s] DEBUG:colcon.colcon_core.event_handler.log_command:Invoked command in '/home/men3m/Naima/build/naima_localization' returned '0': CMAKE_PREFIX_PATH=${CMAKE_PREFIX_PATH}:/home/men3m/Naima/install/naima_bringup:/home/men3m/Naima/install/naima:/opt/ros/humble /usr/bin/cmake --build /home/men3m/Naima/build/naima_localization -- -j16 -l16
[1.409s] DEBUG:colcon.colcon_core.event_handler.log_command:Invoking command in '/home/men3m/Naima/build/naima_localization': CMAKE_PREFIX_PATH=${CMAKE_PREFIX_PATH}:/home/men3m/Naima/install/naima_bringup:/home/men3m/Naima/install/naima:/opt/ros/humble /usr/bin/cmake --install /home/men3m/Naima/build/naima_localization
[1.412s] DEBUG:colcon.colcon_core.event_handler.log_command:Invoked command in '/home/men3m/Naima/build/zed_rgb_convert' returned '0': CMAKE_PREFIX_PATH=/home/men3m/Naima/install/zed_components:/home/men3m/Naima/install/zed_ros2:/home/men3m/Naima/install/zed_robot_integration:/home/men3m/Naima/install/zed_ipc:/home/men3m/Naima/install/zed_multi_camera:/home/men3m/Naima/install/zed_display_rviz2:/home/men3m/Naima/install/zed_depth_to_laserscan:/home/men3m/Naima/install/zed_wrapper:/home/men3m/Naima/install/zed_tutorial_video:/home/men3m/Naima/install/zed_tutorial_pos_tracking:/home/men3m/Naima/install/zed_tutorial_depth:/home/men3m/Naima/install/zed_topic_benchmark:/home/men3m/Naima/install/zed_topic_benchmark_component:/home/men3m/Naima/install/zed_topic_benchmark_interfaces:/home/men3m/Naima/install/zed_rgb_convert:/home/men3m/Naima/install/zed_aruco_localization:/home/men3m/Naima/install/ublox:/home/men3m/Naima/install/ublox_gps:/home/men3m/Naima/install/ublox_msgs:/home/men3m/Naima/install/ublox_serialization:/home/men3m/Naima/install/rviz_plugin_zed_od:/home/men3m/Naima/install/naima_examples:/home/men3m/Naima/install/naima_msgs:/home/men3m/Naima/install/naima_mapping:/home/men3m/Naima/install/naima_localization:/home/men3m/Naima/install/naima_description:/home/men3m/Naima/install/naima_control:/home/men3m/Naima/install/naima_bringup:/home/men3m/Naima/install/naima:/opt/ros/humble LD_LIBRARY_PATH=/home/men3m/Naima/install/zed_components/lib:/home/men3m/Naima/install/zed_ipc/lib:/home/men3m/Naima/install/zed_topic_benchmark_component/lib:/home/men3m/Naima/install/zed_topic_benchmark_interfaces/lib:/home/men3m/Naima/install/zed_rgb_convert/lib:/home/men3m/Naima/install/zed_aruco_localization/lib:/home/men3m/Naima/install/ublox_gps/lib:/home/men3m/Naima/install/ublox_msgs/lib:/home/men3m/Naima/install/rviz_plugin_zed_od/lib:/home/men3m/Naima/install/naima_examples/lib:/home/men3m/Naima/install/naima_msgs/lib:/usr/lib/x86_64-linux-gnu/gazebo-11/plugins:/opt/ros/humble/opt/rviz_ogre_vendor/lib:/opt/ros/humble/lib/x86_64-linux-gnu:/opt/ros/humble/lib:/usr/local/cuda-12.4.0/lib64:/usr/local/cuda-12.4.0/lib64 /usr/bin/cmake --build /home/men3m/Naima/build/zed_rgb_convert -- -j16 -l16
[1.412s] DEBUG:colcon.colcon_core.event_handler.log_command:Invoking command in '/home/men3m/Naima/build/zed_rgb_convert': CMAKE_PREFIX_PATH=/home/men3m/Naima/install/zed_components:/home/men3m/Naima/install/zed_ros2:/home/men3m/Naima/install/zed_robot_integration:/home/men3m/Naima/install/zed_ipc:/home/men3m/Naima/install/zed_multi_camera:/home/men3m/Naima/install/zed_display_rviz2:/home/men3m/Naima/install/zed_depth_to_laserscan:/home/men3m/Naima/install/zed_wrapper:/home/men3m/Naima/install/zed_tutorial_video:/home/men3m/Naima/install/zed_tutorial_pos_tracking:/home/men3m/Naima/install/zed_tutorial_depth:/home/men3m/Naima/install/zed_topic_benchmark:/home/men3m/Naima/install/zed_topic_benchmark_component:/home/men3m/Naima/install/zed_topic_benchmark_interfaces:/home/men3m/Naima/install/zed_rgb_convert:/home/men3m/Naima/install/zed_aruco_localization:/home/men3m/Naima/install/ublox:/home/men3m/Naima/install/ublox_gps:/home/men3m/Naima/install/ublox_msgs:/home/men3m/Naima/install/ublox_serialization:/home/men3m/Naima/install/rviz_plugin_zed_od:/home/men3m/Naima/install/naima_examples:/home/men3m/Naima/install/naima_msgs:/home/men3m/Naima/install/naima_mapping:/home/men3m/Naima/install/naima_localization:/home/men3m/Naima/install/naima_description:/home/men3m/Naima/install/naima_control:/home/men3m/Naima/install/naima_bringup:/home/men3m/Naima/install/naima:/opt/ros/humble LD_LIBRARY_PATH=/home/men3m/Naima/install/zed_components/lib:/home/men3m/Naima/install/zed_ipc/lib:/home/men3m/Naima/install/zed_topic_benchmark_component/lib:/home/men3m/Naima/install/zed_topic_benchmark_interfaces/lib:/home/men3m/Naima/install/zed_rgb_convert/lib:/home/men3m/Naima/install/zed_aruco_localization/lib:/home/men3m/Naima/install/ublox_gps/lib:/home/men3m/Naima/install/ublox_msgs/lib:/home/men3m/Naima/install/rviz_plugin_zed_od/lib:/home/men3m/Naima/install/naima_examples/lib:/home/men3m/Naima/install/naima_msgs/lib:/usr/lib/x86_64-linux-gnu/gazebo-11/plugins:/opt/ros/humble/opt/rviz_ogre_vendor/lib:/opt/ros/humble/lib/x86_64-linux-gnu:/opt/ros/humble/lib:/usr/local/cuda-12.4.0/lib64:/usr/local/cuda-12.4.0/lib64 /usr/bin/cmake --install /home/men3m/Naima/build/zed_rgb_convert
[1.427s] DEBUG:colcon.colcon_core.event_handler.log_command:Invoking command in '/home/men3m/Naima/build/zed_multi_camera': CMAKE_PREFIX_PATH=/home/men3m/Naima/install/zed_wrapper:/home/men3m/Naima/install/zed_components:/home/men3m/Naima/install/zed_ros2:/home/men3m/Naima/install/zed_robot_integration:/home/men3m/Naima/install/zed_ipc:/home/men3m/Naima/install/zed_multi_camera:/home/men3m/Naima/install/zed_display_rviz2:/home/men3m/Naima/install/zed_depth_to_laserscan:/home/men3m/Naima/install/zed_tutorial_video:/home/men3m/Naima/install/zed_tutorial_pos_tracking:/home/men3m/Naima/install/zed_tutorial_depth:/home/men3m/Naima/install/zed_topic_benchmark:/home/men3m/Naima/install/zed_topic_benchmark_component:/home/men3m/Naima/install/zed_topic_benchmark_interfaces:/home/men3m/Naima/install/zed_rgb_convert:/home/men3m/Naima/install/zed_aruco_localization:/home/men3m/Naima/install/ublox:/home/men3m/Naima/install/ublox_gps:/home/men3m/Naima/install/ublox_msgs:/home/men3m/Naima/install/ublox_serialization:/home/men3m/Naima/install/rviz_plugin_zed_od:/home/men3m/Naima/install/naima_examples:/home/men3m/Naima/install/naima_msgs:/home/men3m/Naima/install/naima_mapping:/home/men3m/Naima/install/naima_localization:/home/men3m/Naima/install/naima_description:/home/men3m/Naima/install/naima_control:/home/men3m/Naima/install/naima_bringup:/home/men3m/Naima/install/naima:/opt/ros/humble LD_LIBRARY_PATH=/home/men3m/Naima/install/zed_components/lib:/home/men3m/Naima/install/zed_ipc/lib:/home/men3m/Naima/install/zed_topic_benchmark_component/lib:/home/men3m/Naima/install/zed_topic_benchmark_interfaces/lib:/home/men3m/Naima/install/zed_rgb_convert/lib:/home/men3m/Naima/install/zed_aruco_localization/lib:/home/men3m/Naima/install/ublox_gps/lib:/home/men3m/Naima/install/ublox_msgs/lib:/home/men3m/Naima/install/rviz_plugin_zed_od/lib:/home/men3m/Naima/install/naima_examples/lib:/home/men3m/Naima/install/naima_msgs/lib:/usr/lib/x86_64-linux-gnu/gazebo-11/plugins:/opt/ros/humble/opt/rviz_ogre_vendor/lib:/opt/ros/humble/lib/x86_64-linux-gnu:/opt/ros/humble/lib:/usr/local/cuda-12.4.0/lib64:/usr/local/cuda-12.4.0/lib64 /usr/bin/cmake --build /home/men3m/Naima/build/zed_multi_camera -- -j16 -l16
[1.439s] DEBUG:colcon.colcon_core.event_handler.log_command:Invoking command in '/home/men3m/Naima/build/zed_depth_to_laserscan': CMAKE_PREFIX_PATH=/home/men3m/Naima/install/zed_wrapper:/home/men3m/Naima/install/zed_components:/home/men3m/Naima/install/zed_ros2:/home/men3m/Naima/install/zed_robot_integration:/home/men3m/Naima/install/zed_ipc:/home/men3m/Naima/install/zed_multi_camera:/home/men3m/Naima/install/zed_display_rviz2:/home/men3m/Naima/install/zed_depth_to_laserscan:/home/men3m/Naima/install/zed_tutorial_video:/home/men3m/Naima/install/zed_tutorial_pos_tracking:/home/men3m/Naima/install/zed_tutorial_depth:/home/men3m/Naima/install/zed_topic_benchmark:/home/men3m/Naima/install/zed_topic_benchmark_component:/home/men3m/Naima/install/zed_topic_benchmark_interfaces:/home/men3m/Naima/install/zed_rgb_convert:/home/men3m/Naima/install/zed_aruco_localization:/home/men3m/Naima/install/ublox:/home/men3m/Naima/install/ublox_gps:/home/men3m/Naima/install/ublox_msgs:/home/men3m/Naima/install/ublox_serialization:/home/men3m/Naima/install/rviz_plugin_zed_od:/home/men3m/Naima/install/naima_examples:/home/men3m/Naima/install/naima_msgs:/home/men3m/Naima/install/naima_mapping:/home/men3m/Naima/install/naima_localization:/home/men3m/Naima/install/naima_description:/home/men3m/Naima/install/naima_control:/home/men3m/Naima/install/naima_bringup:/home/men3m/Naima/install/naima:/opt/ros/humble LD_LIBRARY_PATH=/home/men3m/Naima/install/zed_components/lib:/home/men3m/Naima/install/zed_ipc/lib:/home/men3m/Naima/install/zed_topic_benchmark_component/lib:/home/men3m/Naima/install/zed_topic_benchmark_interfaces/lib:/home/men3m/Naima/install/zed_rgb_convert/lib:/home/men3m/Naima/install/zed_aruco_localization/lib:/home/men3m/Naima/install/ublox_gps/lib:/home/men3m/Naima/install/ublox_msgs/lib:/home/men3m/Naima/install/rviz_plugin_zed_od/lib:/home/men3m/Naima/install/naima_examples/lib:/home/men3m/Naima/install/naima_msgs/lib:/usr/lib/x86_64-linux-gnu/gazebo-11/plugins:/opt/ros/humble/opt/rviz_ogre_vendor/lib:/opt/ros/humble/lib/x86_64-linux-gnu:/opt/ros/humble/lib:/usr/local/cuda-12.4.0/lib64:/usr/local/cuda-12.4.0/lib64 /usr/bin/cmake --build /home/men3m/Naima/build/zed_depth_to_laserscan -- -j16 -l16
[1.446s] DEBUG:colcon.colcon_core.event_handler.log_command:Invoking command in '/home/men3m/Naima/build/zed_display_rviz2': CMAKE_PREFIX_PATH=/home/men3m/Naima/install/zed_wrapper:/home/men3m/Naima/install/zed_components:/home/men3m/Naima/install/zed_ros2:/home/men3m/Naima/install/zed_robot_integration:/home/men3m/Naima/install/zed_ipc:/home/men3m/Naima/install/zed_multi_camera:/home/men3m/Naima/install/zed_display_rviz2:/home/men3m/Naima/install/zed_depth_to_laserscan:/home/men3m/Naima/install/zed_tutorial_video:/home/men3m/Naima/install/zed_tutorial_pos_tracking:/home/men3m/Naima/install/zed_tutorial_depth:/home/men3m/Naima/install/zed_topic_benchmark:/home/men3m/Naima/install/zed_topic_benchmark_component:/home/men3m/Naima/install/zed_topic_benchmark_interfaces:/home/men3m/Naima/install/zed_rgb_convert:/home/men3m/Naima/install/zed_aruco_localization:/home/men3m/Naima/install/ublox:/home/men3m/Naima/install/ublox_gps:/home/men3m/Naima/install/ublox_msgs:/home/men3m/Naima/install/ublox_serialization:/home/men3m/Naima/install/rviz_plugin_zed_od:/home/men3m/Naima/install/naima_examples:/home/men3m/Naima/install/naima_msgs:/home/men3m/Naima/install/naima_mapping:/home/men3m/Naima/install/naima_localization:/home/men3m/Naima/install/naima_description:/home/men3m/Naima/install/naima_control:/home/men3m/Naima/install/naima_bringup:/home/men3m/Naima/install/naima:/opt/ros/humble LD_LIBRARY_PATH=/home/men3m/Naima/install/zed_components/lib:/home/men3m/Naima/install/zed_ipc/lib:/home/men3m/Naima/install/zed_topic_benchmark_component/lib:/home/men3m/Naima/install/zed_topic_benchmark_interfaces/lib:/home/men3m/Naima/install/zed_rgb_convert/lib:/home/men3m/Naima/install/zed_aruco_localization/lib:/home/men3m/Naima/install/ublox_gps/lib:/home/men3m/Naima/install/ublox_msgs/lib:/home/men3m/Naima/install/rviz_plugin_zed_od/lib:/home/men3m/Naima/install/naima_examples/lib:/home/men3m/Naima/install/naima_msgs/lib:/usr/lib/x86_64-linux-gnu/gazebo-11/plugins:/opt/ros/humble/opt/rviz_ogre_vendor/lib:/opt/ros/humble/lib/x86_64-linux-gnu:/opt/ros/humble/lib:/usr/local/cuda-12.4.0/lib64:/usr/local/cuda-12.4.0/lib64 /usr/bin/cmake --build /home/men3m/Naima/build/zed_display_rviz2 -- -j16 -l16
[1.460s] DEBUG:colcon.colcon_core.event_handler.log_command:Invoking command in '/home/men3m/Naima/build/zed_robot_integration': CMAKE_PREFIX_PATH=/home/men3m/Naima/install/zed_wrapper:/home/men3m/Naima/install/zed_components:/home/men3m/Naima/install/zed_ros2:/home/men3m/Naima/install/zed_robot_integration:/home/men3m/Naima/install/zed_ipc:/home/men3m/Naima/install/zed_multi_camera:/home/men3m/Naima/install/zed_display_rviz2:/home/men3m/Naima/install/zed_depth_to_laserscan:/home/men3m/Naima/install/zed_tutorial_video:/home/men3m/Naima/install/zed_tutorial_pos_tracking:/home/men3m/Naima/install/zed_tutorial_depth:/home/men3m/Naima/install/zed_topic_benchmark:/home/men3m/Naima/install/zed_topic_benchmark_component:/home/men3m/Naima/install/zed_topic_benchmark_interfaces:/home/men3m/Naima/install/zed_rgb_convert:/home/men3m/Naima/install/zed_aruco_localization:/home/men3m/Naima/install/ublox:/home/men3m/Naima/install/ublox_gps:/home/men3m/Naima/install/ublox_msgs:/home/men3m/Naima/install/ublox_serialization:/home/men3m/Naima/install/rviz_plugin_zed_od:/home/men3m/Naima/install/naima_examples:/home/men3m/Naima/install/naima_msgs:/home/men3m/Naima/install/naima_mapping:/home/men3m/Naima/install/naima_localization:/home/men3m/Naima/install/naima_description:/home/men3m/Naima/install/naima_control:/home/men3m/Naima/install/naima_bringup:/home/men3m/Naima/install/naima:/opt/ros/humble LD_LIBRARY_PATH=/home/men3m/Naima/install/zed_components/lib:/home/men3m/Naima/install/zed_ipc/lib:/home/men3m/Naima/install/zed_topic_benchmark_component/lib:/home/men3m/Naima/install/zed_topic_benchmark_interfaces/lib:/home/men3m/Naima/install/zed_rgb_convert/lib:/home/men3m/Naima/install/zed_aruco_localization/lib:/home/men3m/Naima/install/ublox_gps/lib:/home/men3m/Naima/install/ublox_msgs/lib:/home/men3m/Naima/install/rviz_plugin_zed_od/lib:/home/men3m/Naima/install/naima_examples/lib:/home/men3m/Naima/install/naima_msgs/lib:/usr/lib/x86_64-linux-gnu/gazebo-11/plugins:/opt/ros/humble/opt/rviz_ogre_vendor/lib:/opt/ros/humble/lib/x86_64-linux-gnu:/opt/ros/humble/lib:/usr/local/cuda-12.4.0/lib64:/usr/local/cuda-12.4.0/lib64 /usr/bin/cmake --build /home/men3m/Naima/build/zed_robot_integration -- -j16 -l16
[1.473s] DEBUG:colcon.colcon_core.event_handler.log_command:Invoked command in '/home/men3m/Naima/build/zed_topic_benchmark_component' returned '0': CMAKE_PREFIX_PATH=/home/men3m/Naima/install/zed_topic_benchmark_interfaces:/home/men3m/Naima/install/zed_ros2:/home/men3m/Naima/install/zed_robot_integration:/home/men3m/Naima/install/zed_ipc:/home/men3m/Naima/install/zed_multi_camera:/home/men3m/Naima/install/zed_display_rviz2:/home/men3m/Naima/install/zed_depth_to_laserscan:/home/men3m/Naima/install/zed_wrapper:/home/men3m/Naima/install/zed_tutorial_video:/home/men3m/Naima/install/zed_tutorial_pos_tracking:/home/men3m/Naima/install/zed_tutorial_depth:/home/men3m/Naima/install/zed_topic_benchmark:/home/men3m/Naima/install/zed_topic_benchmark_component:/home/men3m/Naima/install/zed_rgb_convert:/home/men3m/Naima/install/zed_aruco_localization:/home/men3m/Naima/install/zed_components:/home/men3m/Naima/install/ublox:/home/men3m/Naima/install/ublox_gps:/home/men3m/Naima/install/ublox_msgs:/home/men3m/Naima/install/ublox_serialization:/home/men3m/Naima/install/rviz_plugin_zed_od:/home/men3m/Naima/install/naima_examples:/home/men3m/Naima/install/naima_msgs:/home/men3m/Naima/install/naima_mapping:/home/men3m/Naima/install/naima_localization:/home/men3m/Naima/install/naima_description:/home/men3m/Naima/install/naima_control:/home/men3m/Naima/install/naima_bringup:/home/men3m/Naima/install/naima:/opt/ros/humble LD_LIBRARY_PATH=/home/men3m/Naima/install/zed_topic_benchmark_interfaces/lib:/home/men3m/Naima/install/zed_ipc/lib:/home/men3m/Naima/install/zed_topic_benchmark_component/lib:/home/men3m/Naima/install/zed_rgb_convert/lib:/home/men3m/Naima/install/zed_aruco_localization/lib:/home/men3m/Naima/install/zed_components/lib:/home/men3m/Naima/install/ublox_gps/lib:/home/men3m/Naima/install/ublox_msgs/lib:/home/men3m/Naima/install/rviz_plugin_zed_od/lib:/home/men3m/Naima/install/naima_examples/lib:/home/men3m/Naima/install/naima_msgs/lib:/usr/lib/x86_64-linux-gnu/gazebo-11/plugins:/opt/ros/humble/opt/rviz_ogre_vendor/lib:/opt/ros/humble/lib/x86_64-linux-gnu:/opt/ros/humble/lib:/usr/local/cuda-12.4.0/lib64:/usr/local/cuda-12.4.0/lib64 /usr/bin/cmake --build /home/men3m/Naima/build/zed_topic_benchmark_component -- -j16 -l16
[1.474s] DEBUG:colcon.colcon_core.event_handler.log_command:Invoking command in '/home/men3m/Naima/build/zed_topic_benchmark_component': CMAKE_PREFIX_PATH=/home/men3m/Naima/install/zed_topic_benchmark_interfaces:/home/men3m/Naima/install/zed_ros2:/home/men3m/Naima/install/zed_robot_integration:/home/men3m/Naima/install/zed_ipc:/home/men3m/Naima/install/zed_multi_camera:/home/men3m/Naima/install/zed_display_rviz2:/home/men3m/Naima/install/zed_depth_to_laserscan:/home/men3m/Naima/install/zed_wrapper:/home/men3m/Naima/install/zed_tutorial_video:/home/men3m/Naima/install/zed_tutorial_pos_tracking:/home/men3m/Naima/install/zed_tutorial_depth:/home/men3m/Naima/install/zed_topic_benchmark:/home/men3m/Naima/install/zed_topic_benchmark_component:/home/men3m/Naima/install/zed_rgb_convert:/home/men3m/Naima/install/zed_aruco_localization:/home/men3m/Naima/install/zed_components:/home/men3m/Naima/install/ublox:/home/men3m/Naima/install/ublox_gps:/home/men3m/Naima/install/ublox_msgs:/home/men3m/Naima/install/ublox_serialization:/home/men3m/Naima/install/rviz_plugin_zed_od:/home/men3m/Naima/install/naima_examples:/home/men3m/Naima/install/naima_msgs:/home/men3m/Naima/install/naima_mapping:/home/men3m/Naima/install/naima_localization:/home/men3m/Naima/install/naima_description:/home/men3m/Naima/install/naima_control:/home/men3m/Naima/install/naima_bringup:/home/men3m/Naima/install/naima:/opt/ros/humble LD_LIBRARY_PATH=/home/men3m/Naima/install/zed_topic_benchmark_interfaces/lib:/home/men3m/Naima/install/zed_ipc/lib:/home/men3m/Naima/install/zed_topic_benchmark_component/lib:/home/men3m/Naima/install/zed_rgb_convert/lib:/home/men3m/Naima/install/zed_aruco_localization/lib:/home/men3m/Naima/install/zed_components/lib:/home/men3m/Naima/install/ublox_gps/lib:/home/men3m/Naima/install/ublox_msgs/lib:/home/men3m/Naima/install/rviz_plugin_zed_od/lib:/home/men3m/Naima/install/naima_examples/lib:/home/men3m/Naima/install/naima_msgs/lib:/usr/lib/x86_64-linux-gnu/gazebo-11/plugins:/opt/ros/humble/opt/rviz_ogre_vendor/lib:/opt/ros/humble/lib/x86_64-linux-gnu:/opt/ros/humble/lib:/usr/local/cuda-12.4.0/lib64:/usr/local/cuda-12.4.0/lib64 /usr/bin/cmake --install /home/men3m/Naima/build/zed_topic_benchmark_component
[1.489s] DEBUG:colcon.colcon_core.event_handler.log_command:Invoking command in '/home/men3m/Naima/build/zed_ros2': CMAKE_PREFIX_PATH=/home/men3m/Naima/install/zed_wrapper:/home/men3m/Naima/install/zed_components:/home/men3m/Naima/install/zed_ros2:/home/men3m/Naima/install/zed_robot_integration:/home/men3m/Naima/install/zed_ipc:/home/men3m/Naima/install/zed_multi_camera:/home/men3m/Naima/install/zed_display_rviz2:/home/men3m/Naima/install/zed_depth_to_laserscan:/home/men3m/Naima/install/zed_tutorial_video:/home/men3m/Naima/install/zed_tutorial_pos_tracking:/home/men3m/Naima/install/zed_tutorial_depth:/home/men3m/Naima/install/zed_topic_benchmark:/home/men3m/Naima/install/zed_topic_benchmark_component:/home/men3m/Naima/install/zed_topic_benchmark_interfaces:/home/men3m/Naima/install/zed_rgb_convert:/home/men3m/Naima/install/zed_aruco_localization:/home/men3m/Naima/install/ublox:/home/men3m/Naima/install/ublox_gps:/home/men3m/Naima/install/ublox_msgs:/home/men3m/Naima/install/ublox_serialization:/home/men3m/Naima/install/rviz_plugin_zed_od:/home/men3m/Naima/install/naima_examples:/home/men3m/Naima/install/naima_msgs:/home/men3m/Naima/install/naima_mapping:/home/men3m/Naima/install/naima_localization:/home/men3m/Naima/install/naima_description:/home/men3m/Naima/install/naima_control:/home/men3m/Naima/install/naima_bringup:/home/men3m/Naima/install/naima:/opt/ros/humble LD_LIBRARY_PATH=/home/men3m/Naima/install/zed_components/lib:/home/men3m/Naima/install/zed_ipc/lib:/home/men3m/Naima/install/zed_topic_benchmark_component/lib:/home/men3m/Naima/install/zed_topic_benchmark_interfaces/lib:/home/men3m/Naima/install/zed_rgb_convert/lib:/home/men3m/Naima/install/zed_aruco_localization/lib:/home/men3m/Naima/install/ublox_gps/lib:/home/men3m/Naima/install/ublox_msgs/lib:/home/men3m/Naima/install/rviz_plugin_zed_od/lib:/home/men3m/Naima/install/naima_examples/lib:/home/men3m/Naima/install/naima_msgs/lib:/usr/lib/x86_64-linux-gnu/gazebo-11/plugins:/opt/ros/humble/opt/rviz_ogre_vendor/lib:/opt/ros/humble/lib/x86_64-linux-gnu:/opt/ros/humble/lib:/usr/local/cuda-12.4.0/lib64:/usr/local/cuda-12.4.0/lib64 /usr/bin/cmake --build /home/men3m/Naima/build/zed_ros2 -- -j16 -l16
[1.495s] Level 1:colcon.colcon_core.environment:create_environment_scripts_only(zed_aruco_localization)
[1.495s] Level 1:colcon.colcon_core.environment:checking '/home/men3m/Naima/install/zed_aruco_localization' for CMake module files
[1.496s] Level 1:colcon.colcon_core.environment:checking '/home/men3m/Naima/install/zed_aruco_localization' for CMake config files
[1.496s] Level 1:colcon.colcon_core.shell:create_environment_hook('zed_aruco_localization', 'cmake_prefix_path')
[1.497s] INFO:colcon.colcon_core.shell:Creating environment hook '/home/men3m/Naima/install/zed_aruco_localization/share/zed_aruco_localization/hook/cmake_prefix_path.ps1'
[1.498s] INFO:colcon.colcon_core.shell:Creating environment descriptor '/home/men3m/Naima/install/zed_aruco_localization/share/zed_aruco_localization/hook/cmake_prefix_path.dsv'
[1.498s] INFO:colcon.colcon_core.shell:Creating environment hook '/home/men3m/Naima/install/zed_aruco_localization/share/zed_aruco_localization/hook/cmake_prefix_path.sh'
[1.499s] Level 1:colcon.colcon_core.environment:checking '/home/men3m/Naima/install/zed_aruco_localization/lib'
[1.500s] Level 1:colcon.colcon_core.shell:create_environment_hook('zed_aruco_localization', 'ld_library_path_lib')
[1.500s] INFO:colcon.colcon_core.shell:Creating environment hook '/home/men3m/Naima/install/zed_aruco_localization/share/zed_aruco_localization/hook/ld_library_path_lib.ps1'
[1.501s] INFO:colcon.colcon_core.shell:Creating environment descriptor '/home/men3m/Naima/install/zed_aruco_localization/share/zed_aruco_localization/hook/ld_library_path_lib.dsv'
[1.501s] INFO:colcon.colcon_core.shell:Creating environment hook '/home/men3m/Naima/install/zed_aruco_localization/share/zed_aruco_localization/hook/ld_library_path_lib.sh'
[1.502s] Level 1:colcon.colcon_core.environment:checking '/home/men3m/Naima/install/zed_aruco_localization/bin'
[1.502s] Level 1:colcon.colcon_core.environment:checking '/home/men3m/Naima/install/zed_aruco_localization/lib/pkgconfig/zed_aruco_localization.pc'
[1.502s] Level 1:colcon.colcon_core.environment:checking '/home/men3m/Naima/install/zed_aruco_localization/lib/python3.10/site-packages'
[1.502s] Level 1:colcon.colcon_core.environment:checking '/home/men3m/Naima/install/zed_aruco_localization/bin'
[1.503s] INFO:colcon.colcon_core.shell:Creating package script '/home/men3m/Naima/install/zed_aruco_localization/share/zed_aruco_localization/package.ps1'
[1.504s] DEBUG:colcon.colcon_core.event_handler.log_command:Invoked command in '/home/men3m/Naima/build/zed_aruco_localization' returned '0': CMAKE_PREFIX_PATH=/home/men3m/Naima/install/zed_components:/home/men3m/Naima/install/zed_ros2:/home/men3m/Naima/install/zed_robot_integration:/home/men3m/Naima/install/zed_ipc:/home/men3m/Naima/install/zed_multi_camera:/home/men3m/Naima/install/zed_display_rviz2:/home/men3m/Naima/install/zed_depth_to_laserscan:/home/men3m/Naima/install/zed_wrapper:/home/men3m/Naima/install/zed_tutorial_video:/home/men3m/Naima/install/zed_tutorial_pos_tracking:/home/men3m/Naima/install/zed_tutorial_depth:/home/men3m/Naima/install/zed_topic_benchmark:/home/men3m/Naima/install/zed_topic_benchmark_component:/home/men3m/Naima/install/zed_topic_benchmark_interfaces:/home/men3m/Naima/install/zed_rgb_convert:/home/men3m/Naima/install/zed_aruco_localization:/home/men3m/Naima/install/ublox:/home/men3m/Naima/install/ublox_gps:/home/men3m/Naima/install/ublox_msgs:/home/men3m/Naima/install/ublox_serialization:/home/men3m/Naima/install/rviz_plugin_zed_od:/home/men3m/Naima/install/naima_examples:/home/men3m/Naima/install/naima_msgs:/home/men3m/Naima/install/naima_mapping:/home/men3m/Naima/install/naima_localization:/home/men3m/Naima/install/naima_description:/home/men3m/Naima/install/naima_control:/home/men3m/Naima/install/naima_bringup:/home/men3m/Naima/install/naima:/opt/ros/humble LD_LIBRARY_PATH=/home/men3m/Naima/install/zed_components/lib:/home/men3m/Naima/install/zed_ipc/lib:/home/men3m/Naima/install/zed_topic_benchmark_component/lib:/home/men3m/Naima/install/zed_topic_benchmark_interfaces/lib:/home/men3m/Naima/install/zed_rgb_convert/lib:/home/men3m/Naima/install/zed_aruco_localization/lib:/home/men3m/Naima/install/ublox_gps/lib:/home/men3m/Naima/install/ublox_msgs/lib:/home/men3m/Naima/install/rviz_plugin_zed_od/lib:/home/men3m/Naima/install/naima_examples/lib:/home/men3m/Naima/install/naima_msgs/lib:/usr/lib/x86_64-linux-gnu/gazebo-11/plugins:/opt/ros/humble/opt/rviz_ogre_vendor/lib:/opt/ros/humble/lib/x86_64-linux-gnu:/opt/ros/humble/lib:/usr/local/cuda-12.4.0/lib64:/usr/local/cuda-12.4.0/lib64 /usr/bin/cmake --install /home/men3m/Naima/build/zed_aruco_localization
[1.504s] INFO:colcon.colcon_core.shell:Creating package descriptor '/home/men3m/Naima/install/zed_aruco_localization/share/zed_aruco_localization/package.dsv'
[1.505s] INFO:colcon.colcon_core.shell:Creating package script '/home/men3m/Naima/install/zed_aruco_localization/share/zed_aruco_localization/package.sh'
[1.505s] INFO:colcon.colcon_core.shell:Creating package script '/home/men3m/Naima/install/zed_aruco_localization/share/zed_aruco_localization/package.bash'
[1.506s] INFO:colcon.colcon_core.shell:Creating package script '/home/men3m/Naima/install/zed_aruco_localization/share/zed_aruco_localization/package.zsh'
[1.506s] Level 1:colcon.colcon_core.environment:create_file_with_runtime_dependencies(/home/men3m/Naima/install/zed_aruco_localization/share/colcon-core/packages/zed_aruco_localization)
[1.507s] Level 1:colcon.colcon_core.environment:create_environment_scripts_only(zed_aruco_localization)
[1.508s] Level 1:colcon.colcon_core.environment:checking '/home/men3m/Naima/install/zed_aruco_localization' for CMake module files
[1.512s] Level 1:colcon.colcon_core.environment:checking '/home/men3m/Naima/install/zed_aruco_localization' for CMake config files
[1.512s] Level 1:colcon.colcon_core.shell:create_environment_hook('zed_aruco_localization', 'cmake_prefix_path')
[1.513s] INFO:colcon.colcon_core.shell:Creating environment hook '/home/men3m/Naima/install/zed_aruco_localization/share/zed_aruco_localization/hook/cmake_prefix_path.ps1'
[1.514s] INFO:colcon.colcon_core.shell:Creating environment descriptor '/home/men3m/Naima/install/zed_aruco_localization/share/zed_aruco_localization/hook/cmake_prefix_path.dsv'
[1.514s] INFO:colcon.colcon_core.shell:Creating environment hook '/home/men3m/Naima/install/zed_aruco_localization/share/zed_aruco_localization/hook/cmake_prefix_path.sh'
[1.515s] Level 1:colcon.colcon_core.environment:checking '/home/men3m/Naima/install/zed_aruco_localization/lib'
[1.515s] Level 1:colcon.colcon_core.shell:create_environment_hook('zed_aruco_localization', 'ld_library_path_lib')
[1.516s] INFO:colcon.colcon_core.shell:Creating environment hook '/home/men3m/Naima/install/zed_aruco_localization/share/zed_aruco_localization/hook/ld_library_path_lib.ps1'
[1.516s] INFO:colcon.colcon_core.shell:Creating environment descriptor '/home/men3m/Naima/install/zed_aruco_localization/share/zed_aruco_localization/hook/ld_library_path_lib.dsv'
[1.517s] INFO:colcon.colcon_core.shell:Creating environment hook '/home/men3m/Naima/install/zed_aruco_localization/share/zed_aruco_localization/hook/ld_library_path_lib.sh'
[1.517s] Level 1:colcon.colcon_core.environment:checking '/home/men3m/Naima/install/zed_aruco_localization/bin'
[1.517s] Level 1:colcon.colcon_core.environment:checking '/home/men3m/Naima/install/zed_aruco_localization/lib/pkgconfig/zed_aruco_localization.pc'
[1.517s] Level 1:colcon.colcon_core.environment:checking '/home/men3m/Naima/install/zed_aruco_localization/lib/python3.10/site-packages'
[1.517s] Level 1:colcon.colcon_core.environment:checking '/home/men3m/Naima/install/zed_aruco_localization/bin'
[1.518s] INFO:colcon.colcon_core.shell:Creating package script '/home/men3m/Naima/install/zed_aruco_localization/share/zed_aruco_localization/package.ps1'
[1.519s] INFO:colcon.colcon_core.shell:Creating package descriptor '/home/men3m/Naima/install/zed_aruco_localization/share/zed_aruco_localization/package.dsv'
[1.520s] INFO:colcon.colcon_core.shell:Creating package script '/home/men3m/Naima/install/zed_aruco_localization/share/zed_aruco_localization/package.sh'
[1.521s] INFO:colcon.colcon_core.shell:Creating package script '/home/men3m/Naima/install/zed_aruco_localization/share/zed_aruco_localization/package.bash'
[1.521s] INFO:colcon.colcon_core.shell:Creating package script '/home/men3m/Naima/install/zed_aruco_localization/share/zed_aruco_localization/package.zsh'
[1.522s] Level 1:colcon.colcon_core.environment:create_file_with_runtime_dependencies(/home/men3m/Naima/install/zed_aruco_localization/share/colcon-core/packages/zed_aruco_localization)
[1.527s] Level 1:colcon.colcon_core.environment:create_environment_scripts_only(zed_rgb_convert)
[1.529s] Level 1:colcon.colcon_core.environment:checking '/home/men3m/Naima/install/zed_rgb_convert' for CMake module files
[1.531s] DEBUG:colcon.colcon_core.event_handler.log_command:Invoked command in '/home/men3m/Naima/build/zed_rgb_convert' returned '0': CMAKE_PREFIX_PATH=/home/men3m/Naima/install/zed_components:/home/men3m/Naima/install/zed_ros2:/home/men3m/Naima/install/zed_robot_integration:/home/men3m/Naima/install/zed_ipc:/home/men3m/Naima/install/zed_multi_camera:/home/men3m/Naima/install/zed_display_rviz2:/home/men3m/Naima/install/zed_depth_to_laserscan:/home/men3m/Naima/install/zed_wrapper:/home/men3m/Naima/install/zed_tutorial_video:/home/men3m/Naima/install/zed_tutorial_pos_tracking:/home/men3m/Naima/install/zed_tutorial_depth:/home/men3m/Naima/install/zed_topic_benchmark:/home/men3m/Naima/install/zed_topic_benchmark_component:/home/men3m/Naima/install/zed_topic_benchmark_interfaces:/home/men3m/Naima/install/zed_rgb_convert:/home/men3m/Naima/install/zed_aruco_localization:/home/men3m/Naima/install/ublox:/home/men3m/Naima/install/ublox_gps:/home/men3m/Naima/install/ublox_msgs:/home/men3m/Naima/install/ublox_serialization:/home/men3m/Naima/install/rviz_plugin_zed_od:/home/men3m/Naima/install/naima_examples:/home/men3m/Naima/install/naima_msgs:/home/men3m/Naima/install/naima_mapping:/home/men3m/Naima/install/naima_localization:/home/men3m/Naima/install/naima_description:/home/men3m/Naima/install/naima_control:/home/men3m/Naima/install/naima_bringup:/home/men3m/Naima/install/naima:/opt/ros/humble LD_LIBRARY_PATH=/home/men3m/Naima/install/zed_components/lib:/home/men3m/Naima/install/zed_ipc/lib:/home/men3m/Naima/install/zed_topic_benchmark_component/lib:/home/men3m/Naima/install/zed_topic_benchmark_interfaces/lib:/home/men3m/Naima/install/zed_rgb_convert/lib:/home/men3m/Naima/install/zed_aruco_localization/lib:/home/men3m/Naima/install/ublox_gps/lib:/home/men3m/Naima/install/ublox_msgs/lib:/home/men3m/Naima/install/rviz_plugin_zed_od/lib:/home/men3m/Naima/install/naima_examples/lib:/home/men3m/Naima/install/naima_msgs/lib:/usr/lib/x86_64-linux-gnu/gazebo-11/plugins:/opt/ros/humble/opt/rviz_ogre_vendor/lib:/opt/ros/humble/lib/x86_64-linux-gnu:/opt/ros/humble/lib:/usr/local/cuda-12.4.0/lib64:/usr/local/cuda-12.4.0/lib64 /usr/bin/cmake --install /home/men3m/Naima/build/zed_rgb_convert
[1.532s] Level 1:colcon.colcon_core.environment:checking '/home/men3m/Naima/install/zed_rgb_convert' for CMake config files
[1.532s] Level 1:colcon.colcon_core.shell:create_environment_hook('zed_rgb_convert', 'cmake_prefix_path')
[1.533s] INFO:colcon.colcon_core.shell:Creating environment hook '/home/men3m/Naima/install/zed_rgb_convert/share/zed_rgb_convert/hook/cmake_prefix_path.ps1'
[1.534s] INFO:colcon.colcon_core.shell:Creating environment descriptor '/home/men3m/Naima/install/zed_rgb_convert/share/zed_rgb_convert/hook/cmake_prefix_path.dsv'
[1.534s] INFO:colcon.colcon_core.shell:Creating environment hook '/home/men3m/Naima/install/zed_rgb_convert/share/zed_rgb_convert/hook/cmake_prefix_path.sh'
[1.535s] Level 1:colcon.colcon_core.environment:checking '/home/men3m/Naima/install/zed_rgb_convert/lib'
[1.535s] Level 1:colcon.colcon_core.shell:create_environment_hook('zed_rgb_convert', 'ld_library_path_lib')
[1.535s] INFO:colcon.colcon_core.shell:Creating environment hook '/home/men3m/Naima/install/zed_rgb_convert/share/zed_rgb_convert/hook/ld_library_path_lib.ps1'
[1.536s] INFO:colcon.colcon_core.shell:Creating environment descriptor '/home/men3m/Naima/install/zed_rgb_convert/share/zed_rgb_convert/hook/ld_library_path_lib.dsv'
[1.536s] INFO:colcon.colcon_core.shell:Creating environment hook '/home/men3m/Naima/install/zed_rgb_convert/share/zed_rgb_convert/hook/ld_library_path_lib.sh'
[1.537s] Level 1:colcon.colcon_core.environment:checking '/home/men3m/Naima/install/zed_rgb_convert/bin'
[1.537s] Level 1:colcon.colcon_core.environment:checking '/home/men3m/Naima/install/zed_rgb_convert/lib/pkgconfig/zed_rgb_convert.pc'
[1.537s] Level 1:colcon.colcon_core.environment:checking '/home/men3m/Naima/install/zed_rgb_convert/lib/python3.10/site-packages'
[1.537s] Level 1:colcon.colcon_core.environment:checking '/home/men3m/Naima/install/zed_rgb_convert/bin'
[1.538s] INFO:colcon.colcon_core.shell:Creating package script '/home/men3m/Naima/install/zed_rgb_convert/share/zed_rgb_convert/package.ps1'
[1.539s] INFO:colcon.colcon_core.shell:Creating package descriptor '/home/men3m/Naima/install/zed_rgb_convert/share/zed_rgb_convert/package.dsv'
[1.539s] INFO:colcon.colcon_core.shell:Creating package script '/home/men3m/Naima/install/zed_rgb_convert/share/zed_rgb_convert/package.sh'
[1.540s] INFO:colcon.colcon_core.shell:Creating package script '/home/men3m/Naima/install/zed_rgb_convert/share/zed_rgb_convert/package.bash'
[1.540s] INFO:colcon.colcon_core.shell:Creating package script '/home/men3m/Naima/install/zed_rgb_convert/share/zed_rgb_convert/package.zsh'
[1.540s] Level 1:colcon.colcon_core.environment:create_file_with_runtime_dependencies(/home/men3m/Naima/install/zed_rgb_convert/share/colcon-core/packages/zed_rgb_convert)
[1.542s] Level 1:colcon.colcon_core.environment:create_environment_scripts_only(zed_rgb_convert)
[1.543s] Level 1:colcon.colcon_core.environment:checking '/home/men3m/Naima/install/zed_rgb_convert' for CMake module files
[1.543s] Level 1:colcon.colcon_core.environment:checking '/home/men3m/Naima/install/zed_rgb_convert' for CMake config files
[1.543s] Level 1:colcon.colcon_core.shell:create_environment_hook('zed_rgb_convert', 'cmake_prefix_path')
[1.544s] INFO:colcon.colcon_core.shell:Creating environment hook '/home/men3m/Naima/install/zed_rgb_convert/share/zed_rgb_convert/hook/cmake_prefix_path.ps1'
[1.544s] INFO:colcon.colcon_core.shell:Creating environment descriptor '/home/men3m/Naima/install/zed_rgb_convert/share/zed_rgb_convert/hook/cmake_prefix_path.dsv'
[1.545s] INFO:colcon.colcon_core.shell:Creating environment hook '/home/men3m/Naima/install/zed_rgb_convert/share/zed_rgb_convert/hook/cmake_prefix_path.sh'
[1.546s] Level 1:colcon.colcon_core.environment:checking '/home/men3m/Naima/install/zed_rgb_convert/lib'
[1.546s] Level 1:colcon.colcon_core.shell:create_environment_hook('zed_rgb_convert', 'ld_library_path_lib')
[1.546s] INFO:colcon.colcon_core.shell:Creating environment hook '/home/men3m/Naima/install/zed_rgb_convert/share/zed_rgb_convert/hook/ld_library_path_lib.ps1'
[1.547s] INFO:colcon.colcon_core.shell:Creating environment descriptor '/home/men3m/Naima/install/zed_rgb_convert/share/zed_rgb_convert/hook/ld_library_path_lib.dsv'
[1.547s] INFO:colcon.colcon_core.shell:Creating environment hook '/home/men3m/Naima/install/zed_rgb_convert/share/zed_rgb_convert/hook/ld_library_path_lib.sh'
[1.548s] Level 1:colcon.colcon_core.environment:checking '/home/men3m/Naima/install/zed_rgb_convert/bin'
[1.548s] Level 1:colcon.colcon_core.environment:checking '/home/men3m/Naima/install/zed_rgb_convert/lib/pkgconfig/zed_rgb_convert.pc'
[1.548s] Level 1:colcon.colcon_core.environment:checking '/home/men3m/Naima/install/zed_rgb_convert/lib/python3.10/site-packages'
[1.548s] Level 1:colcon.colcon_core.environment:checking '/home/men3m/Naima/install/zed_rgb_convert/bin'
[1.548s] INFO:colcon.colcon_core.shell:Creating package script '/home/men3m/Naima/install/zed_rgb_convert/share/zed_rgb_convert/package.ps1'
[1.549s] INFO:colcon.colcon_core.shell:Creating package descriptor '/home/men3m/Naima/install/zed_rgb_convert/share/zed_rgb_convert/package.dsv'
[1.549s] INFO:colcon.colcon_core.shell:Creating package script '/home/men3m/Naima/install/zed_rgb_convert/share/zed_rgb_convert/package.sh'
[1.550s] INFO:colcon.colcon_core.shell:Creating package script '/home/men3m/Naima/install/zed_rgb_convert/share/zed_rgb_convert/package.bash'
[1.550s] INFO:colcon.colcon_core.shell:Creating package script '/home/men3m/Naima/install/zed_rgb_convert/share/zed_rgb_convert/package.zsh'
[1.551s] Level 1:colcon.colcon_core.environment:create_file_with_runtime_dependencies(/home/men3m/Naima/install/zed_rgb_convert/share/colcon-core/packages/zed_rgb_convert)
[1.554s] DEBUG:colcon.colcon_core.event_handler.log_command:Invoked command in '/home/men3m/Naima/build/zed_multi_camera' returned '0': CMAKE_PREFIX_PATH=/home/men3m/Naima/install/zed_wrapper:/home/men3m/Naima/install/zed_components:/home/men3m/Naima/install/zed_ros2:/home/men3m/Naima/install/zed_robot_integration:/home/men3m/Naima/install/zed_ipc:/home/men3m/Naima/install/zed_multi_camera:/home/men3m/Naima/install/zed_display_rviz2:/home/men3m/Naima/install/zed_depth_to_laserscan:/home/men3m/Naima/install/zed_tutorial_video:/home/men3m/Naima/install/zed_tutorial_pos_tracking:/home/men3m/Naima/install/zed_tutorial_depth:/home/men3m/Naima/install/zed_topic_benchmark:/home/men3m/Naima/install/zed_topic_benchmark_component:/home/men3m/Naima/install/zed_topic_benchmark_interfaces:/home/men3m/Naima/install/zed_rgb_convert:/home/men3m/Naima/install/zed_aruco_localization:/home/men3m/Naima/install/ublox:/home/men3m/Naima/install/ublox_gps:/home/men3m/Naima/install/ublox_msgs:/home/men3m/Naima/install/ublox_serialization:/home/men3m/Naima/install/rviz_plugin_zed_od:/home/men3m/Naima/install/naima_examples:/home/men3m/Naima/install/naima_msgs:/home/men3m/Naima/install/naima_mapping:/home/men3m/Naima/install/naima_localization:/home/men3m/Naima/install/naima_description:/home/men3m/Naima/install/naima_control:/home/men3m/Naima/install/naima_bringup:/home/men3m/Naima/install/naima:/opt/ros/humble LD_LIBRARY_PATH=/home/men3m/Naima/install/zed_components/lib:/home/men3m/Naima/install/zed_ipc/lib:/home/men3m/Naima/install/zed_topic_benchmark_component/lib:/home/men3m/Naima/install/zed_topic_benchmark_interfaces/lib:/home/men3m/Naima/install/zed_rgb_convert/lib:/home/men3m/Naima/install/zed_aruco_localization/lib:/home/men3m/Naima/install/ublox_gps/lib:/home/men3m/Naima/install/ublox_msgs/lib:/home/men3m/Naima/install/rviz_plugin_zed_od/lib:/home/men3m/Naima/install/naima_examples/lib:/home/men3m/Naima/install/naima_msgs/lib:/usr/lib/x86_64-linux-gnu/gazebo-11/plugins:/opt/ros/humble/opt/rviz_ogre_vendor/lib:/opt/ros/humble/lib/x86_64-linux-gnu:/opt/ros/humble/lib:/usr/local/cuda-12.4.0/lib64:/usr/local/cuda-12.4.0/lib64 /usr/bin/cmake --build /home/men3m/Naima/build/zed_multi_camera -- -j16 -l16
[1.556s] DEBUG:colcon.colcon_core.event_handler.log_command:Invoking command in '/home/men3m/Naima/build/zed_multi_camera': CMAKE_PREFIX_PATH=/home/men3m/Naima/install/zed_wrapper:/home/men3m/Naima/install/zed_components:/home/men3m/Naima/install/zed_ros2:/home/men3m/Naima/install/zed_robot_integration:/home/men3m/Naima/install/zed_ipc:/home/men3m/Naima/install/zed_multi_camera:/home/men3m/Naima/install/zed_display_rviz2:/home/men3m/Naima/install/zed_depth_to_laserscan:/home/men3m/Naima/install/zed_tutorial_video:/home/men3m/Naima/install/zed_tutorial_pos_tracking:/home/men3m/Naima/install/zed_tutorial_depth:/home/men3m/Naima/install/zed_topic_benchmark:/home/men3m/Naima/install/zed_topic_benchmark_component:/home/men3m/Naima/install/zed_topic_benchmark_interfaces:/home/men3m/Naima/install/zed_rgb_convert:/home/men3m/Naima/install/zed_aruco_localization:/home/men3m/Naima/install/ublox:/home/men3m/Naima/install/ublox_gps:/home/men3m/Naima/install/ublox_msgs:/home/men3m/Naima/install/ublox_serialization:/home/men3m/Naima/install/rviz_plugin_zed_od:/home/men3m/Naima/install/naima_examples:/home/men3m/Naima/install/naima_msgs:/home/men3m/Naima/install/naima_mapping:/home/men3m/Naima/install/naima_localization:/home/men3m/Naima/install/naima_description:/home/men3m/Naima/install/naima_control:/home/men3m/Naima/install/naima_bringup:/home/men3m/Naima/install/naima:/opt/ros/humble LD_LIBRARY_PATH=/home/men3m/Naima/install/zed_components/lib:/home/men3m/Naima/install/zed_ipc/lib:/home/men3m/Naima/install/zed_topic_benchmark_component/lib:/home/men3m/Naima/install/zed_topic_benchmark_interfaces/lib:/home/men3m/Naima/install/zed_rgb_convert/lib:/home/men3m/Naima/install/zed_aruco_localization/lib:/home/men3m/Naima/install/ublox_gps/lib:/home/men3m/Naima/install/ublox_msgs/lib:/home/men3m/Naima/install/rviz_plugin_zed_od/lib:/home/men3m/Naima/install/naima_examples/lib:/home/men3m/Naima/install/naima_msgs/lib:/usr/lib/x86_64-linux-gnu/gazebo-11/plugins:/opt/ros/humble/opt/rviz_ogre_vendor/lib:/opt/ros/humble/lib/x86_64-linux-gnu:/opt/ros/humble/lib:/usr/local/cuda-12.4.0/lib64:/usr/local/cuda-12.4.0/lib64 /usr/bin/cmake --install /home/men3m/Naima/build/zed_multi_camera
[1.556s] Level 1:colcon.colcon_core.environment:create_environment_scripts_only(naima_localization)
[1.557s] Level 1:colcon.colcon_core.environment:checking '/home/men3m/Naima/install/naima_localization' for CMake module files
[1.558s] DEBUG:colcon.colcon_core.event_handler.log_command:Invoked command in '/home/men3m/Naima/build/naima_localization' returned '0': CMAKE_PREFIX_PATH=${CMAKE_PREFIX_PATH}:/home/men3m/Naima/install/naima_bringup:/home/men3m/Naima/install/naima:/opt/ros/humble /usr/bin/cmake --install /home/men3m/Naima/build/naima_localization
[1.558s] Level 1:colcon.colcon_core.environment:checking '/home/men3m/Naima/install/naima_localization' for CMake config files
[1.559s] Level 1:colcon.colcon_core.shell:create_environment_hook('naima_localization', 'cmake_prefix_path')
[1.559s] INFO:colcon.colcon_core.shell:Creating environment hook '/home/men3m/Naima/install/naima_localization/share/naima_localization/hook/cmake_prefix_path.ps1'
[1.560s] INFO:colcon.colcon_core.shell:Creating environment descriptor '/home/men3m/Naima/install/naima_localization/share/naima_localization/hook/cmake_prefix_path.dsv'
[1.560s] INFO:colcon.colcon_core.shell:Creating environment hook '/home/men3m/Naima/install/naima_localization/share/naima_localization/hook/cmake_prefix_path.sh'
[1.561s] Level 1:colcon.colcon_core.environment:checking '/home/men3m/Naima/install/naima_localization/lib'
[1.561s] Level 1:colcon.colcon_core.environment:checking '/home/men3m/Naima/install/naima_localization/bin'
[1.561s] Level 1:colcon.colcon_core.environment:checking '/home/men3m/Naima/install/naima_localization/lib/pkgconfig/naima_localization.pc'
[1.562s] Level 1:colcon.colcon_core.environment:checking '/home/men3m/Naima/install/naima_localization/lib/python3.10/site-packages'
[1.562s] Level 1:colcon.colcon_core.environment:checking '/home/men3m/Naima/install/naima_localization/bin'
[1.562s] INFO:colcon.colcon_core.shell:Creating package script '/home/men3m/Naima/install/naima_localization/share/naima_localization/package.ps1'
[1.563s] INFO:colcon.colcon_core.shell:Creating package descriptor '/home/men3m/Naima/install/naima_localization/share/naima_localization/package.dsv'
[1.563s] INFO:colcon.colcon_core.shell:Creating package script '/home/men3m/Naima/install/naima_localization/share/naima_localization/package.sh'
[1.564s] INFO:colcon.colcon_core.shell:Creating package script '/home/men3m/Naima/install/naima_localization/share/naima_localization/package.bash'
[1.564s] INFO:colcon.colcon_core.shell:Creating package script '/home/men3m/Naima/install/naima_localization/share/naima_localization/package.zsh'
[1.565s] Level 1:colcon.colcon_core.environment:create_file_with_runtime_dependencies(/home/men3m/Naima/install/naima_localization/share/colcon-core/packages/naima_localization)
[1.566s] Level 1:colcon.colcon_core.environment:create_environment_scripts_only(naima_localization)
[1.566s] Level 1:colcon.colcon_core.environment:checking '/home/men3m/Naima/install/naima_localization' for CMake module files
[1.567s] Level 1:colcon.colcon_core.environment:checking '/home/men3m/Naima/install/naima_localization' for CMake config files
[1.568s] Level 1:colcon.colcon_core.shell:create_environment_hook('naima_localization', 'cmake_prefix_path')
[1.568s] INFO:colcon.colcon_core.shell:Creating environment hook '/home/men3m/Naima/install/naima_localization/share/naima_localization/hook/cmake_prefix_path.ps1'
[1.568s] INFO:colcon.colcon_core.shell:Creating environment descriptor '/home/men3m/Naima/install/naima_localization/share/naima_localization/hook/cmake_prefix_path.dsv'
[1.569s] INFO:colcon.colcon_core.shell:Creating environment hook '/home/men3m/Naima/install/naima_localization/share/naima_localization/hook/cmake_prefix_path.sh'
[1.570s] Level 1:colcon.colcon_core.environment:checking '/home/men3m/Naima/install/naima_localization/lib'
[1.570s] Level 1:colcon.colcon_core.environment:checking '/home/men3m/Naima/install/naima_localization/bin'
[1.570s] Level 1:colcon.colcon_core.environment:checking '/home/men3m/Naima/install/naima_localization/lib/pkgconfig/naima_localization.pc'
[1.570s] Level 1:colcon.colcon_core.environment:checking '/home/men3m/Naima/install/naima_localization/lib/python3.10/site-packages'
[1.570s] Level 1:colcon.colcon_core.environment:checking '/home/men3m/Naima/install/naima_localization/bin'
[1.570s] INFO:colcon.colcon_core.shell:Creating package script '/home/men3m/Naima/install/naima_localization/share/naima_localization/package.ps1'
[1.571s] INFO:colcon.colcon_core.shell:Creating package descriptor '/home/men3m/Naima/install/naima_localization/share/naima_localization/package.dsv'
[1.571s] INFO:colcon.colcon_core.shell:Creating package script '/home/men3m/Naima/install/naima_localization/share/naima_localization/package.sh'
[1.572s] INFO:colcon.colcon_core.shell:Creating package script '/home/men3m/Naima/install/naima_localization/share/naima_localization/package.bash'
[1.572s] INFO:colcon.colcon_core.shell:Creating package script '/home/men3m/Naima/install/naima_localization/share/naima_localization/package.zsh'
[1.573s] Level 1:colcon.colcon_core.environment:create_file_with_runtime_dependencies(/home/men3m/Naima/install/naima_localization/share/colcon-core/packages/naima_localization)
[1.573s] Level 1:colcon.colcon_core.environment:create_environment_scripts_only(zed_topic_benchmark_component)
[1.573s] Level 1:colcon.colcon_core.environment:checking '/home/men3m/Naima/install/zed_topic_benchmark_component' for CMake module files
[1.574s] DEBUG:colcon.colcon_core.event_handler.log_command:Invoked command in '/home/men3m/Naima/build/zed_topic_benchmark_component' returned '0': CMAKE_PREFIX_PATH=/home/men3m/Naima/install/zed_topic_benchmark_interfaces:/home/men3m/Naima/install/zed_ros2:/home/men3m/Naima/install/zed_robot_integration:/home/men3m/Naima/install/zed_ipc:/home/men3m/Naima/install/zed_multi_camera:/home/men3m/Naima/install/zed_display_rviz2:/home/men3m/Naima/install/zed_depth_to_laserscan:/home/men3m/Naima/install/zed_wrapper:/home/men3m/Naima/install/zed_tutorial_video:/home/men3m/Naima/install/zed_tutorial_pos_tracking:/home/men3m/Naima/install/zed_tutorial_depth:/home/men3m/Naima/install/zed_topic_benchmark:/home/men3m/Naima/install/zed_topic_benchmark_component:/home/men3m/Naima/install/zed_rgb_convert:/home/men3m/Naima/install/zed_aruco_localization:/home/men3m/Naima/install/zed_components:/home/men3m/Naima/install/ublox:/home/men3m/Naima/install/ublox_gps:/home/men3m/Naima/install/ublox_msgs:/home/men3m/Naima/install/ublox_serialization:/home/men3m/Naima/install/rviz_plugin_zed_od:/home/men3m/Naima/install/naima_examples:/home/men3m/Naima/install/naima_msgs:/home/men3m/Naima/install/naima_mapping:/home/men3m/Naima/install/naima_localization:/home/men3m/Naima/install/naima_description:/home/men3m/Naima/install/naima_control:/home/men3m/Naima/install/naima_bringup:/home/men3m/Naima/install/naima:/opt/ros/humble LD_LIBRARY_PATH=/home/men3m/Naima/install/zed_topic_benchmark_interfaces/lib:/home/men3m/Naima/install/zed_ipc/lib:/home/men3m/Naima/install/zed_topic_benchmark_component/lib:/home/men3m/Naima/install/zed_rgb_convert/lib:/home/men3m/Naima/install/zed_aruco_localization/lib:/home/men3m/Naima/install/zed_components/lib:/home/men3m/Naima/install/ublox_gps/lib:/home/men3m/Naima/install/ublox_msgs/lib:/home/men3m/Naima/install/rviz_plugin_zed_od/lib:/home/men3m/Naima/install/naima_examples/lib:/home/men3m/Naima/install/naima_msgs/lib:/usr/lib/x86_64-linux-gnu/gazebo-11/plugins:/opt/ros/humble/opt/rviz_ogre_vendor/lib:/opt/ros/humble/lib/x86_64-linux-gnu:/opt/ros/humble/lib:/usr/local/cuda-12.4.0/lib64:/usr/local/cuda-12.4.0/lib64 /usr/bin/cmake --install /home/men3m/Naima/build/zed_topic_benchmark_component
[1.574s] Level 1:colcon.colcon_core.environment:checking '/home/men3m/Naima/install/zed_topic_benchmark_component' for CMake config files
[1.575s] Level 1:colcon.colcon_core.shell:create_environment_hook('zed_topic_benchmark_component', 'cmake_prefix_path')
[1.575s] INFO:colcon.colcon_core.shell:Creating environment hook '/home/men3m/Naima/install/zed_topic_benchmark_component/share/zed_topic_benchmark_component/hook/cmake_prefix_path.ps1'
[1.575s] INFO:colcon.colcon_core.shell:Creating environment descriptor '/home/men3m/Naima/install/zed_topic_benchmark_component/share/zed_topic_benchmark_component/hook/cmake_prefix_path.dsv'
[1.576s] INFO:colcon.colcon_core.shell:Creating environment hook '/home/men3m/Naima/install/zed_topic_benchmark_component/share/zed_topic_benchmark_component/hook/cmake_prefix_path.sh'
[1.577s] Level 1:colcon.colcon_core.environment:checking '/home/men3m/Naima/install/zed_topic_benchmark_component/lib'
[1.577s] Level 1:colcon.colcon_core.shell:create_environment_hook('zed_topic_benchmark_component', 'ld_library_path_lib')
[1.577s] INFO:colcon.colcon_core.shell:Creating environment hook '/home/men3m/Naima/install/zed_topic_benchmark_component/share/zed_topic_benchmark_component/hook/ld_library_path_lib.ps1'
[1.577s] INFO:colcon.colcon_core.shell:Creating environment descriptor '/home/men3m/Naima/install/zed_topic_benchmark_component/share/zed_topic_benchmark_component/hook/ld_library_path_lib.dsv'
[1.578s] INFO:colcon.colcon_core.shell:Creating environment hook '/home/men3m/Naima/install/zed_topic_benchmark_component/share/zed_topic_benchmark_component/hook/ld_library_path_lib.sh'
[1.578s] Level 1:colcon.colcon_core.environment:checking '/home/men3m/Naima/install/zed_topic_benchmark_component/bin'
[1.578s] Level 1:colcon.colcon_core.environment:checking '/home/men3m/Naima/install/zed_topic_benchmark_component/lib/pkgconfig/zed_topic_benchmark_component.pc'
[1.578s] Level 1:colcon.colcon_core.environment:checking '/home/men3m/Naima/install/zed_topic_benchmark_component/lib/python3.10/site-packages'
[1.578s] Level 1:colcon.colcon_core.environment:checking '/home/men3m/Naima/install/zed_topic_benchmark_component/bin'
[1.579s] INFO:colcon.colcon_core.shell:Creating package script '/home/men3m/Naima/install/zed_topic_benchmark_component/share/zed_topic_benchmark_component/package.ps1'
[1.579s] INFO:colcon.colcon_core.shell:Creating package descriptor '/home/men3m/Naima/install/zed_topic_benchmark_component/share/zed_topic_benchmark_component/package.dsv'
[1.580s] INFO:colcon.colcon_core.shell:Creating package script '/home/men3m/Naima/install/zed_topic_benchmark_component/share/zed_topic_benchmark_component/package.sh'
[1.580s] INFO:colcon.colcon_core.shell:Creating package script '/home/men3m/Naima/install/zed_topic_benchmark_component/share/zed_topic_benchmark_component/package.bash'
[1.580s] INFO:colcon.colcon_core.shell:Creating package script '/home/men3m/Naima/install/zed_topic_benchmark_component/share/zed_topic_benchmark_component/package.zsh'
[1.581s] Level 1:colcon.colcon_core.environment:create_file_with_runtime_dependencies(/home/men3m/Naima/install/zed_topic_benchmark_component/share/colcon-core/packages/zed_topic_benchmark_component)
[1.581s] Level 1:colcon.colcon_core.environment:create_environment_scripts_only(zed_topic_benchmark_component)
[1.581s] Level 1:colcon.colcon_core.environment:checking '/home/men3m/Naima/install/zed_topic_benchmark_component' for CMake module files
[1.582s] Level 1:colcon.colcon_core.environment:checking '/home/men3m/Naima/install/zed_topic_benchmark_component' for CMake config files
[1.582s] Level 1:colcon.colcon_core.shell:create_environment_hook('zed_topic_benchmark_component', 'cmake_prefix_path')
[1.583s] INFO:colcon.colcon_core.shell:Creating environment hook '/home/men3m/Naima/install/zed_topic_benchmark_component/share/zed_topic_benchmark_component/hook/cmake_prefix_path.ps1'
[1.583s] INFO:colcon.colcon_core.shell:Creating environment descriptor '/home/men3m/Naima/install/zed_topic_benchmark_component/share/zed_topic_benchmark_component/hook/cmake_prefix_path.dsv'
[1.584s] INFO:colcon.colcon_core.shell:Creating environment hook '/home/men3m/Naima/install/zed_topic_benchmark_component/share/zed_topic_benchmark_component/hook/cmake_prefix_path.sh'
[1.585s] Level 1:colcon.colcon_core.environment:checking '/home/men3m/Naima/install/zed_topic_benchmark_component/lib'
[1.585s] Level 1:colcon.colcon_core.shell:create_environment_hook('zed_topic_benchmark_component', 'ld_library_path_lib')
[1.585s] INFO:colcon.colcon_core.shell:Creating environment hook '/home/men3m/Naima/install/zed_topic_benchmark_component/share/zed_topic_benchmark_component/hook/ld_library_path_lib.ps1'
[1.586s] INFO:colcon.colcon_core.shell:Creating environment descriptor '/home/men3m/Naima/install/zed_topic_benchmark_component/share/zed_topic_benchmark_component/hook/ld_library_path_lib.dsv'
[1.586s] INFO:colcon.colcon_core.shell:Creating environment hook '/home/men3m/Naima/install/zed_topic_benchmark_component/share/zed_topic_benchmark_component/hook/ld_library_path_lib.sh'
[1.587s] Level 1:colcon.colcon_core.environment:checking '/home/men3m/Naima/install/zed_topic_benchmark_component/bin'
[1.587s] Level 1:colcon.colcon_core.environment:checking '/home/men3m/Naima/install/zed_topic_benchmark_component/lib/pkgconfig/zed_topic_benchmark_component.pc'
[1.587s] Level 1:colcon.colcon_core.environment:checking '/home/men3m/Naima/install/zed_topic_benchmark_component/lib/python3.10/site-packages'
[1.587s] Level 1:colcon.colcon_core.environment:checking '/home/men3m/Naima/install/zed_topic_benchmark_component/bin'
[1.588s] INFO:colcon.colcon_core.shell:Creating package script '/home/men3m/Naima/install/zed_topic_benchmark_component/share/zed_topic_benchmark_component/package.ps1'
[1.589s] INFO:colcon.colcon_core.shell:Creating package descriptor '/home/men3m/Naima/install/zed_topic_benchmark_component/share/zed_topic_benchmark_component/package.dsv'
[1.589s] INFO:colcon.colcon_core.shell:Creating package script '/home/men3m/Naima/install/zed_topic_benchmark_component/share/zed_topic_benchmark_component/package.sh'
[1.590s] INFO:colcon.colcon_core.shell:Creating package script '/home/men3m/Naima/install/zed_topic_benchmark_component/share/zed_topic_benchmark_component/package.bash'
[1.591s] INFO:colcon.colcon_core.shell:Creating package script '/home/men3m/Naima/install/zed_topic_benchmark_component/share/zed_topic_benchmark_component/package.zsh'
[1.591s] Level 1:colcon.colcon_core.environment:create_file_with_runtime_dependencies(/home/men3m/Naima/install/zed_topic_benchmark_component/share/colcon-core/packages/zed_topic_benchmark_component)
[1.593s] DEBUG:colcon.colcon_core.event_handler.log_command:Invoked command in '/home/men3m/Naima/build/zed_display_rviz2' returned '0': CMAKE_PREFIX_PATH=/home/men3m/Naima/install/zed_wrapper:/home/men3m/Naima/install/zed_components:/home/men3m/Naima/install/zed_ros2:/home/men3m/Naima/install/zed_robot_integration:/home/men3m/Naima/install/zed_ipc:/home/men3m/Naima/install/zed_multi_camera:/home/men3m/Naima/install/zed_display_rviz2:/home/men3m/Naima/install/zed_depth_to_laserscan:/home/men3m/Naima/install/zed_tutorial_video:/home/men3m/Naima/install/zed_tutorial_pos_tracking:/home/men3m/Naima/install/zed_tutorial_depth:/home/men3m/Naima/install/zed_topic_benchmark:/home/men3m/Naima/install/zed_topic_benchmark_component:/home/men3m/Naima/install/zed_topic_benchmark_interfaces:/home/men3m/Naima/install/zed_rgb_convert:/home/men3m/Naima/install/zed_aruco_localization:/home/men3m/Naima/install/ublox:/home/men3m/Naima/install/ublox_gps:/home/men3m/Naima/install/ublox_msgs:/home/men3m/Naima/install/ublox_serialization:/home/men3m/Naima/install/rviz_plugin_zed_od:/home/men3m/Naima/install/naima_examples:/home/men3m/Naima/install/naima_msgs:/home/men3m/Naima/install/naima_mapping:/home/men3m/Naima/install/naima_localization:/home/men3m/Naima/install/naima_description:/home/men3m/Naima/install/naima_control:/home/men3m/Naima/install/naima_bringup:/home/men3m/Naima/install/naima:/opt/ros/humble LD_LIBRARY_PATH=/home/men3m/Naima/install/zed_components/lib:/home/men3m/Naima/install/zed_ipc/lib:/home/men3m/Naima/install/zed_topic_benchmark_component/lib:/home/men3m/Naima/install/zed_topic_benchmark_interfaces/lib:/home/men3m/Naima/install/zed_rgb_convert/lib:/home/men3m/Naima/install/zed_aruco_localization/lib:/home/men3m/Naima/install/ublox_gps/lib:/home/men3m/Naima/install/ublox_msgs/lib:/home/men3m/Naima/install/rviz_plugin_zed_od/lib:/home/men3m/Naima/install/naima_examples/lib:/home/men3m/Naima/install/naima_msgs/lib:/usr/lib/x86_64-linux-gnu/gazebo-11/plugins:/opt/ros/humble/opt/rviz_ogre_vendor/lib:/opt/ros/humble/lib/x86_64-linux-gnu:/opt/ros/humble/lib:/usr/local/cuda-12.4.0/lib64:/usr/local/cuda-12.4.0/lib64 /usr/bin/cmake --build /home/men3m/Naima/build/zed_display_rviz2 -- -j16 -l16
[1.597s] DEBUG:colcon.colcon_core.event_handler.log_command:Invoking command in '/home/men3m/Naima/build/zed_display_rviz2': CMAKE_PREFIX_PATH=/home/men3m/Naima/install/zed_wrapper:/home/men3m/Naima/install/zed_components:/home/men3m/Naima/install/zed_ros2:/home/men3m/Naima/install/zed_robot_integration:/home/men3m/Naima/install/zed_ipc:/home/men3m/Naima/install/zed_multi_camera:/home/men3m/Naima/install/zed_display_rviz2:/home/men3m/Naima/install/zed_depth_to_laserscan:/home/men3m/Naima/install/zed_tutorial_video:/home/men3m/Naima/install/zed_tutorial_pos_tracking:/home/men3m/Naima/install/zed_tutorial_depth:/home/men3m/Naima/install/zed_topic_benchmark:/home/men3m/Naima/install/zed_topic_benchmark_component:/home/men3m/Naima/install/zed_topic_benchmark_interfaces:/home/men3m/Naima/install/zed_rgb_convert:/home/men3m/Naima/install/zed_aruco_localization:/home/men3m/Naima/install/ublox:/home/men3m/Naima/install/ublox_gps:/home/men3m/Naima/install/ublox_msgs:/home/men3m/Naima/install/ublox_serialization:/home/men3m/Naima/install/rviz_plugin_zed_od:/home/men3m/Naima/install/naima_examples:/home/men3m/Naima/install/naima_msgs:/home/men3m/Naima/install/naima_mapping:/home/men3m/Naima/install/naima_localization:/home/men3m/Naima/install/naima_description:/home/men3m/Naima/install/naima_control:/home/men3m/Naima/install/naima_bringup:/home/men3m/Naima/install/naima:/opt/ros/humble LD_LIBRARY_PATH=/home/men3m/Naima/install/zed_components/lib:/home/men3m/Naima/install/zed_ipc/lib:/home/men3m/Naima/install/zed_topic_benchmark_component/lib:/home/men3m/Naima/install/zed_topic_benchmark_interfaces/lib:/home/men3m/Naima/install/zed_rgb_convert/lib:/home/men3m/Naima/install/zed_aruco_localization/lib:/home/men3m/Naima/install/ublox_gps/lib:/home/men3m/Naima/install/ublox_msgs/lib:/home/men3m/Naima/install/rviz_plugin_zed_od/lib:/home/men3m/Naima/install/naima_examples/lib:/home/men3m/Naima/install/naima_msgs/lib:/usr/lib/x86_64-linux-gnu/gazebo-11/plugins:/opt/ros/humble/opt/rviz_ogre_vendor/lib:/opt/ros/humble/lib/x86_64-linux-gnu:/opt/ros/humble/lib:/usr/local/cuda-12.4.0/lib64:/usr/local/cuda-12.4.0/lib64 /usr/bin/cmake --install /home/men3m/Naima/build/zed_display_rviz2
[1.598s] DEBUG:colcon.colcon_core.event_handler.log_command:Invoked command in '/home/men3m/Naima/build/zed_robot_integration' returned '0': CMAKE_PREFIX_PATH=/home/men3m/Naima/install/zed_wrapper:/home/men3m/Naima/install/zed_components:/home/men3m/Naima/install/zed_ros2:/home/men3m/Naima/install/zed_robot_integration:/home/men3m/Naima/install/zed_ipc:/home/men3m/Naima/install/zed_multi_camera:/home/men3m/Naima/install/zed_display_rviz2:/home/men3m/Naima/install/zed_depth_to_laserscan:/home/men3m/Naima/install/zed_tutorial_video:/home/men3m/Naima/install/zed_tutorial_pos_tracking:/home/men3m/Naima/install/zed_tutorial_depth:/home/men3m/Naima/install/zed_topic_benchmark:/home/men3m/Naima/install/zed_topic_benchmark_component:/home/men3m/Naima/install/zed_topic_benchmark_interfaces:/home/men3m/Naima/install/zed_rgb_convert:/home/men3m/Naima/install/zed_aruco_localization:/home/men3m/Naima/install/ublox:/home/men3m/Naima/install/ublox_gps:/home/men3m/Naima/install/ublox_msgs:/home/men3m/Naima/install/ublox_serialization:/home/men3m/Naima/install/rviz_plugin_zed_od:/home/men3m/Naima/install/naima_examples:/home/men3m/Naima/install/naima_msgs:/home/men3m/Naima/install/naima_mapping:/home/men3m/Naima/install/naima_localization:/home/men3m/Naima/install/naima_description:/home/men3m/Naima/install/naima_control:/home/men3m/Naima/install/naima_bringup:/home/men3m/Naima/install/naima:/opt/ros/humble LD_LIBRARY_PATH=/home/men3m/Naima/install/zed_components/lib:/home/men3m/Naima/install/zed_ipc/lib:/home/men3m/Naima/install/zed_topic_benchmark_component/lib:/home/men3m/Naima/install/zed_topic_benchmark_interfaces/lib:/home/men3m/Naima/install/zed_rgb_convert/lib:/home/men3m/Naima/install/zed_aruco_localization/lib:/home/men3m/Naima/install/ublox_gps/lib:/home/men3m/Naima/install/ublox_msgs/lib:/home/men3m/Naima/install/rviz_plugin_zed_od/lib:/home/men3m/Naima/install/naima_examples/lib:/home/men3m/Naima/install/naima_msgs/lib:/usr/lib/x86_64-linux-gnu/gazebo-11/plugins:/opt/ros/humble/opt/rviz_ogre_vendor/lib:/opt/ros/humble/lib/x86_64-linux-gnu:/opt/ros/humble/lib:/usr/local/cuda-12.4.0/lib64:/usr/local/cuda-12.4.0/lib64 /usr/bin/cmake --build /home/men3m/Naima/build/zed_robot_integration -- -j16 -l16
[1.599s] DEBUG:colcon.colcon_core.event_handler.log_command:Invoking command in '/home/men3m/Naima/build/zed_robot_integration': CMAKE_PREFIX_PATH=/home/men3m/Naima/install/zed_wrapper:/home/men3m/Naima/install/zed_components:/home/men3m/Naima/install/zed_ros2:/home/men3m/Naima/install/zed_robot_integration:/home/men3m/Naima/install/zed_ipc:/home/men3m/Naima/install/zed_multi_camera:/home/men3m/Naima/install/zed_display_rviz2:/home/men3m/Naima/install/zed_depth_to_laserscan:/home/men3m/Naima/install/zed_tutorial_video:/home/men3m/Naima/install/zed_tutorial_pos_tracking:/home/men3m/Naima/install/zed_tutorial_depth:/home/men3m/Naima/install/zed_topic_benchmark:/home/men3m/Naima/install/zed_topic_benchmark_component:/home/men3m/Naima/install/zed_topic_benchmark_interfaces:/home/men3m/Naima/install/zed_rgb_convert:/home/men3m/Naima/install/zed_aruco_localization:/home/men3m/Naima/install/ublox:/home/men3m/Naima/install/ublox_gps:/home/men3m/Naima/install/ublox_msgs:/home/men3m/Naima/install/ublox_serialization:/home/men3m/Naima/install/rviz_plugin_zed_od:/home/men3m/Naima/install/naima_examples:/home/men3m/Naima/install/naima_msgs:/home/men3m/Naima/install/naima_mapping:/home/men3m/Naima/install/naima_localization:/home/men3m/Naima/install/naima_description:/home/men3m/Naima/install/naima_control:/home/men3m/Naima/install/naima_bringup:/home/men3m/Naima/install/naima:/opt/ros/humble LD_LIBRARY_PATH=/home/men3m/Naima/install/zed_components/lib:/home/men3m/Naima/install/zed_ipc/lib:/home/men3m/Naima/install/zed_topic_benchmark_component/lib:/home/men3m/Naima/install/zed_topic_benchmark_interfaces/lib:/home/men3m/Naima/install/zed_rgb_convert/lib:/home/men3m/Naima/install/zed_aruco_localization/lib:/home/men3m/Naima/install/ublox_gps/lib:/home/men3m/Naima/install/ublox_msgs/lib:/home/men3m/Naima/install/rviz_plugin_zed_od/lib:/home/men3m/Naima/install/naima_examples/lib:/home/men3m/Naima/install/naima_msgs/lib:/usr/lib/x86_64-linux-gnu/gazebo-11/plugins:/opt/ros/humble/opt/rviz_ogre_vendor/lib:/opt/ros/humble/lib/x86_64-linux-gnu:/opt/ros/humble/lib:/usr/local/cuda-12.4.0/lib64:/usr/local/cuda-12.4.0/lib64 /usr/bin/cmake --install /home/men3m/Naima/build/zed_robot_integration
[1.600s] DEBUG:colcon.colcon_core.event_handler.log_command:Invoked command in '/home/men3m/Naima/build/zed_depth_to_laserscan' returned '0': CMAKE_PREFIX_PATH=/home/men3m/Naima/install/zed_wrapper:/home/men3m/Naima/install/zed_components:/home/men3m/Naima/install/zed_ros2:/home/men3m/Naima/install/zed_robot_integration:/home/men3m/Naima/install/zed_ipc:/home/men3m/Naima/install/zed_multi_camera:/home/men3m/Naima/install/zed_display_rviz2:/home/men3m/Naima/install/zed_depth_to_laserscan:/home/men3m/Naima/install/zed_tutorial_video:/home/men3m/Naima/install/zed_tutorial_pos_tracking:/home/men3m/Naima/install/zed_tutorial_depth:/home/men3m/Naima/install/zed_topic_benchmark:/home/men3m/Naima/install/zed_topic_benchmark_component:/home/men3m/Naima/install/zed_topic_benchmark_interfaces:/home/men3m/Naima/install/zed_rgb_convert:/home/men3m/Naima/install/zed_aruco_localization:/home/men3m/Naima/install/ublox:/home/men3m/Naima/install/ublox_gps:/home/men3m/Naima/install/ublox_msgs:/home/men3m/Naima/install/ublox_serialization:/home/men3m/Naima/install/rviz_plugin_zed_od:/home/men3m/Naima/install/naima_examples:/home/men3m/Naima/install/naima_msgs:/home/men3m/Naima/install/naima_mapping:/home/men3m/Naima/install/naima_localization:/home/men3m/Naima/install/naima_description:/home/men3m/Naima/install/naima_control:/home/men3m/Naima/install/naima_bringup:/home/men3m/Naima/install/naima:/opt/ros/humble LD_LIBRARY_PATH=/home/men3m/Naima/install/zed_components/lib:/home/men3m/Naima/install/zed_ipc/lib:/home/men3m/Naima/install/zed_topic_benchmark_component/lib:/home/men3m/Naima/install/zed_topic_benchmark_interfaces/lib:/home/men3m/Naima/install/zed_rgb_convert/lib:/home/men3m/Naima/install/zed_aruco_localization/lib:/home/men3m/Naima/install/ublox_gps/lib:/home/men3m/Naima/install/ublox_msgs/lib:/home/men3m/Naima/install/rviz_plugin_zed_od/lib:/home/men3m/Naima/install/naima_examples/lib:/home/men3m/Naima/install/naima_msgs/lib:/usr/lib/x86_64-linux-gnu/gazebo-11/plugins:/opt/ros/humble/opt/rviz_ogre_vendor/lib:/opt/ros/humble/lib/x86_64-linux-gnu:/opt/ros/humble/lib:/usr/local/cuda-12.4.0/lib64:/usr/local/cuda-12.4.0/lib64 /usr/bin/cmake --build /home/men3m/Naima/build/zed_depth_to_laserscan -- -j16 -l16
[1.602s] INFO:colcon.colcon_ros.task.ament_cmake.build:Building ROS package in '/home/men3m/Naima/src/zed-ros2-examples/tools/zed_benchmark' with build type 'ament_cmake'
[1.602s] INFO:colcon.colcon_cmake.task.cmake.build:Building CMake package in '/home/men3m/Naima/src/zed-ros2-examples/tools/zed_benchmark'
[1.602s] INFO:colcon.colcon_core.shell:Skip shell extension 'powershell' for command environment: Not usable outside of PowerShell
[1.602s] DEBUG:colcon.colcon_core.shell:Skip shell extension 'dsv' for command environment
[1.603s] DEBUG:colcon.colcon_core.event_handler.log_command:Invoking command in '/home/men3m/Naima/build/zed_depth_to_laserscan': CMAKE_PREFIX_PATH=/home/men3m/Naima/install/zed_wrapper:/home/men3m/Naima/install/zed_components:/home/men3m/Naima/install/zed_ros2:/home/men3m/Naima/install/zed_robot_integration:/home/men3m/Naima/install/zed_ipc:/home/men3m/Naima/install/zed_multi_camera:/home/men3m/Naima/install/zed_display_rviz2:/home/men3m/Naima/install/zed_depth_to_laserscan:/home/men3m/Naima/install/zed_tutorial_video:/home/men3m/Naima/install/zed_tutorial_pos_tracking:/home/men3m/Naima/install/zed_tutorial_depth:/home/men3m/Naima/install/zed_topic_benchmark:/home/men3m/Naima/install/zed_topic_benchmark_component:/home/men3m/Naima/install/zed_topic_benchmark_interfaces:/home/men3m/Naima/install/zed_rgb_convert:/home/men3m/Naima/install/zed_aruco_localization:/home/men3m/Naima/install/ublox:/home/men3m/Naima/install/ublox_gps:/home/men3m/Naima/install/ublox_msgs:/home/men3m/Naima/install/ublox_serialization:/home/men3m/Naima/install/rviz_plugin_zed_od:/home/men3m/Naima/install/naima_examples:/home/men3m/Naima/install/naima_msgs:/home/men3m/Naima/install/naima_mapping:/home/men3m/Naima/install/naima_localization:/home/men3m/Naima/install/naima_description:/home/men3m/Naima/install/naima_control:/home/men3m/Naima/install/naima_bringup:/home/men3m/Naima/install/naima:/opt/ros/humble LD_LIBRARY_PATH=/home/men3m/Naima/install/zed_components/lib:/home/men3m/Naima/install/zed_ipc/lib:/home/men3m/Naima/install/zed_topic_benchmark_component/lib:/home/men3m/Naima/install/zed_topic_benchmark_interfaces/lib:/home/men3m/Naima/install/zed_rgb_convert/lib:/home/men3m/Naima/install/zed_aruco_localization/lib:/home/men3m/Naima/install/ublox_gps/lib:/home/men3m/Naima/install/ublox_msgs/lib:/home/men3m/Naima/install/rviz_plugin_zed_od/lib:/home/men3m/Naima/install/naima_examples/lib:/home/men3m/Naima/install/naima_msgs/lib:/usr/lib/x86_64-linux-gnu/gazebo-11/plugins:/opt/ros/humble/opt/rviz_ogre_vendor/lib:/opt/ros/humble/lib/x86_64-linux-gnu:/opt/ros/humble/lib:/usr/local/cuda-12.4.0/lib64:/usr/local/cuda-12.4.0/lib64 /usr/bin/cmake --install /home/men3m/Naima/build/zed_depth_to_laserscan
[1.612s] DEBUG:colcon.colcon_core.event_handler.log_command:Invoked command in '/home/men3m/Naima/build/naima_examples' returned '0': CMAKE_PREFIX_PATH=/home/men3m/Naima/install/naima_msgs:/home/men3m/Naima/install/zed_ros2:/home/men3m/Naima/install/zed_robot_integration:/home/men3m/Naima/install/zed_ipc:/home/men3m/Naima/install/zed_multi_camera:/home/men3m/Naima/install/zed_display_rviz2:/home/men3m/Naima/install/zed_depth_to_laserscan:/home/men3m/Naima/install/zed_wrapper:/home/men3m/Naima/install/zed_tutorial_video:/home/men3m/Naima/install/zed_tutorial_pos_tracking:/home/men3m/Naima/install/zed_tutorial_depth:/home/men3m/Naima/install/zed_topic_benchmark:/home/men3m/Naima/install/zed_topic_benchmark_component:/home/men3m/Naima/install/zed_topic_benchmark_interfaces:/home/men3m/Naima/install/zed_rgb_convert:/home/men3m/Naima/install/zed_aruco_localization:/home/men3m/Naima/install/zed_components:/home/men3m/Naima/install/ublox:/home/men3m/Naima/install/ublox_gps:/home/men3m/Naima/install/ublox_msgs:/home/men3m/Naima/install/ublox_serialization:/home/men3m/Naima/install/rviz_plugin_zed_od:/home/men3m/Naima/install/naima_examples:/home/men3m/Naima/install/naima_mapping:/home/men3m/Naima/install/naima_localization:/home/men3m/Naima/install/naima_description:/home/men3m/Naima/install/naima_control:/home/men3m/Naima/install/naima_bringup:/home/men3m/Naima/install/naima:/opt/ros/humble LD_LIBRARY_PATH=/home/men3m/Naima/install/naima_msgs/lib:/home/men3m/Naima/install/zed_ipc/lib:/home/men3m/Naima/install/zed_topic_benchmark_component/lib:/home/men3m/Naima/install/zed_topic_benchmark_interfaces/lib:/home/men3m/Naima/install/zed_rgb_convert/lib:/home/men3m/Naima/install/zed_aruco_localization/lib:/home/men3m/Naima/install/zed_components/lib:/home/men3m/Naima/install/ublox_gps/lib:/home/men3m/Naima/install/ublox_msgs/lib:/home/men3m/Naima/install/rviz_plugin_zed_od/lib:/home/men3m/Naima/install/naima_examples/lib:/usr/lib/x86_64-linux-gnu/gazebo-11/plugins:/opt/ros/humble/opt/rviz_ogre_vendor/lib:/opt/ros/humble/lib/x86_64-linux-gnu:/opt/ros/humble/lib:/usr/local/cuda-12.4.0/lib64:/usr/local/cuda-12.4.0/lib64 /usr/bin/cmake --build /home/men3m/Naima/build/naima_examples -- -j16 -l16
[1.614s] DEBUG:colcon.colcon_core.event_handler.log_command:Invoking command in '/home/men3m/Naima/build/naima_examples': CMAKE_PREFIX_PATH=/home/men3m/Naima/install/naima_msgs:/home/men3m/Naima/install/zed_ros2:/home/men3m/Naima/install/zed_robot_integration:/home/men3m/Naima/install/zed_ipc:/home/men3m/Naima/install/zed_multi_camera:/home/men3m/Naima/install/zed_display_rviz2:/home/men3m/Naima/install/zed_depth_to_laserscan:/home/men3m/Naima/install/zed_wrapper:/home/men3m/Naima/install/zed_tutorial_video:/home/men3m/Naima/install/zed_tutorial_pos_tracking:/home/men3m/Naima/install/zed_tutorial_depth:/home/men3m/Naima/install/zed_topic_benchmark:/home/men3m/Naima/install/zed_topic_benchmark_component:/home/men3m/Naima/install/zed_topic_benchmark_interfaces:/home/men3m/Naima/install/zed_rgb_convert:/home/men3m/Naima/install/zed_aruco_localization:/home/men3m/Naima/install/zed_components:/home/men3m/Naima/install/ublox:/home/men3m/Naima/install/ublox_gps:/home/men3m/Naima/install/ublox_msgs:/home/men3m/Naima/install/ublox_serialization:/home/men3m/Naima/install/rviz_plugin_zed_od:/home/men3m/Naima/install/naima_examples:/home/men3m/Naima/install/naima_mapping:/home/men3m/Naima/install/naima_localization:/home/men3m/Naima/install/naima_description:/home/men3m/Naima/install/naima_control:/home/men3m/Naima/install/naima_bringup:/home/men3m/Naima/install/naima:/opt/ros/humble LD_LIBRARY_PATH=/home/men3m/Naima/install/naima_msgs/lib:/home/men3m/Naima/install/zed_ipc/lib:/home/men3m/Naima/install/zed_topic_benchmark_component/lib:/home/men3m/Naima/install/zed_topic_benchmark_interfaces/lib:/home/men3m/Naima/install/zed_rgb_convert/lib:/home/men3m/Naima/install/zed_aruco_localization/lib:/home/men3m/Naima/install/zed_components/lib:/home/men3m/Naima/install/ublox_gps/lib:/home/men3m/Naima/install/ublox_msgs/lib:/home/men3m/Naima/install/rviz_plugin_zed_od/lib:/home/men3m/Naima/install/naima_examples/lib:/usr/lib/x86_64-linux-gnu/gazebo-11/plugins:/opt/ros/humble/opt/rviz_ogre_vendor/lib:/opt/ros/humble/lib/x86_64-linux-gnu:/opt/ros/humble/lib:/usr/local/cuda-12.4.0/lib64:/usr/local/cuda-12.4.0/lib64 /usr/bin/cmake --install /home/men3m/Naima/build/naima_examples
[1.616s] DEBUG:colcon.colcon_core.event_handler.log_command:Invoked command in '/home/men3m/Naima/build/zed_ros2' returned '0': CMAKE_PREFIX_PATH=/home/men3m/Naima/install/zed_wrapper:/home/men3m/Naima/install/zed_components:/home/men3m/Naima/install/zed_ros2:/home/men3m/Naima/install/zed_robot_integration:/home/men3m/Naima/install/zed_ipc:/home/men3m/Naima/install/zed_multi_camera:/home/men3m/Naima/install/zed_display_rviz2:/home/men3m/Naima/install/zed_depth_to_laserscan:/home/men3m/Naima/install/zed_tutorial_video:/home/men3m/Naima/install/zed_tutorial_pos_tracking:/home/men3m/Naima/install/zed_tutorial_depth:/home/men3m/Naima/install/zed_topic_benchmark:/home/men3m/Naima/install/zed_topic_benchmark_component:/home/men3m/Naima/install/zed_topic_benchmark_interfaces:/home/men3m/Naima/install/zed_rgb_convert:/home/men3m/Naima/install/zed_aruco_localization:/home/men3m/Naima/install/ublox:/home/men3m/Naima/install/ublox_gps:/home/men3m/Naima/install/ublox_msgs:/home/men3m/Naima/install/ublox_serialization:/home/men3m/Naima/install/rviz_plugin_zed_od:/home/men3m/Naima/install/naima_examples:/home/men3m/Naima/install/naima_msgs:/home/men3m/Naima/install/naima_mapping:/home/men3m/Naima/install/naima_localization:/home/men3m/Naima/install/naima_description:/home/men3m/Naima/install/naima_control:/home/men3m/Naima/install/naima_bringup:/home/men3m/Naima/install/naima:/opt/ros/humble LD_LIBRARY_PATH=/home/men3m/Naima/install/zed_components/lib:/home/men3m/Naima/install/zed_ipc/lib:/home/men3m/Naima/install/zed_topic_benchmark_component/lib:/home/men3m/Naima/install/zed_topic_benchmark_interfaces/lib:/home/men3m/Naima/install/zed_rgb_convert/lib:/home/men3m/Naima/install/zed_aruco_localization/lib:/home/men3m/Naima/install/ublox_gps/lib:/home/men3m/Naima/install/ublox_msgs/lib:/home/men3m/Naima/install/rviz_plugin_zed_od/lib:/home/men3m/Naima/install/naima_examples/lib:/home/men3m/Naima/install/naima_msgs/lib:/usr/lib/x86_64-linux-gnu/gazebo-11/plugins:/opt/ros/humble/opt/rviz_ogre_vendor/lib:/opt/ros/humble/lib/x86_64-linux-gnu:/opt/ros/humble/lib:/usr/local/cuda-12.4.0/lib64:/usr/local/cuda-12.4.0/lib64 /usr/bin/cmake --build /home/men3m/Naima/build/zed_ros2 -- -j16 -l16
[1.619s] DEBUG:colcon.colcon_core.event_handler.log_command:Invoking command in '/home/men3m/Naima/build/zed_ros2': CMAKE_PREFIX_PATH=/home/men3m/Naima/install/zed_wrapper:/home/men3m/Naima/install/zed_components:/home/men3m/Naima/install/zed_ros2:/home/men3m/Naima/install/zed_robot_integration:/home/men3m/Naima/install/zed_ipc:/home/men3m/Naima/install/zed_multi_camera:/home/men3m/Naima/install/zed_display_rviz2:/home/men3m/Naima/install/zed_depth_to_laserscan:/home/men3m/Naima/install/zed_tutorial_video:/home/men3m/Naima/install/zed_tutorial_pos_tracking:/home/men3m/Naima/install/zed_tutorial_depth:/home/men3m/Naima/install/zed_topic_benchmark:/home/men3m/Naima/install/zed_topic_benchmark_component:/home/men3m/Naima/install/zed_topic_benchmark_interfaces:/home/men3m/Naima/install/zed_rgb_convert:/home/men3m/Naima/install/zed_aruco_localization:/home/men3m/Naima/install/ublox:/home/men3m/Naima/install/ublox_gps:/home/men3m/Naima/install/ublox_msgs:/home/men3m/Naima/install/ublox_serialization:/home/men3m/Naima/install/rviz_plugin_zed_od:/home/men3m/Naima/install/naima_examples:/home/men3m/Naima/install/naima_msgs:/home/men3m/Naima/install/naima_mapping:/home/men3m/Naima/install/naima_localization:/home/men3m/Naima/install/naima_description:/home/men3m/Naima/install/naima_control:/home/men3m/Naima/install/naima_bringup:/home/men3m/Naima/install/naima:/opt/ros/humble LD_LIBRARY_PATH=/home/men3m/Naima/install/zed_components/lib:/home/men3m/Naima/install/zed_ipc/lib:/home/men3m/Naima/install/zed_topic_benchmark_component/lib:/home/men3m/Naima/install/zed_topic_benchmark_interfaces/lib:/home/men3m/Naima/install/zed_rgb_convert/lib:/home/men3m/Naima/install/zed_aruco_localization/lib:/home/men3m/Naima/install/ublox_gps/lib:/home/men3m/Naima/install/ublox_msgs/lib:/home/men3m/Naima/install/rviz_plugin_zed_od/lib:/home/men3m/Naima/install/naima_examples/lib:/home/men3m/Naima/install/naima_msgs/lib:/usr/lib/x86_64-linux-gnu/gazebo-11/plugins:/opt/ros/humble/opt/rviz_ogre_vendor/lib:/opt/ros/humble/lib/x86_64-linux-gnu:/opt/ros/humble/lib:/usr/local/cuda-12.4.0/lib64:/usr/local/cuda-12.4.0/lib64 /usr/bin/cmake --install /home/men3m/Naima/build/zed_ros2
[1.624s] Level 1:colcon.colcon_core.environment:create_environment_scripts_only(zed_multi_camera)
[1.625s] Level 1:colcon.colcon_core.environment:checking '/home/men3m/Naima/install/zed_multi_camera' for CMake module files
[1.629s] Level 1:colcon.colcon_core.environment:checking '/home/men3m/Naima/install/zed_multi_camera' for CMake config files
[1.633s] Level 1:colcon.colcon_core.shell:create_environment_hook('zed_multi_camera', 'cmake_prefix_path')
[1.633s] INFO:colcon.colcon_core.shell:Creating environment hook '/home/men3m/Naima/install/zed_multi_camera/share/zed_multi_camera/hook/cmake_prefix_path.ps1'
[1.634s] DEBUG:colcon.colcon_core.event_handler.log_command:Invoking command in '/home/men3m/Naima/src/naima': PYTHONPATH=/home/men3m/Naima/build/naima/prefix_override:/usr/lib/python3/dist-packages/colcon_core/task/python/colcon_distutils_commands:/home/men3m/Naima/install/naima/lib/python3.10/site-packages:${PYTHONPATH} /usr/bin/python3 -W ignore:setup.py install is deprecated -W ignore:easy_install command is deprecated setup.py egg_info --egg-base ../../build/naima build --build-base /home/men3m/Naima/build/naima/build install --record /home/men3m/Naima/build/naima/install.log --single-version-externally-managed install_data
[1.634s] INFO:colcon.colcon_core.shell:Creating environment descriptor '/home/men3m/Naima/install/zed_multi_camera/share/zed_multi_camera/hook/cmake_prefix_path.dsv'
[1.635s] DEBUG:colcon.colcon_core.event_handler.log_command:Invoking command in '/home/men3m/Naima/src/naima_bringup': PYTHONPATH=/home/men3m/Naima/build/naima_bringup/prefix_override:/usr/lib/python3/dist-packages/colcon_core/task/python/colcon_distutils_commands:/home/men3m/Naima/install/naima_bringup/lib/python3.10/site-packages:${PYTHONPATH} /usr/bin/python3 -W ignore:setup.py install is deprecated -W ignore:easy_install command is deprecated setup.py egg_info --egg-base ../../build/naima_bringup build --build-base /home/men3m/Naima/build/naima_bringup/build install --record /home/men3m/Naima/build/naima_bringup/install.log --single-version-externally-managed install_data
[1.635s] DEBUG:colcon.colcon_core.event_handler.log_command:Invoked command in '/home/men3m/Naima/build/zed_multi_camera' returned '0': CMAKE_PREFIX_PATH=/home/men3m/Naima/install/zed_wrapper:/home/men3m/Naima/install/zed_components:/home/men3m/Naima/install/zed_ros2:/home/men3m/Naima/install/zed_robot_integration:/home/men3m/Naima/install/zed_ipc:/home/men3m/Naima/install/zed_multi_camera:/home/men3m/Naima/install/zed_display_rviz2:/home/men3m/Naima/install/zed_depth_to_laserscan:/home/men3m/Naima/install/zed_tutorial_video:/home/men3m/Naima/install/zed_tutorial_pos_tracking:/home/men3m/Naima/install/zed_tutorial_depth:/home/men3m/Naima/install/zed_topic_benchmark:/home/men3m/Naima/install/zed_topic_benchmark_component:/home/men3m/Naima/install/zed_topic_benchmark_interfaces:/home/men3m/Naima/install/zed_rgb_convert:/home/men3m/Naima/install/zed_aruco_localization:/home/men3m/Naima/install/ublox:/home/men3m/Naima/install/ublox_gps:/home/men3m/Naima/install/ublox_msgs:/home/men3m/Naima/install/ublox_serialization:/home/men3m/Naima/install/rviz_plugin_zed_od:/home/men3m/Naima/install/naima_examples:/home/men3m/Naima/install/naima_msgs:/home/men3m/Naima/install/naima_mapping:/home/men3m/Naima/install/naima_localization:/home/men3m/Naima/install/naima_description:/home/men3m/Naima/install/naima_control:/home/men3m/Naima/install/naima_bringup:/home/men3m/Naima/install/naima:/opt/ros/humble LD_LIBRARY_PATH=/home/men3m/Naima/install/zed_components/lib:/home/men3m/Naima/install/zed_ipc/lib:/home/men3m/Naima/install/zed_topic_benchmark_component/lib:/home/men3m/Naima/install/zed_topic_benchmark_interfaces/lib:/home/men3m/Naima/install/zed_rgb_convert/lib:/home/men3m/Naima/install/zed_aruco_localization/lib:/home/men3m/Naima/install/ublox_gps/lib:/home/men3m/Naima/install/ublox_msgs/lib:/home/men3m/Naima/install/rviz_plugin_zed_od/lib:/home/men3m/Naima/install/naima_examples/lib:/home/men3m/Naima/install/naima_msgs/lib:/usr/lib/x86_64-linux-gnu/gazebo-11/plugins:/opt/ros/humble/opt/rviz_ogre_vendor/lib:/opt/ros/humble/lib/x86_64-linux-gnu:/opt/ros/humble/lib:/usr/local/cuda-12.4.0/lib64:/usr/local/cuda-12.4.0/lib64 /usr/bin/cmake --install /home/men3m/Naima/build/zed_multi_camera
[1.635s] INFO:colcon.colcon_core.shell:Creating environment hook '/home/men3m/Naima/install/zed_multi_camera/share/zed_multi_camera/hook/cmake_prefix_path.sh'
[1.639s] Level 1:colcon.colcon_core.environment:checking '/home/men3m/Naima/install/zed_multi_camera/bin'
[1.640s] Level 1:colcon.colcon_core.environment:checking '/home/men3m/Naima/install/zed_multi_camera/lib/pkgconfig/zed_multi_camera.pc'
[1.640s] Level 1:colcon.colcon_core.environment:checking '/home/men3m/Naima/install/zed_multi_camera/lib/python3.10/site-packages'
[1.641s] Level 1:colcon.colcon_core.environment:checking '/home/men3m/Naima/install/zed_multi_camera/bin'
[1.642s] INFO:colcon.colcon_core.shell:Creating package script '/home/men3m/Naima/install/zed_multi_camera/share/zed_multi_camera/package.ps1'
[1.642s] INFO:colcon.colcon_core.shell:Creating package descriptor '/home/men3m/Naima/install/zed_multi_camera/share/zed_multi_camera/package.dsv'
[1.643s] INFO:colcon.colcon_core.shell:Creating package script '/home/men3m/Naima/install/zed_multi_camera/share/zed_multi_camera/package.sh'
[1.643s] INFO:colcon.colcon_core.shell:Creating package script '/home/men3m/Naima/install/zed_multi_camera/share/zed_multi_camera/package.bash'
[1.644s] INFO:colcon.colcon_core.shell:Creating package script '/home/men3m/Naima/install/zed_multi_camera/share/zed_multi_camera/package.zsh'
[1.644s] Level 1:colcon.colcon_core.environment:create_file_with_runtime_dependencies(/home/men3m/Naima/install/zed_multi_camera/share/colcon-core/packages/zed_multi_camera)
[1.645s] Level 1:colcon.colcon_core.environment:create_environment_scripts_only(zed_multi_camera)
[1.645s] Level 1:colcon.colcon_core.environment:checking '/home/men3m/Naima/install/zed_multi_camera' for CMake module files
[1.646s] Level 1:colcon.colcon_core.environment:checking '/home/men3m/Naima/install/zed_multi_camera' for CMake config files
[1.646s] Level 1:colcon.colcon_core.shell:create_environment_hook('zed_multi_camera', 'cmake_prefix_path')
[1.646s] INFO:colcon.colcon_core.shell:Creating environment hook '/home/men3m/Naima/install/zed_multi_camera/share/zed_multi_camera/hook/cmake_prefix_path.ps1'
[1.647s] INFO:colcon.colcon_core.shell:Creating environment descriptor '/home/men3m/Naima/install/zed_multi_camera/share/zed_multi_camera/hook/cmake_prefix_path.dsv'
[1.647s] INFO:colcon.colcon_core.shell:Creating environment hook '/home/men3m/Naima/install/zed_multi_camera/share/zed_multi_camera/hook/cmake_prefix_path.sh'
[1.648s] Level 1:colcon.colcon_core.environment:checking '/home/men3m/Naima/install/zed_multi_camera/bin'
[1.648s] Level 1:colcon.colcon_core.environment:checking '/home/men3m/Naima/install/zed_multi_camera/lib/pkgconfig/zed_multi_camera.pc'
[1.648s] Level 1:colcon.colcon_core.environment:checking '/home/men3m/Naima/install/zed_multi_camera/lib/python3.10/site-packages'
[1.649s] Level 1:colcon.colcon_core.environment:checking '/home/men3m/Naima/install/zed_multi_camera/bin'
[1.649s] INFO:colcon.colcon_core.shell:Creating package script '/home/men3m/Naima/install/zed_multi_camera/share/zed_multi_camera/package.ps1'
[1.650s] INFO:colcon.colcon_core.shell:Creating package descriptor '/home/men3m/Naima/install/zed_multi_camera/share/zed_multi_camera/package.dsv'
[1.650s] INFO:colcon.colcon_core.shell:Creating package script '/home/men3m/Naima/install/zed_multi_camera/share/zed_multi_camera/package.sh'
[1.651s] INFO:colcon.colcon_core.shell:Creating package script '/home/men3m/Naima/install/zed_multi_camera/share/zed_multi_camera/package.bash'
[1.651s] INFO:colcon.colcon_core.shell:Creating package script '/home/men3m/Naima/install/zed_multi_camera/share/zed_multi_camera/package.zsh'
[1.652s] Level 1:colcon.colcon_core.environment:create_file_with_runtime_dependencies(/home/men3m/Naima/install/zed_multi_camera/share/colcon-core/packages/zed_multi_camera)
[1.652s] Level 1:colcon.colcon_core.environment:create_environment_scripts_only(zed_robot_integration)
[1.653s] Level 1:colcon.colcon_core.environment:checking '/home/men3m/Naima/install/zed_robot_integration' for CMake module files
[1.654s] DEBUG:colcon.colcon_core.event_handler.log_command:Invoked command in '/home/men3m/Naima/build/zed_robot_integration' returned '0': CMAKE_PREFIX_PATH=/home/men3m/Naima/install/zed_wrapper:/home/men3m/Naima/install/zed_components:/home/men3m/Naima/install/zed_ros2:/home/men3m/Naima/install/zed_robot_integration:/home/men3m/Naima/install/zed_ipc:/home/men3m/Naima/install/zed_multi_camera:/home/men3m/Naima/install/zed_display_rviz2:/home/men3m/Naima/install/zed_depth_to_laserscan:/home/men3m/Naima/install/zed_tutorial_video:/home/men3m/Naima/install/zed_tutorial_pos_tracking:/home/men3m/Naima/install/zed_tutorial_depth:/home/men3m/Naima/install/zed_topic_benchmark:/home/men3m/Naima/install/zed_topic_benchmark_component:/home/men3m/Naima/install/zed_topic_benchmark_interfaces:/home/men3m/Naima/install/zed_rgb_convert:/home/men3m/Naima/install/zed_aruco_localization:/home/men3m/Naima/install/ublox:/home/men3m/Naima/install/ublox_gps:/home/men3m/Naima/install/ublox_msgs:/home/men3m/Naima/install/ublox_serialization:/home/men3m/Naima/install/rviz_plugin_zed_od:/home/men3m/Naima/install/naima_examples:/home/men3m/Naima/install/naima_msgs:/home/men3m/Naima/install/naima_mapping:/home/men3m/Naima/install/naima_localization:/home/men3m/Naima/install/naima_description:/home/men3m/Naima/install/naima_control:/home/men3m/Naima/install/naima_bringup:/home/men3m/Naima/install/naima:/opt/ros/humble LD_LIBRARY_PATH=/home/men3m/Naima/install/zed_components/lib:/home/men3m/Naima/install/zed_ipc/lib:/home/men3m/Naima/install/zed_topic_benchmark_component/lib:/home/men3m/Naima/install/zed_topic_benchmark_interfaces/lib:/home/men3m/Naima/install/zed_rgb_convert/lib:/home/men3m/Naima/install/zed_aruco_localization/lib:/home/men3m/Naima/install/ublox_gps/lib:/home/men3m/Naima/install/ublox_msgs/lib:/home/men3m/Naima/install/rviz_plugin_zed_od/lib:/home/men3m/Naima/install/naima_examples/lib:/home/men3m/Naima/install/naima_msgs/lib:/usr/lib/x86_64-linux-gnu/gazebo-11/plugins:/opt/ros/humble/opt/rviz_ogre_vendor/lib:/opt/ros/humble/lib/x86_64-linux-gnu:/opt/ros/humble/lib:/usr/local/cuda-12.4.0/lib64:/usr/local/cuda-12.4.0/lib64 /usr/bin/cmake --install /home/men3m/Naima/build/zed_robot_integration
[1.654s] Level 1:colcon.colcon_core.environment:checking '/home/men3m/Naima/install/zed_robot_integration' for CMake config files
[1.654s] Level 1:colcon.colcon_core.shell:create_environment_hook('zed_robot_integration', 'cmake_prefix_path')
[1.655s] INFO:colcon.colcon_core.shell:Creating environment hook '/home/men3m/Naima/install/zed_robot_integration/share/zed_robot_integration/hook/cmake_prefix_path.ps1'
[1.656s] INFO:colcon.colcon_core.shell:Creating environment descriptor '/home/men3m/Naima/install/zed_robot_integration/share/zed_robot_integration/hook/cmake_prefix_path.dsv'
[1.656s] INFO:colcon.colcon_core.shell:Creating environment hook '/home/men3m/Naima/install/zed_robot_integration/share/zed_robot_integration/hook/cmake_prefix_path.sh'
[1.657s] Level 1:colcon.colcon_core.environment:checking '/home/men3m/Naima/install/zed_robot_integration/bin'
[1.657s] Level 1:colcon.colcon_core.environment:checking '/home/men3m/Naima/install/zed_robot_integration/lib/pkgconfig/zed_robot_integration.pc'
[1.657s] Level 1:colcon.colcon_core.environment:checking '/home/men3m/Naima/install/zed_robot_integration/lib/python3.10/site-packages'
[1.657s] Level 1:colcon.colcon_core.environment:checking '/home/men3m/Naima/install/zed_robot_integration/bin'
[1.658s] INFO:colcon.colcon_core.shell:Creating package script '/home/men3m/Naima/install/zed_robot_integration/share/zed_robot_integration/package.ps1'
[1.658s] INFO:colcon.colcon_core.shell:Creating package descriptor '/home/men3m/Naima/install/zed_robot_integration/share/zed_robot_integration/package.dsv'
[1.659s] INFO:colcon.colcon_core.shell:Creating package script '/home/men3m/Naima/install/zed_robot_integration/share/zed_robot_integration/package.sh'
[1.659s] INFO:colcon.colcon_core.shell:Creating package script '/home/men3m/Naima/install/zed_robot_integration/share/zed_robot_integration/package.bash'
[1.660s] INFO:colcon.colcon_core.shell:Creating package script '/home/men3m/Naima/install/zed_robot_integration/share/zed_robot_integration/package.zsh'
[1.660s] Level 1:colcon.colcon_core.environment:create_file_with_runtime_dependencies(/home/men3m/Naima/install/zed_robot_integration/share/colcon-core/packages/zed_robot_integration)
[1.661s] Level 1:colcon.colcon_core.environment:create_environment_scripts_only(zed_robot_integration)
[1.661s] Level 1:colcon.colcon_core.environment:checking '/home/men3m/Naima/install/zed_robot_integration' for CMake module files
[1.662s] Level 1:colcon.colcon_core.environment:checking '/home/men3m/Naima/install/zed_robot_integration' for CMake config files
[1.662s] Level 1:colcon.colcon_core.shell:create_environment_hook('zed_robot_integration', 'cmake_prefix_path')
[1.663s] INFO:colcon.colcon_core.shell:Creating environment hook '/home/men3m/Naima/install/zed_robot_integration/share/zed_robot_integration/hook/cmake_prefix_path.ps1'
[1.663s] INFO:colcon.colcon_core.shell:Creating environment descriptor '/home/men3m/Naima/install/zed_robot_integration/share/zed_robot_integration/hook/cmake_prefix_path.dsv'
[1.664s] INFO:colcon.colcon_core.shell:Creating environment hook '/home/men3m/Naima/install/zed_robot_integration/share/zed_robot_integration/hook/cmake_prefix_path.sh'
[1.665s] Level 1:colcon.colcon_core.environment:checking '/home/men3m/Naima/install/zed_robot_integration/bin'
[1.665s] Level 1:colcon.colcon_core.environment:checking '/home/men3m/Naima/install/zed_robot_integration/lib/pkgconfig/zed_robot_integration.pc'
[1.665s] Level 1:colcon.colcon_core.environment:checking '/home/men3m/Naima/install/zed_robot_integration/lib/python3.10/site-packages'
[1.665s] Level 1:colcon.colcon_core.environment:checking '/home/men3m/Naima/install/zed_robot_integration/bin'
[1.666s] INFO:colcon.colcon_core.shell:Creating package script '/home/men3m/Naima/install/zed_robot_integration/share/zed_robot_integration/package.ps1'
[1.666s] INFO:colcon.colcon_core.shell:Creating package descriptor '/home/men3m/Naima/install/zed_robot_integration/share/zed_robot_integration/package.dsv'
[1.667s] INFO:colcon.colcon_core.shell:Creating package script '/home/men3m/Naima/install/zed_robot_integration/share/zed_robot_integration/package.sh'
[1.667s] INFO:colcon.colcon_core.shell:Creating package script '/home/men3m/Naima/install/zed_robot_integration/share/zed_robot_integration/package.bash'
[1.668s] INFO:colcon.colcon_core.shell:Creating package script '/home/men3m/Naima/install/zed_robot_integration/share/zed_robot_integration/package.zsh'
[1.668s] Level 1:colcon.colcon_core.environment:create_file_with_runtime_dependencies(/home/men3m/Naima/install/zed_robot_integration/share/colcon-core/packages/zed_robot_integration)
[1.669s] Level 1:colcon.colcon_core.environment:create_environment_scripts_only(zed_display_rviz2)
[1.669s] Level 1:colcon.colcon_core.environment:checking '/home/men3m/Naima/install/zed_display_rviz2' for CMake module files
[1.671s] Level 1:colcon.colcon_core.environment:checking '/home/men3m/Naima/install/zed_display_rviz2' for CMake config files
[1.671s] DEBUG:colcon.colcon_core.event_handler.log_command:Invoked command in '/home/men3m/Naima/build/zed_display_rviz2' returned '0': CMAKE_PREFIX_PATH=/home/men3m/Naima/install/zed_wrapper:/home/men3m/Naima/install/zed_components:/home/men3m/Naima/install/zed_ros2:/home/men3m/Naima/install/zed_robot_integration:/home/men3m/Naima/install/zed_ipc:/home/men3m/Naima/install/zed_multi_camera:/home/men3m/Naima/install/zed_display_rviz2:/home/men3m/Naima/install/zed_depth_to_laserscan:/home/men3m/Naima/install/zed_tutorial_video:/home/men3m/Naima/install/zed_tutorial_pos_tracking:/home/men3m/Naima/install/zed_tutorial_depth:/home/men3m/Naima/install/zed_topic_benchmark:/home/men3m/Naima/install/zed_topic_benchmark_component:/home/men3m/Naima/install/zed_topic_benchmark_interfaces:/home/men3m/Naima/install/zed_rgb_convert:/home/men3m/Naima/install/zed_aruco_localization:/home/men3m/Naima/install/ublox:/home/men3m/Naima/install/ublox_gps:/home/men3m/Naima/install/ublox_msgs:/home/men3m/Naima/install/ublox_serialization:/home/men3m/Naima/install/rviz_plugin_zed_od:/home/men3m/Naima/install/naima_examples:/home/men3m/Naima/install/naima_msgs:/home/men3m/Naima/install/naima_mapping:/home/men3m/Naima/install/naima_localization:/home/men3m/Naima/install/naima_description:/home/men3m/Naima/install/naima_control:/home/men3m/Naima/install/naima_bringup:/home/men3m/Naima/install/naima:/opt/ros/humble LD_LIBRARY_PATH=/home/men3m/Naima/install/zed_components/lib:/home/men3m/Naima/install/zed_ipc/lib:/home/men3m/Naima/install/zed_topic_benchmark_component/lib:/home/men3m/Naima/install/zed_topic_benchmark_interfaces/lib:/home/men3m/Naima/install/zed_rgb_convert/lib:/home/men3m/Naima/install/zed_aruco_localization/lib:/home/men3m/Naima/install/ublox_gps/lib:/home/men3m/Naima/install/ublox_msgs/lib:/home/men3m/Naima/install/rviz_plugin_zed_od/lib:/home/men3m/Naima/install/naima_examples/lib:/home/men3m/Naima/install/naima_msgs/lib:/usr/lib/x86_64-linux-gnu/gazebo-11/plugins:/opt/ros/humble/opt/rviz_ogre_vendor/lib:/opt/ros/humble/lib/x86_64-linux-gnu:/opt/ros/humble/lib:/usr/local/cuda-12.4.0/lib64:/usr/local/cuda-12.4.0/lib64 /usr/bin/cmake --install /home/men3m/Naima/build/zed_display_rviz2
[1.671s] Level 1:colcon.colcon_core.shell:create_environment_hook('zed_display_rviz2', 'cmake_prefix_path')
[1.671s] INFO:colcon.colcon_core.shell:Creating environment hook '/home/men3m/Naima/install/zed_display_rviz2/share/zed_display_rviz2/hook/cmake_prefix_path.ps1'
[1.672s] INFO:colcon.colcon_core.shell:Creating environment descriptor '/home/men3m/Naima/install/zed_display_rviz2/share/zed_display_rviz2/hook/cmake_prefix_path.dsv'
[1.672s] INFO:colcon.colcon_core.shell:Creating environment hook '/home/men3m/Naima/install/zed_display_rviz2/share/zed_display_rviz2/hook/cmake_prefix_path.sh'
[1.673s] Level 1:colcon.colcon_core.environment:checking '/home/men3m/Naima/install/zed_display_rviz2/bin'
[1.673s] Level 1:colcon.colcon_core.environment:checking '/home/men3m/Naima/install/zed_display_rviz2/lib/pkgconfig/zed_display_rviz2.pc'
[1.673s] Level 1:colcon.colcon_core.environment:checking '/home/men3m/Naima/install/zed_display_rviz2/lib/python3.10/site-packages'
[1.674s] Level 1:colcon.colcon_core.environment:checking '/home/men3m/Naima/install/zed_display_rviz2/bin'
[1.674s] INFO:colcon.colcon_core.shell:Creating package script '/home/men3m/Naima/install/zed_display_rviz2/share/zed_display_rviz2/package.ps1'
[1.675s] INFO:colcon.colcon_core.shell:Creating package descriptor '/home/men3m/Naima/install/zed_display_rviz2/share/zed_display_rviz2/package.dsv'
[1.675s] INFO:colcon.colcon_core.shell:Creating package script '/home/men3m/Naima/install/zed_display_rviz2/share/zed_display_rviz2/package.sh'
[1.676s] INFO:colcon.colcon_core.shell:Creating package script '/home/men3m/Naima/install/zed_display_rviz2/share/zed_display_rviz2/package.bash'
[1.676s] INFO:colcon.colcon_core.shell:Creating package script '/home/men3m/Naima/install/zed_display_rviz2/share/zed_display_rviz2/package.zsh'
[1.677s] Level 1:colcon.colcon_core.environment:create_file_with_runtime_dependencies(/home/men3m/Naima/install/zed_display_rviz2/share/colcon-core/packages/zed_display_rviz2)
[1.678s] Level 1:colcon.colcon_core.environment:create_environment_scripts_only(zed_display_rviz2)
[1.678s] Level 1:colcon.colcon_core.environment:checking '/home/men3m/Naima/install/zed_display_rviz2' for CMake module files
[1.678s] Level 1:colcon.colcon_core.environment:checking '/home/men3m/Naima/install/zed_display_rviz2' for CMake config files
[1.679s] Level 1:colcon.colcon_core.shell:create_environment_hook('zed_display_rviz2', 'cmake_prefix_path')
[1.679s] INFO:colcon.colcon_core.shell:Creating environment hook '/home/men3m/Naima/install/zed_display_rviz2/share/zed_display_rviz2/hook/cmake_prefix_path.ps1'
[1.680s] INFO:colcon.colcon_core.shell:Creating environment descriptor '/home/men3m/Naima/install/zed_display_rviz2/share/zed_display_rviz2/hook/cmake_prefix_path.dsv'
[1.680s] INFO:colcon.colcon_core.shell:Creating environment hook '/home/men3m/Naima/install/zed_display_rviz2/share/zed_display_rviz2/hook/cmake_prefix_path.sh'
[1.681s] Level 1:colcon.colcon_core.environment:checking '/home/men3m/Naima/install/zed_display_rviz2/bin'
[1.681s] Level 1:colcon.colcon_core.environment:checking '/home/men3m/Naima/install/zed_display_rviz2/lib/pkgconfig/zed_display_rviz2.pc'
[1.681s] Level 1:colcon.colcon_core.environment:checking '/home/men3m/Naima/install/zed_display_rviz2/lib/python3.10/site-packages'
[1.681s] Level 1:colcon.colcon_core.environment:checking '/home/men3m/Naima/install/zed_display_rviz2/bin'
[1.682s] INFO:colcon.colcon_core.shell:Creating package script '/home/men3m/Naima/install/zed_display_rviz2/share/zed_display_rviz2/package.ps1'
[1.683s] INFO:colcon.colcon_core.shell:Creating package descriptor '/home/men3m/Naima/install/zed_display_rviz2/share/zed_display_rviz2/package.dsv'
[1.683s] INFO:colcon.colcon_core.shell:Creating package script '/home/men3m/Naima/install/zed_display_rviz2/share/zed_display_rviz2/package.sh'
[1.684s] INFO:colcon.colcon_core.shell:Creating package script '/home/men3m/Naima/install/zed_display_rviz2/share/zed_display_rviz2/package.bash'
[1.684s] INFO:colcon.colcon_core.shell:Creating package script '/home/men3m/Naima/install/zed_display_rviz2/share/zed_display_rviz2/package.zsh'
[1.685s] Level 1:colcon.colcon_core.environment:create_file_with_runtime_dependencies(/home/men3m/Naima/install/zed_display_rviz2/share/colcon-core/packages/zed_display_rviz2)
[1.685s] Level 1:colcon.colcon_core.environment:create_environment_scripts_only(zed_depth_to_laserscan)
[1.686s] Level 1:colcon.colcon_core.environment:checking '/home/men3m/Naima/install/zed_depth_to_laserscan' for CMake module files
[1.687s] Level 1:colcon.colcon_core.environment:checking '/home/men3m/Naima/install/zed_depth_to_laserscan' for CMake config files
[1.687s] DEBUG:colcon.colcon_core.event_handler.log_command:Invoked command in '/home/men3m/Naima/build/zed_depth_to_laserscan' returned '0': CMAKE_PREFIX_PATH=/home/men3m/Naima/install/zed_wrapper:/home/men3m/Naima/install/zed_components:/home/men3m/Naima/install/zed_ros2:/home/men3m/Naima/install/zed_robot_integration:/home/men3m/Naima/install/zed_ipc:/home/men3m/Naima/install/zed_multi_camera:/home/men3m/Naima/install/zed_display_rviz2:/home/men3m/Naima/install/zed_depth_to_laserscan:/home/men3m/Naima/install/zed_tutorial_video:/home/men3m/Naima/install/zed_tutorial_pos_tracking:/home/men3m/Naima/install/zed_tutorial_depth:/home/men3m/Naima/install/zed_topic_benchmark:/home/men3m/Naima/install/zed_topic_benchmark_component:/home/men3m/Naima/install/zed_topic_benchmark_interfaces:/home/men3m/Naima/install/zed_rgb_convert:/home/men3m/Naima/install/zed_aruco_localization:/home/men3m/Naima/install/ublox:/home/men3m/Naima/install/ublox_gps:/home/men3m/Naima/install/ublox_msgs:/home/men3m/Naima/install/ublox_serialization:/home/men3m/Naima/install/rviz_plugin_zed_od:/home/men3m/Naima/install/naima_examples:/home/men3m/Naima/install/naima_msgs:/home/men3m/Naima/install/naima_mapping:/home/men3m/Naima/install/naima_localization:/home/men3m/Naima/install/naima_description:/home/men3m/Naima/install/naima_control:/home/men3m/Naima/install/naima_bringup:/home/men3m/Naima/install/naima:/opt/ros/humble LD_LIBRARY_PATH=/home/men3m/Naima/install/zed_components/lib:/home/men3m/Naima/install/zed_ipc/lib:/home/men3m/Naima/install/zed_topic_benchmark_component/lib:/home/men3m/Naima/install/zed_topic_benchmark_interfaces/lib:/home/men3m/Naima/install/zed_rgb_convert/lib:/home/men3m/Naima/install/zed_aruco_localization/lib:/home/men3m/Naima/install/ublox_gps/lib:/home/men3m/Naima/install/ublox_msgs/lib:/home/men3m/Naima/install/rviz_plugin_zed_od/lib:/home/men3m/Naima/install/naima_examples/lib:/home/men3m/Naima/install/naima_msgs/lib:/usr/lib/x86_64-linux-gnu/gazebo-11/plugins:/opt/ros/humble/opt/rviz_ogre_vendor/lib:/opt/ros/humble/lib/x86_64-linux-gnu:/opt/ros/humble/lib:/usr/local/cuda-12.4.0/lib64:/usr/local/cuda-12.4.0/lib64 /usr/bin/cmake --install /home/men3m/Naima/build/zed_depth_to_laserscan
[1.688s] Level 1:colcon.colcon_core.shell:create_environment_hook('zed_depth_to_laserscan', 'cmake_prefix_path')
[1.688s] INFO:colcon.colcon_core.shell:Creating environment hook '/home/men3m/Naima/install/zed_depth_to_laserscan/share/zed_depth_to_laserscan/hook/cmake_prefix_path.ps1'
[1.688s] INFO:colcon.colcon_core.shell:Creating environment descriptor '/home/men3m/Naima/install/zed_depth_to_laserscan/share/zed_depth_to_laserscan/hook/cmake_prefix_path.dsv'
[1.689s] INFO:colcon.colcon_core.shell:Creating environment hook '/home/men3m/Naima/install/zed_depth_to_laserscan/share/zed_depth_to_laserscan/hook/cmake_prefix_path.sh'
[1.689s] Level 1:colcon.colcon_core.environment:checking '/home/men3m/Naima/install/zed_depth_to_laserscan/bin'
[1.689s] Level 1:colcon.colcon_core.environment:checking '/home/men3m/Naima/install/zed_depth_to_laserscan/lib/pkgconfig/zed_depth_to_laserscan.pc'
[1.690s] Level 1:colcon.colcon_core.environment:checking '/home/men3m/Naima/install/zed_depth_to_laserscan/lib/python3.10/site-packages'
[1.690s] Level 1:colcon.colcon_core.environment:checking '/home/men3m/Naima/install/zed_depth_to_laserscan/bin'
[1.690s] INFO:colcon.colcon_core.shell:Creating package script '/home/men3m/Naima/install/zed_depth_to_laserscan/share/zed_depth_to_laserscan/package.ps1'
[1.691s] INFO:colcon.colcon_core.shell:Creating package descriptor '/home/men3m/Naima/install/zed_depth_to_laserscan/share/zed_depth_to_laserscan/package.dsv'
[1.692s] INFO:colcon.colcon_core.shell:Creating package script '/home/men3m/Naima/install/zed_depth_to_laserscan/share/zed_depth_to_laserscan/package.sh'
[1.692s] INFO:colcon.colcon_core.shell:Creating package script '/home/men3m/Naima/install/zed_depth_to_laserscan/share/zed_depth_to_laserscan/package.bash'
[1.693s] INFO:colcon.colcon_core.shell:Creating package script '/home/men3m/Naima/install/zed_depth_to_laserscan/share/zed_depth_to_laserscan/package.zsh'
[1.693s] Level 1:colcon.colcon_core.environment:create_file_with_runtime_dependencies(/home/men3m/Naima/install/zed_depth_to_laserscan/share/colcon-core/packages/zed_depth_to_laserscan)
[1.694s] Level 1:colcon.colcon_core.environment:create_environment_scripts_only(zed_depth_to_laserscan)
[1.694s] Level 1:colcon.colcon_core.environment:checking '/home/men3m/Naima/install/zed_depth_to_laserscan' for CMake module files
[1.694s] Level 1:colcon.colcon_core.environment:checking '/home/men3m/Naima/install/zed_depth_to_laserscan' for CMake config files
[1.695s] Level 1:colcon.colcon_core.shell:create_environment_hook('zed_depth_to_laserscan', 'cmake_prefix_path')
[1.695s] INFO:colcon.colcon_core.shell:Creating environment hook '/home/men3m/Naima/install/zed_depth_to_laserscan/share/zed_depth_to_laserscan/hook/cmake_prefix_path.ps1'
[1.695s] INFO:colcon.colcon_core.shell:Creating environment descriptor '/home/men3m/Naima/install/zed_depth_to_laserscan/share/zed_depth_to_laserscan/hook/cmake_prefix_path.dsv'
[1.695s] INFO:colcon.colcon_core.shell:Creating environment hook '/home/men3m/Naima/install/zed_depth_to_laserscan/share/zed_depth_to_laserscan/hook/cmake_prefix_path.sh'
[1.696s] Level 1:colcon.colcon_core.environment:checking '/home/men3m/Naima/install/zed_depth_to_laserscan/bin'
[1.696s] Level 1:colcon.colcon_core.environment:checking '/home/men3m/Naima/install/zed_depth_to_laserscan/lib/pkgconfig/zed_depth_to_laserscan.pc'
[1.696s] Level 1:colcon.colcon_core.environment:checking '/home/men3m/Naima/install/zed_depth_to_laserscan/lib/python3.10/site-packages'
[1.696s] Level 1:colcon.colcon_core.environment:checking '/home/men3m/Naima/install/zed_depth_to_laserscan/bin'
[1.697s] INFO:colcon.colcon_core.shell:Creating package script '/home/men3m/Naima/install/zed_depth_to_laserscan/share/zed_depth_to_laserscan/package.ps1'
[1.697s] INFO:colcon.colcon_core.shell:Creating package descriptor '/home/men3m/Naima/install/zed_depth_to_laserscan/share/zed_depth_to_laserscan/package.dsv'
[1.698s] INFO:colcon.colcon_core.shell:Creating package script '/home/men3m/Naima/install/zed_depth_to_laserscan/share/zed_depth_to_laserscan/package.sh'
[1.698s] INFO:colcon.colcon_core.shell:Creating package script '/home/men3m/Naima/install/zed_depth_to_laserscan/share/zed_depth_to_laserscan/package.bash'
[1.698s] INFO:colcon.colcon_core.shell:Creating package script '/home/men3m/Naima/install/zed_depth_to_laserscan/share/zed_depth_to_laserscan/package.zsh'
[1.699s] Level 1:colcon.colcon_core.environment:create_file_with_runtime_dependencies(/home/men3m/Naima/install/zed_depth_to_laserscan/share/colcon-core/packages/zed_depth_to_laserscan)
[1.699s] INFO:colcon.colcon_ros.task.ament_cmake.build:Building ROS package in '/home/men3m/Naima/src/zed-ros2-examples/tutorials/zed_ipc' with build type 'ament_cmake'
[1.700s] INFO:colcon.colcon_cmake.task.cmake.build:Building CMake package in '/home/men3m/Naima/src/zed-ros2-examples/tutorials/zed_ipc'
[1.700s] INFO:colcon.colcon_core.shell:Skip shell extension 'powershell' for command environment: Not usable outside of PowerShell
[1.700s] DEBUG:colcon.colcon_core.shell:Skip shell extension 'dsv' for command environment
[1.709s] Level 1:colcon.colcon_core.environment:create_environment_scripts_only(zed_ros2)
[1.709s] Level 1:colcon.colcon_core.environment:checking '/home/men3m/Naima/install/zed_ros2' for CMake module files
[1.710s] DEBUG:colcon.colcon_core.event_handler.log_command:Invoking command in '/home/men3m/Naima/build/zed_topic_benchmark': CMAKE_PREFIX_PATH=/home/men3m/Naima/install/zed_topic_benchmark_component:/home/men3m/Naima/install/zed_topic_benchmark_interfaces:/home/men3m/Naima/install/zed_ros2:/home/men3m/Naima/install/zed_robot_integration:/home/men3m/Naima/install/zed_ipc:/home/men3m/Naima/install/zed_multi_camera:/home/men3m/Naima/install/zed_display_rviz2:/home/men3m/Naima/install/zed_depth_to_laserscan:/home/men3m/Naima/install/zed_wrapper:/home/men3m/Naima/install/zed_tutorial_video:/home/men3m/Naima/install/zed_tutorial_pos_tracking:/home/men3m/Naima/install/zed_tutorial_depth:/home/men3m/Naima/install/zed_topic_benchmark:/home/men3m/Naima/install/zed_rgb_convert:/home/men3m/Naima/install/zed_aruco_localization:/home/men3m/Naima/install/zed_components:/home/men3m/Naima/install/ublox:/home/men3m/Naima/install/ublox_gps:/home/men3m/Naima/install/ublox_msgs:/home/men3m/Naima/install/ublox_serialization:/home/men3m/Naima/install/rviz_plugin_zed_od:/home/men3m/Naima/install/naima_examples:/home/men3m/Naima/install/naima_msgs:/home/men3m/Naima/install/naima_mapping:/home/men3m/Naima/install/naima_localization:/home/men3m/Naima/install/naima_description:/home/men3m/Naima/install/naima_control:/home/men3m/Naima/install/naima_bringup:/home/men3m/Naima/install/naima:/opt/ros/humble LD_LIBRARY_PATH=/home/men3m/Naima/install/zed_topic_benchmark_component/lib:/home/men3m/Naima/install/zed_topic_benchmark_interfaces/lib:/home/men3m/Naima/install/zed_ipc/lib:/home/men3m/Naima/install/zed_rgb_convert/lib:/home/men3m/Naima/install/zed_aruco_localization/lib:/home/men3m/Naima/install/zed_components/lib:/home/men3m/Naima/install/ublox_gps/lib:/home/men3m/Naima/install/ublox_msgs/lib:/home/men3m/Naima/install/rviz_plugin_zed_od/lib:/home/men3m/Naima/install/naima_examples/lib:/home/men3m/Naima/install/naima_msgs/lib:/usr/lib/x86_64-linux-gnu/gazebo-11/plugins:/opt/ros/humble/opt/rviz_ogre_vendor/lib:/opt/ros/humble/lib/x86_64-linux-gnu:/opt/ros/humble/lib:/usr/local/cuda-12.4.0/lib64:/usr/local/cuda-12.4.0/lib64 /usr/bin/cmake --build /home/men3m/Naima/build/zed_topic_benchmark -- -j16 -l16
[1.711s] DEBUG:colcon.colcon_core.event_handler.log_command:Invoked command in '/home/men3m/Naima/build/zed_ros2' returned '0': CMAKE_PREFIX_PATH=/home/men3m/Naima/install/zed_wrapper:/home/men3m/Naima/install/zed_components:/home/men3m/Naima/install/zed_ros2:/home/men3m/Naima/install/zed_robot_integration:/home/men3m/Naima/install/zed_ipc:/home/men3m/Naima/install/zed_multi_camera:/home/men3m/Naima/install/zed_display_rviz2:/home/men3m/Naima/install/zed_depth_to_laserscan:/home/men3m/Naima/install/zed_tutorial_video:/home/men3m/Naima/install/zed_tutorial_pos_tracking:/home/men3m/Naima/install/zed_tutorial_depth:/home/men3m/Naima/install/zed_topic_benchmark:/home/men3m/Naima/install/zed_topic_benchmark_component:/home/men3m/Naima/install/zed_topic_benchmark_interfaces:/home/men3m/Naima/install/zed_rgb_convert:/home/men3m/Naima/install/zed_aruco_localization:/home/men3m/Naima/install/ublox:/home/men3m/Naima/install/ublox_gps:/home/men3m/Naima/install/ublox_msgs:/home/men3m/Naima/install/ublox_serialization:/home/men3m/Naima/install/rviz_plugin_zed_od:/home/men3m/Naima/install/naima_examples:/home/men3m/Naima/install/naima_msgs:/home/men3m/Naima/install/naima_mapping:/home/men3m/Naima/install/naima_localization:/home/men3m/Naima/install/naima_description:/home/men3m/Naima/install/naima_control:/home/men3m/Naima/install/naima_bringup:/home/men3m/Naima/install/naima:/opt/ros/humble LD_LIBRARY_PATH=/home/men3m/Naima/install/zed_components/lib:/home/men3m/Naima/install/zed_ipc/lib:/home/men3m/Naima/install/zed_topic_benchmark_component/lib:/home/men3m/Naima/install/zed_topic_benchmark_interfaces/lib:/home/men3m/Naima/install/zed_rgb_convert/lib:/home/men3m/Naima/install/zed_aruco_localization/lib:/home/men3m/Naima/install/ublox_gps/lib:/home/men3m/Naima/install/ublox_msgs/lib:/home/men3m/Naima/install/rviz_plugin_zed_od/lib:/home/men3m/Naima/install/naima_examples/lib:/home/men3m/Naima/install/naima_msgs/lib:/usr/lib/x86_64-linux-gnu/gazebo-11/plugins:/opt/ros/humble/opt/rviz_ogre_vendor/lib:/opt/ros/humble/lib/x86_64-linux-gnu:/opt/ros/humble/lib:/usr/local/cuda-12.4.0/lib64:/usr/local/cuda-12.4.0/lib64 /usr/bin/cmake --install /home/men3m/Naima/build/zed_ros2
[1.711s] Level 1:colcon.colcon_core.environment:checking '/home/men3m/Naima/install/zed_ros2' for CMake config files
[1.711s] Level 1:colcon.colcon_core.shell:create_environment_hook('zed_ros2', 'cmake_prefix_path')
[1.711s] INFO:colcon.colcon_core.shell:Creating environment hook '/home/men3m/Naima/install/zed_ros2/share/zed_ros2/hook/cmake_prefix_path.ps1'
[1.712s] INFO:colcon.colcon_core.shell:Creating environment descriptor '/home/men3m/Naima/install/zed_ros2/share/zed_ros2/hook/cmake_prefix_path.dsv'
[1.712s] INFO:colcon.colcon_core.shell:Creating environment hook '/home/men3m/Naima/install/zed_ros2/share/zed_ros2/hook/cmake_prefix_path.sh'
[1.713s] Level 1:colcon.colcon_core.environment:checking '/home/men3m/Naima/install/zed_ros2/bin'
[1.713s] Level 1:colcon.colcon_core.environment:checking '/home/men3m/Naima/install/zed_ros2/lib/pkgconfig/zed_ros2.pc'
[1.713s] Level 1:colcon.colcon_core.environment:checking '/home/men3m/Naima/install/zed_ros2/lib/python3.10/site-packages'
[1.713s] Level 1:colcon.colcon_core.environment:checking '/home/men3m/Naima/install/zed_ros2/bin'
[1.713s] INFO:colcon.colcon_core.shell:Creating package script '/home/men3m/Naima/install/zed_ros2/share/zed_ros2/package.ps1'
[1.714s] INFO:colcon.colcon_core.shell:Creating package descriptor '/home/men3m/Naima/install/zed_ros2/share/zed_ros2/package.dsv'
[1.714s] INFO:colcon.colcon_core.shell:Creating package script '/home/men3m/Naima/install/zed_ros2/share/zed_ros2/package.sh'
[1.715s] INFO:colcon.colcon_core.shell:Creating package script '/home/men3m/Naima/install/zed_ros2/share/zed_ros2/package.bash'
[1.715s] INFO:colcon.colcon_core.shell:Creating package script '/home/men3m/Naima/install/zed_ros2/share/zed_ros2/package.zsh'
[1.715s] Level 1:colcon.colcon_core.environment:create_file_with_runtime_dependencies(/home/men3m/Naima/install/zed_ros2/share/colcon-core/packages/zed_ros2)
[1.716s] Level 1:colcon.colcon_core.environment:create_environment_scripts_only(zed_ros2)
[1.716s] Level 1:colcon.colcon_core.environment:checking '/home/men3m/Naima/install/zed_ros2' for CMake module files
[1.716s] Level 1:colcon.colcon_core.environment:checking '/home/men3m/Naima/install/zed_ros2' for CMake config files
[1.716s] Level 1:colcon.colcon_core.shell:create_environment_hook('zed_ros2', 'cmake_prefix_path')
[1.717s] INFO:colcon.colcon_core.shell:Creating environment hook '/home/men3m/Naima/install/zed_ros2/share/zed_ros2/hook/cmake_prefix_path.ps1'
[1.717s] INFO:colcon.colcon_core.shell:Creating environment descriptor '/home/men3m/Naima/install/zed_ros2/share/zed_ros2/hook/cmake_prefix_path.dsv'
[1.717s] INFO:colcon.colcon_core.shell:Creating environment hook '/home/men3m/Naima/install/zed_ros2/share/zed_ros2/hook/cmake_prefix_path.sh'
[1.718s] Level 1:colcon.colcon_core.environment:checking '/home/men3m/Naima/install/zed_ros2/bin'
[1.718s] Level 1:colcon.colcon_core.environment:checking '/home/men3m/Naima/install/zed_ros2/lib/pkgconfig/zed_ros2.pc'
[1.718s] Level 1:colcon.colcon_core.environment:checking '/home/men3m/Naima/install/zed_ros2/lib/python3.10/site-packages'
[1.718s] Level 1:colcon.colcon_core.environment:checking '/home/men3m/Naima/install/zed_ros2/bin'
[1.718s] INFO:colcon.colcon_core.shell:Creating package script '/home/men3m/Naima/install/zed_ros2/share/zed_ros2/package.ps1'
[1.719s] INFO:colcon.colcon_core.shell:Creating package descriptor '/home/men3m/Naima/install/zed_ros2/share/zed_ros2/package.dsv'
[1.719s] INFO:colcon.colcon_core.shell:Creating package script '/home/men3m/Naima/install/zed_ros2/share/zed_ros2/package.sh'
[1.719s] INFO:colcon.colcon_core.shell:Creating package script '/home/men3m/Naima/install/zed_ros2/share/zed_ros2/package.bash'
[1.720s] INFO:colcon.colcon_core.shell:Creating package script '/home/men3m/Naima/install/zed_ros2/share/zed_ros2/package.zsh'
[1.720s] Level 1:colcon.colcon_core.environment:create_file_with_runtime_dependencies(/home/men3m/Naima/install/zed_ros2/share/colcon-core/packages/zed_ros2)
[1.720s] Level 1:colcon.colcon_core.environment:create_environment_scripts_only(naima_examples)
[1.720s] Level 1:colcon.colcon_core.environment:checking '/home/men3m/Naima/install/naima_examples' for CMake module files
[1.721s] DEBUG:colcon.colcon_core.event_handler.log_command:Invoked command in '/home/men3m/Naima/build/naima_examples' returned '0': CMAKE_PREFIX_PATH=/home/men3m/Naima/install/naima_msgs:/home/men3m/Naima/install/zed_ros2:/home/men3m/Naima/install/zed_robot_integration:/home/men3m/Naima/install/zed_ipc:/home/men3m/Naima/install/zed_multi_camera:/home/men3m/Naima/install/zed_display_rviz2:/home/men3m/Naima/install/zed_depth_to_laserscan:/home/men3m/Naima/install/zed_wrapper:/home/men3m/Naima/install/zed_tutorial_video:/home/men3m/Naima/install/zed_tutorial_pos_tracking:/home/men3m/Naima/install/zed_tutorial_depth:/home/men3m/Naima/install/zed_topic_benchmark:/home/men3m/Naima/install/zed_topic_benchmark_component:/home/men3m/Naima/install/zed_topic_benchmark_interfaces:/home/men3m/Naima/install/zed_rgb_convert:/home/men3m/Naima/install/zed_aruco_localization:/home/men3m/Naima/install/zed_components:/home/men3m/Naima/install/ublox:/home/men3m/Naima/install/ublox_gps:/home/men3m/Naima/install/ublox_msgs:/home/men3m/Naima/install/ublox_serialization:/home/men3m/Naima/install/rviz_plugin_zed_od:/home/men3m/Naima/install/naima_examples:/home/men3m/Naima/install/naima_mapping:/home/men3m/Naima/install/naima_localization:/home/men3m/Naima/install/naima_description:/home/men3m/Naima/install/naima_control:/home/men3m/Naima/install/naima_bringup:/home/men3m/Naima/install/naima:/opt/ros/humble LD_LIBRARY_PATH=/home/men3m/Naima/install/naima_msgs/lib:/home/men3m/Naima/install/zed_ipc/lib:/home/men3m/Naima/install/zed_topic_benchmark_component/lib:/home/men3m/Naima/install/zed_topic_benchmark_interfaces/lib:/home/men3m/Naima/install/zed_rgb_convert/lib:/home/men3m/Naima/install/zed_aruco_localization/lib:/home/men3m/Naima/install/zed_components/lib:/home/men3m/Naima/install/ublox_gps/lib:/home/men3m/Naima/install/ublox_msgs/lib:/home/men3m/Naima/install/rviz_plugin_zed_od/lib:/home/men3m/Naima/install/naima_examples/lib:/usr/lib/x86_64-linux-gnu/gazebo-11/plugins:/opt/ros/humble/opt/rviz_ogre_vendor/lib:/opt/ros/humble/lib/x86_64-linux-gnu:/opt/ros/humble/lib:/usr/local/cuda-12.4.0/lib64:/usr/local/cuda-12.4.0/lib64 /usr/bin/cmake --install /home/men3m/Naima/build/naima_examples
[1.722s] Level 1:colcon.colcon_core.environment:checking '/home/men3m/Naima/install/naima_examples' for CMake config files
[1.722s] Level 1:colcon.colcon_core.shell:create_environment_hook('naima_examples', 'cmake_prefix_path')
[1.722s] INFO:colcon.colcon_core.shell:Creating environment hook '/home/men3m/Naima/install/naima_examples/share/naima_examples/hook/cmake_prefix_path.ps1'
[1.722s] INFO:colcon.colcon_core.shell:Creating environment descriptor '/home/men3m/Naima/install/naima_examples/share/naima_examples/hook/cmake_prefix_path.dsv'
[1.723s] INFO:colcon.colcon_core.shell:Creating environment hook '/home/men3m/Naima/install/naima_examples/share/naima_examples/hook/cmake_prefix_path.sh'
[1.723s] Level 1:colcon.colcon_core.environment:checking '/home/men3m/Naima/install/naima_examples/lib'
[1.723s] Level 1:colcon.colcon_core.shell:create_environment_hook('naima_examples', 'ld_library_path_lib')
[1.723s] INFO:colcon.colcon_core.shell:Creating environment hook '/home/men3m/Naima/install/naima_examples/share/naima_examples/hook/ld_library_path_lib.ps1'
[1.724s] INFO:colcon.colcon_core.shell:Creating environment descriptor '/home/men3m/Naima/install/naima_examples/share/naima_examples/hook/ld_library_path_lib.dsv'
[1.724s] INFO:colcon.colcon_core.shell:Creating environment hook '/home/men3m/Naima/install/naima_examples/share/naima_examples/hook/ld_library_path_lib.sh'
[1.724s] Level 1:colcon.colcon_core.environment:checking '/home/men3m/Naima/install/naima_examples/bin'
[1.724s] Level 1:colcon.colcon_core.environment:checking '/home/men3m/Naima/install/naima_examples/lib/pkgconfig/naima_examples.pc'
[1.724s] Level 1:colcon.colcon_core.environment:checking '/home/men3m/Naima/install/naima_examples/lib/python3.10/site-packages'
[1.725s] Level 1:colcon.colcon_core.environment:checking '/home/men3m/Naima/install/naima_examples/bin'
[1.725s] INFO:colcon.colcon_core.shell:Creating package script '/home/men3m/Naima/install/naima_examples/share/naima_examples/package.ps1'
[1.725s] INFO:colcon.colcon_core.shell:Creating package descriptor '/home/men3m/Naima/install/naima_examples/share/naima_examples/package.dsv'
[1.726s] INFO:colcon.colcon_core.shell:Creating package script '/home/men3m/Naima/install/naima_examples/share/naima_examples/package.sh'
[1.726s] INFO:colcon.colcon_core.shell:Creating package script '/home/men3m/Naima/install/naima_examples/share/naima_examples/package.bash'
[1.726s] INFO:colcon.colcon_core.shell:Creating package script '/home/men3m/Naima/install/naima_examples/share/naima_examples/package.zsh'
[1.727s] Level 1:colcon.colcon_core.environment:create_file_with_runtime_dependencies(/home/men3m/Naima/install/naima_examples/share/colcon-core/packages/naima_examples)
[1.727s] Level 1:colcon.colcon_core.environment:create_environment_scripts_only(naima_examples)
[1.727s] Level 1:colcon.colcon_core.environment:checking '/home/men3m/Naima/install/naima_examples' for CMake module files
[1.728s] Level 1:colcon.colcon_core.environment:checking '/home/men3m/Naima/install/naima_examples' for CMake config files
[1.728s] Level 1:colcon.colcon_core.shell:create_environment_hook('naima_examples', 'cmake_prefix_path')
[1.728s] INFO:colcon.colcon_core.shell:Creating environment hook '/home/men3m/Naima/install/naima_examples/share/naima_examples/hook/cmake_prefix_path.ps1'
[1.729s] INFO:colcon.colcon_core.shell:Creating environment descriptor '/home/men3m/Naima/install/naima_examples/share/naima_examples/hook/cmake_prefix_path.dsv'
[1.729s] INFO:colcon.colcon_core.shell:Creating environment hook '/home/men3m/Naima/install/naima_examples/share/naima_examples/hook/cmake_prefix_path.sh'
[1.729s] Level 1:colcon.colcon_core.environment:checking '/home/men3m/Naima/install/naima_examples/lib'
[1.729s] Level 1:colcon.colcon_core.shell:create_environment_hook('naima_examples', 'ld_library_path_lib')
[1.730s] INFO:colcon.colcon_core.shell:Creating environment hook '/home/men3m/Naima/install/naima_examples/share/naima_examples/hook/ld_library_path_lib.ps1'
[1.730s] INFO:colcon.colcon_core.shell:Creating environment descriptor '/home/men3m/Naima/install/naima_examples/share/naima_examples/hook/ld_library_path_lib.dsv'
[1.730s] INFO:colcon.colcon_core.shell:Creating environment hook '/home/men3m/Naima/install/naima_examples/share/naima_examples/hook/ld_library_path_lib.sh'
[1.732s] Level 1:colcon.colcon_core.environment:checking '/home/men3m/Naima/install/naima_examples/bin'
[1.732s] Level 1:colcon.colcon_core.environment:checking '/home/men3m/Naima/install/naima_examples/lib/pkgconfig/naima_examples.pc'
[1.732s] Level 1:colcon.colcon_core.environment:checking '/home/men3m/Naima/install/naima_examples/lib/python3.10/site-packages'
[1.733s] Level 1:colcon.colcon_core.environment:checking '/home/men3m/Naima/install/naima_examples/bin'
[1.733s] INFO:colcon.colcon_core.shell:Creating package script '/home/men3m/Naima/install/naima_examples/share/naima_examples/package.ps1'
[1.733s] INFO:colcon.colcon_core.shell:Creating package descriptor '/home/men3m/Naima/install/naima_examples/share/naima_examples/package.dsv'
[1.734s] INFO:colcon.colcon_core.shell:Creating package script '/home/men3m/Naima/install/naima_examples/share/naima_examples/package.sh'
[1.734s] INFO:colcon.colcon_core.shell:Creating package script '/home/men3m/Naima/install/naima_examples/share/naima_examples/package.bash'
[1.735s] INFO:colcon.colcon_core.shell:Creating package script '/home/men3m/Naima/install/naima_examples/share/naima_examples/package.zsh'
[1.735s] Level 1:colcon.colcon_core.environment:create_file_with_runtime_dependencies(/home/men3m/Naima/install/naima_examples/share/colcon-core/packages/naima_examples)
[1.739s] DEBUG:colcon.colcon_core.event_handler.log_command:Invoking command in '/home/men3m/Naima/build/zed_ipc': CMAKE_PREFIX_PATH=/home/men3m/Naima/install/zed_multi_camera:/home/men3m/Naima/install/zed_wrapper:/home/men3m/Naima/install/zed_components:/home/men3m/Naima/install/zed_ros2:/home/men3m/Naima/install/zed_robot_integration:/home/men3m/Naima/install/zed_ipc:/home/men3m/Naima/install/zed_display_rviz2:/home/men3m/Naima/install/zed_depth_to_laserscan:/home/men3m/Naima/install/zed_tutorial_video:/home/men3m/Naima/install/zed_tutorial_pos_tracking:/home/men3m/Naima/install/zed_tutorial_depth:/home/men3m/Naima/install/zed_topic_benchmark:/home/men3m/Naima/install/zed_topic_benchmark_component:/home/men3m/Naima/install/zed_topic_benchmark_interfaces:/home/men3m/Naima/install/zed_rgb_convert:/home/men3m/Naima/install/zed_aruco_localization:/home/men3m/Naima/install/ublox:/home/men3m/Naima/install/ublox_gps:/home/men3m/Naima/install/ublox_msgs:/home/men3m/Naima/install/ublox_serialization:/home/men3m/Naima/install/rviz_plugin_zed_od:/home/men3m/Naima/install/naima_examples:/home/men3m/Naima/install/naima_msgs:/home/men3m/Naima/install/naima_mapping:/home/men3m/Naima/install/naima_localization:/home/men3m/Naima/install/naima_description:/home/men3m/Naima/install/naima_control:/home/men3m/Naima/install/naima_bringup:/home/men3m/Naima/install/naima:/opt/ros/humble LD_LIBRARY_PATH=/home/men3m/Naima/install/zed_components/lib:/home/men3m/Naima/install/zed_ipc/lib:/home/men3m/Naima/install/zed_topic_benchmark_component/lib:/home/men3m/Naima/install/zed_topic_benchmark_interfaces/lib:/home/men3m/Naima/install/zed_rgb_convert/lib:/home/men3m/Naima/install/zed_aruco_localization/lib:/home/men3m/Naima/install/ublox_gps/lib:/home/men3m/Naima/install/ublox_msgs/lib:/home/men3m/Naima/install/rviz_plugin_zed_od/lib:/home/men3m/Naima/install/naima_examples/lib:/home/men3m/Naima/install/naima_msgs/lib:/usr/lib/x86_64-linux-gnu/gazebo-11/plugins:/opt/ros/humble/opt/rviz_ogre_vendor/lib:/opt/ros/humble/lib/x86_64-linux-gnu:/opt/ros/humble/lib:/usr/local/cuda-12.4.0/lib64:/usr/local/cuda-12.4.0/lib64 /usr/bin/cmake --build /home/men3m/Naima/build/zed_ipc -- -j16 -l16
[1.789s] DEBUG:colcon.colcon_core.event_handler.log_command:Invoked command in '/home/men3m/Naima/build/zed_topic_benchmark' returned '0': CMAKE_PREFIX_PATH=/home/men3m/Naima/install/zed_topic_benchmark_component:/home/men3m/Naima/install/zed_topic_benchmark_interfaces:/home/men3m/Naima/install/zed_ros2:/home/men3m/Naima/install/zed_robot_integration:/home/men3m/Naima/install/zed_ipc:/home/men3m/Naima/install/zed_multi_camera:/home/men3m/Naima/install/zed_display_rviz2:/home/men3m/Naima/install/zed_depth_to_laserscan:/home/men3m/Naima/install/zed_wrapper:/home/men3m/Naima/install/zed_tutorial_video:/home/men3m/Naima/install/zed_tutorial_pos_tracking:/home/men3m/Naima/install/zed_tutorial_depth:/home/men3m/Naima/install/zed_topic_benchmark:/home/men3m/Naima/install/zed_rgb_convert:/home/men3m/Naima/install/zed_aruco_localization:/home/men3m/Naima/install/zed_components:/home/men3m/Naima/install/ublox:/home/men3m/Naima/install/ublox_gps:/home/men3m/Naima/install/ublox_msgs:/home/men3m/Naima/install/ublox_serialization:/home/men3m/Naima/install/rviz_plugin_zed_od:/home/men3m/Naima/install/naima_examples:/home/men3m/Naima/install/naima_msgs:/home/men3m/Naima/install/naima_mapping:/home/men3m/Naima/install/naima_localization:/home/men3m/Naima/install/naima_description:/home/men3m/Naima/install/naima_control:/home/men3m/Naima/install/naima_bringup:/home/men3m/Naima/install/naima:/opt/ros/humble LD_LIBRARY_PATH=/home/men3m/Naima/install/zed_topic_benchmark_component/lib:/home/men3m/Naima/install/zed_topic_benchmark_interfaces/lib:/home/men3m/Naima/install/zed_ipc/lib:/home/men3m/Naima/install/zed_rgb_convert/lib:/home/men3m/Naima/install/zed_aruco_localization/lib:/home/men3m/Naima/install/zed_components/lib:/home/men3m/Naima/install/ublox_gps/lib:/home/men3m/Naima/install/ublox_msgs/lib:/home/men3m/Naima/install/rviz_plugin_zed_od/lib:/home/men3m/Naima/install/naima_examples/lib:/home/men3m/Naima/install/naima_msgs/lib:/usr/lib/x86_64-linux-gnu/gazebo-11/plugins:/opt/ros/humble/opt/rviz_ogre_vendor/lib:/opt/ros/humble/lib/x86_64-linux-gnu:/opt/ros/humble/lib:/usr/local/cuda-12.4.0/lib64:/usr/local/cuda-12.4.0/lib64 /usr/bin/cmake --build /home/men3m/Naima/build/zed_topic_benchmark -- -j16 -l16
[1.791s] DEBUG:colcon.colcon_core.event_handler.log_command:Invoking command in '/home/men3m/Naima/build/zed_topic_benchmark': CMAKE_PREFIX_PATH=/home/men3m/Naima/install/zed_topic_benchmark_component:/home/men3m/Naima/install/zed_topic_benchmark_interfaces:/home/men3m/Naima/install/zed_ros2:/home/men3m/Naima/install/zed_robot_integration:/home/men3m/Naima/install/zed_ipc:/home/men3m/Naima/install/zed_multi_camera:/home/men3m/Naima/install/zed_display_rviz2:/home/men3m/Naima/install/zed_depth_to_laserscan:/home/men3m/Naima/install/zed_wrapper:/home/men3m/Naima/install/zed_tutorial_video:/home/men3m/Naima/install/zed_tutorial_pos_tracking:/home/men3m/Naima/install/zed_tutorial_depth:/home/men3m/Naima/install/zed_topic_benchmark:/home/men3m/Naima/install/zed_rgb_convert:/home/men3m/Naima/install/zed_aruco_localization:/home/men3m/Naima/install/zed_components:/home/men3m/Naima/install/ublox:/home/men3m/Naima/install/ublox_gps:/home/men3m/Naima/install/ublox_msgs:/home/men3m/Naima/install/ublox_serialization:/home/men3m/Naima/install/rviz_plugin_zed_od:/home/men3m/Naima/install/naima_examples:/home/men3m/Naima/install/naima_msgs:/home/men3m/Naima/install/naima_mapping:/home/men3m/Naima/install/naima_localization:/home/men3m/Naima/install/naima_description:/home/men3m/Naima/install/naima_control:/home/men3m/Naima/install/naima_bringup:/home/men3m/Naima/install/naima:/opt/ros/humble LD_LIBRARY_PATH=/home/men3m/Naima/install/zed_topic_benchmark_component/lib:/home/men3m/Naima/install/zed_topic_benchmark_interfaces/lib:/home/men3m/Naima/install/zed_ipc/lib:/home/men3m/Naima/install/zed_rgb_convert/lib:/home/men3m/Naima/install/zed_aruco_localization/lib:/home/men3m/Naima/install/zed_components/lib:/home/men3m/Naima/install/ublox_gps/lib:/home/men3m/Naima/install/ublox_msgs/lib:/home/men3m/Naima/install/rviz_plugin_zed_od/lib:/home/men3m/Naima/install/naima_examples/lib:/home/men3m/Naima/install/naima_msgs/lib:/usr/lib/x86_64-linux-gnu/gazebo-11/plugins:/opt/ros/humble/opt/rviz_ogre_vendor/lib:/opt/ros/humble/lib/x86_64-linux-gnu:/opt/ros/humble/lib:/usr/local/cuda-12.4.0/lib64:/usr/local/cuda-12.4.0/lib64 /usr/bin/cmake --install /home/men3m/Naima/build/zed_topic_benchmark
[1.807s] Level 1:colcon.colcon_core.environment:create_environment_scripts_only(zed_topic_benchmark)
[1.807s] Level 1:colcon.colcon_core.environment:checking '/home/men3m/Naima/install/zed_topic_benchmark' for CMake module files
[1.808s] Level 1:colcon.colcon_core.environment:checking '/home/men3m/Naima/install/zed_topic_benchmark' for CMake config files
[1.810s] DEBUG:colcon.colcon_core.event_handler.log_command:Invoked command in '/home/men3m/Naima/build/zed_topic_benchmark' returned '0': CMAKE_PREFIX_PATH=/home/men3m/Naima/install/zed_topic_benchmark_component:/home/men3m/Naima/install/zed_topic_benchmark_interfaces:/home/men3m/Naima/install/zed_ros2:/home/men3m/Naima/install/zed_robot_integration:/home/men3m/Naima/install/zed_ipc:/home/men3m/Naima/install/zed_multi_camera:/home/men3m/Naima/install/zed_display_rviz2:/home/men3m/Naima/install/zed_depth_to_laserscan:/home/men3m/Naima/install/zed_wrapper:/home/men3m/Naima/install/zed_tutorial_video:/home/men3m/Naima/install/zed_tutorial_pos_tracking:/home/men3m/Naima/install/zed_tutorial_depth:/home/men3m/Naima/install/zed_topic_benchmark:/home/men3m/Naima/install/zed_rgb_convert:/home/men3m/Naima/install/zed_aruco_localization:/home/men3m/Naima/install/zed_components:/home/men3m/Naima/install/ublox:/home/men3m/Naima/install/ublox_gps:/home/men3m/Naima/install/ublox_msgs:/home/men3m/Naima/install/ublox_serialization:/home/men3m/Naima/install/rviz_plugin_zed_od:/home/men3m/Naima/install/naima_examples:/home/men3m/Naima/install/naima_msgs:/home/men3m/Naima/install/naima_mapping:/home/men3m/Naima/install/naima_localization:/home/men3m/Naima/install/naima_description:/home/men3m/Naima/install/naima_control:/home/men3m/Naima/install/naima_bringup:/home/men3m/Naima/install/naima:/opt/ros/humble LD_LIBRARY_PATH=/home/men3m/Naima/install/zed_topic_benchmark_component/lib:/home/men3m/Naima/install/zed_topic_benchmark_interfaces/lib:/home/men3m/Naima/install/zed_ipc/lib:/home/men3m/Naima/install/zed_rgb_convert/lib:/home/men3m/Naima/install/zed_aruco_localization/lib:/home/men3m/Naima/install/zed_components/lib:/home/men3m/Naima/install/ublox_gps/lib:/home/men3m/Naima/install/ublox_msgs/lib:/home/men3m/Naima/install/rviz_plugin_zed_od/lib:/home/men3m/Naima/install/naima_examples/lib:/home/men3m/Naima/install/naima_msgs/lib:/usr/lib/x86_64-linux-gnu/gazebo-11/plugins:/opt/ros/humble/opt/rviz_ogre_vendor/lib:/opt/ros/humble/lib/x86_64-linux-gnu:/opt/ros/humble/lib:/usr/local/cuda-12.4.0/lib64:/usr/local/cuda-12.4.0/lib64 /usr/bin/cmake --install /home/men3m/Naima/build/zed_topic_benchmark
[1.810s] Level 1:colcon.colcon_core.shell:create_environment_hook('zed_topic_benchmark', 'cmake_prefix_path')
[1.811s] INFO:colcon.colcon_core.shell:Creating environment hook '/home/men3m/Naima/install/zed_topic_benchmark/share/zed_topic_benchmark/hook/cmake_prefix_path.ps1'
[1.811s] INFO:colcon.colcon_core.shell:Creating environment descriptor '/home/men3m/Naima/install/zed_topic_benchmark/share/zed_topic_benchmark/hook/cmake_prefix_path.dsv'
[1.812s] INFO:colcon.colcon_core.shell:Creating environment hook '/home/men3m/Naima/install/zed_topic_benchmark/share/zed_topic_benchmark/hook/cmake_prefix_path.sh'
[1.813s] Level 1:colcon.colcon_core.environment:checking '/home/men3m/Naima/install/zed_topic_benchmark/lib'
[1.813s] Level 1:colcon.colcon_core.environment:checking '/home/men3m/Naima/install/zed_topic_benchmark/bin'
[1.813s] Level 1:colcon.colcon_core.environment:checking '/home/men3m/Naima/install/zed_topic_benchmark/lib/pkgconfig/zed_topic_benchmark.pc'
[1.813s] Level 1:colcon.colcon_core.environment:checking '/home/men3m/Naima/install/zed_topic_benchmark/lib/python3.10/site-packages'
[1.813s] Level 1:colcon.colcon_core.environment:checking '/home/men3m/Naima/install/zed_topic_benchmark/bin'
[1.814s] INFO:colcon.colcon_core.shell:Creating package script '/home/men3m/Naima/install/zed_topic_benchmark/share/zed_topic_benchmark/package.ps1'
[1.814s] INFO:colcon.colcon_core.shell:Creating package descriptor '/home/men3m/Naima/install/zed_topic_benchmark/share/zed_topic_benchmark/package.dsv'
[1.815s] INFO:colcon.colcon_core.shell:Creating package script '/home/men3m/Naima/install/zed_topic_benchmark/share/zed_topic_benchmark/package.sh'
[1.815s] INFO:colcon.colcon_core.shell:Creating package script '/home/men3m/Naima/install/zed_topic_benchmark/share/zed_topic_benchmark/package.bash'
[1.816s] INFO:colcon.colcon_core.shell:Creating package script '/home/men3m/Naima/install/zed_topic_benchmark/share/zed_topic_benchmark/package.zsh'
[1.816s] Level 1:colcon.colcon_core.environment:create_file_with_runtime_dependencies(/home/men3m/Naima/install/zed_topic_benchmark/share/colcon-core/packages/zed_topic_benchmark)
[1.817s] Level 1:colcon.colcon_core.environment:create_environment_scripts_only(zed_topic_benchmark)
[1.817s] Level 1:colcon.colcon_core.environment:checking '/home/men3m/Naima/install/zed_topic_benchmark' for CMake module files
[1.817s] Level 1:colcon.colcon_core.environment:checking '/home/men3m/Naima/install/zed_topic_benchmark' for CMake config files
[1.818s] Level 1:colcon.colcon_core.shell:create_environment_hook('zed_topic_benchmark', 'cmake_prefix_path')
[1.818s] INFO:colcon.colcon_core.shell:Creating environment hook '/home/men3m/Naima/install/zed_topic_benchmark/share/zed_topic_benchmark/hook/cmake_prefix_path.ps1'
[1.819s] INFO:colcon.colcon_core.shell:Creating environment descriptor '/home/men3m/Naima/install/zed_topic_benchmark/share/zed_topic_benchmark/hook/cmake_prefix_path.dsv'
[1.819s] INFO:colcon.colcon_core.shell:Creating environment hook '/home/men3m/Naima/install/zed_topic_benchmark/share/zed_topic_benchmark/hook/cmake_prefix_path.sh'
[1.820s] Level 1:colcon.colcon_core.environment:checking '/home/men3m/Naima/install/zed_topic_benchmark/lib'
[1.820s] Level 1:colcon.colcon_core.environment:checking '/home/men3m/Naima/install/zed_topic_benchmark/bin'
[1.820s] Level 1:colcon.colcon_core.environment:checking '/home/men3m/Naima/install/zed_topic_benchmark/lib/pkgconfig/zed_topic_benchmark.pc'
[1.821s] Level 1:colcon.colcon_core.environment:checking '/home/men3m/Naima/install/zed_topic_benchmark/lib/python3.10/site-packages'
[1.821s] Level 1:colcon.colcon_core.environment:checking '/home/men3m/Naima/install/zed_topic_benchmark/bin'
[1.821s] INFO:colcon.colcon_core.shell:Creating package script '/home/men3m/Naima/install/zed_topic_benchmark/share/zed_topic_benchmark/package.ps1'
[1.822s] INFO:colcon.colcon_core.shell:Creating package descriptor '/home/men3m/Naima/install/zed_topic_benchmark/share/zed_topic_benchmark/package.dsv'
[1.822s] INFO:colcon.colcon_core.shell:Creating package script '/home/men3m/Naima/install/zed_topic_benchmark/share/zed_topic_benchmark/package.sh'
[1.823s] INFO:colcon.colcon_core.shell:Creating package script '/home/men3m/Naima/install/zed_topic_benchmark/share/zed_topic_benchmark/package.bash'
[1.823s] INFO:colcon.colcon_core.shell:Creating package script '/home/men3m/Naima/install/zed_topic_benchmark/share/zed_topic_benchmark/package.zsh'
[1.824s] Level 1:colcon.colcon_core.environment:create_file_with_runtime_dependencies(/home/men3m/Naima/install/zed_topic_benchmark/share/colcon-core/packages/zed_topic_benchmark)
[1.826s] DEBUG:colcon.colcon_core.event_handler.log_command:Invoked command in '/home/men3m/Naima/build/zed_ipc' returned '0': CMAKE_PREFIX_PATH=/home/men3m/Naima/install/zed_multi_camera:/home/men3m/Naima/install/zed_wrapper:/home/men3m/Naima/install/zed_components:/home/men3m/Naima/install/zed_ros2:/home/men3m/Naima/install/zed_robot_integration:/home/men3m/Naima/install/zed_ipc:/home/men3m/Naima/install/zed_display_rviz2:/home/men3m/Naima/install/zed_depth_to_laserscan:/home/men3m/Naima/install/zed_tutorial_video:/home/men3m/Naima/install/zed_tutorial_pos_tracking:/home/men3m/Naima/install/zed_tutorial_depth:/home/men3m/Naima/install/zed_topic_benchmark:/home/men3m/Naima/install/zed_topic_benchmark_component:/home/men3m/Naima/install/zed_topic_benchmark_interfaces:/home/men3m/Naima/install/zed_rgb_convert:/home/men3m/Naima/install/zed_aruco_localization:/home/men3m/Naima/install/ublox:/home/men3m/Naima/install/ublox_gps:/home/men3m/Naima/install/ublox_msgs:/home/men3m/Naima/install/ublox_serialization:/home/men3m/Naima/install/rviz_plugin_zed_od:/home/men3m/Naima/install/naima_examples:/home/men3m/Naima/install/naima_msgs:/home/men3m/Naima/install/naima_mapping:/home/men3m/Naima/install/naima_localization:/home/men3m/Naima/install/naima_description:/home/men3m/Naima/install/naima_control:/home/men3m/Naima/install/naima_bringup:/home/men3m/Naima/install/naima:/opt/ros/humble LD_LIBRARY_PATH=/home/men3m/Naima/install/zed_components/lib:/home/men3m/Naima/install/zed_ipc/lib:/home/men3m/Naima/install/zed_topic_benchmark_component/lib:/home/men3m/Naima/install/zed_topic_benchmark_interfaces/lib:/home/men3m/Naima/install/zed_rgb_convert/lib:/home/men3m/Naima/install/zed_aruco_localization/lib:/home/men3m/Naima/install/ublox_gps/lib:/home/men3m/Naima/install/ublox_msgs/lib:/home/men3m/Naima/install/rviz_plugin_zed_od/lib:/home/men3m/Naima/install/naima_examples/lib:/home/men3m/Naima/install/naima_msgs/lib:/usr/lib/x86_64-linux-gnu/gazebo-11/plugins:/opt/ros/humble/opt/rviz_ogre_vendor/lib:/opt/ros/humble/lib/x86_64-linux-gnu:/opt/ros/humble/lib:/usr/local/cuda-12.4.0/lib64:/usr/local/cuda-12.4.0/lib64 /usr/bin/cmake --build /home/men3m/Naima/build/zed_ipc -- -j16 -l16
[1.827s] DEBUG:colcon.colcon_core.event_handler.log_command:Invoking command in '/home/men3m/Naima/build/zed_ipc': CMAKE_PREFIX_PATH=/home/men3m/Naima/install/zed_multi_camera:/home/men3m/Naima/install/zed_wrapper:/home/men3m/Naima/install/zed_components:/home/men3m/Naima/install/zed_ros2:/home/men3m/Naima/install/zed_robot_integration:/home/men3m/Naima/install/zed_ipc:/home/men3m/Naima/install/zed_display_rviz2:/home/men3m/Naima/install/zed_depth_to_laserscan:/home/men3m/Naima/install/zed_tutorial_video:/home/men3m/Naima/install/zed_tutorial_pos_tracking:/home/men3m/Naima/install/zed_tutorial_depth:/home/men3m/Naima/install/zed_topic_benchmark:/home/men3m/Naima/install/zed_topic_benchmark_component:/home/men3m/Naima/install/zed_topic_benchmark_interfaces:/home/men3m/Naima/install/zed_rgb_convert:/home/men3m/Naima/install/zed_aruco_localization:/home/men3m/Naima/install/ublox:/home/men3m/Naima/install/ublox_gps:/home/men3m/Naima/install/ublox_msgs:/home/men3m/Naima/install/ublox_serialization:/home/men3m/Naima/install/rviz_plugin_zed_od:/home/men3m/Naima/install/naima_examples:/home/men3m/Naima/install/naima_msgs:/home/men3m/Naima/install/naima_mapping:/home/men3m/Naima/install/naima_localization:/home/men3m/Naima/install/naima_description:/home/men3m/Naima/install/naima_control:/home/men3m/Naima/install/naima_bringup:/home/men3m/Naima/install/naima:/opt/ros/humble LD_LIBRARY_PATH=/home/men3m/Naima/install/zed_components/lib:/home/men3m/Naima/install/zed_ipc/lib:/home/men3m/Naima/install/zed_topic_benchmark_component/lib:/home/men3m/Naima/install/zed_topic_benchmark_interfaces/lib:/home/men3m/Naima/install/zed_rgb_convert/lib:/home/men3m/Naima/install/zed_aruco_localization/lib:/home/men3m/Naima/install/ublox_gps/lib:/home/men3m/Naima/install/ublox_msgs/lib:/home/men3m/Naima/install/rviz_plugin_zed_od/lib:/home/men3m/Naima/install/naima_examples/lib:/home/men3m/Naima/install/naima_msgs/lib:/usr/lib/x86_64-linux-gnu/gazebo-11/plugins:/opt/ros/humble/opt/rviz_ogre_vendor/lib:/opt/ros/humble/lib/x86_64-linux-gnu:/opt/ros/humble/lib:/usr/local/cuda-12.4.0/lib64:/usr/local/cuda-12.4.0/lib64 /usr/bin/cmake --install /home/men3m/Naima/build/zed_ipc
[1.839s] Level 1:colcon.colcon_core.environment:create_environment_scripts_only(zed_ipc)
[1.839s] Level 1:colcon.colcon_core.environment:checking '/home/men3m/Naima/install/zed_ipc' for CMake module files
[1.839s] DEBUG:colcon.colcon_core.event_handler.log_command:Invoked command in '/home/men3m/Naima/build/zed_ipc' returned '0': CMAKE_PREFIX_PATH=/home/men3m/Naima/install/zed_multi_camera:/home/men3m/Naima/install/zed_wrapper:/home/men3m/Naima/install/zed_components:/home/men3m/Naima/install/zed_ros2:/home/men3m/Naima/install/zed_robot_integration:/home/men3m/Naima/install/zed_ipc:/home/men3m/Naima/install/zed_display_rviz2:/home/men3m/Naima/install/zed_depth_to_laserscan:/home/men3m/Naima/install/zed_tutorial_video:/home/men3m/Naima/install/zed_tutorial_pos_tracking:/home/men3m/Naima/install/zed_tutorial_depth:/home/men3m/Naima/install/zed_topic_benchmark:/home/men3m/Naima/install/zed_topic_benchmark_component:/home/men3m/Naima/install/zed_topic_benchmark_interfaces:/home/men3m/Naima/install/zed_rgb_convert:/home/men3m/Naima/install/zed_aruco_localization:/home/men3m/Naima/install/ublox:/home/men3m/Naima/install/ublox_gps:/home/men3m/Naima/install/ublox_msgs:/home/men3m/Naima/install/ublox_serialization:/home/men3m/Naima/install/rviz_plugin_zed_od:/home/men3m/Naima/install/naima_examples:/home/men3m/Naima/install/naima_msgs:/home/men3m/Naima/install/naima_mapping:/home/men3m/Naima/install/naima_localization:/home/men3m/Naima/install/naima_description:/home/men3m/Naima/install/naima_control:/home/men3m/Naima/install/naima_bringup:/home/men3m/Naima/install/naima:/opt/ros/humble LD_LIBRARY_PATH=/home/men3m/Naima/install/zed_components/lib:/home/men3m/Naima/install/zed_ipc/lib:/home/men3m/Naima/install/zed_topic_benchmark_component/lib:/home/men3m/Naima/install/zed_topic_benchmark_interfaces/lib:/home/men3m/Naima/install/zed_rgb_convert/lib:/home/men3m/Naima/install/zed_aruco_localization/lib:/home/men3m/Naima/install/ublox_gps/lib:/home/men3m/Naima/install/ublox_msgs/lib:/home/men3m/Naima/install/rviz_plugin_zed_od/lib:/home/men3m/Naima/install/naima_examples/lib:/home/men3m/Naima/install/naima_msgs/lib:/usr/lib/x86_64-linux-gnu/gazebo-11/plugins:/opt/ros/humble/opt/rviz_ogre_vendor/lib:/opt/ros/humble/lib/x86_64-linux-gnu:/opt/ros/humble/lib:/usr/local/cuda-12.4.0/lib64:/usr/local/cuda-12.4.0/lib64 /usr/bin/cmake --install /home/men3m/Naima/build/zed_ipc
[1.840s] Level 1:colcon.colcon_core.environment:checking '/home/men3m/Naima/install/zed_ipc' for CMake config files
[1.840s] Level 1:colcon.colcon_core.shell:create_environment_hook('zed_ipc', 'cmake_prefix_path')
[1.840s] INFO:colcon.colcon_core.shell:Creating environment hook '/home/men3m/Naima/install/zed_ipc/share/zed_ipc/hook/cmake_prefix_path.ps1'
[1.841s] INFO:colcon.colcon_core.shell:Creating environment descriptor '/home/men3m/Naima/install/zed_ipc/share/zed_ipc/hook/cmake_prefix_path.dsv'
[1.841s] INFO:colcon.colcon_core.shell:Creating environment hook '/home/men3m/Naima/install/zed_ipc/share/zed_ipc/hook/cmake_prefix_path.sh'
[1.842s] Level 1:colcon.colcon_core.environment:checking '/home/men3m/Naima/install/zed_ipc/lib'
[1.842s] Level 1:colcon.colcon_core.shell:create_environment_hook('zed_ipc', 'ld_library_path_lib')
[1.842s] INFO:colcon.colcon_core.shell:Creating environment hook '/home/men3m/Naima/install/zed_ipc/share/zed_ipc/hook/ld_library_path_lib.ps1'
[1.842s] INFO:colcon.colcon_core.shell:Creating environment descriptor '/home/men3m/Naima/install/zed_ipc/share/zed_ipc/hook/ld_library_path_lib.dsv'
[1.842s] INFO:colcon.colcon_core.shell:Creating environment hook '/home/men3m/Naima/install/zed_ipc/share/zed_ipc/hook/ld_library_path_lib.sh'
[1.843s] Level 1:colcon.colcon_core.environment:checking '/home/men3m/Naima/install/zed_ipc/bin'
[1.843s] Level 1:colcon.colcon_core.environment:checking '/home/men3m/Naima/install/zed_ipc/lib/pkgconfig/zed_ipc.pc'
[1.843s] Level 1:colcon.colcon_core.environment:checking '/home/men3m/Naima/install/zed_ipc/lib/python3.10/site-packages'
[1.843s] Level 1:colcon.colcon_core.environment:checking '/home/men3m/Naima/install/zed_ipc/bin'
[1.843s] INFO:colcon.colcon_core.shell:Creating package script '/home/men3m/Naima/install/zed_ipc/share/zed_ipc/package.ps1'
[1.844s] INFO:colcon.colcon_core.shell:Creating package descriptor '/home/men3m/Naima/install/zed_ipc/share/zed_ipc/package.dsv'
[1.844s] INFO:colcon.colcon_core.shell:Creating package script '/home/men3m/Naima/install/zed_ipc/share/zed_ipc/package.sh'
[1.845s] INFO:colcon.colcon_core.shell:Creating package script '/home/men3m/Naima/install/zed_ipc/share/zed_ipc/package.bash'
[1.845s] INFO:colcon.colcon_core.shell:Creating package script '/home/men3m/Naima/install/zed_ipc/share/zed_ipc/package.zsh'
[1.845s] Level 1:colcon.colcon_core.environment:create_file_with_runtime_dependencies(/home/men3m/Naima/install/zed_ipc/share/colcon-core/packages/zed_ipc)
[1.846s] Level 1:colcon.colcon_core.environment:create_environment_scripts_only(zed_ipc)
[1.846s] Level 1:colcon.colcon_core.environment:checking '/home/men3m/Naima/install/zed_ipc' for CMake module files
[1.846s] Level 1:colcon.colcon_core.environment:checking '/home/men3m/Naima/install/zed_ipc' for CMake config files
[1.847s] Level 1:colcon.colcon_core.shell:create_environment_hook('zed_ipc', 'cmake_prefix_path')
[1.847s] INFO:colcon.colcon_core.shell:Creating environment hook '/home/men3m/Naima/install/zed_ipc/share/zed_ipc/hook/cmake_prefix_path.ps1'
[1.847s] INFO:colcon.colcon_core.shell:Creating environment descriptor '/home/men3m/Naima/install/zed_ipc/share/zed_ipc/hook/cmake_prefix_path.dsv'
[1.848s] INFO:colcon.colcon_core.shell:Creating environment hook '/home/men3m/Naima/install/zed_ipc/share/zed_ipc/hook/cmake_prefix_path.sh'
[1.848s] Level 1:colcon.colcon_core.environment:checking '/home/men3m/Naima/install/zed_ipc/lib'
[1.848s] Level 1:colcon.colcon_core.shell:create_environment_hook('zed_ipc', 'ld_library_path_lib')
[1.848s] INFO:colcon.colcon_core.shell:Creating environment hook '/home/men3m/Naima/install/zed_ipc/share/zed_ipc/hook/ld_library_path_lib.ps1'
[1.849s] INFO:colcon.colcon_core.shell:Creating environment descriptor '/home/men3m/Naima/install/zed_ipc/share/zed_ipc/hook/ld_library_path_lib.dsv'
[1.849s] INFO:colcon.colcon_core.shell:Creating environment hook '/home/men3m/Naima/install/zed_ipc/share/zed_ipc/hook/ld_library_path_lib.sh'
[1.849s] Level 1:colcon.colcon_core.environment:checking '/home/men3m/Naima/install/zed_ipc/bin'
[1.849s] Level 1:colcon.colcon_core.environment:checking '/home/men3m/Naima/install/zed_ipc/lib/pkgconfig/zed_ipc.pc'
[1.849s] Level 1:colcon.colcon_core.environment:checking '/home/men3m/Naima/install/zed_ipc/lib/python3.10/site-packages'
[1.850s] Level 1:colcon.colcon_core.environment:checking '/home/men3m/Naima/install/zed_ipc/bin'
[1.850s] INFO:colcon.colcon_core.shell:Creating package script '/home/men3m/Naima/install/zed_ipc/share/zed_ipc/package.ps1'
[1.850s] INFO:colcon.colcon_core.shell:Creating package descriptor '/home/men3m/Naima/install/zed_ipc/share/zed_ipc/package.dsv'
[1.851s] INFO:colcon.colcon_core.shell:Creating package script '/home/men3m/Naima/install/zed_ipc/share/zed_ipc/package.sh'
[1.851s] INFO:colcon.colcon_core.shell:Creating package script '/home/men3m/Naima/install/zed_ipc/share/zed_ipc/package.bash'
[1.851s] INFO:colcon.colcon_core.shell:Creating package script '/home/men3m/Naima/install/zed_ipc/share/zed_ipc/package.zsh'
[1.852s] Level 1:colcon.colcon_core.environment:create_file_with_runtime_dependencies(/home/men3m/Naima/install/zed_ipc/share/colcon-core/packages/zed_ipc)
[1.859s] DEBUG:colcon.colcon_core.event_handler.log_command:Invoked command in '/home/men3m/Naima/build/ublox_msgs' returned '0': CMAKE_PREFIX_PATH=/home/men3m/Naima/install/ublox_serialization:/home/men3m/Naima/install/zed_ros2:/home/men3m/Naima/install/zed_robot_integration:/home/men3m/Naima/install/zed_ipc:/home/men3m/Naima/install/zed_multi_camera:/home/men3m/Naima/install/zed_display_rviz2:/home/men3m/Naima/install/zed_depth_to_laserscan:/home/men3m/Naima/install/zed_wrapper:/home/men3m/Naima/install/zed_tutorial_video:/home/men3m/Naima/install/zed_tutorial_pos_tracking:/home/men3m/Naima/install/zed_tutorial_depth:/home/men3m/Naima/install/zed_topic_benchmark:/home/men3m/Naima/install/zed_topic_benchmark_component:/home/men3m/Naima/install/zed_topic_benchmark_interfaces:/home/men3m/Naima/install/zed_rgb_convert:/home/men3m/Naima/install/zed_aruco_localization:/home/men3m/Naima/install/zed_components:/home/men3m/Naima/install/ublox:/home/men3m/Naima/install/ublox_gps:/home/men3m/Naima/install/ublox_msgs:/home/men3m/Naima/install/rviz_plugin_zed_od:/home/men3m/Naima/install/naima_examples:/home/men3m/Naima/install/naima_msgs:/home/men3m/Naima/install/naima_mapping:/home/men3m/Naima/install/naima_localization:/home/men3m/Naima/install/naima_description:/home/men3m/Naima/install/naima_control:/home/men3m/Naima/install/naima_bringup:/home/men3m/Naima/install/naima:/opt/ros/humble /usr/bin/cmake --build /home/men3m/Naima/build/ublox_msgs -- -j16 -l16
[1.861s] DEBUG:colcon.colcon_core.event_handler.log_command:Invoking command in '/home/men3m/Naima/build/ublox_msgs': CMAKE_PREFIX_PATH=/home/men3m/Naima/install/ublox_serialization:/home/men3m/Naima/install/zed_ros2:/home/men3m/Naima/install/zed_robot_integration:/home/men3m/Naima/install/zed_ipc:/home/men3m/Naima/install/zed_multi_camera:/home/men3m/Naima/install/zed_display_rviz2:/home/men3m/Naima/install/zed_depth_to_laserscan:/home/men3m/Naima/install/zed_wrapper:/home/men3m/Naima/install/zed_tutorial_video:/home/men3m/Naima/install/zed_tutorial_pos_tracking:/home/men3m/Naima/install/zed_tutorial_depth:/home/men3m/Naima/install/zed_topic_benchmark:/home/men3m/Naima/install/zed_topic_benchmark_component:/home/men3m/Naima/install/zed_topic_benchmark_interfaces:/home/men3m/Naima/install/zed_rgb_convert:/home/men3m/Naima/install/zed_aruco_localization:/home/men3m/Naima/install/zed_components:/home/men3m/Naima/install/ublox:/home/men3m/Naima/install/ublox_gps:/home/men3m/Naima/install/ublox_msgs:/home/men3m/Naima/install/rviz_plugin_zed_od:/home/men3m/Naima/install/naima_examples:/home/men3m/Naima/install/naima_msgs:/home/men3m/Naima/install/naima_mapping:/home/men3m/Naima/install/naima_localization:/home/men3m/Naima/install/naima_description:/home/men3m/Naima/install/naima_control:/home/men3m/Naima/install/naima_bringup:/home/men3m/Naima/install/naima:/opt/ros/humble /usr/bin/cmake --install /home/men3m/Naima/build/ublox_msgs
[1.925s] Level 1:colcon.colcon_core.environment:checking '/home/men3m/Naima/install/naima' for CMake module files
[1.931s] Level 1:colcon.colcon_core.environment:checking '/home/men3m/Naima/install/naima' for CMake config files
[1.945s] Level 1:colcon.colcon_core.environment:checking '/home/men3m/Naima/install/naima/lib'
[1.947s] Level 1:colcon.colcon_core.environment:checking '/home/men3m/Naima/install/naima/bin'
[1.947s] Level 1:colcon.colcon_core.environment:checking '/home/men3m/Naima/install/naima/lib/pkgconfig/naima.pc'
[1.948s] Level 1:colcon.colcon_core.environment:checking '/home/men3m/Naima/install/naima/lib/python3.10/site-packages'
[1.949s] Level 1:colcon.colcon_core.shell:create_environment_hook('naima', 'pythonpath')
[1.949s] INFO:colcon.colcon_core.shell:Creating environment hook '/home/men3m/Naima/install/naima/share/naima/hook/pythonpath.ps1'
[1.950s] INFO:colcon.colcon_core.shell:Creating environment descriptor '/home/men3m/Naima/install/naima/share/naima/hook/pythonpath.dsv'
[1.956s] INFO:colcon.colcon_core.shell:Creating environment hook '/home/men3m/Naima/install/naima/share/naima/hook/pythonpath.sh'
[1.960s] Level 1:colcon.colcon_core.environment:checking '/home/men3m/Naima/install/naima/bin'
[1.960s] Level 1:colcon.colcon_core.environment:create_environment_scripts_only(naima)
[1.961s] INFO:colcon.colcon_core.shell:Creating package script '/home/men3m/Naima/install/naima/share/naima/package.ps1'
[1.965s] INFO:colcon.colcon_core.shell:Creating package descriptor '/home/men3m/Naima/install/naima/share/naima/package.dsv'
[1.966s] INFO:colcon.colcon_core.shell:Creating package script '/home/men3m/Naima/install/naima/share/naima/package.sh'
[1.968s] INFO:colcon.colcon_core.shell:Creating package script '/home/men3m/Naima/install/naima/share/naima/package.bash'
[1.971s] INFO:colcon.colcon_core.shell:Creating package script '/home/men3m/Naima/install/naima/share/naima/package.zsh'
[1.973s] Level 1:colcon.colcon_core.environment:create_file_with_runtime_dependencies(/home/men3m/Naima/install/naima/share/colcon-core/packages/naima)
[1.976s] Level 1:colcon.colcon_core.environment:checking '/home/men3m/Naima/install/naima_bringup' for CMake module files
[1.978s] Level 1:colcon.colcon_core.environment:checking '/home/men3m/Naima/install/naima_bringup' for CMake config files
[1.994s] Level 1:colcon.colcon_core.environment:checking '/home/men3m/Naima/install/naima_bringup/lib'
[1.995s] Level 1:colcon.colcon_core.environment:checking '/home/men3m/Naima/install/naima_bringup/bin'
[1.997s] Level 1:colcon.colcon_core.environment:checking '/home/men3m/Naima/install/naima_bringup/lib/pkgconfig/naima_bringup.pc'
[1.998s] Level 1:colcon.colcon_core.environment:checking '/home/men3m/Naima/install/naima_bringup/lib/python3.10/site-packages'
[1.998s] Level 1:colcon.colcon_core.shell:create_environment_hook('naima_bringup', 'pythonpath')
[1.998s] INFO:colcon.colcon_core.shell:Creating environment hook '/home/men3m/Naima/install/naima_bringup/share/naima_bringup/hook/pythonpath.ps1'
[2.000s] INFO:colcon.colcon_core.shell:Creating environment descriptor '/home/men3m/Naima/install/naima_bringup/share/naima_bringup/hook/pythonpath.dsv'
[2.002s] INFO:colcon.colcon_core.shell:Creating environment hook '/home/men3m/Naima/install/naima_bringup/share/naima_bringup/hook/pythonpath.sh'
[2.003s] Level 1:colcon.colcon_core.environment:checking '/home/men3m/Naima/install/naima_bringup/bin'
[2.003s] Level 1:colcon.colcon_core.environment:create_environment_scripts_only(naima_bringup)
[2.004s] INFO:colcon.colcon_core.shell:Creating package script '/home/men3m/Naima/install/naima_bringup/share/naima_bringup/package.ps1'
[2.005s] INFO:colcon.colcon_core.shell:Creating package descriptor '/home/men3m/Naima/install/naima_bringup/share/naima_bringup/package.dsv'
[2.007s] INFO:colcon.colcon_core.shell:Creating package script '/home/men3m/Naima/install/naima_bringup/share/naima_bringup/package.sh'
[2.008s] INFO:colcon.colcon_core.shell:Creating package script '/home/men3m/Naima/install/naima_bringup/share/naima_bringup/package.bash'
[2.010s] INFO:colcon.colcon_core.shell:Creating package script '/home/men3m/Naima/install/naima_bringup/share/naima_bringup/package.zsh'
[2.011s] Level 1:colcon.colcon_core.environment:create_file_with_runtime_dependencies(/home/men3m/Naima/install/naima_bringup/share/colcon-core/packages/naima_bringup)
[2.014s] Level 1:colcon.colcon_core.environment:create_environment_scripts_only(ublox_msgs)
[2.014s] Level 1:colcon.colcon_core.environment:checking '/home/men3m/Naima/install/ublox_msgs' for CMake module files
[2.019s] Level 1:colcon.colcon_core.environment:checking '/home/men3m/Naima/install/ublox_msgs' for CMake config files
[2.029s] Level 1:colcon.colcon_core.shell:create_environment_hook('ublox_msgs', 'cmake_prefix_path')
[2.030s] INFO:colcon.colcon_core.shell:Creating environment hook '/home/men3m/Naima/install/ublox_msgs/share/ublox_msgs/hook/cmake_prefix_path.ps1'
[2.031s] INFO:colcon.colcon_core.shell:Creating environment descriptor '/home/men3m/Naima/install/ublox_msgs/share/ublox_msgs/hook/cmake_prefix_path.dsv'
[2.033s] INFO:colcon.colcon_core.shell:Creating environment hook '/home/men3m/Naima/install/ublox_msgs/share/ublox_msgs/hook/cmake_prefix_path.sh'
[2.035s] Level 1:colcon.colcon_core.environment:checking '/home/men3m/Naima/install/ublox_msgs/lib'
[2.036s] Level 1:colcon.colcon_core.shell:create_environment_hook('ublox_msgs', 'ld_library_path_lib')
[2.036s] INFO:colcon.colcon_core.shell:Creating environment hook '/home/men3m/Naima/install/ublox_msgs/share/ublox_msgs/hook/ld_library_path_lib.ps1'
[2.037s] DEBUG:colcon.colcon_core.event_handler.log_command:Invoked command in '/home/men3m/Naima/src/naima' returned '0': PYTHONPATH=/home/men3m/Naima/build/naima/prefix_override:/usr/lib/python3/dist-packages/colcon_core/task/python/colcon_distutils_commands:/home/men3m/Naima/install/naima/lib/python3.10/site-packages:${PYTHONPATH} /usr/bin/python3 -W ignore:setup.py install is deprecated -W ignore:easy_install command is deprecated setup.py egg_info --egg-base ../../build/naima build --build-base /home/men3m/Naima/build/naima/build install --record /home/men3m/Naima/build/naima/install.log --single-version-externally-managed install_data
[2.039s] INFO:colcon.colcon_core.shell:Creating environment descriptor '/home/men3m/Naima/install/ublox_msgs/share/ublox_msgs/hook/ld_library_path_lib.dsv'
[2.041s] INFO:colcon.colcon_core.shell:Creating environment hook '/home/men3m/Naima/install/ublox_msgs/share/ublox_msgs/hook/ld_library_path_lib.sh'
[2.043s] Level 1:colcon.colcon_core.environment:checking '/home/men3m/Naima/install/ublox_msgs/bin'
[2.043s] Level 1:colcon.colcon_core.environment:checking '/home/men3m/Naima/install/ublox_msgs/lib/pkgconfig/ublox_msgs.pc'
[2.043s] Level 1:colcon.colcon_core.environment:checking '/home/men3m/Naima/install/ublox_msgs/lib/python3.10/site-packages'
[2.043s] Level 1:colcon.colcon_core.environment:checking '/home/men3m/Naima/install/ublox_msgs/bin'
[2.044s] INFO:colcon.colcon_core.shell:Creating package script '/home/men3m/Naima/install/ublox_msgs/share/ublox_msgs/package.ps1'
[2.045s] INFO:colcon.colcon_core.shell:Creating package descriptor '/home/men3m/Naima/install/ublox_msgs/share/ublox_msgs/package.dsv'
[2.047s] INFO:colcon.colcon_core.shell:Creating package script '/home/men3m/Naima/install/ublox_msgs/share/ublox_msgs/package.sh'
[2.049s] INFO:colcon.colcon_core.shell:Creating package script '/home/men3m/Naima/install/ublox_msgs/share/ublox_msgs/package.bash'
[2.050s] INFO:colcon.colcon_core.shell:Creating package script '/home/men3m/Naima/install/ublox_msgs/share/ublox_msgs/package.zsh'
[2.051s] Level 1:colcon.colcon_core.environment:create_file_with_runtime_dependencies(/home/men3m/Naima/install/ublox_msgs/share/colcon-core/packages/ublox_msgs)
[2.053s] Level 1:colcon.colcon_core.environment:create_environment_scripts_only(ublox_msgs)
[2.053s] Level 1:colcon.colcon_core.environment:checking '/home/men3m/Naima/install/ublox_msgs' for CMake module files
[2.055s] Level 1:colcon.colcon_core.environment:checking '/home/men3m/Naima/install/ublox_msgs' for CMake config files
[2.061s] Level 1:colcon.colcon_core.shell:create_environment_hook('ublox_msgs', 'cmake_prefix_path')
[2.062s] INFO:colcon.colcon_core.shell:Creating environment hook '/home/men3m/Naima/install/ublox_msgs/share/ublox_msgs/hook/cmake_prefix_path.ps1'
[2.062s] INFO:colcon.colcon_core.shell:Creating environment descriptor '/home/men3m/Naima/install/ublox_msgs/share/ublox_msgs/hook/cmake_prefix_path.dsv'
[2.063s] INFO:colcon.colcon_core.shell:Creating environment hook '/home/men3m/Naima/install/ublox_msgs/share/ublox_msgs/hook/cmake_prefix_path.sh'
[2.067s] Level 1:colcon.colcon_core.environment:checking '/home/men3m/Naima/install/ublox_msgs/lib'
[2.067s] Level 1:colcon.colcon_core.shell:create_environment_hook('ublox_msgs', 'ld_library_path_lib')
[2.068s] INFO:colcon.colcon_core.shell:Creating environment hook '/home/men3m/Naima/install/ublox_msgs/share/ublox_msgs/hook/ld_library_path_lib.ps1'
[2.069s] DEBUG:colcon.colcon_core.event_handler.log_command:Invoked command in '/home/men3m/Naima/src/naima_bringup' returned '0': PYTHONPATH=/home/men3m/Naima/build/naima_bringup/prefix_override:/usr/lib/python3/dist-packages/colcon_core/task/python/colcon_distutils_commands:/home/men3m/Naima/install/naima_bringup/lib/python3.10/site-packages:${PYTHONPATH} /usr/bin/python3 -W ignore:setup.py install is deprecated -W ignore:easy_install command is deprecated setup.py egg_info --egg-base ../../build/naima_bringup build --build-base /home/men3m/Naima/build/naima_bringup/build install --record /home/men3m/Naima/build/naima_bringup/install.log --single-version-externally-managed install_data
[2.070s] INFO:colcon.colcon_core.shell:Creating environment descriptor '/home/men3m/Naima/install/ublox_msgs/share/ublox_msgs/hook/ld_library_path_lib.dsv'
[2.074s] INFO:colcon.colcon_core.shell:Creating environment hook '/home/men3m/Naima/install/ublox_msgs/share/ublox_msgs/hook/ld_library_path_lib.sh'
[2.075s] Level 1:colcon.colcon_core.environment:checking '/home/men3m/Naima/install/ublox_msgs/bin'
[2.075s] Level 1:colcon.colcon_core.environment:checking '/home/men3m/Naima/install/ublox_msgs/lib/pkgconfig/ublox_msgs.pc'
[2.075s] Level 1:colcon.colcon_core.environment:checking '/home/men3m/Naima/install/ublox_msgs/lib/python3.10/site-packages'
[2.075s] Level 1:colcon.colcon_core.environment:checking '/home/men3m/Naima/install/ublox_msgs/bin'
[2.076s] INFO:colcon.colcon_core.shell:Creating package script '/home/men3m/Naima/install/ublox_msgs/share/ublox_msgs/package.ps1'
[2.077s] INFO:colcon.colcon_core.shell:Creating package descriptor '/home/men3m/Naima/install/ublox_msgs/share/ublox_msgs/package.dsv'
[2.077s] DEBUG:colcon.colcon_core.event_handler.log_command:Invoked command in '/home/men3m/Naima/build/ublox_msgs' returned '0': CMAKE_PREFIX_PATH=/home/men3m/Naima/install/ublox_serialization:/home/men3m/Naima/install/zed_ros2:/home/men3m/Naima/install/zed_robot_integration:/home/men3m/Naima/install/zed_ipc:/home/men3m/Naima/install/zed_multi_camera:/home/men3m/Naima/install/zed_display_rviz2:/home/men3m/Naima/install/zed_depth_to_laserscan:/home/men3m/Naima/install/zed_wrapper:/home/men3m/Naima/install/zed_tutorial_video:/home/men3m/Naima/install/zed_tutorial_pos_tracking:/home/men3m/Naima/install/zed_tutorial_depth:/home/men3m/Naima/install/zed_topic_benchmark:/home/men3m/Naima/install/zed_topic_benchmark_component:/home/men3m/Naima/install/zed_topic_benchmark_interfaces:/home/men3m/Naima/install/zed_rgb_convert:/home/men3m/Naima/install/zed_aruco_localization:/home/men3m/Naima/install/zed_components:/home/men3m/Naima/install/ublox:/home/men3m/Naima/install/ublox_gps:/home/men3m/Naima/install/ublox_msgs:/home/men3m/Naima/install/rviz_plugin_zed_od:/home/men3m/Naima/install/naima_examples:/home/men3m/Naima/install/naima_msgs:/home/men3m/Naima/install/naima_mapping:/home/men3m/Naima/install/naima_localization:/home/men3m/Naima/install/naima_description:/home/men3m/Naima/install/naima_control:/home/men3m/Naima/install/naima_bringup:/home/men3m/Naima/install/naima:/opt/ros/humble /usr/bin/cmake --install /home/men3m/Naima/build/ublox_msgs
[2.078s] INFO:colcon.colcon_core.shell:Creating package script '/home/men3m/Naima/install/ublox_msgs/share/ublox_msgs/package.sh'
[2.078s] INFO:colcon.colcon_core.shell:Creating package script '/home/men3m/Naima/install/ublox_msgs/share/ublox_msgs/package.bash'
[2.079s] INFO:colcon.colcon_core.shell:Creating package script '/home/men3m/Naima/install/ublox_msgs/share/ublox_msgs/package.zsh'
[2.079s] Level 1:colcon.colcon_core.environment:create_file_with_runtime_dependencies(/home/men3m/Naima/install/ublox_msgs/share/colcon-core/packages/ublox_msgs)
[2.080s] INFO:colcon.colcon_ros.task.ament_cmake.build:Building ROS package in '/home/men3m/Naima/src/naima_ublox_gps/ublox_gps' with build type 'ament_cmake'
[2.080s] INFO:colcon.colcon_cmake.task.cmake.build:Building CMake package in '/home/men3m/Naima/src/naima_ublox_gps/ublox_gps'
[2.080s] INFO:colcon.colcon_core.shell:Skip shell extension 'powershell' for command environment: Not usable outside of PowerShell
[2.080s] DEBUG:colcon.colcon_core.shell:Skip shell extension 'dsv' for command environment
[2.097s] DEBUG:colcon.colcon_core.event_handler.log_command:Invoking command in '/home/men3m/Naima/build/ublox_gps': CMAKE_PREFIX_PATH=/home/men3m/Naima/install/ublox_msgs:/home/men3m/Naima/install/ublox_serialization:/home/men3m/Naima/install/zed_ros2:/home/men3m/Naima/install/zed_robot_integration:/home/men3m/Naima/install/zed_ipc:/home/men3m/Naima/install/zed_multi_camera:/home/men3m/Naima/install/zed_display_rviz2:/home/men3m/Naima/install/zed_depth_to_laserscan:/home/men3m/Naima/install/zed_wrapper:/home/men3m/Naima/install/zed_tutorial_video:/home/men3m/Naima/install/zed_tutorial_pos_tracking:/home/men3m/Naima/install/zed_tutorial_depth:/home/men3m/Naima/install/zed_topic_benchmark:/home/men3m/Naima/install/zed_topic_benchmark_component:/home/men3m/Naima/install/zed_topic_benchmark_interfaces:/home/men3m/Naima/install/zed_rgb_convert:/home/men3m/Naima/install/zed_aruco_localization:/home/men3m/Naima/install/zed_components:/home/men3m/Naima/install/ublox:/home/men3m/Naima/install/ublox_gps:/home/men3m/Naima/install/rviz_plugin_zed_od:/home/men3m/Naima/install/naima_examples:/home/men3m/Naima/install/naima_msgs:/home/men3m/Naima/install/naima_mapping:/home/men3m/Naima/install/naima_localization:/home/men3m/Naima/install/naima_description:/home/men3m/Naima/install/naima_control:/home/men3m/Naima/install/naima_bringup:/home/men3m/Naima/install/naima:/opt/ros/humble LD_LIBRARY_PATH=/home/men3m/Naima/install/ublox_msgs/lib:/home/men3m/Naima/install/zed_ipc/lib:/home/men3m/Naima/install/zed_topic_benchmark_component/lib:/home/men3m/Naima/install/zed_topic_benchmark_interfaces/lib:/home/men3m/Naima/install/zed_rgb_convert/lib:/home/men3m/Naima/install/zed_aruco_localization/lib:/home/men3m/Naima/install/zed_components/lib:/home/men3m/Naima/install/ublox_gps/lib:/home/men3m/Naima/install/rviz_plugin_zed_od/lib:/home/men3m/Naima/install/naima_examples/lib:/home/men3m/Naima/install/naima_msgs/lib:/usr/lib/x86_64-linux-gnu/gazebo-11/plugins:/opt/ros/humble/opt/rviz_ogre_vendor/lib:/opt/ros/humble/lib/x86_64-linux-gnu:/opt/ros/humble/lib:/usr/local/cuda-12.4.0/lib64:/usr/local/cuda-12.4.0/lib64 /usr/bin/cmake --build /home/men3m/Naima/build/ublox_gps -- -j16 -l16
[2.239s] DEBUG:colcon.colcon_core.event_handler.log_command:Invoked command in '/home/men3m/Naima/build/ublox_gps' returned '0': CMAKE_PREFIX_PATH=/home/men3m/Naima/install/ublox_msgs:/home/men3m/Naima/install/ublox_serialization:/home/men3m/Naima/install/zed_ros2:/home/men3m/Naima/install/zed_robot_integration:/home/men3m/Naima/install/zed_ipc:/home/men3m/Naima/install/zed_multi_camera:/home/men3m/Naima/install/zed_display_rviz2:/home/men3m/Naima/install/zed_depth_to_laserscan:/home/men3m/Naima/install/zed_wrapper:/home/men3m/Naima/install/zed_tutorial_video:/home/men3m/Naima/install/zed_tutorial_pos_tracking:/home/men3m/Naima/install/zed_tutorial_depth:/home/men3m/Naima/install/zed_topic_benchmark:/home/men3m/Naima/install/zed_topic_benchmark_component:/home/men3m/Naima/install/zed_topic_benchmark_interfaces:/home/men3m/Naima/install/zed_rgb_convert:/home/men3m/Naima/install/zed_aruco_localization:/home/men3m/Naima/install/zed_components:/home/men3m/Naima/install/ublox:/home/men3m/Naima/install/ublox_gps:/home/men3m/Naima/install/rviz_plugin_zed_od:/home/men3m/Naima/install/naima_examples:/home/men3m/Naima/install/naima_msgs:/home/men3m/Naima/install/naima_mapping:/home/men3m/Naima/install/naima_localization:/home/men3m/Naima/install/naima_description:/home/men3m/Naima/install/naima_control:/home/men3m/Naima/install/naima_bringup:/home/men3m/Naima/install/naima:/opt/ros/humble LD_LIBRARY_PATH=/home/men3m/Naima/install/ublox_msgs/lib:/home/men3m/Naima/install/zed_ipc/lib:/home/men3m/Naima/install/zed_topic_benchmark_component/lib:/home/men3m/Naima/install/zed_topic_benchmark_interfaces/lib:/home/men3m/Naima/install/zed_rgb_convert/lib:/home/men3m/Naima/install/zed_aruco_localization/lib:/home/men3m/Naima/install/zed_components/lib:/home/men3m/Naima/install/ublox_gps/lib:/home/men3m/Naima/install/rviz_plugin_zed_od/lib:/home/men3m/Naima/install/naima_examples/lib:/home/men3m/Naima/install/naima_msgs/lib:/usr/lib/x86_64-linux-gnu/gazebo-11/plugins:/opt/ros/humble/opt/rviz_ogre_vendor/lib:/opt/ros/humble/lib/x86_64-linux-gnu:/opt/ros/humble/lib:/usr/local/cuda-12.4.0/lib64:/usr/local/cuda-12.4.0/lib64 /usr/bin/cmake --build /home/men3m/Naima/build/ublox_gps -- -j16 -l16
[2.241s] DEBUG:colcon.colcon_core.event_handler.log_command:Invoking command in '/home/men3m/Naima/build/ublox_gps': CMAKE_PREFIX_PATH=/home/men3m/Naima/install/ublox_msgs:/home/men3m/Naima/install/ublox_serialization:/home/men3m/Naima/install/zed_ros2:/home/men3m/Naima/install/zed_robot_integration:/home/men3m/Naima/install/zed_ipc:/home/men3m/Naima/install/zed_multi_camera:/home/men3m/Naima/install/zed_display_rviz2:/home/men3m/Naima/install/zed_depth_to_laserscan:/home/men3m/Naima/install/zed_wrapper:/home/men3m/Naima/install/zed_tutorial_video:/home/men3m/Naima/install/zed_tutorial_pos_tracking:/home/men3m/Naima/install/zed_tutorial_depth:/home/men3m/Naima/install/zed_topic_benchmark:/home/men3m/Naima/install/zed_topic_benchmark_component:/home/men3m/Naima/install/zed_topic_benchmark_interfaces:/home/men3m/Naima/install/zed_rgb_convert:/home/men3m/Naima/install/zed_aruco_localization:/home/men3m/Naima/install/zed_components:/home/men3m/Naima/install/ublox:/home/men3m/Naima/install/ublox_gps:/home/men3m/Naima/install/rviz_plugin_zed_od:/home/men3m/Naima/install/naima_examples:/home/men3m/Naima/install/naima_msgs:/home/men3m/Naima/install/naima_mapping:/home/men3m/Naima/install/naima_localization:/home/men3m/Naima/install/naima_description:/home/men3m/Naima/install/naima_control:/home/men3m/Naima/install/naima_bringup:/home/men3m/Naima/install/naima:/opt/ros/humble LD_LIBRARY_PATH=/home/men3m/Naima/install/ublox_msgs/lib:/home/men3m/Naima/install/zed_ipc/lib:/home/men3m/Naima/install/zed_topic_benchmark_component/lib:/home/men3m/Naima/install/zed_topic_benchmark_interfaces/lib:/home/men3m/Naima/install/zed_rgb_convert/lib:/home/men3m/Naima/install/zed_aruco_localization/lib:/home/men3m/Naima/install/zed_components/lib:/home/men3m/Naima/install/ublox_gps/lib:/home/men3m/Naima/install/rviz_plugin_zed_od/lib:/home/men3m/Naima/install/naima_examples/lib:/home/men3m/Naima/install/naima_msgs/lib:/usr/lib/x86_64-linux-gnu/gazebo-11/plugins:/opt/ros/humble/opt/rviz_ogre_vendor/lib:/opt/ros/humble/lib/x86_64-linux-gnu:/opt/ros/humble/lib:/usr/local/cuda-12.4.0/lib64:/usr/local/cuda-12.4.0/lib64 /usr/bin/cmake --install /home/men3m/Naima/build/ublox_gps
[2.255s] Level 1:colcon.colcon_core.environment:create_environment_scripts_only(ublox_gps)
[2.256s] Level 1:colcon.colcon_core.environment:checking '/home/men3m/Naima/install/ublox_gps' for CMake module files
[2.258s] DEBUG:colcon.colcon_core.event_handler.log_command:Invoked command in '/home/men3m/Naima/build/ublox_gps' returned '0': CMAKE_PREFIX_PATH=/home/men3m/Naima/install/ublox_msgs:/home/men3m/Naima/install/ublox_serialization:/home/men3m/Naima/install/zed_ros2:/home/men3m/Naima/install/zed_robot_integration:/home/men3m/Naima/install/zed_ipc:/home/men3m/Naima/install/zed_multi_camera:/home/men3m/Naima/install/zed_display_rviz2:/home/men3m/Naima/install/zed_depth_to_laserscan:/home/men3m/Naima/install/zed_wrapper:/home/men3m/Naima/install/zed_tutorial_video:/home/men3m/Naima/install/zed_tutorial_pos_tracking:/home/men3m/Naima/install/zed_tutorial_depth:/home/men3m/Naima/install/zed_topic_benchmark:/home/men3m/Naima/install/zed_topic_benchmark_component:/home/men3m/Naima/install/zed_topic_benchmark_interfaces:/home/men3m/Naima/install/zed_rgb_convert:/home/men3m/Naima/install/zed_aruco_localization:/home/men3m/Naima/install/zed_components:/home/men3m/Naima/install/ublox:/home/men3m/Naima/install/ublox_gps:/home/men3m/Naima/install/rviz_plugin_zed_od:/home/men3m/Naima/install/naima_examples:/home/men3m/Naima/install/naima_msgs:/home/men3m/Naima/install/naima_mapping:/home/men3m/Naima/install/naima_localization:/home/men3m/Naima/install/naima_description:/home/men3m/Naima/install/naima_control:/home/men3m/Naima/install/naima_bringup:/home/men3m/Naima/install/naima:/opt/ros/humble LD_LIBRARY_PATH=/home/men3m/Naima/install/ublox_msgs/lib:/home/men3m/Naima/install/zed_ipc/lib:/home/men3m/Naima/install/zed_topic_benchmark_component/lib:/home/men3m/Naima/install/zed_topic_benchmark_interfaces/lib:/home/men3m/Naima/install/zed_rgb_convert/lib:/home/men3m/Naima/install/zed_aruco_localization/lib:/home/men3m/Naima/install/zed_components/lib:/home/men3m/Naima/install/ublox_gps/lib:/home/men3m/Naima/install/rviz_plugin_zed_od/lib:/home/men3m/Naima/install/naima_examples/lib:/home/men3m/Naima/install/naima_msgs/lib:/usr/lib/x86_64-linux-gnu/gazebo-11/plugins:/opt/ros/humble/opt/rviz_ogre_vendor/lib:/opt/ros/humble/lib/x86_64-linux-gnu:/opt/ros/humble/lib:/usr/local/cuda-12.4.0/lib64:/usr/local/cuda-12.4.0/lib64 /usr/bin/cmake --install /home/men3m/Naima/build/ublox_gps
[2.258s] Level 1:colcon.colcon_core.environment:checking '/home/men3m/Naima/install/ublox_gps' for CMake config files
[2.258s] Level 1:colcon.colcon_core.shell:create_environment_hook('ublox_gps', 'cmake_prefix_path')
[2.259s] INFO:colcon.colcon_core.shell:Creating environment hook '/home/men3m/Naima/install/ublox_gps/share/ublox_gps/hook/cmake_prefix_path.ps1'
[2.259s] INFO:colcon.colcon_core.shell:Creating environment descriptor '/home/men3m/Naima/install/ublox_gps/share/ublox_gps/hook/cmake_prefix_path.dsv'
[2.260s] INFO:colcon.colcon_core.shell:Creating environment hook '/home/men3m/Naima/install/ublox_gps/share/ublox_gps/hook/cmake_prefix_path.sh'
[2.260s] Level 1:colcon.colcon_core.environment:checking '/home/men3m/Naima/install/ublox_gps/lib'
[2.260s] Level 1:colcon.colcon_core.shell:create_environment_hook('ublox_gps', 'ld_library_path_lib')
[2.261s] INFO:colcon.colcon_core.shell:Creating environment hook '/home/men3m/Naima/install/ublox_gps/share/ublox_gps/hook/ld_library_path_lib.ps1'
[2.261s] INFO:colcon.colcon_core.shell:Creating environment descriptor '/home/men3m/Naima/install/ublox_gps/share/ublox_gps/hook/ld_library_path_lib.dsv'
[2.261s] INFO:colcon.colcon_core.shell:Creating environment hook '/home/men3m/Naima/install/ublox_gps/share/ublox_gps/hook/ld_library_path_lib.sh'
[2.262s] Level 1:colcon.colcon_core.environment:checking '/home/men3m/Naima/install/ublox_gps/bin'
[2.262s] Level 1:colcon.colcon_core.environment:checking '/home/men3m/Naima/install/ublox_gps/lib/pkgconfig/ublox_gps.pc'
[2.262s] Level 1:colcon.colcon_core.environment:checking '/home/men3m/Naima/install/ublox_gps/lib/python3.10/site-packages'
[2.262s] Level 1:colcon.colcon_core.environment:checking '/home/men3m/Naima/install/ublox_gps/bin'
[2.263s] INFO:colcon.colcon_core.shell:Creating package script '/home/men3m/Naima/install/ublox_gps/share/ublox_gps/package.ps1'
[2.263s] INFO:colcon.colcon_core.shell:Creating package descriptor '/home/men3m/Naima/install/ublox_gps/share/ublox_gps/package.dsv'
[2.264s] INFO:colcon.colcon_core.shell:Creating package script '/home/men3m/Naima/install/ublox_gps/share/ublox_gps/package.sh'
[2.264s] INFO:colcon.colcon_core.shell:Creating package script '/home/men3m/Naima/install/ublox_gps/share/ublox_gps/package.bash'
[2.264s] INFO:colcon.colcon_core.shell:Creating package script '/home/men3m/Naima/install/ublox_gps/share/ublox_gps/package.zsh'
[2.265s] Level 1:colcon.colcon_core.environment:create_file_with_runtime_dependencies(/home/men3m/Naima/install/ublox_gps/share/colcon-core/packages/ublox_gps)
[2.265s] Level 1:colcon.colcon_core.environment:create_environment_scripts_only(ublox_gps)
[2.265s] Level 1:colcon.colcon_core.environment:checking '/home/men3m/Naima/install/ublox_gps' for CMake module files
[2.266s] Level 1:colcon.colcon_core.environment:checking '/home/men3m/Naima/install/ublox_gps' for CMake config files
[2.266s] Level 1:colcon.colcon_core.shell:create_environment_hook('ublox_gps', 'cmake_prefix_path')
[2.266s] INFO:colcon.colcon_core.shell:Creating environment hook '/home/men3m/Naima/install/ublox_gps/share/ublox_gps/hook/cmake_prefix_path.ps1'
[2.266s] INFO:colcon.colcon_core.shell:Creating environment descriptor '/home/men3m/Naima/install/ublox_gps/share/ublox_gps/hook/cmake_prefix_path.dsv'
[2.267s] INFO:colcon.colcon_core.shell:Creating environment hook '/home/men3m/Naima/install/ublox_gps/share/ublox_gps/hook/cmake_prefix_path.sh'
[2.267s] Level 1:colcon.colcon_core.environment:checking '/home/men3m/Naima/install/ublox_gps/lib'
[2.267s] Level 1:colcon.colcon_core.shell:create_environment_hook('ublox_gps', 'ld_library_path_lib')
[2.267s] INFO:colcon.colcon_core.shell:Creating environment hook '/home/men3m/Naima/install/ublox_gps/share/ublox_gps/hook/ld_library_path_lib.ps1'
[2.268s] INFO:colcon.colcon_core.shell:Creating environment descriptor '/home/men3m/Naima/install/ublox_gps/share/ublox_gps/hook/ld_library_path_lib.dsv'
[2.268s] INFO:colcon.colcon_core.shell:Creating environment hook '/home/men3m/Naima/install/ublox_gps/share/ublox_gps/hook/ld_library_path_lib.sh'
[2.268s] Level 1:colcon.colcon_core.environment:checking '/home/men3m/Naima/install/ublox_gps/bin'
[2.268s] Level 1:colcon.colcon_core.environment:checking '/home/men3m/Naima/install/ublox_gps/lib/pkgconfig/ublox_gps.pc'
[2.269s] Level 1:colcon.colcon_core.environment:checking '/home/men3m/Naima/install/ublox_gps/lib/python3.10/site-packages'
[2.269s] Level 1:colcon.colcon_core.environment:checking '/home/men3m/Naima/install/ublox_gps/bin'
[2.269s] INFO:colcon.colcon_core.shell:Creating package script '/home/men3m/Naima/install/ublox_gps/share/ublox_gps/package.ps1'
[2.269s] INFO:colcon.colcon_core.shell:Creating package descriptor '/home/men3m/Naima/install/ublox_gps/share/ublox_gps/package.dsv'
[2.270s] INFO:colcon.colcon_core.shell:Creating package script '/home/men3m/Naima/install/ublox_gps/share/ublox_gps/package.sh'
[2.270s] INFO:colcon.colcon_core.shell:Creating package script '/home/men3m/Naima/install/ublox_gps/share/ublox_gps/package.bash'
[2.270s] INFO:colcon.colcon_core.shell:Creating package script '/home/men3m/Naima/install/ublox_gps/share/ublox_gps/package.zsh'
[2.271s] Level 1:colcon.colcon_core.environment:create_file_with_runtime_dependencies(/home/men3m/Naima/install/ublox_gps/share/colcon-core/packages/ublox_gps)
[2.271s] INFO:colcon.colcon_ros.task.ament_cmake.build:Building ROS package in '/home/men3m/Naima/src/naima_ublox_gps/ublox' with build type 'ament_cmake'
[2.271s] INFO:colcon.colcon_cmake.task.cmake.build:Building CMake package in '/home/men3m/Naima/src/naima_ublox_gps/ublox'
[2.272s] INFO:colcon.colcon_core.shell:Skip shell extension 'powershell' for command environment: Not usable outside of PowerShell
[2.272s] DEBUG:colcon.colcon_core.shell:Skip shell extension 'dsv' for command environment
[2.287s] DEBUG:colcon.colcon_core.event_handler.log_command:Invoking command in '/home/men3m/Naima/build/ublox': CMAKE_PREFIX_PATH=/home/men3m/Naima/install/ublox_gps:/home/men3m/Naima/install/ublox_msgs:/home/men3m/Naima/install/ublox_serialization:/home/men3m/Naima/install/zed_ros2:/home/men3m/Naima/install/zed_robot_integration:/home/men3m/Naima/install/zed_ipc:/home/men3m/Naima/install/zed_multi_camera:/home/men3m/Naima/install/zed_display_rviz2:/home/men3m/Naima/install/zed_depth_to_laserscan:/home/men3m/Naima/install/zed_wrapper:/home/men3m/Naima/install/zed_tutorial_video:/home/men3m/Naima/install/zed_tutorial_pos_tracking:/home/men3m/Naima/install/zed_tutorial_depth:/home/men3m/Naima/install/zed_topic_benchmark:/home/men3m/Naima/install/zed_topic_benchmark_component:/home/men3m/Naima/install/zed_topic_benchmark_interfaces:/home/men3m/Naima/install/zed_rgb_convert:/home/men3m/Naima/install/zed_aruco_localization:/home/men3m/Naima/install/zed_components:/home/men3m/Naima/install/ublox:/home/men3m/Naima/install/rviz_plugin_zed_od:/home/men3m/Naima/install/naima_examples:/home/men3m/Naima/install/naima_msgs:/home/men3m/Naima/install/naima_mapping:/home/men3m/Naima/install/naima_localization:/home/men3m/Naima/install/naima_description:/home/men3m/Naima/install/naima_control:/home/men3m/Naima/install/naima_bringup:/home/men3m/Naima/install/naima:/opt/ros/humble LD_LIBRARY_PATH=/home/men3m/Naima/install/ublox_gps/lib:/home/men3m/Naima/install/ublox_msgs/lib:/home/men3m/Naima/install/zed_ipc/lib:/home/men3m/Naima/install/zed_topic_benchmark_component/lib:/home/men3m/Naima/install/zed_topic_benchmark_interfaces/lib:/home/men3m/Naima/install/zed_rgb_convert/lib:/home/men3m/Naima/install/zed_aruco_localization/lib:/home/men3m/Naima/install/zed_components/lib:/home/men3m/Naima/install/rviz_plugin_zed_od/lib:/home/men3m/Naima/install/naima_examples/lib:/home/men3m/Naima/install/naima_msgs/lib:/usr/lib/x86_64-linux-gnu/gazebo-11/plugins:/opt/ros/humble/opt/rviz_ogre_vendor/lib:/opt/ros/humble/lib/x86_64-linux-gnu:/opt/ros/humble/lib:/usr/local/cuda-12.4.0/lib64:/usr/local/cuda-12.4.0/lib64 /usr/bin/cmake --build /home/men3m/Naima/build/ublox -- -j16 -l16
[2.327s] DEBUG:colcon.colcon_core.event_handler.log_command:Invoked command in '/home/men3m/Naima/build/ublox' returned '0': CMAKE_PREFIX_PATH=/home/men3m/Naima/install/ublox_gps:/home/men3m/Naima/install/ublox_msgs:/home/men3m/Naima/install/ublox_serialization:/home/men3m/Naima/install/zed_ros2:/home/men3m/Naima/install/zed_robot_integration:/home/men3m/Naima/install/zed_ipc:/home/men3m/Naima/install/zed_multi_camera:/home/men3m/Naima/install/zed_display_rviz2:/home/men3m/Naima/install/zed_depth_to_laserscan:/home/men3m/Naima/install/zed_wrapper:/home/men3m/Naima/install/zed_tutorial_video:/home/men3m/Naima/install/zed_tutorial_pos_tracking:/home/men3m/Naima/install/zed_tutorial_depth:/home/men3m/Naima/install/zed_topic_benchmark:/home/men3m/Naima/install/zed_topic_benchmark_component:/home/men3m/Naima/install/zed_topic_benchmark_interfaces:/home/men3m/Naima/install/zed_rgb_convert:/home/men3m/Naima/install/zed_aruco_localization:/home/men3m/Naima/install/zed_components:/home/men3m/Naima/install/ublox:/home/men3m/Naima/install/rviz_plugin_zed_od:/home/men3m/Naima/install/naima_examples:/home/men3m/Naima/install/naima_msgs:/home/men3m/Naima/install/naima_mapping:/home/men3m/Naima/install/naima_localization:/home/men3m/Naima/install/naima_description:/home/men3m/Naima/install/naima_control:/home/men3m/Naima/install/naima_bringup:/home/men3m/Naima/install/naima:/opt/ros/humble LD_LIBRARY_PATH=/home/men3m/Naima/install/ublox_gps/lib:/home/men3m/Naima/install/ublox_msgs/lib:/home/men3m/Naima/install/zed_ipc/lib:/home/men3m/Naima/install/zed_topic_benchmark_component/lib:/home/men3m/Naima/install/zed_topic_benchmark_interfaces/lib:/home/men3m/Naima/install/zed_rgb_convert/lib:/home/men3m/Naima/install/zed_aruco_localization/lib:/home/men3m/Naima/install/zed_components/lib:/home/men3m/Naima/install/rviz_plugin_zed_od/lib:/home/men3m/Naima/install/naima_examples/lib:/home/men3m/Naima/install/naima_msgs/lib:/usr/lib/x86_64-linux-gnu/gazebo-11/plugins:/opt/ros/humble/opt/rviz_ogre_vendor/lib:/opt/ros/humble/lib/x86_64-linux-gnu:/opt/ros/humble/lib:/usr/local/cuda-12.4.0/lib64:/usr/local/cuda-12.4.0/lib64 /usr/bin/cmake --build /home/men3m/Naima/build/ublox -- -j16 -l16
[2.329s] DEBUG:colcon.colcon_core.event_handler.log_command:Invoking command in '/home/men3m/Naima/build/ublox': CMAKE_PREFIX_PATH=/home/men3m/Naima/install/ublox_gps:/home/men3m/Naima/install/ublox_msgs:/home/men3m/Naima/install/ublox_serialization:/home/men3m/Naima/install/zed_ros2:/home/men3m/Naima/install/zed_robot_integration:/home/men3m/Naima/install/zed_ipc:/home/men3m/Naima/install/zed_multi_camera:/home/men3m/Naima/install/zed_display_rviz2:/home/men3m/Naima/install/zed_depth_to_laserscan:/home/men3m/Naima/install/zed_wrapper:/home/men3m/Naima/install/zed_tutorial_video:/home/men3m/Naima/install/zed_tutorial_pos_tracking:/home/men3m/Naima/install/zed_tutorial_depth:/home/men3m/Naima/install/zed_topic_benchmark:/home/men3m/Naima/install/zed_topic_benchmark_component:/home/men3m/Naima/install/zed_topic_benchmark_interfaces:/home/men3m/Naima/install/zed_rgb_convert:/home/men3m/Naima/install/zed_aruco_localization:/home/men3m/Naima/install/zed_components:/home/men3m/Naima/install/ublox:/home/men3m/Naima/install/rviz_plugin_zed_od:/home/men3m/Naima/install/naima_examples:/home/men3m/Naima/install/naima_msgs:/home/men3m/Naima/install/naima_mapping:/home/men3m/Naima/install/naima_localization:/home/men3m/Naima/install/naima_description:/home/men3m/Naima/install/naima_control:/home/men3m/Naima/install/naima_bringup:/home/men3m/Naima/install/naima:/opt/ros/humble LD_LIBRARY_PATH=/home/men3m/Naima/install/ublox_gps/lib:/home/men3m/Naima/install/ublox_msgs/lib:/home/men3m/Naima/install/zed_ipc/lib:/home/men3m/Naima/install/zed_topic_benchmark_component/lib:/home/men3m/Naima/install/zed_topic_benchmark_interfaces/lib:/home/men3m/Naima/install/zed_rgb_convert/lib:/home/men3m/Naima/install/zed_aruco_localization/lib:/home/men3m/Naima/install/zed_components/lib:/home/men3m/Naima/install/rviz_plugin_zed_od/lib:/home/men3m/Naima/install/naima_examples/lib:/home/men3m/Naima/install/naima_msgs/lib:/usr/lib/x86_64-linux-gnu/gazebo-11/plugins:/opt/ros/humble/opt/rviz_ogre_vendor/lib:/opt/ros/humble/lib/x86_64-linux-gnu:/opt/ros/humble/lib:/usr/local/cuda-12.4.0/lib64:/usr/local/cuda-12.4.0/lib64 /usr/bin/cmake --install /home/men3m/Naima/build/ublox
[2.339s] Level 1:colcon.colcon_core.environment:create_environment_scripts_only(ublox)
[2.339s] Level 1:colcon.colcon_core.environment:checking '/home/men3m/Naima/install/ublox' for CMake module files
[2.340s] DEBUG:colcon.colcon_core.event_handler.log_command:Invoked command in '/home/men3m/Naima/build/ublox' returned '0': CMAKE_PREFIX_PATH=/home/men3m/Naima/install/ublox_gps:/home/men3m/Naima/install/ublox_msgs:/home/men3m/Naima/install/ublox_serialization:/home/men3m/Naima/install/zed_ros2:/home/men3m/Naima/install/zed_robot_integration:/home/men3m/Naima/install/zed_ipc:/home/men3m/Naima/install/zed_multi_camera:/home/men3m/Naima/install/zed_display_rviz2:/home/men3m/Naima/install/zed_depth_to_laserscan:/home/men3m/Naima/install/zed_wrapper:/home/men3m/Naima/install/zed_tutorial_video:/home/men3m/Naima/install/zed_tutorial_pos_tracking:/home/men3m/Naima/install/zed_tutorial_depth:/home/men3m/Naima/install/zed_topic_benchmark:/home/men3m/Naima/install/zed_topic_benchmark_component:/home/men3m/Naima/install/zed_topic_benchmark_interfaces:/home/men3m/Naima/install/zed_rgb_convert:/home/men3m/Naima/install/zed_aruco_localization:/home/men3m/Naima/install/zed_components:/home/men3m/Naima/install/ublox:/home/men3m/Naima/install/rviz_plugin_zed_od:/home/men3m/Naima/install/naima_examples:/home/men3m/Naima/install/naima_msgs:/home/men3m/Naima/install/naima_mapping:/home/men3m/Naima/install/naima_localization:/home/men3m/Naima/install/naima_description:/home/men3m/Naima/install/naima_control:/home/men3m/Naima/install/naima_bringup:/home/men3m/Naima/install/naima:/opt/ros/humble LD_LIBRARY_PATH=/home/men3m/Naima/install/ublox_gps/lib:/home/men3m/Naima/install/ublox_msgs/lib:/home/men3m/Naima/install/zed_ipc/lib:/home/men3m/Naima/install/zed_topic_benchmark_component/lib:/home/men3m/Naima/install/zed_topic_benchmark_interfaces/lib:/home/men3m/Naima/install/zed_rgb_convert/lib:/home/men3m/Naima/install/zed_aruco_localization/lib:/home/men3m/Naima/install/zed_components/lib:/home/men3m/Naima/install/rviz_plugin_zed_od/lib:/home/men3m/Naima/install/naima_examples/lib:/home/men3m/Naima/install/naima_msgs/lib:/usr/lib/x86_64-linux-gnu/gazebo-11/plugins:/opt/ros/humble/opt/rviz_ogre_vendor/lib:/opt/ros/humble/lib/x86_64-linux-gnu:/opt/ros/humble/lib:/usr/local/cuda-12.4.0/lib64:/usr/local/cuda-12.4.0/lib64 /usr/bin/cmake --install /home/men3m/Naima/build/ublox
[2.340s] Level 1:colcon.colcon_core.environment:checking '/home/men3m/Naima/install/ublox' for CMake config files
[2.340s] Level 1:colcon.colcon_core.shell:create_environment_hook('ublox', 'cmake_prefix_path')
[2.341s] INFO:colcon.colcon_core.shell:Creating environment hook '/home/men3m/Naima/install/ublox/share/ublox/hook/cmake_prefix_path.ps1'
[2.341s] INFO:colcon.colcon_core.shell:Creating environment descriptor '/home/men3m/Naima/install/ublox/share/ublox/hook/cmake_prefix_path.dsv'
[2.342s] INFO:colcon.colcon_core.shell:Creating environment hook '/home/men3m/Naima/install/ublox/share/ublox/hook/cmake_prefix_path.sh'
[2.342s] Level 1:colcon.colcon_core.environment:checking '/home/men3m/Naima/install/ublox/bin'
[2.342s] Level 1:colcon.colcon_core.environment:checking '/home/men3m/Naima/install/ublox/lib/pkgconfig/ublox.pc'
[2.343s] Level 1:colcon.colcon_core.environment:checking '/home/men3m/Naima/install/ublox/lib/python3.10/site-packages'
[2.343s] Level 1:colcon.colcon_core.environment:checking '/home/men3m/Naima/install/ublox/bin'
[2.343s] INFO:colcon.colcon_core.shell:Creating package script '/home/men3m/Naima/install/ublox/share/ublox/package.ps1'
[2.344s] INFO:colcon.colcon_core.shell:Creating package descriptor '/home/men3m/Naima/install/ublox/share/ublox/package.dsv'
[2.344s] INFO:colcon.colcon_core.shell:Creating package script '/home/men3m/Naima/install/ublox/share/ublox/package.sh'
[2.345s] INFO:colcon.colcon_core.shell:Creating package script '/home/men3m/Naima/install/ublox/share/ublox/package.bash'
[2.345s] INFO:colcon.colcon_core.shell:Creating package script '/home/men3m/Naima/install/ublox/share/ublox/package.zsh'
[2.345s] Level 1:colcon.colcon_core.environment:create_file_with_runtime_dependencies(/home/men3m/Naima/install/ublox/share/colcon-core/packages/ublox)
[2.346s] Level 1:colcon.colcon_core.environment:create_environment_scripts_only(ublox)
[2.346s] Level 1:colcon.colcon_core.environment:checking '/home/men3m/Naima/install/ublox' for CMake module files
[2.347s] Level 1:colcon.colcon_core.environment:checking '/home/men3m/Naima/install/ublox' for CMake config files
[2.347s] Level 1:colcon.colcon_core.shell:create_environment_hook('ublox', 'cmake_prefix_path')
[2.347s] INFO:colcon.colcon_core.shell:Creating environment hook '/home/men3m/Naima/install/ublox/share/ublox/hook/cmake_prefix_path.ps1'
[2.348s] INFO:colcon.colcon_core.shell:Creating environment descriptor '/home/men3m/Naima/install/ublox/share/ublox/hook/cmake_prefix_path.dsv'
[2.348s] INFO:colcon.colcon_core.shell:Creating environment hook '/home/men3m/Naima/install/ublox/share/ublox/hook/cmake_prefix_path.sh'
[2.349s] Level 1:colcon.colcon_core.environment:checking '/home/men3m/Naima/install/ublox/bin'
[2.349s] Level 1:colcon.colcon_core.environment:checking '/home/men3m/Naima/install/ublox/lib/pkgconfig/ublox.pc'
[2.349s] Level 1:colcon.colcon_core.environment:checking '/home/men3m/Naima/install/ublox/lib/python3.10/site-packages'
[2.349s] Level 1:colcon.colcon_core.environment:checking '/home/men3m/Naima/install/ublox/bin'
[2.350s] INFO:colcon.colcon_core.shell:Creating package script '/home/men3m/Naima/install/ublox/share/ublox/package.ps1'
[2.350s] INFO:colcon.colcon_core.shell:Creating package descriptor '/home/men3m/Naima/install/ublox/share/ublox/package.dsv'
[2.351s] INFO:colcon.colcon_core.shell:Creating package script '/home/men3m/Naima/install/ublox/share/ublox/package.sh'
[2.351s] INFO:colcon.colcon_core.shell:Creating package script '/home/men3m/Naima/install/ublox/share/ublox/package.bash'
[2.352s] INFO:colcon.colcon_core.shell:Creating package script '/home/men3m/Naima/install/ublox/share/ublox/package.zsh'
[2.352s] Level 1:colcon.colcon_core.environment:create_file_with_runtime_dependencies(/home/men3m/Naima/install/ublox/share/colcon-core/packages/ublox)
[2.352s] DEBUG:colcon.colcon_parallel_executor.executor.parallel:closing loop
[2.352s] DEBUG:colcon.colcon_parallel_executor.executor.parallel:loop closed
[2.352s] DEBUG:colcon.colcon_parallel_executor.executor.parallel:run_until_complete finished with '0'
[2.353s] DEBUG:colcon.colcon_core.event_reactor:joining thread
[2.360s] INFO:colcon.colcon_core.plugin_system:Skipping extension 'colcon_notification.desktop_notification.terminal_notifier': Not used on non-Darwin systems
[2.360s] INFO:colcon.colcon_core.plugin_system:Skipping extension 'colcon_notification.desktop_notification.win32': Not used on non-Windows systems
[2.360s] INFO:colcon.colcon_notification.desktop_notification:Sending desktop notification using 'notify2'
[2.374s] DEBUG:colcon.colcon_core.event_reactor:joined thread
[2.375s] INFO:colcon.colcon_core.shell:Creating prefix script '/home/men3m/Naima/install/local_setup.ps1'
[2.375s] INFO:colcon.colcon_core.shell:Creating prefix util module '/home/men3m/Naima/install/_local_setup_util_ps1.py'
[2.376s] INFO:colcon.colcon_core.shell:Creating prefix chain script '/home/men3m/Naima/install/setup.ps1'
[2.378s] INFO:colcon.colcon_core.shell:Creating prefix script '/home/men3m/Naima/install/local_setup.sh'
[2.379s] INFO:colcon.colcon_core.shell:Creating prefix util module '/home/men3m/Naima/install/_local_setup_util_sh.py'
[2.379s] INFO:colcon.colcon_core.shell:Creating prefix chain script '/home/men3m/Naima/install/setup.sh'
[2.381s] INFO:colcon.colcon_core.shell:Creating prefix script '/home/men3m/Naima/install/local_setup.bash'
[2.381s] INFO:colcon.colcon_core.shell:Creating prefix chain script '/home/men3m/Naima/install/setup.bash'
[2.383s] INFO:colcon.colcon_core.shell:Creating prefix script '/home/men3m/Naima/install/local_setup.zsh'
[2.384s] INFO:colcon.colcon_core.shell:Creating prefix chain script '/home/men3m/Naima/install/setup.zsh'
