[0.104s] DEBUG:colcon:Command line arguments: ['/usr/bin/colcon', 'build']
[0.104s] DEBUG:colcon:Parsed command line arguments: Namespace(log_base=None, log_level=None, verb_name='build', build_base='build', install_base='install', merge_install=False, symlink_install=False, test_result_base=None, continue_on_error=False, executor='parallel', parallel_workers=16, event_handlers=None, ignore_user_meta=False, metas=['./colcon.meta'], base_paths=['.'], packages_ignore=None, packages_ignore_regex=None, paths=None, packages_up_to=None, packages_up_to_regex=None, packages_above=None, packages_above_and_dependencies=None, packages_above_depth=None, packages_select_by_dep=None, packages_skip_by_dep=None, packages_skip_up_to=None, packages_select_build_failed=False, packages_skip_build_finished=False, packages_select_test_failures=False, packages_skip_test_passed=False, packages_select=None, packages_skip=None, packages_select_regex=None, packages_skip_regex=None, packages_start=None, packages_end=None, allow_overriding=[], cmake_args=None, cmake_target=None, cmake_target_skip_unavailable=False, cmake_clean_cache=False, cmake_clean_first=False, cmake_force_configure=False, ament_cmake_args=None, catkin_cmake_args=None, catkin_skip_building_tests=False, verb_parser=<colcon_defaults.argument_parser.defaults.DefaultArgumentsDecorator object at 0x7f0ae9029930>, verb_extension=<colcon_core.verb.build.BuildVerb object at 0x7f0ae902aa70>, main=<bound method BuildVerb.main of <colcon_core.verb.build.BuildVerb object at 0x7f0ae902aa70>>)
[0.269s] Level 1:colcon.colcon_core.package_discovery:discover_packages(colcon_meta) check parameters
[0.269s] Level 1:colcon.colcon_core.package_discovery:discover_packages(recursive) check parameters
[0.269s] Level 1:colcon.colcon_core.package_discovery:discover_packages(ignore) check parameters
[0.269s] Level 1:colcon.colcon_core.package_discovery:discover_packages(path) check parameters
[0.269s] Level 1:colcon.colcon_core.package_discovery:discover_packages(colcon_meta) discover
[0.270s] Level 1:colcon.colcon_core.package_discovery:discover_packages(recursive) discover
[0.270s] INFO:colcon.colcon_core.package_discovery:Crawling recursively for packages in '/home/men3m/Naima'
[0.270s] Level 1:colcon.colcon_core.package_identification:_identify(.) by extensions ['ignore', 'ignore_ament_install']
[0.270s] Level 1:colcon.colcon_core.package_identification:_identify(.) by extension 'ignore'
[0.270s] Level 1:colcon.colcon_core.package_identification:_identify(.) by extension 'ignore_ament_install'
[0.270s] Level 1:colcon.colcon_core.package_identification:_identify(.) by extensions ['colcon_pkg']
[0.270s] Level 1:colcon.colcon_core.package_identification:_identify(.) by extension 'colcon_pkg'
[0.270s] Level 1:colcon.colcon_core.package_identification:_identify(.) by extensions ['colcon_meta']
[0.270s] Level 1:colcon.colcon_core.package_identification:_identify(.) by extension 'colcon_meta'
[0.270s] Level 1:colcon.colcon_core.package_identification:_identify(.) by extensions ['ros']
[0.270s] Level 1:colcon.colcon_core.package_identification:_identify(.) by extension 'ros'
[0.284s] Level 1:colcon.colcon_core.package_identification:_identify(.) by extensions ['cmake', 'python']
[0.284s] Level 1:colcon.colcon_core.package_identification:_identify(.) by extension 'cmake'
[0.284s] Level 1:colcon.colcon_core.package_identification:_identify(.) by extension 'python'
[0.284s] Level 1:colcon.colcon_core.package_identification:_identify(.) by extensions ['python_setup_py']
[0.284s] Level 1:colcon.colcon_core.package_identification:_identify(.) by extension 'python_setup_py'
[0.285s] Level 1:colcon.colcon_core.package_identification:_identify(AI) by extensions ['ignore', 'ignore_ament_install']
[0.285s] Level 1:colcon.colcon_core.package_identification:_identify(AI) by extension 'ignore'
[0.285s] Level 1:colcon.colcon_core.package_identification:_identify(AI) by extension 'ignore_ament_install'
[0.285s] Level 1:colcon.colcon_core.package_identification:_identify(AI) by extensions ['colcon_pkg']
[0.285s] Level 1:colcon.colcon_core.package_identification:_identify(AI) by extension 'colcon_pkg'
[0.285s] Level 1:colcon.colcon_core.package_identification:_identify(AI) by extensions ['colcon_meta']
[0.285s] Level 1:colcon.colcon_core.package_identification:_identify(AI) by extension 'colcon_meta'
[0.285s] Level 1:colcon.colcon_core.package_identification:_identify(AI) by extensions ['ros']
[0.285s] Level 1:colcon.colcon_core.package_identification:_identify(AI) by extension 'ros'
[0.285s] Level 1:colcon.colcon_core.package_identification:_identify(AI) by extensions ['cmake', 'python']
[0.285s] Level 1:colcon.colcon_core.package_identification:_identify(AI) by extension 'cmake'
[0.285s] Level 1:colcon.colcon_core.package_identification:_identify(AI) by extension 'python'
[0.285s] Level 1:colcon.colcon_core.package_identification:_identify(AI) by extensions ['python_setup_py']
[0.285s] Level 1:colcon.colcon_core.package_identification:_identify(AI) by extension 'python_setup_py'
[0.285s] Level 1:colcon.colcon_core.package_identification:_identify(BMS) by extensions ['ignore', 'ignore_ament_install']
[0.285s] Level 1:colcon.colcon_core.package_identification:_identify(BMS) by extension 'ignore'
[0.285s] Level 1:colcon.colcon_core.package_identification:_identify(BMS) by extension 'ignore_ament_install'
[0.285s] Level 1:colcon.colcon_core.package_identification:_identify(BMS) by extensions ['colcon_pkg']
[0.285s] Level 1:colcon.colcon_core.package_identification:_identify(BMS) by extension 'colcon_pkg'
[0.285s] Level 1:colcon.colcon_core.package_identification:_identify(BMS) by extensions ['colcon_meta']
[0.285s] Level 1:colcon.colcon_core.package_identification:_identify(BMS) by extension 'colcon_meta'
[0.285s] Level 1:colcon.colcon_core.package_identification:_identify(BMS) by extensions ['ros']
[0.285s] Level 1:colcon.colcon_core.package_identification:_identify(BMS) by extension 'ros'
[0.286s] Level 1:colcon.colcon_core.package_identification:_identify(BMS) by extensions ['cmake', 'python']
[0.286s] Level 1:colcon.colcon_core.package_identification:_identify(BMS) by extension 'cmake'
[0.286s] Level 1:colcon.colcon_core.package_identification:_identify(BMS) by extension 'python'
[0.286s] Level 1:colcon.colcon_core.package_identification:_identify(BMS) by extensions ['python_setup_py']
[0.286s] Level 1:colcon.colcon_core.package_identification:_identify(BMS) by extension 'python_setup_py'
[0.286s] Level 1:colcon.colcon_core.package_identification:_identify(Embedded Systems) by extensions ['ignore', 'ignore_ament_install']
[0.286s] Level 1:colcon.colcon_core.package_identification:_identify(Embedded Systems) by extension 'ignore'
[0.286s] Level 1:colcon.colcon_core.package_identification:_identify(Embedded Systems) by extension 'ignore_ament_install'
[0.286s] Level 1:colcon.colcon_core.package_identification:_identify(Embedded Systems) by extensions ['colcon_pkg']
[0.286s] Level 1:colcon.colcon_core.package_identification:_identify(Embedded Systems) by extension 'colcon_pkg'
[0.286s] Level 1:colcon.colcon_core.package_identification:_identify(Embedded Systems) by extensions ['colcon_meta']
[0.286s] Level 1:colcon.colcon_core.package_identification:_identify(Embedded Systems) by extension 'colcon_meta'
[0.286s] Level 1:colcon.colcon_core.package_identification:_identify(Embedded Systems) by extensions ['ros']
[0.286s] Level 1:colcon.colcon_core.package_identification:_identify(Embedded Systems) by extension 'ros'
[0.286s] Level 1:colcon.colcon_core.package_identification:_identify(Embedded Systems) by extensions ['cmake', 'python']
[0.286s] Level 1:colcon.colcon_core.package_identification:_identify(Embedded Systems) by extension 'cmake'
[0.286s] Level 1:colcon.colcon_core.package_identification:_identify(Embedded Systems) by extension 'python'
[0.286s] Level 1:colcon.colcon_core.package_identification:_identify(Embedded Systems) by extensions ['python_setup_py']
[0.286s] Level 1:colcon.colcon_core.package_identification:_identify(Embedded Systems) by extension 'python_setup_py'
[0.286s] Level 1:colcon.colcon_core.package_identification:_identify(build) by extensions ['ignore', 'ignore_ament_install']
[0.286s] Level 1:colcon.colcon_core.package_identification:_identify(build) by extension 'ignore'
[0.286s] Level 1:colcon.colcon_core.package_identification:_identify(build) ignored
[0.286s] Level 1:colcon.colcon_core.package_identification:_identify(image) by extensions ['ignore', 'ignore_ament_install']
[0.287s] Level 1:colcon.colcon_core.package_identification:_identify(image) by extension 'ignore'
[0.287s] Level 1:colcon.colcon_core.package_identification:_identify(image) by extension 'ignore_ament_install'
[0.287s] Level 1:colcon.colcon_core.package_identification:_identify(image) by extensions ['colcon_pkg']
[0.287s] Level 1:colcon.colcon_core.package_identification:_identify(image) by extension 'colcon_pkg'
[0.287s] Level 1:colcon.colcon_core.package_identification:_identify(image) by extensions ['colcon_meta']
[0.287s] Level 1:colcon.colcon_core.package_identification:_identify(image) by extension 'colcon_meta'
[0.287s] Level 1:colcon.colcon_core.package_identification:_identify(image) by extensions ['ros']
[0.287s] Level 1:colcon.colcon_core.package_identification:_identify(image) by extension 'ros'
[0.287s] Level 1:colcon.colcon_core.package_identification:_identify(image) by extensions ['cmake', 'python']
[0.287s] Level 1:colcon.colcon_core.package_identification:_identify(image) by extension 'cmake'
[0.287s] Level 1:colcon.colcon_core.package_identification:_identify(image) by extension 'python'
[0.287s] Level 1:colcon.colcon_core.package_identification:_identify(image) by extensions ['python_setup_py']
[0.287s] Level 1:colcon.colcon_core.package_identification:_identify(image) by extension 'python_setup_py'
[0.287s] Level 1:colcon.colcon_core.package_identification:_identify(install) by extensions ['ignore', 'ignore_ament_install']
[0.287s] Level 1:colcon.colcon_core.package_identification:_identify(install) by extension 'ignore'
[0.287s] Level 1:colcon.colcon_core.package_identification:_identify(install) ignored
[0.287s] Level 1:colcon.colcon_core.package_identification:_identify(log) by extensions ['ignore', 'ignore_ament_install']
[0.287s] Level 1:colcon.colcon_core.package_identification:_identify(log) by extension 'ignore'
[0.287s] Level 1:colcon.colcon_core.package_identification:_identify(log) ignored
[0.287s] Level 1:colcon.colcon_core.package_identification:_identify(src) by extensions ['ignore', 'ignore_ament_install']
[0.287s] Level 1:colcon.colcon_core.package_identification:_identify(src) by extension 'ignore'
[0.288s] Level 1:colcon.colcon_core.package_identification:_identify(src) by extension 'ignore_ament_install'
[0.288s] Level 1:colcon.colcon_core.package_identification:_identify(src) by extensions ['colcon_pkg']
[0.288s] Level 1:colcon.colcon_core.package_identification:_identify(src) by extension 'colcon_pkg'
[0.288s] Level 1:colcon.colcon_core.package_identification:_identify(src) by extensions ['colcon_meta']
[0.288s] Level 1:colcon.colcon_core.package_identification:_identify(src) by extension 'colcon_meta'
[0.288s] Level 1:colcon.colcon_core.package_identification:_identify(src) by extensions ['ros']
[0.288s] Level 1:colcon.colcon_core.package_identification:_identify(src) by extension 'ros'
[0.288s] Level 1:colcon.colcon_core.package_identification:_identify(src) by extensions ['cmake', 'python']
[0.288s] Level 1:colcon.colcon_core.package_identification:_identify(src) by extension 'cmake'
[0.288s] Level 1:colcon.colcon_core.package_identification:_identify(src) by extension 'python'
[0.288s] Level 1:colcon.colcon_core.package_identification:_identify(src) by extensions ['python_setup_py']
[0.288s] Level 1:colcon.colcon_core.package_identification:_identify(src) by extension 'python_setup_py'
[0.288s] Level 1:colcon.colcon_core.package_identification:_identify(src/naima) by extensions ['ignore', 'ignore_ament_install']
[0.288s] Level 1:colcon.colcon_core.package_identification:_identify(src/naima) by extension 'ignore'
[0.288s] Level 1:colcon.colcon_core.package_identification:_identify(src/naima) by extension 'ignore_ament_install'
[0.288s] Level 1:colcon.colcon_core.package_identification:_identify(src/naima) by extensions ['colcon_pkg']
[0.288s] Level 1:colcon.colcon_core.package_identification:_identify(src/naima) by extension 'colcon_pkg'
[0.288s] Level 1:colcon.colcon_core.package_identification:_identify(src/naima) by extensions ['colcon_meta']
[0.288s] Level 1:colcon.colcon_core.package_identification:_identify(src/naima) by extension 'colcon_meta'
[0.288s] Level 1:colcon.colcon_core.package_identification:_identify(src/naima) by extensions ['ros']
[0.288s] Level 1:colcon.colcon_core.package_identification:_identify(src/naima) by extension 'ros'
[0.291s] DEBUG:colcon.colcon_core.package_identification:Package 'src/naima' with type 'ros.ament_python' and name 'naima'
[0.291s] Level 1:colcon.colcon_core.package_identification:_identify(src/naima_bringup) by extensions ['ignore', 'ignore_ament_install']
[0.291s] Level 1:colcon.colcon_core.package_identification:_identify(src/naima_bringup) by extension 'ignore'
[0.291s] Level 1:colcon.colcon_core.package_identification:_identify(src/naima_bringup) by extension 'ignore_ament_install'
[0.291s] Level 1:colcon.colcon_core.package_identification:_identify(src/naima_bringup) by extensions ['colcon_pkg']
[0.291s] Level 1:colcon.colcon_core.package_identification:_identify(src/naima_bringup) by extension 'colcon_pkg'
[0.291s] Level 1:colcon.colcon_core.package_identification:_identify(src/naima_bringup) by extensions ['colcon_meta']
[0.291s] Level 1:colcon.colcon_core.package_identification:_identify(src/naima_bringup) by extension 'colcon_meta'
[0.291s] Level 1:colcon.colcon_core.package_identification:_identify(src/naima_bringup) by extensions ['ros']
[0.291s] Level 1:colcon.colcon_core.package_identification:_identify(src/naima_bringup) by extension 'ros'
[0.291s] DEBUG:colcon.colcon_core.package_identification:Package 'src/naima_bringup' with type 'ros.ament_python' and name 'naima_bringup'
[0.292s] Level 1:colcon.colcon_core.package_identification:_identify(src/naima_control) by extensions ['ignore', 'ignore_ament_install']
[0.292s] Level 1:colcon.colcon_core.package_identification:_identify(src/naima_control) by extension 'ignore'
[0.292s] Level 1:colcon.colcon_core.package_identification:_identify(src/naima_control) by extension 'ignore_ament_install'
[0.292s] Level 1:colcon.colcon_core.package_identification:_identify(src/naima_control) by extensions ['colcon_pkg']
[0.292s] Level 1:colcon.colcon_core.package_identification:_identify(src/naima_control) by extension 'colcon_pkg'
[0.292s] Level 1:colcon.colcon_core.package_identification:_identify(src/naima_control) by extensions ['colcon_meta']
[0.292s] Level 1:colcon.colcon_core.package_identification:_identify(src/naima_control) by extension 'colcon_meta'
[0.292s] Level 1:colcon.colcon_core.package_identification:_identify(src/naima_control) by extensions ['ros']
[0.292s] Level 1:colcon.colcon_core.package_identification:_identify(src/naima_control) by extension 'ros'
[0.292s] DEBUG:colcon.colcon_core.package_identification:Package 'src/naima_control' with type 'ros.ament_cmake' and name 'naima_control'
[0.292s] Level 1:colcon.colcon_core.package_identification:_identify(src/naima_description) by extensions ['ignore', 'ignore_ament_install']
[0.293s] Level 1:colcon.colcon_core.package_identification:_identify(src/naima_description) by extension 'ignore'
[0.293s] Level 1:colcon.colcon_core.package_identification:_identify(src/naima_description) by extension 'ignore_ament_install'
[0.293s] Level 1:colcon.colcon_core.package_identification:_identify(src/naima_description) by extensions ['colcon_pkg']
[0.293s] Level 1:colcon.colcon_core.package_identification:_identify(src/naima_description) by extension 'colcon_pkg'
[0.293s] Level 1:colcon.colcon_core.package_identification:_identify(src/naima_description) by extensions ['colcon_meta']
[0.293s] Level 1:colcon.colcon_core.package_identification:_identify(src/naima_description) by extension 'colcon_meta'
[0.293s] Level 1:colcon.colcon_core.package_identification:_identify(src/naima_description) by extensions ['ros']
[0.293s] Level 1:colcon.colcon_core.package_identification:_identify(src/naima_description) by extension 'ros'
[0.293s] DEBUG:colcon.colcon_core.package_identification:Package 'src/naima_description' with type 'ros.ament_cmake' and name 'naima_description'
[0.293s] Level 1:colcon.colcon_core.package_identification:_identify(src/naima_examples) by extensions ['ignore', 'ignore_ament_install']
[0.293s] Level 1:colcon.colcon_core.package_identification:_identify(src/naima_examples) by extension 'ignore'
[0.293s] Level 1:colcon.colcon_core.package_identification:_identify(src/naima_examples) by extension 'ignore_ament_install'
[0.293s] Level 1:colcon.colcon_core.package_identification:_identify(src/naima_examples) by extensions ['colcon_pkg']
[0.294s] Level 1:colcon.colcon_core.package_identification:_identify(src/naima_examples) by extension 'colcon_pkg'
[0.294s] Level 1:colcon.colcon_core.package_identification:_identify(src/naima_examples) by extensions ['colcon_meta']
[0.294s] Level 1:colcon.colcon_core.package_identification:_identify(src/naima_examples) by extension 'colcon_meta'
[0.294s] Level 1:colcon.colcon_core.package_identification:_identify(src/naima_examples) by extensions ['ros']
[0.294s] Level 1:colcon.colcon_core.package_identification:_identify(src/naima_examples) by extension 'ros'
[0.295s] DEBUG:colcon.colcon_core.package_identification:Package 'src/naima_examples' with type 'ros.ament_cmake' and name 'naima_examples'
[0.295s] Level 1:colcon.colcon_core.package_identification:_identify(src/naima_localization) by extensions ['ignore', 'ignore_ament_install']
[0.295s] Level 1:colcon.colcon_core.package_identification:_identify(src/naima_localization) by extension 'ignore'
[0.295s] Level 1:colcon.colcon_core.package_identification:_identify(src/naima_localization) by extension 'ignore_ament_install'
[0.295s] Level 1:colcon.colcon_core.package_identification:_identify(src/naima_localization) by extensions ['colcon_pkg']
[0.295s] Level 1:colcon.colcon_core.package_identification:_identify(src/naima_localization) by extension 'colcon_pkg'
[0.295s] Level 1:colcon.colcon_core.package_identification:_identify(src/naima_localization) by extensions ['colcon_meta']
[0.295s] Level 1:colcon.colcon_core.package_identification:_identify(src/naima_localization) by extension 'colcon_meta'
[0.295s] Level 1:colcon.colcon_core.package_identification:_identify(src/naima_localization) by extensions ['ros']
[0.295s] Level 1:colcon.colcon_core.package_identification:_identify(src/naima_localization) by extension 'ros'
[0.296s] DEBUG:colcon.colcon_core.package_identification:Package 'src/naima_localization' with type 'ros.ament_cmake' and name 'naima_localization'
[0.296s] Level 1:colcon.colcon_core.package_identification:_identify(src/naima_mapping) by extensions ['ignore', 'ignore_ament_install']
[0.296s] Level 1:colcon.colcon_core.package_identification:_identify(src/naima_mapping) by extension 'ignore'
[0.296s] Level 1:colcon.colcon_core.package_identification:_identify(src/naima_mapping) by extension 'ignore_ament_install'
[0.296s] Level 1:colcon.colcon_core.package_identification:_identify(src/naima_mapping) by extensions ['colcon_pkg']
[0.296s] Level 1:colcon.colcon_core.package_identification:_identify(src/naima_mapping) by extension 'colcon_pkg'
[0.296s] Level 1:colcon.colcon_core.package_identification:_identify(src/naima_mapping) by extensions ['colcon_meta']
[0.296s] Level 1:colcon.colcon_core.package_identification:_identify(src/naima_mapping) by extension 'colcon_meta'
[0.296s] Level 1:colcon.colcon_core.package_identification:_identify(src/naima_mapping) by extensions ['ros']
[0.296s] Level 1:colcon.colcon_core.package_identification:_identify(src/naima_mapping) by extension 'ros'
[0.296s] DEBUG:colcon.colcon_core.package_identification:Package 'src/naima_mapping' with type 'ros.ament_cmake' and name 'naima_mapping'
[0.296s] Level 1:colcon.colcon_core.package_identification:_identify(src/naima_msgs) by extensions ['ignore', 'ignore_ament_install']
[0.297s] Level 1:colcon.colcon_core.package_identification:_identify(src/naima_msgs) by extension 'ignore'
[0.297s] Level 1:colcon.colcon_core.package_identification:_identify(src/naima_msgs) by extension 'ignore_ament_install'
[0.297s] Level 1:colcon.colcon_core.package_identification:_identify(src/naima_msgs) by extensions ['colcon_pkg']
[0.297s] Level 1:colcon.colcon_core.package_identification:_identify(src/naima_msgs) by extension 'colcon_pkg'
[0.297s] Level 1:colcon.colcon_core.package_identification:_identify(src/naima_msgs) by extensions ['colcon_meta']
[0.297s] Level 1:colcon.colcon_core.package_identification:_identify(src/naima_msgs) by extension 'colcon_meta'
[0.297s] Level 1:colcon.colcon_core.package_identification:_identify(src/naima_msgs) by extensions ['ros']
[0.297s] Level 1:colcon.colcon_core.package_identification:_identify(src/naima_msgs) by extension 'ros'
[0.297s] DEBUG:colcon.colcon_core.package_identification:Package 'src/naima_msgs' with type 'ros.ament_cmake' and name 'naima_msgs'
[0.297s] Level 1:colcon.colcon_core.package_identification:_identify(src/naima_ublox_gps) by extensions ['ignore', 'ignore_ament_install']
[0.297s] Level 1:colcon.colcon_core.package_identification:_identify(src/naima_ublox_gps) by extension 'ignore'
[0.297s] Level 1:colcon.colcon_core.package_identification:_identify(src/naima_ublox_gps) by extension 'ignore_ament_install'
[0.298s] Level 1:colcon.colcon_core.package_identification:_identify(src/naima_ublox_gps) by extensions ['colcon_pkg']
[0.298s] Level 1:colcon.colcon_core.package_identification:_identify(src/naima_ublox_gps) by extension 'colcon_pkg'
[0.298s] Level 1:colcon.colcon_core.package_identification:_identify(src/naima_ublox_gps) by extensions ['colcon_meta']
[0.298s] Level 1:colcon.colcon_core.package_identification:_identify(src/naima_ublox_gps) by extension 'colcon_meta'
[0.298s] Level 1:colcon.colcon_core.package_identification:_identify(src/naima_ublox_gps) by extensions ['ros']
[0.298s] Level 1:colcon.colcon_core.package_identification:_identify(src/naima_ublox_gps) by extension 'ros'
[0.298s] Level 1:colcon.colcon_core.package_identification:_identify(src/naima_ublox_gps) by extensions ['cmake', 'python']
[0.298s] Level 1:colcon.colcon_core.package_identification:_identify(src/naima_ublox_gps) by extension 'cmake'
[0.298s] Level 1:colcon.colcon_core.package_identification:_identify(src/naima_ublox_gps) by extension 'python'
[0.298s] Level 1:colcon.colcon_core.package_identification:_identify(src/naima_ublox_gps) by extensions ['python_setup_py']
[0.298s] Level 1:colcon.colcon_core.package_identification:_identify(src/naima_ublox_gps) by extension 'python_setup_py'
[0.298s] Level 1:colcon.colcon_core.package_identification:_identify(src/naima_ublox_gps/ublox) by extensions ['ignore', 'ignore_ament_install']
[0.298s] Level 1:colcon.colcon_core.package_identification:_identify(src/naima_ublox_gps/ublox) by extension 'ignore'
[0.298s] Level 1:colcon.colcon_core.package_identification:_identify(src/naima_ublox_gps/ublox) by extension 'ignore_ament_install'
[0.298s] Level 1:colcon.colcon_core.package_identification:_identify(src/naima_ublox_gps/ublox) by extensions ['colcon_pkg']
[0.298s] Level 1:colcon.colcon_core.package_identification:_identify(src/naima_ublox_gps/ublox) by extension 'colcon_pkg'
[0.298s] Level 1:colcon.colcon_core.package_identification:_identify(src/naima_ublox_gps/ublox) by extensions ['colcon_meta']
[0.298s] Level 1:colcon.colcon_core.package_identification:_identify(src/naima_ublox_gps/ublox) by extension 'colcon_meta'
[0.298s] Level 1:colcon.colcon_core.package_identification:_identify(src/naima_ublox_gps/ublox) by extensions ['ros']
[0.298s] Level 1:colcon.colcon_core.package_identification:_identify(src/naima_ublox_gps/ublox) by extension 'ros'
[0.299s] DEBUG:colcon.colcon_core.package_identification:Package 'src/naima_ublox_gps/ublox' with type 'ros.ament_cmake' and name 'ublox'
[0.299s] Level 1:colcon.colcon_core.package_identification:_identify(src/naima_ublox_gps/ublox_gps) by extensions ['ignore', 'ignore_ament_install']
[0.299s] Level 1:colcon.colcon_core.package_identification:_identify(src/naima_ublox_gps/ublox_gps) by extension 'ignore'
[0.299s] Level 1:colcon.colcon_core.package_identification:_identify(src/naima_ublox_gps/ublox_gps) by extension 'ignore_ament_install'
[0.299s] Level 1:colcon.colcon_core.package_identification:_identify(src/naima_ublox_gps/ublox_gps) by extensions ['colcon_pkg']
[0.299s] Level 1:colcon.colcon_core.package_identification:_identify(src/naima_ublox_gps/ublox_gps) by extension 'colcon_pkg'
[0.299s] Level 1:colcon.colcon_core.package_identification:_identify(src/naima_ublox_gps/ublox_gps) by extensions ['colcon_meta']
[0.299s] Level 1:colcon.colcon_core.package_identification:_identify(src/naima_ublox_gps/ublox_gps) by extension 'colcon_meta'
[0.299s] Level 1:colcon.colcon_core.package_identification:_identify(src/naima_ublox_gps/ublox_gps) by extensions ['ros']
[0.299s] Level 1:colcon.colcon_core.package_identification:_identify(src/naima_ublox_gps/ublox_gps) by extension 'ros'
[0.300s] DEBUG:colcon.colcon_core.package_identification:Package 'src/naima_ublox_gps/ublox_gps' with type 'ros.ament_cmake' and name 'ublox_gps'
[0.300s] Level 1:colcon.colcon_core.package_identification:_identify(src/naima_ublox_gps/ublox_msgs) by extensions ['ignore', 'ignore_ament_install']
[0.300s] Level 1:colcon.colcon_core.package_identification:_identify(src/naima_ublox_gps/ublox_msgs) by extension 'ignore'
[0.300s] Level 1:colcon.colcon_core.package_identification:_identify(src/naima_ublox_gps/ublox_msgs) by extension 'ignore_ament_install'
[0.300s] Level 1:colcon.colcon_core.package_identification:_identify(src/naima_ublox_gps/ublox_msgs) by extensions ['colcon_pkg']
[0.300s] Level 1:colcon.colcon_core.package_identification:_identify(src/naima_ublox_gps/ublox_msgs) by extension 'colcon_pkg'
[0.300s] Level 1:colcon.colcon_core.package_identification:_identify(src/naima_ublox_gps/ublox_msgs) by extensions ['colcon_meta']
[0.300s] Level 1:colcon.colcon_core.package_identification:_identify(src/naima_ublox_gps/ublox_msgs) by extension 'colcon_meta'
[0.300s] Level 1:colcon.colcon_core.package_identification:_identify(src/naima_ublox_gps/ublox_msgs) by extensions ['ros']
[0.300s] Level 1:colcon.colcon_core.package_identification:_identify(src/naima_ublox_gps/ublox_msgs) by extension 'ros'
[0.301s] DEBUG:colcon.colcon_core.package_identification:Package 'src/naima_ublox_gps/ublox_msgs' with type 'ros.ament_cmake' and name 'ublox_msgs'
[0.301s] Level 1:colcon.colcon_core.package_identification:_identify(src/naima_ublox_gps/ublox_serialization) by extensions ['ignore', 'ignore_ament_install']
[0.301s] Level 1:colcon.colcon_core.package_identification:_identify(src/naima_ublox_gps/ublox_serialization) by extension 'ignore'
[0.301s] Level 1:colcon.colcon_core.package_identification:_identify(src/naima_ublox_gps/ublox_serialization) by extension 'ignore_ament_install'
[0.301s] Level 1:colcon.colcon_core.package_identification:_identify(src/naima_ublox_gps/ublox_serialization) by extensions ['colcon_pkg']
[0.301s] Level 1:colcon.colcon_core.package_identification:_identify(src/naima_ublox_gps/ublox_serialization) by extension 'colcon_pkg'
[0.301s] Level 1:colcon.colcon_core.package_identification:_identify(src/naima_ublox_gps/ublox_serialization) by extensions ['colcon_meta']
[0.301s] Level 1:colcon.colcon_core.package_identification:_identify(src/naima_ublox_gps/ublox_serialization) by extension 'colcon_meta'
[0.301s] Level 1:colcon.colcon_core.package_identification:_identify(src/naima_ublox_gps/ublox_serialization) by extensions ['ros']
[0.301s] Level 1:colcon.colcon_core.package_identification:_identify(src/naima_ublox_gps/ublox_serialization) by extension 'ros'
[0.302s] DEBUG:colcon.colcon_core.package_identification:Package 'src/naima_ublox_gps/ublox_serialization' with type 'ros.ament_cmake' and name 'ublox_serialization'
[0.302s] Level 1:colcon.colcon_core.package_identification:_identify(src/zed-ros2-examples) by extensions ['ignore', 'ignore_ament_install']
[0.302s] Level 1:colcon.colcon_core.package_identification:_identify(src/zed-ros2-examples) by extension 'ignore'
[0.302s] Level 1:colcon.colcon_core.package_identification:_identify(src/zed-ros2-examples) by extension 'ignore_ament_install'
[0.302s] Level 1:colcon.colcon_core.package_identification:_identify(src/zed-ros2-examples) by extensions ['colcon_pkg']
[0.302s] Level 1:colcon.colcon_core.package_identification:_identify(src/zed-ros2-examples) by extension 'colcon_pkg'
[0.302s] Level 1:colcon.colcon_core.package_identification:_identify(src/zed-ros2-examples) by extensions ['colcon_meta']
[0.302s] Level 1:colcon.colcon_core.package_identification:_identify(src/zed-ros2-examples) by extension 'colcon_meta'
[0.302s] Level 1:colcon.colcon_core.package_identification:_identify(src/zed-ros2-examples) by extensions ['ros']
[0.302s] Level 1:colcon.colcon_core.package_identification:_identify(src/zed-ros2-examples) by extension 'ros'
[0.302s] Level 1:colcon.colcon_core.package_identification:_identify(src/zed-ros2-examples) by extensions ['cmake', 'python']
[0.302s] Level 1:colcon.colcon_core.package_identification:_identify(src/zed-ros2-examples) by extension 'cmake'
[0.302s] Level 1:colcon.colcon_core.package_identification:_identify(src/zed-ros2-examples) by extension 'python'
[0.302s] Level 1:colcon.colcon_core.package_identification:_identify(src/zed-ros2-examples) by extensions ['python_setup_py']
[0.302s] Level 1:colcon.colcon_core.package_identification:_identify(src/zed-ros2-examples) by extension 'python_setup_py'
[0.302s] Level 1:colcon.colcon_core.package_identification:_identify(src/zed-ros2-examples/examples) by extensions ['ignore', 'ignore_ament_install']
[0.303s] Level 1:colcon.colcon_core.package_identification:_identify(src/zed-ros2-examples/examples) by extension 'ignore'
[0.303s] Level 1:colcon.colcon_core.package_identification:_identify(src/zed-ros2-examples/examples) by extension 'ignore_ament_install'
[0.303s] Level 1:colcon.colcon_core.package_identification:_identify(src/zed-ros2-examples/examples) by extensions ['colcon_pkg']
[0.303s] Level 1:colcon.colcon_core.package_identification:_identify(src/zed-ros2-examples/examples) by extension 'colcon_pkg'
[0.303s] Level 1:colcon.colcon_core.package_identification:_identify(src/zed-ros2-examples/examples) by extensions ['colcon_meta']
[0.303s] Level 1:colcon.colcon_core.package_identification:_identify(src/zed-ros2-examples/examples) by extension 'colcon_meta'
[0.303s] Level 1:colcon.colcon_core.package_identification:_identify(src/zed-ros2-examples/examples) by extensions ['ros']
[0.303s] Level 1:colcon.colcon_core.package_identification:_identify(src/zed-ros2-examples/examples) by extension 'ros'
[0.303s] Level 1:colcon.colcon_core.package_identification:_identify(src/zed-ros2-examples/examples) by extensions ['cmake', 'python']
[0.303s] Level 1:colcon.colcon_core.package_identification:_identify(src/zed-ros2-examples/examples) by extension 'cmake'
[0.303s] Level 1:colcon.colcon_core.package_identification:_identify(src/zed-ros2-examples/examples) by extension 'python'
[0.303s] Level 1:colcon.colcon_core.package_identification:_identify(src/zed-ros2-examples/examples) by extensions ['python_setup_py']
[0.303s] Level 1:colcon.colcon_core.package_identification:_identify(src/zed-ros2-examples/examples) by extension 'python_setup_py'
[0.303s] Level 1:colcon.colcon_core.package_identification:_identify(src/zed-ros2-examples/examples/zed_aruco_localization) by extensions ['ignore', 'ignore_ament_install']
[0.303s] Level 1:colcon.colcon_core.package_identification:_identify(src/zed-ros2-examples/examples/zed_aruco_localization) by extension 'ignore'
[0.303s] Level 1:colcon.colcon_core.package_identification:_identify(src/zed-ros2-examples/examples/zed_aruco_localization) by extension 'ignore_ament_install'
[0.303s] Level 1:colcon.colcon_core.package_identification:_identify(src/zed-ros2-examples/examples/zed_aruco_localization) by extensions ['colcon_pkg']
[0.303s] Level 1:colcon.colcon_core.package_identification:_identify(src/zed-ros2-examples/examples/zed_aruco_localization) by extension 'colcon_pkg'
[0.303s] Level 1:colcon.colcon_core.package_identification:_identify(src/zed-ros2-examples/examples/zed_aruco_localization) by extensions ['colcon_meta']
[0.303s] Level 1:colcon.colcon_core.package_identification:_identify(src/zed-ros2-examples/examples/zed_aruco_localization) by extension 'colcon_meta'
[0.303s] Level 1:colcon.colcon_core.package_identification:_identify(src/zed-ros2-examples/examples/zed_aruco_localization) by extensions ['ros']
[0.303s] Level 1:colcon.colcon_core.package_identification:_identify(src/zed-ros2-examples/examples/zed_aruco_localization) by extension 'ros'
[0.304s] DEBUG:colcon.colcon_core.package_identification:Package 'src/zed-ros2-examples/examples/zed_aruco_localization' with type 'ros.ament_cmake' and name 'zed_aruco_localization'
[0.304s] Level 1:colcon.colcon_core.package_identification:_identify(src/zed-ros2-examples/examples/zed_depth_to_laserscan) by extensions ['ignore', 'ignore_ament_install']
[0.304s] Level 1:colcon.colcon_core.package_identification:_identify(src/zed-ros2-examples/examples/zed_depth_to_laserscan) by extension 'ignore'
[0.304s] Level 1:colcon.colcon_core.package_identification:_identify(src/zed-ros2-examples/examples/zed_depth_to_laserscan) by extension 'ignore_ament_install'
[0.304s] Level 1:colcon.colcon_core.package_identification:_identify(src/zed-ros2-examples/examples/zed_depth_to_laserscan) by extensions ['colcon_pkg']
[0.304s] Level 1:colcon.colcon_core.package_identification:_identify(src/zed-ros2-examples/examples/zed_depth_to_laserscan) by extension 'colcon_pkg'
[0.304s] Level 1:colcon.colcon_core.package_identification:_identify(src/zed-ros2-examples/examples/zed_depth_to_laserscan) by extensions ['colcon_meta']
[0.304s] Level 1:colcon.colcon_core.package_identification:_identify(src/zed-ros2-examples/examples/zed_depth_to_laserscan) by extension 'colcon_meta'
[0.304s] Level 1:colcon.colcon_core.package_identification:_identify(src/zed-ros2-examples/examples/zed_depth_to_laserscan) by extensions ['ros']
[0.304s] Level 1:colcon.colcon_core.package_identification:_identify(src/zed-ros2-examples/examples/zed_depth_to_laserscan) by extension 'ros'
[0.305s] DEBUG:colcon.colcon_core.package_identification:Package 'src/zed-ros2-examples/examples/zed_depth_to_laserscan' with type 'ros.ament_cmake' and name 'zed_depth_to_laserscan'
[0.305s] Level 1:colcon.colcon_core.package_identification:_identify(src/zed-ros2-examples/images) by extensions ['ignore', 'ignore_ament_install']
[0.305s] Level 1:colcon.colcon_core.package_identification:_identify(src/zed-ros2-examples/images) by extension 'ignore'
[0.305s] Level 1:colcon.colcon_core.package_identification:_identify(src/zed-ros2-examples/images) by extension 'ignore_ament_install'
[0.305s] Level 1:colcon.colcon_core.package_identification:_identify(src/zed-ros2-examples/images) by extensions ['colcon_pkg']
[0.305s] Level 1:colcon.colcon_core.package_identification:_identify(src/zed-ros2-examples/images) by extension 'colcon_pkg'
[0.305s] Level 1:colcon.colcon_core.package_identification:_identify(src/zed-ros2-examples/images) by extensions ['colcon_meta']
[0.305s] Level 1:colcon.colcon_core.package_identification:_identify(src/zed-ros2-examples/images) by extension 'colcon_meta'
[0.305s] Level 1:colcon.colcon_core.package_identification:_identify(src/zed-ros2-examples/images) by extensions ['ros']
[0.306s] Level 1:colcon.colcon_core.package_identification:_identify(src/zed-ros2-examples/images) by extension 'ros'
[0.306s] Level 1:colcon.colcon_core.package_identification:_identify(src/zed-ros2-examples/images) by extensions ['cmake', 'python']
[0.306s] Level 1:colcon.colcon_core.package_identification:_identify(src/zed-ros2-examples/images) by extension 'cmake'
[0.306s] Level 1:colcon.colcon_core.package_identification:_identify(src/zed-ros2-examples/images) by extension 'python'
[0.306s] Level 1:colcon.colcon_core.package_identification:_identify(src/zed-ros2-examples/images) by extensions ['python_setup_py']
[0.306s] Level 1:colcon.colcon_core.package_identification:_identify(src/zed-ros2-examples/images) by extension 'python_setup_py'
[0.306s] Level 1:colcon.colcon_core.package_identification:_identify(src/zed-ros2-examples/rviz-plugin-zed-od) by extensions ['ignore', 'ignore_ament_install']
[0.306s] Level 1:colcon.colcon_core.package_identification:_identify(src/zed-ros2-examples/rviz-plugin-zed-od) by extension 'ignore'
[0.306s] Level 1:colcon.colcon_core.package_identification:_identify(src/zed-ros2-examples/rviz-plugin-zed-od) by extension 'ignore_ament_install'
[0.306s] Level 1:colcon.colcon_core.package_identification:_identify(src/zed-ros2-examples/rviz-plugin-zed-od) by extensions ['colcon_pkg']
[0.306s] Level 1:colcon.colcon_core.package_identification:_identify(src/zed-ros2-examples/rviz-plugin-zed-od) by extension 'colcon_pkg'
[0.306s] Level 1:colcon.colcon_core.package_identification:_identify(src/zed-ros2-examples/rviz-plugin-zed-od) by extensions ['colcon_meta']
[0.306s] Level 1:colcon.colcon_core.package_identification:_identify(src/zed-ros2-examples/rviz-plugin-zed-od) by extension 'colcon_meta'
[0.306s] Level 1:colcon.colcon_core.package_identification:_identify(src/zed-ros2-examples/rviz-plugin-zed-od) by extensions ['ros']
[0.306s] Level 1:colcon.colcon_core.package_identification:_identify(src/zed-ros2-examples/rviz-plugin-zed-od) by extension 'ros'
[0.307s] DEBUG:colcon.colcon_core.package_identification:Package 'src/zed-ros2-examples/rviz-plugin-zed-od' with type 'ros.ament_cmake' and name 'rviz_plugin_zed_od'
[0.307s] Level 1:colcon.colcon_core.package_identification:_identify(src/zed-ros2-examples/tools) by extensions ['ignore', 'ignore_ament_install']
[0.307s] Level 1:colcon.colcon_core.package_identification:_identify(src/zed-ros2-examples/tools) by extension 'ignore'
[0.307s] Level 1:colcon.colcon_core.package_identification:_identify(src/zed-ros2-examples/tools) by extension 'ignore_ament_install'
[0.307s] Level 1:colcon.colcon_core.package_identification:_identify(src/zed-ros2-examples/tools) by extensions ['colcon_pkg']
[0.307s] Level 1:colcon.colcon_core.package_identification:_identify(src/zed-ros2-examples/tools) by extension 'colcon_pkg'
[0.307s] Level 1:colcon.colcon_core.package_identification:_identify(src/zed-ros2-examples/tools) by extensions ['colcon_meta']
[0.307s] Level 1:colcon.colcon_core.package_identification:_identify(src/zed-ros2-examples/tools) by extension 'colcon_meta'
[0.307s] Level 1:colcon.colcon_core.package_identification:_identify(src/zed-ros2-examples/tools) by extensions ['ros']
[0.307s] Level 1:colcon.colcon_core.package_identification:_identify(src/zed-ros2-examples/tools) by extension 'ros'
[0.307s] Level 1:colcon.colcon_core.package_identification:_identify(src/zed-ros2-examples/tools) by extensions ['cmake', 'python']
[0.307s] Level 1:colcon.colcon_core.package_identification:_identify(src/zed-ros2-examples/tools) by extension 'cmake'
[0.307s] Level 1:colcon.colcon_core.package_identification:_identify(src/zed-ros2-examples/tools) by extension 'python'
[0.307s] Level 1:colcon.colcon_core.package_identification:_identify(src/zed-ros2-examples/tools) by extensions ['python_setup_py']
[0.307s] Level 1:colcon.colcon_core.package_identification:_identify(src/zed-ros2-examples/tools) by extension 'python_setup_py'
[0.307s] Level 1:colcon.colcon_core.package_identification:_identify(src/zed-ros2-examples/tools/zed_benchmark) by extensions ['ignore', 'ignore_ament_install']
[0.307s] Level 1:colcon.colcon_core.package_identification:_identify(src/zed-ros2-examples/tools/zed_benchmark) by extension 'ignore'
[0.307s] Level 1:colcon.colcon_core.package_identification:_identify(src/zed-ros2-examples/tools/zed_benchmark) by extension 'ignore_ament_install'
[0.307s] Level 1:colcon.colcon_core.package_identification:_identify(src/zed-ros2-examples/tools/zed_benchmark) by extensions ['colcon_pkg']
[0.307s] Level 1:colcon.colcon_core.package_identification:_identify(src/zed-ros2-examples/tools/zed_benchmark) by extension 'colcon_pkg'
[0.308s] Level 1:colcon.colcon_core.package_identification:_identify(src/zed-ros2-examples/tools/zed_benchmark) by extensions ['colcon_meta']
[0.308s] Level 1:colcon.colcon_core.package_identification:_identify(src/zed-ros2-examples/tools/zed_benchmark) by extension 'colcon_meta'
[0.308s] Level 1:colcon.colcon_core.package_identification:_identify(src/zed-ros2-examples/tools/zed_benchmark) by extensions ['ros']
[0.308s] Level 1:colcon.colcon_core.package_identification:_identify(src/zed-ros2-examples/tools/zed_benchmark) by extension 'ros'
[0.308s] DEBUG:colcon.colcon_core.package_identification:Package 'src/zed-ros2-examples/tools/zed_benchmark' with type 'ros.ament_cmake' and name 'zed_topic_benchmark'
[0.308s] Level 1:colcon.colcon_core.package_identification:_identify(src/zed-ros2-examples/tools/zed_benchmark_component) by extensions ['ignore', 'ignore_ament_install']
[0.308s] Level 1:colcon.colcon_core.package_identification:_identify(src/zed-ros2-examples/tools/zed_benchmark_component) by extension 'ignore'
[0.308s] Level 1:colcon.colcon_core.package_identification:_identify(src/zed-ros2-examples/tools/zed_benchmark_component) by extension 'ignore_ament_install'
[0.308s] Level 1:colcon.colcon_core.package_identification:_identify(src/zed-ros2-examples/tools/zed_benchmark_component) by extensions ['colcon_pkg']
[0.308s] Level 1:colcon.colcon_core.package_identification:_identify(src/zed-ros2-examples/tools/zed_benchmark_component) by extension 'colcon_pkg'
[0.308s] Level 1:colcon.colcon_core.package_identification:_identify(src/zed-ros2-examples/tools/zed_benchmark_component) by extensions ['colcon_meta']
[0.309s] Level 1:colcon.colcon_core.package_identification:_identify(src/zed-ros2-examples/tools/zed_benchmark_component) by extension 'colcon_meta'
[0.309s] Level 1:colcon.colcon_core.package_identification:_identify(src/zed-ros2-examples/tools/zed_benchmark_component) by extensions ['ros']
[0.309s] Level 1:colcon.colcon_core.package_identification:_identify(src/zed-ros2-examples/tools/zed_benchmark_component) by extension 'ros'
[0.309s] DEBUG:colcon.colcon_core.package_identification:Package 'src/zed-ros2-examples/tools/zed_benchmark_component' with type 'ros.ament_cmake' and name 'zed_topic_benchmark_component'
[0.309s] Level 1:colcon.colcon_core.package_identification:_identify(src/zed-ros2-examples/tools/zed_benchmark_interfaces) by extensions ['ignore', 'ignore_ament_install']
[0.309s] Level 1:colcon.colcon_core.package_identification:_identify(src/zed-ros2-examples/tools/zed_benchmark_interfaces) by extension 'ignore'
[0.309s] Level 1:colcon.colcon_core.package_identification:_identify(src/zed-ros2-examples/tools/zed_benchmark_interfaces) by extension 'ignore_ament_install'
[0.309s] Level 1:colcon.colcon_core.package_identification:_identify(src/zed-ros2-examples/tools/zed_benchmark_interfaces) by extensions ['colcon_pkg']
[0.309s] Level 1:colcon.colcon_core.package_identification:_identify(src/zed-ros2-examples/tools/zed_benchmark_interfaces) by extension 'colcon_pkg'
[0.309s] Level 1:colcon.colcon_core.package_identification:_identify(src/zed-ros2-examples/tools/zed_benchmark_interfaces) by extensions ['colcon_meta']
[0.309s] Level 1:colcon.colcon_core.package_identification:_identify(src/zed-ros2-examples/tools/zed_benchmark_interfaces) by extension 'colcon_meta'
[0.309s] Level 1:colcon.colcon_core.package_identification:_identify(src/zed-ros2-examples/tools/zed_benchmark_interfaces) by extensions ['ros']
[0.309s] Level 1:colcon.colcon_core.package_identification:_identify(src/zed-ros2-examples/tools/zed_benchmark_interfaces) by extension 'ros'
[0.310s] DEBUG:colcon.colcon_core.package_identification:Package 'src/zed-ros2-examples/tools/zed_benchmark_interfaces' with type 'ros.ament_cmake' and name 'zed_topic_benchmark_interfaces'
[0.310s] Level 1:colcon.colcon_core.package_identification:_identify(src/zed-ros2-examples/tutorials) by extensions ['ignore', 'ignore_ament_install']
[0.310s] Level 1:colcon.colcon_core.package_identification:_identify(src/zed-ros2-examples/tutorials) by extension 'ignore'
[0.310s] Level 1:colcon.colcon_core.package_identification:_identify(src/zed-ros2-examples/tutorials) by extension 'ignore_ament_install'
[0.310s] Level 1:colcon.colcon_core.package_identification:_identify(src/zed-ros2-examples/tutorials) by extensions ['colcon_pkg']
[0.310s] Level 1:colcon.colcon_core.package_identification:_identify(src/zed-ros2-examples/tutorials) by extension 'colcon_pkg'
[0.310s] Level 1:colcon.colcon_core.package_identification:_identify(src/zed-ros2-examples/tutorials) by extensions ['colcon_meta']
[0.310s] Level 1:colcon.colcon_core.package_identification:_identify(src/zed-ros2-examples/tutorials) by extension 'colcon_meta'
[0.310s] Level 1:colcon.colcon_core.package_identification:_identify(src/zed-ros2-examples/tutorials) by extensions ['ros']
[0.310s] Level 1:colcon.colcon_core.package_identification:_identify(src/zed-ros2-examples/tutorials) by extension 'ros'
[0.310s] Level 1:colcon.colcon_core.package_identification:_identify(src/zed-ros2-examples/tutorials) by extensions ['cmake', 'python']
[0.311s] Level 1:colcon.colcon_core.package_identification:_identify(src/zed-ros2-examples/tutorials) by extension 'cmake'
[0.311s] Level 1:colcon.colcon_core.package_identification:_identify(src/zed-ros2-examples/tutorials) by extension 'python'
[0.311s] Level 1:colcon.colcon_core.package_identification:_identify(src/zed-ros2-examples/tutorials) by extensions ['python_setup_py']
[0.311s] Level 1:colcon.colcon_core.package_identification:_identify(src/zed-ros2-examples/tutorials) by extension 'python_setup_py'
[0.311s] Level 1:colcon.colcon_core.package_identification:_identify(src/zed-ros2-examples/tutorials/zed_depth_tutorial) by extensions ['ignore', 'ignore_ament_install']
[0.311s] Level 1:colcon.colcon_core.package_identification:_identify(src/zed-ros2-examples/tutorials/zed_depth_tutorial) by extension 'ignore'
[0.311s] Level 1:colcon.colcon_core.package_identification:_identify(src/zed-ros2-examples/tutorials/zed_depth_tutorial) by extension 'ignore_ament_install'
[0.311s] Level 1:colcon.colcon_core.package_identification:_identify(src/zed-ros2-examples/tutorials/zed_depth_tutorial) by extensions ['colcon_pkg']
[0.311s] Level 1:colcon.colcon_core.package_identification:_identify(src/zed-ros2-examples/tutorials/zed_depth_tutorial) by extension 'colcon_pkg'
[0.311s] Level 1:colcon.colcon_core.package_identification:_identify(src/zed-ros2-examples/tutorials/zed_depth_tutorial) by extensions ['colcon_meta']
[0.311s] Level 1:colcon.colcon_core.package_identification:_identify(src/zed-ros2-examples/tutorials/zed_depth_tutorial) by extension 'colcon_meta'
[0.311s] Level 1:colcon.colcon_core.package_identification:_identify(src/zed-ros2-examples/tutorials/zed_depth_tutorial) by extensions ['ros']
[0.311s] Level 1:colcon.colcon_core.package_identification:_identify(src/zed-ros2-examples/tutorials/zed_depth_tutorial) by extension 'ros'
[0.311s] DEBUG:colcon.colcon_core.package_identification:Package 'src/zed-ros2-examples/tutorials/zed_depth_tutorial' with type 'ros.ament_cmake' and name 'zed_tutorial_depth'
[0.312s] Level 1:colcon.colcon_core.package_identification:_identify(src/zed-ros2-examples/tutorials/zed_ipc) by extensions ['ignore', 'ignore_ament_install']
[0.312s] Level 1:colcon.colcon_core.package_identification:_identify(src/zed-ros2-examples/tutorials/zed_ipc) by extension 'ignore'
[0.312s] Level 1:colcon.colcon_core.package_identification:_identify(src/zed-ros2-examples/tutorials/zed_ipc) by extension 'ignore_ament_install'
[0.312s] Level 1:colcon.colcon_core.package_identification:_identify(src/zed-ros2-examples/tutorials/zed_ipc) by extensions ['colcon_pkg']
[0.312s] Level 1:colcon.colcon_core.package_identification:_identify(src/zed-ros2-examples/tutorials/zed_ipc) by extension 'colcon_pkg'
[0.312s] Level 1:colcon.colcon_core.package_identification:_identify(src/zed-ros2-examples/tutorials/zed_ipc) by extensions ['colcon_meta']
[0.312s] Level 1:colcon.colcon_core.package_identification:_identify(src/zed-ros2-examples/tutorials/zed_ipc) by extension 'colcon_meta'
[0.312s] Level 1:colcon.colcon_core.package_identification:_identify(src/zed-ros2-examples/tutorials/zed_ipc) by extensions ['ros']
[0.312s] Level 1:colcon.colcon_core.package_identification:_identify(src/zed-ros2-examples/tutorials/zed_ipc) by extension 'ros'
[0.313s] DEBUG:colcon.colcon_core.package_identification:Package 'src/zed-ros2-examples/tutorials/zed_ipc' with type 'ros.ament_cmake' and name 'zed_ipc'
[0.313s] Level 1:colcon.colcon_core.package_identification:_identify(src/zed-ros2-examples/tutorials/zed_multi_camera) by extensions ['ignore', 'ignore_ament_install']
[0.313s] Level 1:colcon.colcon_core.package_identification:_identify(src/zed-ros2-examples/tutorials/zed_multi_camera) by extension 'ignore'
[0.313s] Level 1:colcon.colcon_core.package_identification:_identify(src/zed-ros2-examples/tutorials/zed_multi_camera) by extension 'ignore_ament_install'
[0.313s] Level 1:colcon.colcon_core.package_identification:_identify(src/zed-ros2-examples/tutorials/zed_multi_camera) by extensions ['colcon_pkg']
[0.313s] Level 1:colcon.colcon_core.package_identification:_identify(src/zed-ros2-examples/tutorials/zed_multi_camera) by extension 'colcon_pkg'
[0.313s] Level 1:colcon.colcon_core.package_identification:_identify(src/zed-ros2-examples/tutorials/zed_multi_camera) by extensions ['colcon_meta']
[0.313s] Level 1:colcon.colcon_core.package_identification:_identify(src/zed-ros2-examples/tutorials/zed_multi_camera) by extension 'colcon_meta'
[0.313s] Level 1:colcon.colcon_core.package_identification:_identify(src/zed-ros2-examples/tutorials/zed_multi_camera) by extensions ['ros']
[0.313s] Level 1:colcon.colcon_core.package_identification:_identify(src/zed-ros2-examples/tutorials/zed_multi_camera) by extension 'ros'
[0.313s] DEBUG:colcon.colcon_core.package_identification:Package 'src/zed-ros2-examples/tutorials/zed_multi_camera' with type 'ros.ament_cmake' and name 'zed_multi_camera'
[0.314s] Level 1:colcon.colcon_core.package_identification:_identify(src/zed-ros2-examples/tutorials/zed_pose_tutorial) by extensions ['ignore', 'ignore_ament_install']
[0.314s] Level 1:colcon.colcon_core.package_identification:_identify(src/zed-ros2-examples/tutorials/zed_pose_tutorial) by extension 'ignore'
[0.314s] Level 1:colcon.colcon_core.package_identification:_identify(src/zed-ros2-examples/tutorials/zed_pose_tutorial) by extension 'ignore_ament_install'
[0.314s] Level 1:colcon.colcon_core.package_identification:_identify(src/zed-ros2-examples/tutorials/zed_pose_tutorial) by extensions ['colcon_pkg']
[0.314s] Level 1:colcon.colcon_core.package_identification:_identify(src/zed-ros2-examples/tutorials/zed_pose_tutorial) by extension 'colcon_pkg'
[0.314s] Level 1:colcon.colcon_core.package_identification:_identify(src/zed-ros2-examples/tutorials/zed_pose_tutorial) by extensions ['colcon_meta']
[0.314s] Level 1:colcon.colcon_core.package_identification:_identify(src/zed-ros2-examples/tutorials/zed_pose_tutorial) by extension 'colcon_meta'
[0.314s] Level 1:colcon.colcon_core.package_identification:_identify(src/zed-ros2-examples/tutorials/zed_pose_tutorial) by extensions ['ros']
[0.314s] Level 1:colcon.colcon_core.package_identification:_identify(src/zed-ros2-examples/tutorials/zed_pose_tutorial) by extension 'ros'
[0.315s] DEBUG:colcon.colcon_core.package_identification:Package 'src/zed-ros2-examples/tutorials/zed_pose_tutorial' with type 'ros.ament_cmake' and name 'zed_tutorial_pos_tracking'
[0.315s] Level 1:colcon.colcon_core.package_identification:_identify(src/zed-ros2-examples/tutorials/zed_rgb_convert) by extensions ['ignore', 'ignore_ament_install']
[0.315s] Level 1:colcon.colcon_core.package_identification:_identify(src/zed-ros2-examples/tutorials/zed_rgb_convert) by extension 'ignore'
[0.315s] Level 1:colcon.colcon_core.package_identification:_identify(src/zed-ros2-examples/tutorials/zed_rgb_convert) by extension 'ignore_ament_install'
[0.315s] Level 1:colcon.colcon_core.package_identification:_identify(src/zed-ros2-examples/tutorials/zed_rgb_convert) by extensions ['colcon_pkg']
[0.315s] Level 1:colcon.colcon_core.package_identification:_identify(src/zed-ros2-examples/tutorials/zed_rgb_convert) by extension 'colcon_pkg'
[0.315s] Level 1:colcon.colcon_core.package_identification:_identify(src/zed-ros2-examples/tutorials/zed_rgb_convert) by extensions ['colcon_meta']
[0.315s] Level 1:colcon.colcon_core.package_identification:_identify(src/zed-ros2-examples/tutorials/zed_rgb_convert) by extension 'colcon_meta'
[0.315s] Level 1:colcon.colcon_core.package_identification:_identify(src/zed-ros2-examples/tutorials/zed_rgb_convert) by extensions ['ros']
[0.315s] Level 1:colcon.colcon_core.package_identification:_identify(src/zed-ros2-examples/tutorials/zed_rgb_convert) by extension 'ros'
[0.316s] DEBUG:colcon.colcon_core.package_identification:Package 'src/zed-ros2-examples/tutorials/zed_rgb_convert' with type 'ros.ament_cmake' and name 'zed_rgb_convert'
[0.316s] Level 1:colcon.colcon_core.package_identification:_identify(src/zed-ros2-examples/tutorials/zed_robot_integration) by extensions ['ignore', 'ignore_ament_install']
[0.316s] Level 1:colcon.colcon_core.package_identification:_identify(src/zed-ros2-examples/tutorials/zed_robot_integration) by extension 'ignore'
[0.316s] Level 1:colcon.colcon_core.package_identification:_identify(src/zed-ros2-examples/tutorials/zed_robot_integration) by extension 'ignore_ament_install'
[0.316s] Level 1:colcon.colcon_core.package_identification:_identify(src/zed-ros2-examples/tutorials/zed_robot_integration) by extensions ['colcon_pkg']
[0.316s] Level 1:colcon.colcon_core.package_identification:_identify(src/zed-ros2-examples/tutorials/zed_robot_integration) by extension 'colcon_pkg'
[0.316s] Level 1:colcon.colcon_core.package_identification:_identify(src/zed-ros2-examples/tutorials/zed_robot_integration) by extensions ['colcon_meta']
[0.316s] Level 1:colcon.colcon_core.package_identification:_identify(src/zed-ros2-examples/tutorials/zed_robot_integration) by extension 'colcon_meta'
[0.316s] Level 1:colcon.colcon_core.package_identification:_identify(src/zed-ros2-examples/tutorials/zed_robot_integration) by extensions ['ros']
[0.316s] Level 1:colcon.colcon_core.package_identification:_identify(src/zed-ros2-examples/tutorials/zed_robot_integration) by extension 'ros'
[0.316s] DEBUG:colcon.colcon_core.package_identification:Package 'src/zed-ros2-examples/tutorials/zed_robot_integration' with type 'ros.ament_cmake' and name 'zed_robot_integration'
[0.317s] Level 1:colcon.colcon_core.package_identification:_identify(src/zed-ros2-examples/tutorials/zed_video_tutorial) by extensions ['ignore', 'ignore_ament_install']
[0.317s] Level 1:colcon.colcon_core.package_identification:_identify(src/zed-ros2-examples/tutorials/zed_video_tutorial) by extension 'ignore'
[0.317s] Level 1:colcon.colcon_core.package_identification:_identify(src/zed-ros2-examples/tutorials/zed_video_tutorial) by extension 'ignore_ament_install'
[0.317s] Level 1:colcon.colcon_core.package_identification:_identify(src/zed-ros2-examples/tutorials/zed_video_tutorial) by extensions ['colcon_pkg']
[0.317s] Level 1:colcon.colcon_core.package_identification:_identify(src/zed-ros2-examples/tutorials/zed_video_tutorial) by extension 'colcon_pkg'
[0.317s] Level 1:colcon.colcon_core.package_identification:_identify(src/zed-ros2-examples/tutorials/zed_video_tutorial) by extensions ['colcon_meta']
[0.317s] Level 1:colcon.colcon_core.package_identification:_identify(src/zed-ros2-examples/tutorials/zed_video_tutorial) by extension 'colcon_meta'
[0.317s] Level 1:colcon.colcon_core.package_identification:_identify(src/zed-ros2-examples/tutorials/zed_video_tutorial) by extensions ['ros']
[0.317s] Level 1:colcon.colcon_core.package_identification:_identify(src/zed-ros2-examples/tutorials/zed_video_tutorial) by extension 'ros'
[0.317s] DEBUG:colcon.colcon_core.package_identification:Package 'src/zed-ros2-examples/tutorials/zed_video_tutorial' with type 'ros.ament_cmake' and name 'zed_tutorial_video'
[0.317s] Level 1:colcon.colcon_core.package_identification:_identify(src/zed-ros2-examples/zed_display_rviz2) by extensions ['ignore', 'ignore_ament_install']
[0.318s] Level 1:colcon.colcon_core.package_identification:_identify(src/zed-ros2-examples/zed_display_rviz2) by extension 'ignore'
[0.318s] Level 1:colcon.colcon_core.package_identification:_identify(src/zed-ros2-examples/zed_display_rviz2) by extension 'ignore_ament_install'
[0.318s] Level 1:colcon.colcon_core.package_identification:_identify(src/zed-ros2-examples/zed_display_rviz2) by extensions ['colcon_pkg']
[0.318s] Level 1:colcon.colcon_core.package_identification:_identify(src/zed-ros2-examples/zed_display_rviz2) by extension 'colcon_pkg'
[0.318s] Level 1:colcon.colcon_core.package_identification:_identify(src/zed-ros2-examples/zed_display_rviz2) by extensions ['colcon_meta']
[0.318s] Level 1:colcon.colcon_core.package_identification:_identify(src/zed-ros2-examples/zed_display_rviz2) by extension 'colcon_meta'
[0.318s] Level 1:colcon.colcon_core.package_identification:_identify(src/zed-ros2-examples/zed_display_rviz2) by extensions ['ros']
[0.318s] Level 1:colcon.colcon_core.package_identification:_identify(src/zed-ros2-examples/zed_display_rviz2) by extension 'ros'
[0.318s] DEBUG:colcon.colcon_core.package_identification:Package 'src/zed-ros2-examples/zed_display_rviz2' with type 'ros.ament_cmake' and name 'zed_display_rviz2'
[0.318s] Level 1:colcon.colcon_core.package_identification:_identify(src/zed-ros2-wrapper) by extensions ['ignore', 'ignore_ament_install']
[0.318s] Level 1:colcon.colcon_core.package_identification:_identify(src/zed-ros2-wrapper) by extension 'ignore'
[0.318s] Level 1:colcon.colcon_core.package_identification:_identify(src/zed-ros2-wrapper) by extension 'ignore_ament_install'
[0.319s] Level 1:colcon.colcon_core.package_identification:_identify(src/zed-ros2-wrapper) by extensions ['colcon_pkg']
[0.319s] Level 1:colcon.colcon_core.package_identification:_identify(src/zed-ros2-wrapper) by extension 'colcon_pkg'
[0.319s] Level 1:colcon.colcon_core.package_identification:_identify(src/zed-ros2-wrapper) by extensions ['colcon_meta']
[0.319s] Level 1:colcon.colcon_core.package_identification:_identify(src/zed-ros2-wrapper) by extension 'colcon_meta'
[0.319s] Level 1:colcon.colcon_core.package_identification:_identify(src/zed-ros2-wrapper) by extensions ['ros']
[0.319s] Level 1:colcon.colcon_core.package_identification:_identify(src/zed-ros2-wrapper) by extension 'ros'
[0.319s] Level 1:colcon.colcon_core.package_identification:_identify(src/zed-ros2-wrapper) by extensions ['cmake', 'python']
[0.319s] Level 1:colcon.colcon_core.package_identification:_identify(src/zed-ros2-wrapper) by extension 'cmake'
[0.319s] Level 1:colcon.colcon_core.package_identification:_identify(src/zed-ros2-wrapper) by extension 'python'
[0.319s] Level 1:colcon.colcon_core.package_identification:_identify(src/zed-ros2-wrapper) by extensions ['python_setup_py']
[0.319s] Level 1:colcon.colcon_core.package_identification:_identify(src/zed-ros2-wrapper) by extension 'python_setup_py'
[0.319s] Level 1:colcon.colcon_core.package_identification:_identify(src/zed-ros2-wrapper/docker) by extensions ['ignore', 'ignore_ament_install']
[0.319s] Level 1:colcon.colcon_core.package_identification:_identify(src/zed-ros2-wrapper/docker) by extension 'ignore'
[0.319s] Level 1:colcon.colcon_core.package_identification:_identify(src/zed-ros2-wrapper/docker) by extension 'ignore_ament_install'
[0.319s] Level 1:colcon.colcon_core.package_identification:_identify(src/zed-ros2-wrapper/docker) by extensions ['colcon_pkg']
[0.319s] Level 1:colcon.colcon_core.package_identification:_identify(src/zed-ros2-wrapper/docker) by extension 'colcon_pkg'
[0.319s] Level 1:colcon.colcon_core.package_identification:_identify(src/zed-ros2-wrapper/docker) by extensions ['colcon_meta']
[0.319s] Level 1:colcon.colcon_core.package_identification:_identify(src/zed-ros2-wrapper/docker) by extension 'colcon_meta'
[0.319s] Level 1:colcon.colcon_core.package_identification:_identify(src/zed-ros2-wrapper/docker) by extensions ['ros']
[0.319s] Level 1:colcon.colcon_core.package_identification:_identify(src/zed-ros2-wrapper/docker) by extension 'ros'
[0.319s] Level 1:colcon.colcon_core.package_identification:_identify(src/zed-ros2-wrapper/docker) by extensions ['cmake', 'python']
[0.319s] Level 1:colcon.colcon_core.package_identification:_identify(src/zed-ros2-wrapper/docker) by extension 'cmake'
[0.319s] Level 1:colcon.colcon_core.package_identification:_identify(src/zed-ros2-wrapper/docker) by extension 'python'
[0.319s] Level 1:colcon.colcon_core.package_identification:_identify(src/zed-ros2-wrapper/docker) by extensions ['python_setup_py']
[0.319s] Level 1:colcon.colcon_core.package_identification:_identify(src/zed-ros2-wrapper/docker) by extension 'python_setup_py'
[0.320s] Level 1:colcon.colcon_core.package_identification:_identify(src/zed-ros2-wrapper/images) by extensions ['ignore', 'ignore_ament_install']
[0.320s] Level 1:colcon.colcon_core.package_identification:_identify(src/zed-ros2-wrapper/images) by extension 'ignore'
[0.320s] Level 1:colcon.colcon_core.package_identification:_identify(src/zed-ros2-wrapper/images) by extension 'ignore_ament_install'
[0.320s] Level 1:colcon.colcon_core.package_identification:_identify(src/zed-ros2-wrapper/images) by extensions ['colcon_pkg']
[0.320s] Level 1:colcon.colcon_core.package_identification:_identify(src/zed-ros2-wrapper/images) by extension 'colcon_pkg'
[0.320s] Level 1:colcon.colcon_core.package_identification:_identify(src/zed-ros2-wrapper/images) by extensions ['colcon_meta']
[0.320s] Level 1:colcon.colcon_core.package_identification:_identify(src/zed-ros2-wrapper/images) by extension 'colcon_meta'
[0.320s] Level 1:colcon.colcon_core.package_identification:_identify(src/zed-ros2-wrapper/images) by extensions ['ros']
[0.320s] Level 1:colcon.colcon_core.package_identification:_identify(src/zed-ros2-wrapper/images) by extension 'ros'
[0.320s] Level 1:colcon.colcon_core.package_identification:_identify(src/zed-ros2-wrapper/images) by extensions ['cmake', 'python']
[0.320s] Level 1:colcon.colcon_core.package_identification:_identify(src/zed-ros2-wrapper/images) by extension 'cmake'
[0.320s] Level 1:colcon.colcon_core.package_identification:_identify(src/zed-ros2-wrapper/images) by extension 'python'
[0.320s] Level 1:colcon.colcon_core.package_identification:_identify(src/zed-ros2-wrapper/images) by extensions ['python_setup_py']
[0.320s] Level 1:colcon.colcon_core.package_identification:_identify(src/zed-ros2-wrapper/images) by extension 'python_setup_py'
[0.320s] Level 1:colcon.colcon_core.package_identification:_identify(src/zed-ros2-wrapper/zed_components) by extensions ['ignore', 'ignore_ament_install']
[0.320s] Level 1:colcon.colcon_core.package_identification:_identify(src/zed-ros2-wrapper/zed_components) by extension 'ignore'
[0.320s] Level 1:colcon.colcon_core.package_identification:_identify(src/zed-ros2-wrapper/zed_components) by extension 'ignore_ament_install'
[0.320s] Level 1:colcon.colcon_core.package_identification:_identify(src/zed-ros2-wrapper/zed_components) by extensions ['colcon_pkg']
[0.320s] Level 1:colcon.colcon_core.package_identification:_identify(src/zed-ros2-wrapper/zed_components) by extension 'colcon_pkg'
[0.320s] Level 1:colcon.colcon_core.package_identification:_identify(src/zed-ros2-wrapper/zed_components) by extensions ['colcon_meta']
[0.320s] Level 1:colcon.colcon_core.package_identification:_identify(src/zed-ros2-wrapper/zed_components) by extension 'colcon_meta'
[0.320s] Level 1:colcon.colcon_core.package_identification:_identify(src/zed-ros2-wrapper/zed_components) by extensions ['ros']
[0.320s] Level 1:colcon.colcon_core.package_identification:_identify(src/zed-ros2-wrapper/zed_components) by extension 'ros'
[0.321s] DEBUG:colcon.colcon_core.package_identification:Package 'src/zed-ros2-wrapper/zed_components' with type 'ros.ament_cmake' and name 'zed_components'
[0.322s] Level 1:colcon.colcon_core.package_identification:_identify(src/zed-ros2-wrapper/zed_ros2) by extensions ['ignore', 'ignore_ament_install']
[0.322s] Level 1:colcon.colcon_core.package_identification:_identify(src/zed-ros2-wrapper/zed_ros2) by extension 'ignore'
[0.322s] Level 1:colcon.colcon_core.package_identification:_identify(src/zed-ros2-wrapper/zed_ros2) by extension 'ignore_ament_install'
[0.322s] Level 1:colcon.colcon_core.package_identification:_identify(src/zed-ros2-wrapper/zed_ros2) by extensions ['colcon_pkg']
[0.322s] Level 1:colcon.colcon_core.package_identification:_identify(src/zed-ros2-wrapper/zed_ros2) by extension 'colcon_pkg'
[0.322s] Level 1:colcon.colcon_core.package_identification:_identify(src/zed-ros2-wrapper/zed_ros2) by extensions ['colcon_meta']
[0.322s] Level 1:colcon.colcon_core.package_identification:_identify(src/zed-ros2-wrapper/zed_ros2) by extension 'colcon_meta'
[0.322s] Level 1:colcon.colcon_core.package_identification:_identify(src/zed-ros2-wrapper/zed_ros2) by extensions ['ros']
[0.322s] Level 1:colcon.colcon_core.package_identification:_identify(src/zed-ros2-wrapper/zed_ros2) by extension 'ros'
[0.322s] DEBUG:colcon.colcon_core.package_identification:Package 'src/zed-ros2-wrapper/zed_ros2' with type 'ros.ament_cmake' and name 'zed_ros2'
[0.322s] Level 1:colcon.colcon_core.package_identification:_identify(src/zed-ros2-wrapper/zed_wrapper) by extensions ['ignore', 'ignore_ament_install']
[0.322s] Level 1:colcon.colcon_core.package_identification:_identify(src/zed-ros2-wrapper/zed_wrapper) by extension 'ignore'
[0.323s] Level 1:colcon.colcon_core.package_identification:_identify(src/zed-ros2-wrapper/zed_wrapper) by extension 'ignore_ament_install'
[0.323s] Level 1:colcon.colcon_core.package_identification:_identify(src/zed-ros2-wrapper/zed_wrapper) by extensions ['colcon_pkg']
[0.323s] Level 1:colcon.colcon_core.package_identification:_identify(src/zed-ros2-wrapper/zed_wrapper) by extension 'colcon_pkg'
[0.323s] Level 1:colcon.colcon_core.package_identification:_identify(src/zed-ros2-wrapper/zed_wrapper) by extensions ['colcon_meta']
[0.323s] Level 1:colcon.colcon_core.package_identification:_identify(src/zed-ros2-wrapper/zed_wrapper) by extension 'colcon_meta'
[0.323s] Level 1:colcon.colcon_core.package_identification:_identify(src/zed-ros2-wrapper/zed_wrapper) by extensions ['ros']
[0.323s] Level 1:colcon.colcon_core.package_identification:_identify(src/zed-ros2-wrapper/zed_wrapper) by extension 'ros'
[0.324s] DEBUG:colcon.colcon_core.package_identification:Package 'src/zed-ros2-wrapper/zed_wrapper' with type 'ros.ament_cmake' and name 'zed_wrapper'
[0.324s] Level 1:colcon.colcon_core.package_discovery:discover_packages(recursive) using defaults
[0.324s] Level 1:colcon.colcon_core.package_discovery:discover_packages(ignore) discover
[0.324s] Level 1:colcon.colcon_core.package_discovery:discover_packages(ignore) using defaults
[0.324s] Level 1:colcon.colcon_core.package_discovery:discover_packages(path) discover
[0.324s] Level 1:colcon.colcon_core.package_discovery:discover_packages(path) using defaults
[0.346s] Level 1:colcon.colcon_core.package_discovery:discover_packages(prefix_path) check parameters
[0.346s] Level 1:colcon.colcon_core.package_discovery:discover_packages(prefix_path) discover
[0.349s] DEBUG:colcon.colcon_installed_package_information.package_discovery:Found 437 installed packages in /opt/ros/humble
[0.351s] Level 1:colcon.colcon_core.package_discovery:discover_packages(prefix_path) using defaults
[0.395s] Level 5:colcon.colcon_core.verb:set package 'naima' build argument 'cmake_args' from command line to 'None'
[0.395s] Level 5:colcon.colcon_core.verb:set package 'naima' build argument 'cmake_target' from command line to 'None'
[0.395s] Level 5:colcon.colcon_core.verb:set package 'naima' build argument 'cmake_target_skip_unavailable' from command line to 'False'
[0.395s] Level 5:colcon.colcon_core.verb:set package 'naima' build argument 'cmake_clean_cache' from command line to 'False'
[0.395s] Level 5:colcon.colcon_core.verb:set package 'naima' build argument 'cmake_clean_first' from command line to 'False'
[0.395s] Level 5:colcon.colcon_core.verb:set package 'naima' build argument 'cmake_force_configure' from command line to 'False'
[0.395s] Level 5:colcon.colcon_core.verb:set package 'naima' build argument 'ament_cmake_args' from command line to 'None'
[0.395s] Level 5:colcon.colcon_core.verb:set package 'naima' build argument 'catkin_cmake_args' from command line to 'None'
[0.395s] Level 5:colcon.colcon_core.verb:set package 'naima' build argument 'catkin_skip_building_tests' from command line to 'False'
[0.395s] DEBUG:colcon.colcon_core.verb:Building package 'naima' with the following arguments: {'ament_cmake_args': None, 'build_base': '/home/men3m/Naima/build/naima', 'catkin_cmake_args': None, 'catkin_skip_building_tests': False, 'cmake_args': None, 'cmake_clean_cache': False, 'cmake_clean_first': False, 'cmake_force_configure': False, 'cmake_target': None, 'cmake_target_skip_unavailable': False, 'install_base': '/home/men3m/Naima/install/naima', 'merge_install': False, 'path': '/home/men3m/Naima/src/naima', 'symlink_install': False, 'test_result_base': None}
[0.395s] Level 5:colcon.colcon_core.verb:set package 'naima_bringup' build argument 'cmake_args' from command line to 'None'
[0.395s] Level 5:colcon.colcon_core.verb:set package 'naima_bringup' build argument 'cmake_target' from command line to 'None'
[0.395s] Level 5:colcon.colcon_core.verb:set package 'naima_bringup' build argument 'cmake_target_skip_unavailable' from command line to 'False'
[0.395s] Level 5:colcon.colcon_core.verb:set package 'naima_bringup' build argument 'cmake_clean_cache' from command line to 'False'
[0.395s] Level 5:colcon.colcon_core.verb:set package 'naima_bringup' build argument 'cmake_clean_first' from command line to 'False'
[0.395s] Level 5:colcon.colcon_core.verb:set package 'naima_bringup' build argument 'cmake_force_configure' from command line to 'False'
[0.395s] Level 5:colcon.colcon_core.verb:set package 'naima_bringup' build argument 'ament_cmake_args' from command line to 'None'
[0.396s] Level 5:colcon.colcon_core.verb:set package 'naima_bringup' build argument 'catkin_cmake_args' from command line to 'None'
[0.396s] Level 5:colcon.colcon_core.verb:set package 'naima_bringup' build argument 'catkin_skip_building_tests' from command line to 'False'
[0.396s] DEBUG:colcon.colcon_core.verb:Building package 'naima_bringup' with the following arguments: {'ament_cmake_args': None, 'build_base': '/home/men3m/Naima/build/naima_bringup', 'catkin_cmake_args': None, 'catkin_skip_building_tests': False, 'cmake_args': None, 'cmake_clean_cache': False, 'cmake_clean_first': False, 'cmake_force_configure': False, 'cmake_target': None, 'cmake_target_skip_unavailable': False, 'install_base': '/home/men3m/Naima/install/naima_bringup', 'merge_install': False, 'path': '/home/men3m/Naima/src/naima_bringup', 'symlink_install': False, 'test_result_base': None}
[0.396s] Level 5:colcon.colcon_core.verb:set package 'naima_control' build argument 'cmake_args' from command line to 'None'
[0.396s] Level 5:colcon.colcon_core.verb:set package 'naima_control' build argument 'cmake_target' from command line to 'None'
[0.396s] Level 5:colcon.colcon_core.verb:set package 'naima_control' build argument 'cmake_target_skip_unavailable' from command line to 'False'
[0.396s] Level 5:colcon.colcon_core.verb:set package 'naima_control' build argument 'cmake_clean_cache' from command line to 'False'
[0.396s] Level 5:colcon.colcon_core.verb:set package 'naima_control' build argument 'cmake_clean_first' from command line to 'False'
[0.396s] Level 5:colcon.colcon_core.verb:set package 'naima_control' build argument 'cmake_force_configure' from command line to 'False'
[0.396s] Level 5:colcon.colcon_core.verb:set package 'naima_control' build argument 'ament_cmake_args' from command line to 'None'
[0.396s] Level 5:colcon.colcon_core.verb:set package 'naima_control' build argument 'catkin_cmake_args' from command line to 'None'
[0.396s] Level 5:colcon.colcon_core.verb:set package 'naima_control' build argument 'catkin_skip_building_tests' from command line to 'False'
[0.396s] DEBUG:colcon.colcon_core.verb:Building package 'naima_control' with the following arguments: {'ament_cmake_args': None, 'build_base': '/home/men3m/Naima/build/naima_control', 'catkin_cmake_args': None, 'catkin_skip_building_tests': False, 'cmake_args': None, 'cmake_clean_cache': False, 'cmake_clean_first': False, 'cmake_force_configure': False, 'cmake_target': None, 'cmake_target_skip_unavailable': False, 'install_base': '/home/men3m/Naima/install/naima_control', 'merge_install': False, 'path': '/home/men3m/Naima/src/naima_control', 'symlink_install': False, 'test_result_base': None}
[0.396s] Level 5:colcon.colcon_core.verb:set package 'naima_description' build argument 'cmake_args' from command line to 'None'
[0.396s] Level 5:colcon.colcon_core.verb:set package 'naima_description' build argument 'cmake_target' from command line to 'None'
[0.396s] Level 5:colcon.colcon_core.verb:set package 'naima_description' build argument 'cmake_target_skip_unavailable' from command line to 'False'
[0.396s] Level 5:colcon.colcon_core.verb:set package 'naima_description' build argument 'cmake_clean_cache' from command line to 'False'
[0.396s] Level 5:colcon.colcon_core.verb:set package 'naima_description' build argument 'cmake_clean_first' from command line to 'False'
[0.396s] Level 5:colcon.colcon_core.verb:set package 'naima_description' build argument 'cmake_force_configure' from command line to 'False'
[0.396s] Level 5:colcon.colcon_core.verb:set package 'naima_description' build argument 'ament_cmake_args' from command line to 'None'
[0.396s] Level 5:colcon.colcon_core.verb:set package 'naima_description' build argument 'catkin_cmake_args' from command line to 'None'
[0.396s] Level 5:colcon.colcon_core.verb:set package 'naima_description' build argument 'catkin_skip_building_tests' from command line to 'False'
[0.397s] DEBUG:colcon.colcon_core.verb:Building package 'naima_description' with the following arguments: {'ament_cmake_args': None, 'build_base': '/home/men3m/Naima/build/naima_description', 'catkin_cmake_args': None, 'catkin_skip_building_tests': False, 'cmake_args': None, 'cmake_clean_cache': False, 'cmake_clean_first': False, 'cmake_force_configure': False, 'cmake_target': None, 'cmake_target_skip_unavailable': False, 'install_base': '/home/men3m/Naima/install/naima_description', 'merge_install': False, 'path': '/home/men3m/Naima/src/naima_description', 'symlink_install': False, 'test_result_base': None}
[0.397s] Level 5:colcon.colcon_core.verb:set package 'naima_localization' build argument 'cmake_args' from command line to 'None'
[0.397s] Level 5:colcon.colcon_core.verb:set package 'naima_localization' build argument 'cmake_target' from command line to 'None'
[0.397s] Level 5:colcon.colcon_core.verb:set package 'naima_localization' build argument 'cmake_target_skip_unavailable' from command line to 'False'
[0.397s] Level 5:colcon.colcon_core.verb:set package 'naima_localization' build argument 'cmake_clean_cache' from command line to 'False'
[0.397s] Level 5:colcon.colcon_core.verb:set package 'naima_localization' build argument 'cmake_clean_first' from command line to 'False'
[0.397s] Level 5:colcon.colcon_core.verb:set package 'naima_localization' build argument 'cmake_force_configure' from command line to 'False'
[0.397s] Level 5:colcon.colcon_core.verb:set package 'naima_localization' build argument 'ament_cmake_args' from command line to 'None'
[0.397s] Level 5:colcon.colcon_core.verb:set package 'naima_localization' build argument 'catkin_cmake_args' from command line to 'None'
[0.397s] Level 5:colcon.colcon_core.verb:set package 'naima_localization' build argument 'catkin_skip_building_tests' from command line to 'False'
[0.397s] DEBUG:colcon.colcon_core.verb:Building package 'naima_localization' with the following arguments: {'ament_cmake_args': None, 'build_base': '/home/men3m/Naima/build/naima_localization', 'catkin_cmake_args': None, 'catkin_skip_building_tests': False, 'cmake_args': None, 'cmake_clean_cache': False, 'cmake_clean_first': False, 'cmake_force_configure': False, 'cmake_target': None, 'cmake_target_skip_unavailable': False, 'install_base': '/home/men3m/Naima/install/naima_localization', 'merge_install': False, 'path': '/home/men3m/Naima/src/naima_localization', 'symlink_install': False, 'test_result_base': None}
[0.397s] Level 5:colcon.colcon_core.verb:set package 'naima_mapping' build argument 'cmake_args' from command line to 'None'
[0.397s] Level 5:colcon.colcon_core.verb:set package 'naima_mapping' build argument 'cmake_target' from command line to 'None'
[0.397s] Level 5:colcon.colcon_core.verb:set package 'naima_mapping' build argument 'cmake_target_skip_unavailable' from command line to 'False'
[0.397s] Level 5:colcon.colcon_core.verb:set package 'naima_mapping' build argument 'cmake_clean_cache' from command line to 'False'
[0.397s] Level 5:colcon.colcon_core.verb:set package 'naima_mapping' build argument 'cmake_clean_first' from command line to 'False'
[0.397s] Level 5:colcon.colcon_core.verb:set package 'naima_mapping' build argument 'cmake_force_configure' from command line to 'False'
[0.397s] Level 5:colcon.colcon_core.verb:set package 'naima_mapping' build argument 'ament_cmake_args' from command line to 'None'
[0.397s] Level 5:colcon.colcon_core.verb:set package 'naima_mapping' build argument 'catkin_cmake_args' from command line to 'None'
[0.398s] Level 5:colcon.colcon_core.verb:set package 'naima_mapping' build argument 'catkin_skip_building_tests' from command line to 'False'
[0.398s] DEBUG:colcon.colcon_core.verb:Building package 'naima_mapping' with the following arguments: {'ament_cmake_args': None, 'build_base': '/home/men3m/Naima/build/naima_mapping', 'catkin_cmake_args': None, 'catkin_skip_building_tests': False, 'cmake_args': None, 'cmake_clean_cache': False, 'cmake_clean_first': False, 'cmake_force_configure': False, 'cmake_target': None, 'cmake_target_skip_unavailable': False, 'install_base': '/home/men3m/Naima/install/naima_mapping', 'merge_install': False, 'path': '/home/men3m/Naima/src/naima_mapping', 'symlink_install': False, 'test_result_base': None}
[0.398s] Level 5:colcon.colcon_core.verb:set package 'naima_msgs' build argument 'cmake_args' from command line to 'None'
[0.398s] Level 5:colcon.colcon_core.verb:set package 'naima_msgs' build argument 'cmake_target' from command line to 'None'
[0.398s] Level 5:colcon.colcon_core.verb:set package 'naima_msgs' build argument 'cmake_target_skip_unavailable' from command line to 'False'
[0.398s] Level 5:colcon.colcon_core.verb:set package 'naima_msgs' build argument 'cmake_clean_cache' from command line to 'False'
[0.398s] Level 5:colcon.colcon_core.verb:set package 'naima_msgs' build argument 'cmake_clean_first' from command line to 'False'
[0.398s] Level 5:colcon.colcon_core.verb:set package 'naima_msgs' build argument 'cmake_force_configure' from command line to 'False'
[0.398s] Level 5:colcon.colcon_core.verb:set package 'naima_msgs' build argument 'ament_cmake_args' from command line to 'None'
[0.398s] Level 5:colcon.colcon_core.verb:set package 'naima_msgs' build argument 'catkin_cmake_args' from command line to 'None'
[0.398s] Level 5:colcon.colcon_core.verb:set package 'naima_msgs' build argument 'catkin_skip_building_tests' from command line to 'False'
[0.398s] DEBUG:colcon.colcon_core.verb:Building package 'naima_msgs' with the following arguments: {'ament_cmake_args': None, 'build_base': '/home/men3m/Naima/build/naima_msgs', 'catkin_cmake_args': None, 'catkin_skip_building_tests': False, 'cmake_args': None, 'cmake_clean_cache': False, 'cmake_clean_first': False, 'cmake_force_configure': False, 'cmake_target': None, 'cmake_target_skip_unavailable': False, 'install_base': '/home/men3m/Naima/install/naima_msgs', 'merge_install': False, 'path': '/home/men3m/Naima/src/naima_msgs', 'symlink_install': False, 'test_result_base': None}
[0.398s] Level 5:colcon.colcon_core.verb:set package 'rviz_plugin_zed_od' build argument 'cmake_args' from command line to 'None'
[0.398s] Level 5:colcon.colcon_core.verb:set package 'rviz_plugin_zed_od' build argument 'cmake_target' from command line to 'None'
[0.398s] Level 5:colcon.colcon_core.verb:set package 'rviz_plugin_zed_od' build argument 'cmake_target_skip_unavailable' from command line to 'False'
[0.398s] Level 5:colcon.colcon_core.verb:set package 'rviz_plugin_zed_od' build argument 'cmake_clean_cache' from command line to 'False'
[0.398s] Level 5:colcon.colcon_core.verb:set package 'rviz_plugin_zed_od' build argument 'cmake_clean_first' from command line to 'False'
[0.398s] Level 5:colcon.colcon_core.verb:set package 'rviz_plugin_zed_od' build argument 'cmake_force_configure' from command line to 'False'
[0.398s] Level 5:colcon.colcon_core.verb:set package 'rviz_plugin_zed_od' build argument 'ament_cmake_args' from command line to 'None'
[0.398s] Level 5:colcon.colcon_core.verb:set package 'rviz_plugin_zed_od' build argument 'catkin_cmake_args' from command line to 'None'
[0.398s] Level 5:colcon.colcon_core.verb:set package 'rviz_plugin_zed_od' build argument 'catkin_skip_building_tests' from command line to 'False'
[0.398s] DEBUG:colcon.colcon_core.verb:Building package 'rviz_plugin_zed_od' with the following arguments: {'ament_cmake_args': None, 'build_base': '/home/men3m/Naima/build/rviz_plugin_zed_od', 'catkin_cmake_args': None, 'catkin_skip_building_tests': False, 'cmake_args': None, 'cmake_clean_cache': False, 'cmake_clean_first': False, 'cmake_force_configure': False, 'cmake_target': None, 'cmake_target_skip_unavailable': False, 'install_base': '/home/men3m/Naima/install/rviz_plugin_zed_od', 'merge_install': False, 'path': '/home/men3m/Naima/src/zed-ros2-examples/rviz-plugin-zed-od', 'symlink_install': False, 'test_result_base': None}
[0.399s] Level 5:colcon.colcon_core.verb:set package 'ublox_serialization' build argument 'cmake_args' from command line to 'None'
[0.399s] Level 5:colcon.colcon_core.verb:set package 'ublox_serialization' build argument 'cmake_target' from command line to 'None'
[0.399s] Level 5:colcon.colcon_core.verb:set package 'ublox_serialization' build argument 'cmake_target_skip_unavailable' from command line to 'False'
[0.399s] Level 5:colcon.colcon_core.verb:set package 'ublox_serialization' build argument 'cmake_clean_cache' from command line to 'False'
[0.399s] Level 5:colcon.colcon_core.verb:set package 'ublox_serialization' build argument 'cmake_clean_first' from command line to 'False'
[0.399s] Level 5:colcon.colcon_core.verb:set package 'ublox_serialization' build argument 'cmake_force_configure' from command line to 'False'
[0.399s] Level 5:colcon.colcon_core.verb:set package 'ublox_serialization' build argument 'ament_cmake_args' from command line to 'None'
[0.399s] Level 5:colcon.colcon_core.verb:set package 'ublox_serialization' build argument 'catkin_cmake_args' from command line to 'None'
[0.399s] Level 5:colcon.colcon_core.verb:set package 'ublox_serialization' build argument 'catkin_skip_building_tests' from command line to 'False'
[0.399s] DEBUG:colcon.colcon_core.verb:Building package 'ublox_serialization' with the following arguments: {'ament_cmake_args': None, 'build_base': '/home/men3m/Naima/build/ublox_serialization', 'catkin_cmake_args': None, 'catkin_skip_building_tests': False, 'cmake_args': None, 'cmake_clean_cache': False, 'cmake_clean_first': False, 'cmake_force_configure': False, 'cmake_target': None, 'cmake_target_skip_unavailable': False, 'install_base': '/home/men3m/Naima/install/ublox_serialization', 'merge_install': False, 'path': '/home/men3m/Naima/src/naima_ublox_gps/ublox_serialization', 'symlink_install': False, 'test_result_base': None}
[0.399s] Level 5:colcon.colcon_core.verb:set package 'zed_components' build argument 'cmake_args' from command line to 'None'
[0.399s] Level 5:colcon.colcon_core.verb:set package 'zed_components' build argument 'cmake_target' from command line to 'None'
[0.399s] Level 5:colcon.colcon_core.verb:set package 'zed_components' build argument 'cmake_target_skip_unavailable' from command line to 'False'
[0.399s] Level 5:colcon.colcon_core.verb:set package 'zed_components' build argument 'cmake_clean_cache' from command line to 'False'
[0.399s] Level 5:colcon.colcon_core.verb:set package 'zed_components' build argument 'cmake_clean_first' from command line to 'False'
[0.399s] Level 5:colcon.colcon_core.verb:set package 'zed_components' build argument 'cmake_force_configure' from command line to 'False'
[0.399s] Level 5:colcon.colcon_core.verb:set package 'zed_components' build argument 'ament_cmake_args' from command line to 'None'
[0.399s] Level 5:colcon.colcon_core.verb:set package 'zed_components' build argument 'catkin_cmake_args' from command line to 'None'
[0.399s] Level 5:colcon.colcon_core.verb:set package 'zed_components' build argument 'catkin_skip_building_tests' from command line to 'False'
[0.399s] DEBUG:colcon.colcon_core.verb:Building package 'zed_components' with the following arguments: {'ament_cmake_args': None, 'build_base': '/home/men3m/Naima/build/zed_components', 'catkin_cmake_args': None, 'catkin_skip_building_tests': False, 'cmake_args': None, 'cmake_clean_cache': False, 'cmake_clean_first': False, 'cmake_force_configure': False, 'cmake_target': None, 'cmake_target_skip_unavailable': False, 'install_base': '/home/men3m/Naima/install/zed_components', 'merge_install': False, 'path': '/home/men3m/Naima/src/zed-ros2-wrapper/zed_components', 'symlink_install': False, 'test_result_base': None}
[0.400s] Level 5:colcon.colcon_core.verb:set package 'zed_topic_benchmark_interfaces' build argument 'cmake_args' from command line to 'None'
[0.400s] Level 5:colcon.colcon_core.verb:set package 'zed_topic_benchmark_interfaces' build argument 'cmake_target' from command line to 'None'
[0.400s] Level 5:colcon.colcon_core.verb:set package 'zed_topic_benchmark_interfaces' build argument 'cmake_target_skip_unavailable' from command line to 'False'
[0.400s] Level 5:colcon.colcon_core.verb:set package 'zed_topic_benchmark_interfaces' build argument 'cmake_clean_cache' from command line to 'False'
[0.400s] Level 5:colcon.colcon_core.verb:set package 'zed_topic_benchmark_interfaces' build argument 'cmake_clean_first' from command line to 'False'
[0.400s] Level 5:colcon.colcon_core.verb:set package 'zed_topic_benchmark_interfaces' build argument 'cmake_force_configure' from command line to 'False'
[0.400s] Level 5:colcon.colcon_core.verb:set package 'zed_topic_benchmark_interfaces' build argument 'ament_cmake_args' from command line to 'None'
[0.400s] Level 5:colcon.colcon_core.verb:set package 'zed_topic_benchmark_interfaces' build argument 'catkin_cmake_args' from command line to 'None'
[0.400s] Level 5:colcon.colcon_core.verb:set package 'zed_topic_benchmark_interfaces' build argument 'catkin_skip_building_tests' from command line to 'False'
[0.400s] DEBUG:colcon.colcon_core.verb:Building package 'zed_topic_benchmark_interfaces' with the following arguments: {'ament_cmake_args': None, 'build_base': '/home/men3m/Naima/build/zed_topic_benchmark_interfaces', 'catkin_cmake_args': None, 'catkin_skip_building_tests': False, 'cmake_args': None, 'cmake_clean_cache': False, 'cmake_clean_first': False, 'cmake_force_configure': False, 'cmake_target': None, 'cmake_target_skip_unavailable': False, 'install_base': '/home/men3m/Naima/install/zed_topic_benchmark_interfaces', 'merge_install': False, 'path': '/home/men3m/Naima/src/zed-ros2-examples/tools/zed_benchmark_interfaces', 'symlink_install': False, 'test_result_base': None}
[0.400s] Level 5:colcon.colcon_core.verb:set package 'zed_tutorial_depth' build argument 'cmake_args' from command line to 'None'
[0.400s] Level 5:colcon.colcon_core.verb:set package 'zed_tutorial_depth' build argument 'cmake_target' from command line to 'None'
[0.400s] Level 5:colcon.colcon_core.verb:set package 'zed_tutorial_depth' build argument 'cmake_target_skip_unavailable' from command line to 'False'
[0.400s] Level 5:colcon.colcon_core.verb:set package 'zed_tutorial_depth' build argument 'cmake_clean_cache' from command line to 'False'
[0.400s] Level 5:colcon.colcon_core.verb:set package 'zed_tutorial_depth' build argument 'cmake_clean_first' from command line to 'False'
[0.400s] Level 5:colcon.colcon_core.verb:set package 'zed_tutorial_depth' build argument 'cmake_force_configure' from command line to 'False'
[0.400s] Level 5:colcon.colcon_core.verb:set package 'zed_tutorial_depth' build argument 'ament_cmake_args' from command line to 'None'
[0.400s] Level 5:colcon.colcon_core.verb:set package 'zed_tutorial_depth' build argument 'catkin_cmake_args' from command line to 'None'
[0.400s] Level 5:colcon.colcon_core.verb:set package 'zed_tutorial_depth' build argument 'catkin_skip_building_tests' from command line to 'False'
[0.400s] DEBUG:colcon.colcon_core.verb:Building package 'zed_tutorial_depth' with the following arguments: {'ament_cmake_args': None, 'build_base': '/home/men3m/Naima/build/zed_tutorial_depth', 'catkin_cmake_args': None, 'catkin_skip_building_tests': False, 'cmake_args': None, 'cmake_clean_cache': False, 'cmake_clean_first': False, 'cmake_force_configure': False, 'cmake_target': None, 'cmake_target_skip_unavailable': False, 'install_base': '/home/men3m/Naima/install/zed_tutorial_depth', 'merge_install': False, 'path': '/home/men3m/Naima/src/zed-ros2-examples/tutorials/zed_depth_tutorial', 'symlink_install': False, 'test_result_base': None}
[0.401s] Level 5:colcon.colcon_core.verb:set package 'zed_tutorial_pos_tracking' build argument 'cmake_args' from command line to 'None'
[0.401s] Level 5:colcon.colcon_core.verb:set package 'zed_tutorial_pos_tracking' build argument 'cmake_target' from command line to 'None'
[0.401s] Level 5:colcon.colcon_core.verb:set package 'zed_tutorial_pos_tracking' build argument 'cmake_target_skip_unavailable' from command line to 'False'
[0.401s] Level 5:colcon.colcon_core.verb:set package 'zed_tutorial_pos_tracking' build argument 'cmake_clean_cache' from command line to 'False'
[0.401s] Level 5:colcon.colcon_core.verb:set package 'zed_tutorial_pos_tracking' build argument 'cmake_clean_first' from command line to 'False'
[0.401s] Level 5:colcon.colcon_core.verb:set package 'zed_tutorial_pos_tracking' build argument 'cmake_force_configure' from command line to 'False'
[0.401s] Level 5:colcon.colcon_core.verb:set package 'zed_tutorial_pos_tracking' build argument 'ament_cmake_args' from command line to 'None'
[0.401s] Level 5:colcon.colcon_core.verb:set package 'zed_tutorial_pos_tracking' build argument 'catkin_cmake_args' from command line to 'None'
[0.401s] Level 5:colcon.colcon_core.verb:set package 'zed_tutorial_pos_tracking' build argument 'catkin_skip_building_tests' from command line to 'False'
[0.401s] DEBUG:colcon.colcon_core.verb:Building package 'zed_tutorial_pos_tracking' with the following arguments: {'ament_cmake_args': None, 'build_base': '/home/men3m/Naima/build/zed_tutorial_pos_tracking', 'catkin_cmake_args': None, 'catkin_skip_building_tests': False, 'cmake_args': None, 'cmake_clean_cache': False, 'cmake_clean_first': False, 'cmake_force_configure': False, 'cmake_target': None, 'cmake_target_skip_unavailable': False, 'install_base': '/home/men3m/Naima/install/zed_tutorial_pos_tracking', 'merge_install': False, 'path': '/home/men3m/Naima/src/zed-ros2-examples/tutorials/zed_pose_tutorial', 'symlink_install': False, 'test_result_base': None}
[0.401s] Level 5:colcon.colcon_core.verb:set package 'zed_tutorial_video' build argument 'cmake_args' from command line to 'None'
[0.401s] Level 5:colcon.colcon_core.verb:set package 'zed_tutorial_video' build argument 'cmake_target' from command line to 'None'
[0.401s] Level 5:colcon.colcon_core.verb:set package 'zed_tutorial_video' build argument 'cmake_target_skip_unavailable' from command line to 'False'
[0.401s] Level 5:colcon.colcon_core.verb:set package 'zed_tutorial_video' build argument 'cmake_clean_cache' from command line to 'False'
[0.401s] Level 5:colcon.colcon_core.verb:set package 'zed_tutorial_video' build argument 'cmake_clean_first' from command line to 'False'
[0.401s] Level 5:colcon.colcon_core.verb:set package 'zed_tutorial_video' build argument 'cmake_force_configure' from command line to 'False'
[0.401s] Level 5:colcon.colcon_core.verb:set package 'zed_tutorial_video' build argument 'ament_cmake_args' from command line to 'None'
[0.401s] Level 5:colcon.colcon_core.verb:set package 'zed_tutorial_video' build argument 'catkin_cmake_args' from command line to 'None'
[0.401s] Level 5:colcon.colcon_core.verb:set package 'zed_tutorial_video' build argument 'catkin_skip_building_tests' from command line to 'False'
[0.401s] DEBUG:colcon.colcon_core.verb:Building package 'zed_tutorial_video' with the following arguments: {'ament_cmake_args': None, 'build_base': '/home/men3m/Naima/build/zed_tutorial_video', 'catkin_cmake_args': None, 'catkin_skip_building_tests': False, 'cmake_args': None, 'cmake_clean_cache': False, 'cmake_clean_first': False, 'cmake_force_configure': False, 'cmake_target': None, 'cmake_target_skip_unavailable': False, 'install_base': '/home/men3m/Naima/install/zed_tutorial_video', 'merge_install': False, 'path': '/home/men3m/Naima/src/zed-ros2-examples/tutorials/zed_video_tutorial', 'symlink_install': False, 'test_result_base': None}
[0.402s] Level 5:colcon.colcon_core.verb:set package 'naima_examples' build argument 'cmake_args' from command line to 'None'
[0.402s] Level 5:colcon.colcon_core.verb:set package 'naima_examples' build argument 'cmake_target' from command line to 'None'
[0.402s] Level 5:colcon.colcon_core.verb:set package 'naima_examples' build argument 'cmake_target_skip_unavailable' from command line to 'False'
[0.402s] Level 5:colcon.colcon_core.verb:set package 'naima_examples' build argument 'cmake_clean_cache' from command line to 'False'
[0.402s] Level 5:colcon.colcon_core.verb:set package 'naima_examples' build argument 'cmake_clean_first' from command line to 'False'
[0.402s] Level 5:colcon.colcon_core.verb:set package 'naima_examples' build argument 'cmake_force_configure' from command line to 'False'
[0.402s] Level 5:colcon.colcon_core.verb:set package 'naima_examples' build argument 'ament_cmake_args' from command line to 'None'
[0.402s] Level 5:colcon.colcon_core.verb:set package 'naima_examples' build argument 'catkin_cmake_args' from command line to 'None'
[0.402s] Level 5:colcon.colcon_core.verb:set package 'naima_examples' build argument 'catkin_skip_building_tests' from command line to 'False'
[0.402s] DEBUG:colcon.colcon_core.verb:Building package 'naima_examples' with the following arguments: {'ament_cmake_args': None, 'build_base': '/home/men3m/Naima/build/naima_examples', 'catkin_cmake_args': None, 'catkin_skip_building_tests': False, 'cmake_args': None, 'cmake_clean_cache': False, 'cmake_clean_first': False, 'cmake_force_configure': False, 'cmake_target': None, 'cmake_target_skip_unavailable': False, 'install_base': '/home/men3m/Naima/install/naima_examples', 'merge_install': False, 'path': '/home/men3m/Naima/src/naima_examples', 'symlink_install': False, 'test_result_base': None}
[0.402s] Level 5:colcon.colcon_core.verb:set package 'ublox_msgs' build argument 'cmake_args' from command line to 'None'
[0.402s] Level 5:colcon.colcon_core.verb:set package 'ublox_msgs' build argument 'cmake_target' from command line to 'None'
[0.402s] Level 5:colcon.colcon_core.verb:set package 'ublox_msgs' build argument 'cmake_target_skip_unavailable' from command line to 'False'
[0.402s] Level 5:colcon.colcon_core.verb:set package 'ublox_msgs' build argument 'cmake_clean_cache' from command line to 'False'
[0.402s] Level 5:colcon.colcon_core.verb:set package 'ublox_msgs' build argument 'cmake_clean_first' from command line to 'False'
[0.402s] Level 5:colcon.colcon_core.verb:set package 'ublox_msgs' build argument 'cmake_force_configure' from command line to 'False'
[0.402s] Level 5:colcon.colcon_core.verb:set package 'ublox_msgs' build argument 'ament_cmake_args' from command line to 'None'
[0.402s] Level 5:colcon.colcon_core.verb:set package 'ublox_msgs' build argument 'catkin_cmake_args' from command line to 'None'
[0.402s] Level 5:colcon.colcon_core.verb:set package 'ublox_msgs' build argument 'catkin_skip_building_tests' from command line to 'False'
[0.402s] DEBUG:colcon.colcon_core.verb:Building package 'ublox_msgs' with the following arguments: {'ament_cmake_args': None, 'build_base': '/home/men3m/Naima/build/ublox_msgs', 'catkin_cmake_args': None, 'catkin_skip_building_tests': False, 'cmake_args': None, 'cmake_clean_cache': False, 'cmake_clean_first': False, 'cmake_force_configure': False, 'cmake_target': None, 'cmake_target_skip_unavailable': False, 'install_base': '/home/men3m/Naima/install/ublox_msgs', 'merge_install': False, 'path': '/home/men3m/Naima/src/naima_ublox_gps/ublox_msgs', 'symlink_install': False, 'test_result_base': None}
[0.403s] Level 5:colcon.colcon_core.verb:set package 'zed_aruco_localization' build argument 'cmake_args' from command line to 'None'
[0.403s] Level 5:colcon.colcon_core.verb:set package 'zed_aruco_localization' build argument 'cmake_target' from command line to 'None'
[0.403s] Level 5:colcon.colcon_core.verb:set package 'zed_aruco_localization' build argument 'cmake_target_skip_unavailable' from command line to 'False'
[0.403s] Level 5:colcon.colcon_core.verb:set package 'zed_aruco_localization' build argument 'cmake_clean_cache' from command line to 'False'
[0.403s] Level 5:colcon.colcon_core.verb:set package 'zed_aruco_localization' build argument 'cmake_clean_first' from command line to 'False'
[0.403s] Level 5:colcon.colcon_core.verb:set package 'zed_aruco_localization' build argument 'cmake_force_configure' from command line to 'False'
[0.403s] Level 5:colcon.colcon_core.verb:set package 'zed_aruco_localization' build argument 'ament_cmake_args' from command line to 'None'
[0.403s] Level 5:colcon.colcon_core.verb:set package 'zed_aruco_localization' build argument 'catkin_cmake_args' from command line to 'None'
[0.403s] Level 5:colcon.colcon_core.verb:set package 'zed_aruco_localization' build argument 'catkin_skip_building_tests' from command line to 'False'
[0.403s] DEBUG:colcon.colcon_core.verb:Building package 'zed_aruco_localization' with the following arguments: {'ament_cmake_args': None, 'build_base': '/home/men3m/Naima/build/zed_aruco_localization', 'catkin_cmake_args': None, 'catkin_skip_building_tests': False, 'cmake_args': None, 'cmake_clean_cache': False, 'cmake_clean_first': False, 'cmake_force_configure': False, 'cmake_target': None, 'cmake_target_skip_unavailable': False, 'install_base': '/home/men3m/Naima/install/zed_aruco_localization', 'merge_install': False, 'path': '/home/men3m/Naima/src/zed-ros2-examples/examples/zed_aruco_localization', 'symlink_install': False, 'test_result_base': None}
[0.403s] Level 5:colcon.colcon_core.verb:set package 'zed_rgb_convert' build argument 'cmake_args' from command line to 'None'
[0.403s] Level 5:colcon.colcon_core.verb:set package 'zed_rgb_convert' build argument 'cmake_target' from command line to 'None'
[0.403s] Level 5:colcon.colcon_core.verb:set package 'zed_rgb_convert' build argument 'cmake_target_skip_unavailable' from command line to 'False'
[0.403s] Level 5:colcon.colcon_core.verb:set package 'zed_rgb_convert' build argument 'cmake_clean_cache' from command line to 'False'
[0.403s] Level 5:colcon.colcon_core.verb:set package 'zed_rgb_convert' build argument 'cmake_clean_first' from command line to 'False'
[0.403s] Level 5:colcon.colcon_core.verb:set package 'zed_rgb_convert' build argument 'cmake_force_configure' from command line to 'False'
[0.403s] Level 5:colcon.colcon_core.verb:set package 'zed_rgb_convert' build argument 'ament_cmake_args' from command line to 'None'
[0.403s] Level 5:colcon.colcon_core.verb:set package 'zed_rgb_convert' build argument 'catkin_cmake_args' from command line to 'None'
[0.403s] Level 5:colcon.colcon_core.verb:set package 'zed_rgb_convert' build argument 'catkin_skip_building_tests' from command line to 'False'
[0.403s] DEBUG:colcon.colcon_core.verb:Building package 'zed_rgb_convert' with the following arguments: {'ament_cmake_args': None, 'build_base': '/home/men3m/Naima/build/zed_rgb_convert', 'catkin_cmake_args': None, 'catkin_skip_building_tests': False, 'cmake_args': None, 'cmake_clean_cache': False, 'cmake_clean_first': False, 'cmake_force_configure': False, 'cmake_target': None, 'cmake_target_skip_unavailable': False, 'install_base': '/home/men3m/Naima/install/zed_rgb_convert', 'merge_install': False, 'path': '/home/men3m/Naima/src/zed-ros2-examples/tutorials/zed_rgb_convert', 'symlink_install': False, 'test_result_base': None}
[0.403s] Level 5:colcon.colcon_core.verb:set package 'zed_topic_benchmark_component' build argument 'cmake_args' from command line to 'None'
[0.403s] Level 5:colcon.colcon_core.verb:set package 'zed_topic_benchmark_component' build argument 'cmake_target' from command line to 'None'
[0.403s] Level 5:colcon.colcon_core.verb:set package 'zed_topic_benchmark_component' build argument 'cmake_target_skip_unavailable' from command line to 'False'
[0.403s] Level 5:colcon.colcon_core.verb:set package 'zed_topic_benchmark_component' build argument 'cmake_clean_cache' from command line to 'False'
[0.404s] Level 5:colcon.colcon_core.verb:set package 'zed_topic_benchmark_component' build argument 'cmake_clean_first' from command line to 'False'
[0.404s] Level 5:colcon.colcon_core.verb:set package 'zed_topic_benchmark_component' build argument 'cmake_force_configure' from command line to 'False'
[0.404s] Level 5:colcon.colcon_core.verb:set package 'zed_topic_benchmark_component' build argument 'ament_cmake_args' from command line to 'None'
[0.404s] Level 5:colcon.colcon_core.verb:set package 'zed_topic_benchmark_component' build argument 'catkin_cmake_args' from command line to 'None'
[0.404s] Level 5:colcon.colcon_core.verb:set package 'zed_topic_benchmark_component' build argument 'catkin_skip_building_tests' from command line to 'False'
[0.404s] DEBUG:colcon.colcon_core.verb:Building package 'zed_topic_benchmark_component' with the following arguments: {'ament_cmake_args': None, 'build_base': '/home/men3m/Naima/build/zed_topic_benchmark_component', 'catkin_cmake_args': None, 'catkin_skip_building_tests': False, 'cmake_args': None, 'cmake_clean_cache': False, 'cmake_clean_first': False, 'cmake_force_configure': False, 'cmake_target': None, 'cmake_target_skip_unavailable': False, 'install_base': '/home/men3m/Naima/install/zed_topic_benchmark_component', 'merge_install': False, 'path': '/home/men3m/Naima/src/zed-ros2-examples/tools/zed_benchmark_component', 'symlink_install': False, 'test_result_base': None}
[0.404s] Level 5:colcon.colcon_core.verb:set package 'zed_wrapper' build argument 'cmake_args' from command line to 'None'
[0.404s] Level 5:colcon.colcon_core.verb:set package 'zed_wrapper' build argument 'cmake_target' from command line to 'None'
[0.404s] Level 5:colcon.colcon_core.verb:set package 'zed_wrapper' build argument 'cmake_target_skip_unavailable' from command line to 'False'
[0.404s] Level 5:colcon.colcon_core.verb:set package 'zed_wrapper' build argument 'cmake_clean_cache' from command line to 'False'
[0.404s] Level 5:colcon.colcon_core.verb:set package 'zed_wrapper' build argument 'cmake_clean_first' from command line to 'False'
[0.404s] Level 5:colcon.colcon_core.verb:set package 'zed_wrapper' build argument 'cmake_force_configure' from command line to 'False'
[0.404s] Level 5:colcon.colcon_core.verb:set package 'zed_wrapper' build argument 'ament_cmake_args' from command line to 'None'
[0.404s] Level 5:colcon.colcon_core.verb:set package 'zed_wrapper' build argument 'catkin_cmake_args' from command line to 'None'
[0.404s] Level 5:colcon.colcon_core.verb:set package 'zed_wrapper' build argument 'catkin_skip_building_tests' from command line to 'False'
[0.404s] DEBUG:colcon.colcon_core.verb:Building package 'zed_wrapper' with the following arguments: {'ament_cmake_args': None, 'build_base': '/home/men3m/Naima/build/zed_wrapper', 'catkin_cmake_args': None, 'catkin_skip_building_tests': False, 'cmake_args': None, 'cmake_clean_cache': False, 'cmake_clean_first': False, 'cmake_force_configure': False, 'cmake_target': None, 'cmake_target_skip_unavailable': False, 'install_base': '/home/men3m/Naima/install/zed_wrapper', 'merge_install': False, 'path': '/home/men3m/Naima/src/zed-ros2-wrapper/zed_wrapper', 'symlink_install': False, 'test_result_base': None}
[0.404s] Level 5:colcon.colcon_core.verb:set package 'ublox_gps' build argument 'cmake_args' from command line to 'None'
[0.404s] Level 5:colcon.colcon_core.verb:set package 'ublox_gps' build argument 'cmake_target' from command line to 'None'
[0.404s] Level 5:colcon.colcon_core.verb:set package 'ublox_gps' build argument 'cmake_target_skip_unavailable' from command line to 'False'
[0.404s] Level 5:colcon.colcon_core.verb:set package 'ublox_gps' build argument 'cmake_clean_cache' from command line to 'False'
[0.404s] Level 5:colcon.colcon_core.verb:set package 'ublox_gps' build argument 'cmake_clean_first' from command line to 'False'
[0.404s] Level 5:colcon.colcon_core.verb:set package 'ublox_gps' build argument 'cmake_force_configure' from command line to 'False'
[0.404s] Level 5:colcon.colcon_core.verb:set package 'ublox_gps' build argument 'ament_cmake_args' from command line to 'None'
[0.404s] Level 5:colcon.colcon_core.verb:set package 'ublox_gps' build argument 'catkin_cmake_args' from command line to 'None'
[0.405s] Level 5:colcon.colcon_core.verb:set package 'ublox_gps' build argument 'catkin_skip_building_tests' from command line to 'False'
[0.405s] DEBUG:colcon.colcon_core.verb:Building package 'ublox_gps' with the following arguments: {'ament_cmake_args': None, 'build_base': '/home/men3m/Naima/build/ublox_gps', 'catkin_cmake_args': None, 'catkin_skip_building_tests': False, 'cmake_args': None, 'cmake_clean_cache': False, 'cmake_clean_first': False, 'cmake_force_configure': False, 'cmake_target': None, 'cmake_target_skip_unavailable': False, 'install_base': '/home/men3m/Naima/install/ublox_gps', 'merge_install': False, 'path': '/home/men3m/Naima/src/naima_ublox_gps/ublox_gps', 'symlink_install': False, 'test_result_base': None}
[0.405s] Level 5:colcon.colcon_core.verb:set package 'zed_depth_to_laserscan' build argument 'cmake_args' from command line to 'None'
[0.405s] Level 5:colcon.colcon_core.verb:set package 'zed_depth_to_laserscan' build argument 'cmake_target' from command line to 'None'
[0.405s] Level 5:colcon.colcon_core.verb:set package 'zed_depth_to_laserscan' build argument 'cmake_target_skip_unavailable' from command line to 'False'
[0.405s] Level 5:colcon.colcon_core.verb:set package 'zed_depth_to_laserscan' build argument 'cmake_clean_cache' from command line to 'False'
[0.405s] Level 5:colcon.colcon_core.verb:set package 'zed_depth_to_laserscan' build argument 'cmake_clean_first' from command line to 'False'
[0.405s] Level 5:colcon.colcon_core.verb:set package 'zed_depth_to_laserscan' build argument 'cmake_force_configure' from command line to 'False'
[0.405s] Level 5:colcon.colcon_core.verb:set package 'zed_depth_to_laserscan' build argument 'ament_cmake_args' from command line to 'None'
[0.405s] Level 5:colcon.colcon_core.verb:set package 'zed_depth_to_laserscan' build argument 'catkin_cmake_args' from command line to 'None'
[0.405s] Level 5:colcon.colcon_core.verb:set package 'zed_depth_to_laserscan' build argument 'catkin_skip_building_tests' from command line to 'False'
[0.405s] DEBUG:colcon.colcon_core.verb:Building package 'zed_depth_to_laserscan' with the following arguments: {'ament_cmake_args': None, 'build_base': '/home/men3m/Naima/build/zed_depth_to_laserscan', 'catkin_cmake_args': None, 'catkin_skip_building_tests': False, 'cmake_args': None, 'cmake_clean_cache': False, 'cmake_clean_first': False, 'cmake_force_configure': False, 'cmake_target': None, 'cmake_target_skip_unavailable': False, 'install_base': '/home/men3m/Naima/install/zed_depth_to_laserscan', 'merge_install': False, 'path': '/home/men3m/Naima/src/zed-ros2-examples/examples/zed_depth_to_laserscan', 'symlink_install': False, 'test_result_base': None}
[0.405s] Level 5:colcon.colcon_core.verb:set package 'zed_display_rviz2' build argument 'cmake_args' from command line to 'None'
[0.405s] Level 5:colcon.colcon_core.verb:set package 'zed_display_rviz2' build argument 'cmake_target' from command line to 'None'
[0.405s] Level 5:colcon.colcon_core.verb:set package 'zed_display_rviz2' build argument 'cmake_target_skip_unavailable' from command line to 'False'
[0.405s] Level 5:colcon.colcon_core.verb:set package 'zed_display_rviz2' build argument 'cmake_clean_cache' from command line to 'False'
[0.405s] Level 5:colcon.colcon_core.verb:set package 'zed_display_rviz2' build argument 'cmake_clean_first' from command line to 'False'
[0.405s] Level 5:colcon.colcon_core.verb:set package 'zed_display_rviz2' build argument 'cmake_force_configure' from command line to 'False'
[0.405s] Level 5:colcon.colcon_core.verb:set package 'zed_display_rviz2' build argument 'ament_cmake_args' from command line to 'None'
[0.405s] Level 5:colcon.colcon_core.verb:set package 'zed_display_rviz2' build argument 'catkin_cmake_args' from command line to 'None'
[0.405s] Level 5:colcon.colcon_core.verb:set package 'zed_display_rviz2' build argument 'catkin_skip_building_tests' from command line to 'False'
[0.406s] DEBUG:colcon.colcon_core.verb:Building package 'zed_display_rviz2' with the following arguments: {'ament_cmake_args': None, 'build_base': '/home/men3m/Naima/build/zed_display_rviz2', 'catkin_cmake_args': None, 'catkin_skip_building_tests': False, 'cmake_args': None, 'cmake_clean_cache': False, 'cmake_clean_first': False, 'cmake_force_configure': False, 'cmake_target': None, 'cmake_target_skip_unavailable': False, 'install_base': '/home/men3m/Naima/install/zed_display_rviz2', 'merge_install': False, 'path': '/home/men3m/Naima/src/zed-ros2-examples/zed_display_rviz2', 'symlink_install': False, 'test_result_base': None}
[0.406s] Level 5:colcon.colcon_core.verb:set package 'zed_multi_camera' build argument 'cmake_args' from command line to 'None'
[0.406s] Level 5:colcon.colcon_core.verb:set package 'zed_multi_camera' build argument 'cmake_target' from command line to 'None'
[0.406s] Level 5:colcon.colcon_core.verb:set package 'zed_multi_camera' build argument 'cmake_target_skip_unavailable' from command line to 'False'
[0.406s] Level 5:colcon.colcon_core.verb:set package 'zed_multi_camera' build argument 'cmake_clean_cache' from command line to 'False'
[0.406s] Level 5:colcon.colcon_core.verb:set package 'zed_multi_camera' build argument 'cmake_clean_first' from command line to 'False'
[0.406s] Level 5:colcon.colcon_core.verb:set package 'zed_multi_camera' build argument 'cmake_force_configure' from command line to 'False'
[0.406s] Level 5:colcon.colcon_core.verb:set package 'zed_multi_camera' build argument 'ament_cmake_args' from command line to 'None'
[0.406s] Level 5:colcon.colcon_core.verb:set package 'zed_multi_camera' build argument 'catkin_cmake_args' from command line to 'None'
[0.406s] Level 5:colcon.colcon_core.verb:set package 'zed_multi_camera' build argument 'catkin_skip_building_tests' from command line to 'False'
[0.406s] DEBUG:colcon.colcon_core.verb:Building package 'zed_multi_camera' with the following arguments: {'ament_cmake_args': None, 'build_base': '/home/men3m/Naima/build/zed_multi_camera', 'catkin_cmake_args': None, 'catkin_skip_building_tests': False, 'cmake_args': None, 'cmake_clean_cache': False, 'cmake_clean_first': False, 'cmake_force_configure': False, 'cmake_target': None, 'cmake_target_skip_unavailable': False, 'install_base': '/home/men3m/Naima/install/zed_multi_camera', 'merge_install': False, 'path': '/home/men3m/Naima/src/zed-ros2-examples/tutorials/zed_multi_camera', 'symlink_install': False, 'test_result_base': None}
[0.406s] Level 5:colcon.colcon_core.verb:set package 'zed_robot_integration' build argument 'cmake_args' from command line to 'None'
[0.406s] Level 5:colcon.colcon_core.verb:set package 'zed_robot_integration' build argument 'cmake_target' from command line to 'None'
[0.406s] Level 5:colcon.colcon_core.verb:set package 'zed_robot_integration' build argument 'cmake_target_skip_unavailable' from command line to 'False'
[0.406s] Level 5:colcon.colcon_core.verb:set package 'zed_robot_integration' build argument 'cmake_clean_cache' from command line to 'False'
[0.406s] Level 5:colcon.colcon_core.verb:set package 'zed_robot_integration' build argument 'cmake_clean_first' from command line to 'False'
[0.406s] Level 5:colcon.colcon_core.verb:set package 'zed_robot_integration' build argument 'cmake_force_configure' from command line to 'False'
[0.406s] Level 5:colcon.colcon_core.verb:set package 'zed_robot_integration' build argument 'ament_cmake_args' from command line to 'None'
[0.406s] Level 5:colcon.colcon_core.verb:set package 'zed_robot_integration' build argument 'catkin_cmake_args' from command line to 'None'
[0.406s] Level 5:colcon.colcon_core.verb:set package 'zed_robot_integration' build argument 'catkin_skip_building_tests' from command line to 'False'
[0.406s] DEBUG:colcon.colcon_core.verb:Building package 'zed_robot_integration' with the following arguments: {'ament_cmake_args': None, 'build_base': '/home/men3m/Naima/build/zed_robot_integration', 'catkin_cmake_args': None, 'catkin_skip_building_tests': False, 'cmake_args': None, 'cmake_clean_cache': False, 'cmake_clean_first': False, 'cmake_force_configure': False, 'cmake_target': None, 'cmake_target_skip_unavailable': False, 'install_base': '/home/men3m/Naima/install/zed_robot_integration', 'merge_install': False, 'path': '/home/men3m/Naima/src/zed-ros2-examples/tutorials/zed_robot_integration', 'symlink_install': False, 'test_result_base': None}
[0.407s] Level 5:colcon.colcon_core.verb:set package 'zed_ros2' build argument 'cmake_args' from command line to 'None'
[0.407s] Level 5:colcon.colcon_core.verb:set package 'zed_ros2' build argument 'cmake_target' from command line to 'None'
[0.407s] Level 5:colcon.colcon_core.verb:set package 'zed_ros2' build argument 'cmake_target_skip_unavailable' from command line to 'False'
[0.407s] Level 5:colcon.colcon_core.verb:set package 'zed_ros2' build argument 'cmake_clean_cache' from command line to 'False'
[0.407s] Level 5:colcon.colcon_core.verb:set package 'zed_ros2' build argument 'cmake_clean_first' from command line to 'False'
[0.407s] Level 5:colcon.colcon_core.verb:set package 'zed_ros2' build argument 'cmake_force_configure' from command line to 'False'
[0.407s] Level 5:colcon.colcon_core.verb:set package 'zed_ros2' build argument 'ament_cmake_args' from command line to 'None'
[0.407s] Level 5:colcon.colcon_core.verb:set package 'zed_ros2' build argument 'catkin_cmake_args' from command line to 'None'
[0.407s] Level 5:colcon.colcon_core.verb:set package 'zed_ros2' build argument 'catkin_skip_building_tests' from command line to 'False'
[0.407s] DEBUG:colcon.colcon_core.verb:Building package 'zed_ros2' with the following arguments: {'ament_cmake_args': None, 'build_base': '/home/men3m/Naima/build/zed_ros2', 'catkin_cmake_args': None, 'catkin_skip_building_tests': False, 'cmake_args': None, 'cmake_clean_cache': False, 'cmake_clean_first': False, 'cmake_force_configure': False, 'cmake_target': None, 'cmake_target_skip_unavailable': False, 'install_base': '/home/men3m/Naima/install/zed_ros2', 'merge_install': False, 'path': '/home/men3m/Naima/src/zed-ros2-wrapper/zed_ros2', 'symlink_install': False, 'test_result_base': None}
[0.407s] Level 5:colcon.colcon_core.verb:set package 'zed_topic_benchmark' build argument 'cmake_args' from command line to 'None'
[0.407s] Level 5:colcon.colcon_core.verb:set package 'zed_topic_benchmark' build argument 'cmake_target' from command line to 'None'
[0.407s] Level 5:colcon.colcon_core.verb:set package 'zed_topic_benchmark' build argument 'cmake_target_skip_unavailable' from command line to 'False'
[0.407s] Level 5:colcon.colcon_core.verb:set package 'zed_topic_benchmark' build argument 'cmake_clean_cache' from command line to 'False'
[0.407s] Level 5:colcon.colcon_core.verb:set package 'zed_topic_benchmark' build argument 'cmake_clean_first' from command line to 'False'
[0.407s] Level 5:colcon.colcon_core.verb:set package 'zed_topic_benchmark' build argument 'cmake_force_configure' from command line to 'False'
[0.407s] Level 5:colcon.colcon_core.verb:set package 'zed_topic_benchmark' build argument 'ament_cmake_args' from command line to 'None'
[0.407s] Level 5:colcon.colcon_core.verb:set package 'zed_topic_benchmark' build argument 'catkin_cmake_args' from command line to 'None'
[0.407s] Level 5:colcon.colcon_core.verb:set package 'zed_topic_benchmark' build argument 'catkin_skip_building_tests' from command line to 'False'
[0.407s] DEBUG:colcon.colcon_core.verb:Building package 'zed_topic_benchmark' with the following arguments: {'ament_cmake_args': None, 'build_base': '/home/men3m/Naima/build/zed_topic_benchmark', 'catkin_cmake_args': None, 'catkin_skip_building_tests': False, 'cmake_args': None, 'cmake_clean_cache': False, 'cmake_clean_first': False, 'cmake_force_configure': False, 'cmake_target': None, 'cmake_target_skip_unavailable': False, 'install_base': '/home/men3m/Naima/install/zed_topic_benchmark', 'merge_install': False, 'path': '/home/men3m/Naima/src/zed-ros2-examples/tools/zed_benchmark', 'symlink_install': False, 'test_result_base': None}
[0.408s] Level 5:colcon.colcon_core.verb:set package 'ublox' build argument 'cmake_args' from command line to 'None'
[0.408s] Level 5:colcon.colcon_core.verb:set package 'ublox' build argument 'cmake_target' from command line to 'None'
[0.408s] Level 5:colcon.colcon_core.verb:set package 'ublox' build argument 'cmake_target_skip_unavailable' from command line to 'False'
[0.408s] Level 5:colcon.colcon_core.verb:set package 'ublox' build argument 'cmake_clean_cache' from command line to 'False'
[0.408s] Level 5:colcon.colcon_core.verb:set package 'ublox' build argument 'cmake_clean_first' from command line to 'False'
[0.408s] Level 5:colcon.colcon_core.verb:set package 'ublox' build argument 'cmake_force_configure' from command line to 'False'
[0.408s] Level 5:colcon.colcon_core.verb:set package 'ublox' build argument 'ament_cmake_args' from command line to 'None'
[0.408s] Level 5:colcon.colcon_core.verb:set package 'ublox' build argument 'catkin_cmake_args' from command line to 'None'
[0.408s] Level 5:colcon.colcon_core.verb:set package 'ublox' build argument 'catkin_skip_building_tests' from command line to 'False'
[0.408s] DEBUG:colcon.colcon_core.verb:Building package 'ublox' with the following arguments: {'ament_cmake_args': None, 'build_base': '/home/men3m/Naima/build/ublox', 'catkin_cmake_args': None, 'catkin_skip_building_tests': False, 'cmake_args': None, 'cmake_clean_cache': False, 'cmake_clean_first': False, 'cmake_force_configure': False, 'cmake_target': None, 'cmake_target_skip_unavailable': False, 'install_base': '/home/men3m/Naima/install/ublox', 'merge_install': False, 'path': '/home/men3m/Naima/src/naima_ublox_gps/ublox', 'symlink_install': False, 'test_result_base': None}
[0.408s] Level 5:colcon.colcon_core.verb:set package 'zed_ipc' build argument 'cmake_args' from command line to 'None'
[0.408s] Level 5:colcon.colcon_core.verb:set package 'zed_ipc' build argument 'cmake_target' from command line to 'None'
[0.408s] Level 5:colcon.colcon_core.verb:set package 'zed_ipc' build argument 'cmake_target_skip_unavailable' from command line to 'False'
[0.408s] Level 5:colcon.colcon_core.verb:set package 'zed_ipc' build argument 'cmake_clean_cache' from command line to 'False'
[0.408s] Level 5:colcon.colcon_core.verb:set package 'zed_ipc' build argument 'cmake_clean_first' from command line to 'False'
[0.408s] Level 5:colcon.colcon_core.verb:set package 'zed_ipc' build argument 'cmake_force_configure' from command line to 'False'
[0.408s] Level 5:colcon.colcon_core.verb:set package 'zed_ipc' build argument 'ament_cmake_args' from command line to 'None'
[0.408s] Level 5:colcon.colcon_core.verb:set package 'zed_ipc' build argument 'catkin_cmake_args' from command line to 'None'
[0.408s] Level 5:colcon.colcon_core.verb:set package 'zed_ipc' build argument 'catkin_skip_building_tests' from command line to 'False'
[0.408s] DEBUG:colcon.colcon_core.verb:Building package 'zed_ipc' with the following arguments: {'ament_cmake_args': None, 'build_base': '/home/men3m/Naima/build/zed_ipc', 'catkin_cmake_args': None, 'catkin_skip_building_tests': False, 'cmake_args': None, 'cmake_clean_cache': False, 'cmake_clean_first': False, 'cmake_force_configure': False, 'cmake_target': None, 'cmake_target_skip_unavailable': False, 'install_base': '/home/men3m/Naima/install/zed_ipc', 'merge_install': False, 'path': '/home/men3m/Naima/src/zed-ros2-examples/tutorials/zed_ipc', 'symlink_install': False, 'test_result_base': None}
[0.408s] INFO:colcon.colcon_core.executor:Executing jobs using 'parallel' executor
[0.409s] DEBUG:colcon.colcon_parallel_executor.executor.parallel:run_until_complete
[0.409s] INFO:colcon.colcon_ros.task.ament_cmake.build:Building ROS package in '/home/men3m/Naima/src/zed-ros2-wrapper/zed_components' with build type 'ament_cmake'
[0.410s] INFO:colcon.colcon_cmake.task.cmake.build:Building CMake package in '/home/men3m/Naima/src/zed-ros2-wrapper/zed_components'
[0.413s] INFO:colcon.colcon_core.plugin_system:Skipping extension 'colcon_core.shell.bat': Not used on non-Windows systems
[0.413s] INFO:colcon.colcon_core.shell:Skip shell extension 'powershell' for command environment: Not usable outside of PowerShell
[0.413s] DEBUG:colcon.colcon_core.shell:Skip shell extension 'dsv' for command environment
[0.416s] INFO:colcon.colcon_ros.task.ament_cmake.build:Building ROS package in '/home/men3m/Naima/src/naima_ublox_gps/ublox_serialization' with build type 'ament_cmake'
[0.416s] INFO:colcon.colcon_cmake.task.cmake.build:Building CMake package in '/home/men3m/Naima/src/naima_ublox_gps/ublox_serialization'
[0.416s] INFO:colcon.colcon_core.shell:Skip shell extension 'powershell' for command environment: Not usable outside of PowerShell
[0.416s] DEBUG:colcon.colcon_core.shell:Skip shell extension 'dsv' for command environment
[0.419s] INFO:colcon.colcon_ros.task.ament_cmake.build:Building ROS package in '/home/men3m/Naima/src/zed-ros2-examples/tools/zed_benchmark_interfaces' with build type 'ament_cmake'
[0.419s] INFO:colcon.colcon_cmake.task.cmake.build:Building CMake package in '/home/men3m/Naima/src/zed-ros2-examples/tools/zed_benchmark_interfaces'
[0.419s] INFO:colcon.colcon_core.shell:Skip shell extension 'powershell' for command environment: Not usable outside of PowerShell
[0.419s] DEBUG:colcon.colcon_core.shell:Skip shell extension 'dsv' for command environment
[0.422s] INFO:colcon.colcon_ros.task.ament_cmake.build:Building ROS package in '/home/men3m/Naima/src/naima_msgs' with build type 'ament_cmake'
[0.422s] INFO:colcon.colcon_cmake.task.cmake.build:Building CMake package in '/home/men3m/Naima/src/naima_msgs'
[0.422s] INFO:colcon.colcon_core.shell:Skip shell extension 'powershell' for command environment: Not usable outside of PowerShell
[0.422s] DEBUG:colcon.colcon_core.shell:Skip shell extension 'dsv' for command environment
[0.425s] INFO:colcon.colcon_ros.task.ament_python.build:Building ROS package in '/home/men3m/Naima/src/naima' with build type 'ament_python'
[0.425s] Level 1:colcon.colcon_core.shell:create_environment_hook('naima', 'ament_prefix_path')
[0.425s] INFO:colcon.colcon_core.shell:Creating environment hook '/home/men3m/Naima/install/naima/share/naima/hook/ament_prefix_path.ps1'
[0.426s] INFO:colcon.colcon_core.shell:Creating environment descriptor '/home/men3m/Naima/install/naima/share/naima/hook/ament_prefix_path.dsv'
[0.426s] INFO:colcon.colcon_core.shell:Creating environment hook '/home/men3m/Naima/install/naima/share/naima/hook/ament_prefix_path.sh'
[0.427s] INFO:colcon.colcon_core.shell:Skip shell extension 'powershell' for command environment: Not usable outside of PowerShell
[0.427s] DEBUG:colcon.colcon_core.shell:Skip shell extension 'dsv' for command environment
[0.429s] INFO:colcon.colcon_ros.task.ament_python.build:Building ROS package in '/home/men3m/Naima/src/naima_bringup' with build type 'ament_python'
[0.429s] Level 1:colcon.colcon_core.shell:create_environment_hook('naima_bringup', 'ament_prefix_path')
[0.430s] INFO:colcon.colcon_core.shell:Creating environment hook '/home/men3m/Naima/install/naima_bringup/share/naima_bringup/hook/ament_prefix_path.ps1'
[0.430s] INFO:colcon.colcon_core.shell:Creating environment descriptor '/home/men3m/Naima/install/naima_bringup/share/naima_bringup/hook/ament_prefix_path.dsv'
[0.430s] INFO:colcon.colcon_core.shell:Creating environment hook '/home/men3m/Naima/install/naima_bringup/share/naima_bringup/hook/ament_prefix_path.sh'
[0.431s] INFO:colcon.colcon_core.shell:Skip shell extension 'powershell' for command environment: Not usable outside of PowerShell
[0.431s] DEBUG:colcon.colcon_core.shell:Skip shell extension 'dsv' for command environment
[0.433s] INFO:colcon.colcon_ros.task.ament_cmake.build:Building ROS package in '/home/men3m/Naima/src/naima_control' with build type 'ament_cmake'
[0.433s] INFO:colcon.colcon_cmake.task.cmake.build:Building CMake package in '/home/men3m/Naima/src/naima_control'
[0.434s] INFO:colcon.colcon_core.shell:Skip shell extension 'powershell' for command environment: Not usable outside of PowerShell
[0.434s] DEBUG:colcon.colcon_core.shell:Skip shell extension 'dsv' for command environment
[0.436s] INFO:colcon.colcon_ros.task.ament_cmake.build:Building ROS package in '/home/men3m/Naima/src/naima_description' with build type 'ament_cmake'
[0.436s] INFO:colcon.colcon_cmake.task.cmake.build:Building CMake package in '/home/men3m/Naima/src/naima_description'
[0.437s] INFO:colcon.colcon_core.shell:Skip shell extension 'powershell' for command environment: Not usable outside of PowerShell
[0.437s] DEBUG:colcon.colcon_core.shell:Skip shell extension 'dsv' for command environment
[0.439s] INFO:colcon.colcon_ros.task.ament_cmake.build:Building ROS package in '/home/men3m/Naima/src/naima_localization' with build type 'ament_cmake'
[0.439s] INFO:colcon.colcon_cmake.task.cmake.build:Building CMake package in '/home/men3m/Naima/src/naima_localization'
[0.439s] INFO:colcon.colcon_core.shell:Skip shell extension 'powershell' for command environment: Not usable outside of PowerShell
[0.439s] DEBUG:colcon.colcon_core.shell:Skip shell extension 'dsv' for command environment
[0.442s] INFO:colcon.colcon_ros.task.ament_cmake.build:Building ROS package in '/home/men3m/Naima/src/naima_mapping' with build type 'ament_cmake'
[0.442s] INFO:colcon.colcon_cmake.task.cmake.build:Building CMake package in '/home/men3m/Naima/src/naima_mapping'
[0.442s] INFO:colcon.colcon_core.shell:Skip shell extension 'powershell' for command environment: Not usable outside of PowerShell
[0.442s] DEBUG:colcon.colcon_core.shell:Skip shell extension 'dsv' for command environment
[0.445s] INFO:colcon.colcon_ros.task.ament_cmake.build:Building ROS package in '/home/men3m/Naima/src/zed-ros2-examples/rviz-plugin-zed-od' with build type 'ament_cmake'
[0.445s] INFO:colcon.colcon_cmake.task.cmake.build:Building CMake package in '/home/men3m/Naima/src/zed-ros2-examples/rviz-plugin-zed-od'
[0.445s] INFO:colcon.colcon_core.shell:Skip shell extension 'powershell' for command environment: Not usable outside of PowerShell
[0.445s] DEBUG:colcon.colcon_core.shell:Skip shell extension 'dsv' for command environment
[0.448s] INFO:colcon.colcon_ros.task.ament_cmake.build:Building ROS package in '/home/men3m/Naima/src/zed-ros2-examples/tutorials/zed_depth_tutorial' with build type 'ament_cmake'
[0.448s] INFO:colcon.colcon_cmake.task.cmake.build:Building CMake package in '/home/men3m/Naima/src/zed-ros2-examples/tutorials/zed_depth_tutorial'
[0.448s] INFO:colcon.colcon_core.shell:Skip shell extension 'powershell' for command environment: Not usable outside of PowerShell
[0.448s] DEBUG:colcon.colcon_core.shell:Skip shell extension 'dsv' for command environment
[0.451s] INFO:colcon.colcon_ros.task.ament_cmake.build:Building ROS package in '/home/men3m/Naima/src/zed-ros2-examples/tutorials/zed_pose_tutorial' with build type 'ament_cmake'
[0.451s] INFO:colcon.colcon_cmake.task.cmake.build:Building CMake package in '/home/men3m/Naima/src/zed-ros2-examples/tutorials/zed_pose_tutorial'
[0.451s] INFO:colcon.colcon_core.shell:Skip shell extension 'powershell' for command environment: Not usable outside of PowerShell
[0.451s] DEBUG:colcon.colcon_core.shell:Skip shell extension 'dsv' for command environment
[0.454s] INFO:colcon.colcon_ros.task.ament_cmake.build:Building ROS package in '/home/men3m/Naima/src/zed-ros2-examples/tutorials/zed_video_tutorial' with build type 'ament_cmake'
[0.454s] INFO:colcon.colcon_cmake.task.cmake.build:Building CMake package in '/home/men3m/Naima/src/zed-ros2-examples/tutorials/zed_video_tutorial'
[0.454s] INFO:colcon.colcon_core.shell:Skip shell extension 'powershell' for command environment: Not usable outside of PowerShell
[0.454s] DEBUG:colcon.colcon_core.shell:Skip shell extension 'dsv' for command environment
[0.462s] DEBUG:colcon.colcon_core.event_handler.log_command:Invoking command in '/home/men3m/Naima/build/zed_components': CMAKE_PREFIX_PATH=/opt/ros/humble /usr/bin/cmake --build /home/men3m/Naima/build/zed_components -- -j16 -l16
[0.464s] DEBUG:colcon.colcon_core.event_handler.log_command:Invoking command in '/home/men3m/Naima/build/ublox_serialization': CMAKE_PREFIX_PATH=/opt/ros/humble /usr/bin/cmake --build /home/men3m/Naima/build/ublox_serialization -- -j16 -l16
[0.466s] DEBUG:colcon.colcon_core.event_handler.log_command:Invoking command in '/home/men3m/Naima/build/zed_topic_benchmark_interfaces': CMAKE_PREFIX_PATH=/opt/ros/humble /usr/bin/cmake --build /home/men3m/Naima/build/zed_topic_benchmark_interfaces -- -j16 -l16
[0.468s] DEBUG:colcon.colcon_core.event_handler.log_command:Invoking command in '/home/men3m/Naima/build/naima_msgs': CMAKE_PREFIX_PATH=/opt/ros/humble /usr/bin/cmake --build /home/men3m/Naima/build/naima_msgs -- -j16 -l16
[0.748s] INFO:colcon.colcon_core.task.python.build:Building Python package in '/home/men3m/Naima/src/naima'
[0.749s] INFO:colcon.colcon_core.shell:Skip shell extension 'powershell' for command environment: Not usable outside of PowerShell
[0.749s] DEBUG:colcon.colcon_core.shell:Skip shell extension 'dsv' for command environment
[0.979s] INFO:colcon.colcon_core.task.python.build:Building Python package in '/home/men3m/Naima/src/naima_bringup'
[0.980s] INFO:colcon.colcon_core.shell:Skip shell extension 'powershell' for command environment: Not usable outside of PowerShell
[0.980s] DEBUG:colcon.colcon_core.shell:Skip shell extension 'dsv' for command environment
[0.987s] DEBUG:colcon.colcon_core.event_handler.log_command:Invoking command in '/home/men3m/Naima/build/naima_control': CMAKE_PREFIX_PATH=/opt/ros/humble /usr/bin/cmake --build /home/men3m/Naima/build/naima_control -- -j16 -l16
[0.989s] DEBUG:colcon.colcon_core.event_handler.log_command:Invoking command in '/home/men3m/Naima/build/naima_description': CMAKE_PREFIX_PATH=/opt/ros/humble /usr/bin/cmake --build /home/men3m/Naima/build/naima_description -- -j16 -l16
[0.991s] DEBUG:colcon.colcon_core.event_handler.log_command:Invoking command in '/home/men3m/Naima/build/naima_localization': CMAKE_PREFIX_PATH=/opt/ros/humble /usr/bin/cmake --build /home/men3m/Naima/build/naima_localization -- -j16 -l16
[0.993s] DEBUG:colcon.colcon_core.event_handler.log_command:Invoking command in '/home/men3m/Naima/build/naima_mapping': CMAKE_PREFIX_PATH=/opt/ros/humble /usr/bin/cmake --build /home/men3m/Naima/build/naima_mapping -- -j16 -l16
[0.995s] DEBUG:colcon.colcon_core.event_handler.log_command:Invoking command in '/home/men3m/Naima/build/rviz_plugin_zed_od': CMAKE_PREFIX_PATH=/opt/ros/humble /usr/bin/cmake --build /home/men3m/Naima/build/rviz_plugin_zed_od -- -j16 -l16
[0.997s] DEBUG:colcon.colcon_core.event_handler.log_command:Invoking command in '/home/men3m/Naima/build/zed_tutorial_depth': CMAKE_PREFIX_PATH=/opt/ros/humble /usr/bin/cmake --build /home/men3m/Naima/build/zed_tutorial_depth -- -j16 -l16
[1.001s] DEBUG:colcon.colcon_core.event_handler.log_command:Invoking command in '/home/men3m/Naima/build/zed_tutorial_pos_tracking': CMAKE_PREFIX_PATH=/opt/ros/humble /usr/bin/cmake --build /home/men3m/Naima/build/zed_tutorial_pos_tracking -- -j16 -l16
[1.004s] DEBUG:colcon.colcon_core.event_handler.log_command:Invoking command in '/home/men3m/Naima/build/zed_tutorial_video': CMAKE_PREFIX_PATH=/opt/ros/humble /usr/bin/cmake --build /home/men3m/Naima/build/zed_tutorial_video -- -j16 -l16
[1.015s] DEBUG:colcon.colcon_core.event_handler.log_command:Invoked command in '/home/men3m/Naima/build/zed_topic_benchmark_interfaces' returned '0': CMAKE_PREFIX_PATH=/opt/ros/humble /usr/bin/cmake --build /home/men3m/Naima/build/zed_topic_benchmark_interfaces -- -j16 -l16
[1.028s] DEBUG:colcon.colcon_core.event_handler.log_command:Invoking command in '/home/men3m/Naima/build/zed_topic_benchmark_interfaces': CMAKE_PREFIX_PATH=/opt/ros/humble /usr/bin/cmake --install /home/men3m/Naima/build/zed_topic_benchmark_interfaces
[1.029s] DEBUG:colcon.colcon_core.event_handler.log_command:Invoked command in '/home/men3m/Naima/build/zed_components' returned '0': CMAKE_PREFIX_PATH=/opt/ros/humble /usr/bin/cmake --build /home/men3m/Naima/build/zed_components -- -j16 -l16
[1.031s] DEBUG:colcon.colcon_core.event_handler.log_command:Invoking command in '/home/men3m/Naima/build/zed_components': CMAKE_PREFIX_PATH=/opt/ros/humble /usr/bin/cmake --install /home/men3m/Naima/build/zed_components
[1.037s] DEBUG:colcon.colcon_core.event_handler.log_command:Invoked command in '/home/men3m/Naima/build/ublox_serialization' returned '0': CMAKE_PREFIX_PATH=/opt/ros/humble /usr/bin/cmake --build /home/men3m/Naima/build/ublox_serialization -- -j16 -l16
[1.043s] DEBUG:colcon.colcon_core.event_handler.log_command:Invoking command in '/home/men3m/Naima/build/ublox_serialization': CMAKE_PREFIX_PATH=/opt/ros/humble /usr/bin/cmake --install /home/men3m/Naima/build/ublox_serialization
[1.055s] DEBUG:colcon.colcon_core.event_handler.log_command:Invoked command in '/home/men3m/Naima/build/naima_msgs' returned '0': CMAKE_PREFIX_PATH=/opt/ros/humble /usr/bin/cmake --build /home/men3m/Naima/build/naima_msgs -- -j16 -l16
[1.063s] DEBUG:colcon.colcon_core.event_handler.log_command:Invoking command in '/home/men3m/Naima/build/naima_msgs': CMAKE_PREFIX_PATH=/opt/ros/humble /usr/bin/cmake --install /home/men3m/Naima/build/naima_msgs
[1.069s] DEBUG:colcon.colcon_core.event_handler.log_command:Invoked command in '/home/men3m/Naima/build/naima_mapping' returned '0': CMAKE_PREFIX_PATH=/opt/ros/humble /usr/bin/cmake --build /home/men3m/Naima/build/naima_mapping -- -j16 -l16
[1.073s] Level 1:colcon.colcon_core.environment:create_environment_scripts_only(zed_components)
[1.073s] DEBUG:colcon.colcon_core.event_handler.log_command:Invoking command in '/home/men3m/Naima/build/naima_mapping': CMAKE_PREFIX_PATH=/opt/ros/humble /usr/bin/cmake --install /home/men3m/Naima/build/naima_mapping
[1.082s] DEBUG:colcon.colcon_core.event_handler.log_command:Invoked command in '/home/men3m/Naima/build/naima_control' returned '0': CMAKE_PREFIX_PATH=/opt/ros/humble /usr/bin/cmake --build /home/men3m/Naima/build/naima_control -- -j16 -l16
[1.087s] DEBUG:colcon.colcon_core.event_handler.log_command:Invoking command in '/home/men3m/Naima/build/naima_control': CMAKE_PREFIX_PATH=/opt/ros/humble /usr/bin/cmake --install /home/men3m/Naima/build/naima_control
[1.088s] DEBUG:colcon.colcon_core.event_handler.log_command:Invoked command in '/home/men3m/Naima/build/naima_description' returned '0': CMAKE_PREFIX_PATH=/opt/ros/humble /usr/bin/cmake --build /home/men3m/Naima/build/naima_description -- -j16 -l16
[1.092s] DEBUG:colcon.colcon_core.event_handler.log_command:Invoking command in '/home/men3m/Naima/build/naima_description': CMAKE_PREFIX_PATH=/opt/ros/humble /usr/bin/cmake --install /home/men3m/Naima/build/naima_description
[1.092s] DEBUG:colcon.colcon_core.event_handler.log_command:Invoked command in '/home/men3m/Naima/build/zed_components' returned '0': CMAKE_PREFIX_PATH=/opt/ros/humble /usr/bin/cmake --install /home/men3m/Naima/build/zed_components
[1.106s] Level 1:colcon.colcon_core.environment:checking '/home/men3m/Naima/install/zed_components' for CMake module files
[1.110s] Level 1:colcon.colcon_core.environment:checking '/home/men3m/Naima/install/zed_components' for CMake config files
[1.111s] Level 1:colcon.colcon_core.shell:create_environment_hook('zed_components', 'cmake_prefix_path')
[1.112s] INFO:colcon.colcon_core.shell:Creating environment hook '/home/men3m/Naima/install/zed_components/share/zed_components/hook/cmake_prefix_path.ps1'
[1.112s] INFO:colcon.colcon_core.shell:Creating environment descriptor '/home/men3m/Naima/install/zed_components/share/zed_components/hook/cmake_prefix_path.dsv'
[1.113s] INFO:colcon.colcon_core.shell:Creating environment hook '/home/men3m/Naima/install/zed_components/share/zed_components/hook/cmake_prefix_path.sh'
[1.113s] Level 1:colcon.colcon_core.environment:checking '/home/men3m/Naima/install/zed_components/lib'
[1.113s] Level 1:colcon.colcon_core.shell:create_environment_hook('zed_components', 'ld_library_path_lib')
[1.114s] INFO:colcon.colcon_core.shell:Creating environment hook '/home/men3m/Naima/install/zed_components/share/zed_components/hook/ld_library_path_lib.ps1'
[1.114s] INFO:colcon.colcon_core.shell:Creating environment descriptor '/home/men3m/Naima/install/zed_components/share/zed_components/hook/ld_library_path_lib.dsv'
[1.114s] INFO:colcon.colcon_core.shell:Creating environment hook '/home/men3m/Naima/install/zed_components/share/zed_components/hook/ld_library_path_lib.sh'
[1.115s] Level 1:colcon.colcon_core.environment:checking '/home/men3m/Naima/install/zed_components/bin'
[1.115s] Level 1:colcon.colcon_core.environment:checking '/home/men3m/Naima/install/zed_components/lib/pkgconfig/zed_components.pc'
[1.115s] Level 1:colcon.colcon_core.environment:checking '/home/men3m/Naima/install/zed_components/lib/python3.10/site-packages'
[1.115s] Level 1:colcon.colcon_core.environment:checking '/home/men3m/Naima/install/zed_components/bin'
[1.115s] INFO:colcon.colcon_core.shell:Creating package script '/home/men3m/Naima/install/zed_components/share/zed_components/package.ps1'
[1.116s] INFO:colcon.colcon_core.shell:Creating package descriptor '/home/men3m/Naima/install/zed_components/share/zed_components/package.dsv'
[1.117s] INFO:colcon.colcon_core.shell:Creating package script '/home/men3m/Naima/install/zed_components/share/zed_components/package.sh'
[1.117s] INFO:colcon.colcon_core.shell:Creating package script '/home/men3m/Naima/install/zed_components/share/zed_components/package.bash'
[1.118s] INFO:colcon.colcon_core.shell:Creating package script '/home/men3m/Naima/install/zed_components/share/zed_components/package.zsh'
[1.119s] Level 1:colcon.colcon_core.environment:create_file_with_runtime_dependencies(/home/men3m/Naima/install/zed_components/share/colcon-core/packages/zed_components)
[1.119s] Level 1:colcon.colcon_core.environment:create_environment_scripts_only(zed_components)
[1.119s] Level 1:colcon.colcon_core.environment:checking '/home/men3m/Naima/install/zed_components' for CMake module files
[1.120s] Level 1:colcon.colcon_core.environment:checking '/home/men3m/Naima/install/zed_components' for CMake config files
[1.120s] Level 1:colcon.colcon_core.shell:create_environment_hook('zed_components', 'cmake_prefix_path')
[1.120s] INFO:colcon.colcon_core.shell:Creating environment hook '/home/men3m/Naima/install/zed_components/share/zed_components/hook/cmake_prefix_path.ps1'
[1.120s] INFO:colcon.colcon_core.shell:Creating environment descriptor '/home/men3m/Naima/install/zed_components/share/zed_components/hook/cmake_prefix_path.dsv'
[1.121s] INFO:colcon.colcon_core.shell:Creating environment hook '/home/men3m/Naima/install/zed_components/share/zed_components/hook/cmake_prefix_path.sh'
[1.121s] Level 1:colcon.colcon_core.environment:checking '/home/men3m/Naima/install/zed_components/lib'
[1.121s] Level 1:colcon.colcon_core.shell:create_environment_hook('zed_components', 'ld_library_path_lib')
[1.122s] INFO:colcon.colcon_core.shell:Creating environment hook '/home/men3m/Naima/install/zed_components/share/zed_components/hook/ld_library_path_lib.ps1'
[1.122s] INFO:colcon.colcon_core.shell:Creating environment descriptor '/home/men3m/Naima/install/zed_components/share/zed_components/hook/ld_library_path_lib.dsv'
[1.122s] INFO:colcon.colcon_core.shell:Creating environment hook '/home/men3m/Naima/install/zed_components/share/zed_components/hook/ld_library_path_lib.sh'
[1.123s] Level 1:colcon.colcon_core.environment:checking '/home/men3m/Naima/install/zed_components/bin'
[1.123s] Level 1:colcon.colcon_core.environment:checking '/home/men3m/Naima/install/zed_components/lib/pkgconfig/zed_components.pc'
[1.123s] Level 1:colcon.colcon_core.environment:checking '/home/men3m/Naima/install/zed_components/lib/python3.10/site-packages'
[1.123s] Level 1:colcon.colcon_core.environment:checking '/home/men3m/Naima/install/zed_components/bin'
[1.123s] INFO:colcon.colcon_core.shell:Creating package script '/home/men3m/Naima/install/zed_components/share/zed_components/package.ps1'
[1.124s] INFO:colcon.colcon_core.shell:Creating package descriptor '/home/men3m/Naima/install/zed_components/share/zed_components/package.dsv'
[1.124s] INFO:colcon.colcon_core.shell:Creating package script '/home/men3m/Naima/install/zed_components/share/zed_components/package.sh'
[1.124s] INFO:colcon.colcon_core.shell:Creating package script '/home/men3m/Naima/install/zed_components/share/zed_components/package.bash'
[1.125s] INFO:colcon.colcon_core.shell:Creating package script '/home/men3m/Naima/install/zed_components/share/zed_components/package.zsh'
[1.125s] Level 1:colcon.colcon_core.environment:create_file_with_runtime_dependencies(/home/men3m/Naima/install/zed_components/share/colcon-core/packages/zed_components)
[1.127s] INFO:colcon.colcon_ros.task.ament_cmake.build:Building ROS package in '/home/men3m/Naima/src/zed-ros2-wrapper/zed_wrapper' with build type 'ament_cmake'
[1.127s] INFO:colcon.colcon_cmake.task.cmake.build:Building CMake package in '/home/men3m/Naima/src/zed-ros2-wrapper/zed_wrapper'
[1.127s] INFO:colcon.colcon_core.shell:Skip shell extension 'powershell' for command environment: Not usable outside of PowerShell
[1.127s] DEBUG:colcon.colcon_core.shell:Skip shell extension 'dsv' for command environment
[1.135s] INFO:colcon.colcon_ros.task.ament_cmake.build:Building ROS package in '/home/men3m/Naima/src/zed-ros2-examples/examples/zed_aruco_localization' with build type 'ament_cmake'
[1.135s] INFO:colcon.colcon_cmake.task.cmake.build:Building CMake package in '/home/men3m/Naima/src/zed-ros2-examples/examples/zed_aruco_localization'
[1.135s] INFO:colcon.colcon_core.shell:Skip shell extension 'powershell' for command environment: Not usable outside of PowerShell
[1.135s] DEBUG:colcon.colcon_core.shell:Skip shell extension 'dsv' for command environment
[1.138s] INFO:colcon.colcon_ros.task.ament_cmake.build:Building ROS package in '/home/men3m/Naima/src/zed-ros2-examples/tutorials/zed_rgb_convert' with build type 'ament_cmake'
[1.138s] INFO:colcon.colcon_cmake.task.cmake.build:Building CMake package in '/home/men3m/Naima/src/zed-ros2-examples/tutorials/zed_rgb_convert'
[1.139s] INFO:colcon.colcon_core.shell:Skip shell extension 'powershell' for command environment: Not usable outside of PowerShell
[1.139s] DEBUG:colcon.colcon_core.shell:Skip shell extension 'dsv' for command environment
[1.142s] Level 1:colcon.colcon_core.environment:create_environment_scripts_only(ublox_serialization)
[1.142s] Level 1:colcon.colcon_core.environment:checking '/home/men3m/Naima/install/ublox_serialization' for CMake module files
[1.143s] DEBUG:colcon.colcon_core.event_handler.log_command:Invoked command in '/home/men3m/Naima/build/ublox_serialization' returned '0': CMAKE_PREFIX_PATH=/opt/ros/humble /usr/bin/cmake --install /home/men3m/Naima/build/ublox_serialization
[1.143s] Level 1:colcon.colcon_core.environment:checking '/home/men3m/Naima/install/ublox_serialization' for CMake config files
[1.143s] Level 1:colcon.colcon_core.shell:create_environment_hook('ublox_serialization', 'cmake_prefix_path')
[1.144s] INFO:colcon.colcon_core.shell:Creating environment hook '/home/men3m/Naima/install/ublox_serialization/share/ublox_serialization/hook/cmake_prefix_path.ps1'
[1.144s] INFO:colcon.colcon_core.shell:Creating environment descriptor '/home/men3m/Naima/install/ublox_serialization/share/ublox_serialization/hook/cmake_prefix_path.dsv'
[1.144s] INFO:colcon.colcon_core.shell:Creating environment hook '/home/men3m/Naima/install/ublox_serialization/share/ublox_serialization/hook/cmake_prefix_path.sh'
[1.145s] Level 1:colcon.colcon_core.environment:checking '/home/men3m/Naima/install/ublox_serialization/bin'
[1.145s] Level 1:colcon.colcon_core.environment:checking '/home/men3m/Naima/install/ublox_serialization/lib/pkgconfig/ublox_serialization.pc'
[1.145s] Level 1:colcon.colcon_core.environment:checking '/home/men3m/Naima/install/ublox_serialization/lib/python3.10/site-packages'
[1.145s] Level 1:colcon.colcon_core.environment:checking '/home/men3m/Naima/install/ublox_serialization/bin'
[1.146s] INFO:colcon.colcon_core.shell:Creating package script '/home/men3m/Naima/install/ublox_serialization/share/ublox_serialization/package.ps1'
[1.146s] INFO:colcon.colcon_core.shell:Creating package descriptor '/home/men3m/Naima/install/ublox_serialization/share/ublox_serialization/package.dsv'
[1.146s] INFO:colcon.colcon_core.shell:Creating package script '/home/men3m/Naima/install/ublox_serialization/share/ublox_serialization/package.sh'
[1.147s] INFO:colcon.colcon_core.shell:Creating package script '/home/men3m/Naima/install/ublox_serialization/share/ublox_serialization/package.bash'
[1.147s] INFO:colcon.colcon_core.shell:Creating package script '/home/men3m/Naima/install/ublox_serialization/share/ublox_serialization/package.zsh'
[1.147s] Level 1:colcon.colcon_core.environment:create_file_with_runtime_dependencies(/home/men3m/Naima/install/ublox_serialization/share/colcon-core/packages/ublox_serialization)
[1.148s] Level 1:colcon.colcon_core.environment:create_environment_scripts_only(ublox_serialization)
[1.148s] Level 1:colcon.colcon_core.environment:checking '/home/men3m/Naima/install/ublox_serialization' for CMake module files
[1.148s] Level 1:colcon.colcon_core.environment:checking '/home/men3m/Naima/install/ublox_serialization' for CMake config files
[1.148s] Level 1:colcon.colcon_core.shell:create_environment_hook('ublox_serialization', 'cmake_prefix_path')
[1.149s] INFO:colcon.colcon_core.shell:Creating environment hook '/home/men3m/Naima/install/ublox_serialization/share/ublox_serialization/hook/cmake_prefix_path.ps1'
[1.149s] INFO:colcon.colcon_core.shell:Creating environment descriptor '/home/men3m/Naima/install/ublox_serialization/share/ublox_serialization/hook/cmake_prefix_path.dsv'
[1.149s] INFO:colcon.colcon_core.shell:Creating environment hook '/home/men3m/Naima/install/ublox_serialization/share/ublox_serialization/hook/cmake_prefix_path.sh'
[1.150s] Level 1:colcon.colcon_core.environment:checking '/home/men3m/Naima/install/ublox_serialization/bin'
[1.150s] Level 1:colcon.colcon_core.environment:checking '/home/men3m/Naima/install/ublox_serialization/lib/pkgconfig/ublox_serialization.pc'
[1.150s] Level 1:colcon.colcon_core.environment:checking '/home/men3m/Naima/install/ublox_serialization/lib/python3.10/site-packages'
[1.150s] Level 1:colcon.colcon_core.environment:checking '/home/men3m/Naima/install/ublox_serialization/bin'
[1.150s] INFO:colcon.colcon_core.shell:Creating package script '/home/men3m/Naima/install/ublox_serialization/share/ublox_serialization/package.ps1'
[1.151s] INFO:colcon.colcon_core.shell:Creating package descriptor '/home/men3m/Naima/install/ublox_serialization/share/ublox_serialization/package.dsv'
[1.151s] INFO:colcon.colcon_core.shell:Creating package script '/home/men3m/Naima/install/ublox_serialization/share/ublox_serialization/package.sh'
[1.152s] INFO:colcon.colcon_core.shell:Creating package script '/home/men3m/Naima/install/ublox_serialization/share/ublox_serialization/package.bash'
[1.152s] INFO:colcon.colcon_core.shell:Creating package script '/home/men3m/Naima/install/ublox_serialization/share/ublox_serialization/package.zsh'
[1.152s] Level 1:colcon.colcon_core.environment:create_file_with_runtime_dependencies(/home/men3m/Naima/install/ublox_serialization/share/colcon-core/packages/ublox_serialization)
[1.154s] DEBUG:colcon.colcon_core.event_handler.log_command:Invoked command in '/home/men3m/Naima/build/zed_tutorial_depth' returned '0': CMAKE_PREFIX_PATH=/opt/ros/humble /usr/bin/cmake --build /home/men3m/Naima/build/zed_tutorial_depth -- -j16 -l16
[1.155s] DEBUG:colcon.colcon_core.event_handler.log_command:Invoking command in '/home/men3m/Naima/build/zed_tutorial_depth': CMAKE_PREFIX_PATH=/opt/ros/humble /usr/bin/cmake --install /home/men3m/Naima/build/zed_tutorial_depth
[1.156s] INFO:colcon.colcon_ros.task.ament_cmake.build:Building ROS package in '/home/men3m/Naima/src/naima_ublox_gps/ublox_msgs' with build type 'ament_cmake'
[1.156s] INFO:colcon.colcon_cmake.task.cmake.build:Building CMake package in '/home/men3m/Naima/src/naima_ublox_gps/ublox_msgs'
[1.156s] INFO:colcon.colcon_core.shell:Skip shell extension 'powershell' for command environment: Not usable outside of PowerShell
[1.157s] DEBUG:colcon.colcon_core.shell:Skip shell extension 'dsv' for command environment
[1.160s] Level 1:colcon.colcon_core.environment:create_environment_scripts_only(naima_mapping)
[1.160s] Level 1:colcon.colcon_core.environment:checking '/home/men3m/Naima/install/naima_mapping' for CMake module files
[1.160s] DEBUG:colcon.colcon_core.event_handler.log_command:Invoked command in '/home/men3m/Naima/build/naima_mapping' returned '0': CMAKE_PREFIX_PATH=/opt/ros/humble /usr/bin/cmake --install /home/men3m/Naima/build/naima_mapping
[1.161s] Level 1:colcon.colcon_core.environment:checking '/home/men3m/Naima/install/naima_mapping' for CMake config files
[1.161s] Level 1:colcon.colcon_core.shell:create_environment_hook('naima_mapping', 'cmake_prefix_path')
[1.161s] INFO:colcon.colcon_core.shell:Creating environment hook '/home/men3m/Naima/install/naima_mapping/share/naima_mapping/hook/cmake_prefix_path.ps1'
[1.161s] INFO:colcon.colcon_core.shell:Creating environment descriptor '/home/men3m/Naima/install/naima_mapping/share/naima_mapping/hook/cmake_prefix_path.dsv'
[1.162s] INFO:colcon.colcon_core.shell:Creating environment hook '/home/men3m/Naima/install/naima_mapping/share/naima_mapping/hook/cmake_prefix_path.sh'
[1.162s] Level 1:colcon.colcon_core.environment:checking '/home/men3m/Naima/install/naima_mapping/bin'
[1.162s] Level 1:colcon.colcon_core.environment:checking '/home/men3m/Naima/install/naima_mapping/lib/pkgconfig/naima_mapping.pc'
[1.162s] Level 1:colcon.colcon_core.environment:checking '/home/men3m/Naima/install/naima_mapping/lib/python3.10/site-packages'
[1.163s] Level 1:colcon.colcon_core.environment:checking '/home/men3m/Naima/install/naima_mapping/bin'
[1.163s] INFO:colcon.colcon_core.shell:Creating package script '/home/men3m/Naima/install/naima_mapping/share/naima_mapping/package.ps1'
[1.163s] INFO:colcon.colcon_core.shell:Creating package descriptor '/home/men3m/Naima/install/naima_mapping/share/naima_mapping/package.dsv'
[1.164s] INFO:colcon.colcon_core.shell:Creating package script '/home/men3m/Naima/install/naima_mapping/share/naima_mapping/package.sh'
[1.164s] INFO:colcon.colcon_core.shell:Creating package script '/home/men3m/Naima/install/naima_mapping/share/naima_mapping/package.bash'
[1.164s] INFO:colcon.colcon_core.shell:Creating package script '/home/men3m/Naima/install/naima_mapping/share/naima_mapping/package.zsh'
[1.165s] Level 1:colcon.colcon_core.environment:create_file_with_runtime_dependencies(/home/men3m/Naima/install/naima_mapping/share/colcon-core/packages/naima_mapping)
[1.165s] Level 1:colcon.colcon_core.environment:create_environment_scripts_only(naima_mapping)
[1.165s] Level 1:colcon.colcon_core.environment:checking '/home/men3m/Naima/install/naima_mapping' for CMake module files
[1.166s] Level 1:colcon.colcon_core.environment:checking '/home/men3m/Naima/install/naima_mapping' for CMake config files
[1.166s] Level 1:colcon.colcon_core.shell:create_environment_hook('naima_mapping', 'cmake_prefix_path')
[1.166s] INFO:colcon.colcon_core.shell:Creating environment hook '/home/men3m/Naima/install/naima_mapping/share/naima_mapping/hook/cmake_prefix_path.ps1'
[1.166s] INFO:colcon.colcon_core.shell:Creating environment descriptor '/home/men3m/Naima/install/naima_mapping/share/naima_mapping/hook/cmake_prefix_path.dsv'
[1.167s] INFO:colcon.colcon_core.shell:Creating environment hook '/home/men3m/Naima/install/naima_mapping/share/naima_mapping/hook/cmake_prefix_path.sh'
[1.167s] Level 1:colcon.colcon_core.environment:checking '/home/men3m/Naima/install/naima_mapping/bin'
[1.167s] Level 1:colcon.colcon_core.environment:checking '/home/men3m/Naima/install/naima_mapping/lib/pkgconfig/naima_mapping.pc'
[1.167s] Level 1:colcon.colcon_core.environment:checking '/home/men3m/Naima/install/naima_mapping/lib/python3.10/site-packages'
[1.167s] Level 1:colcon.colcon_core.environment:checking '/home/men3m/Naima/install/naima_mapping/bin'
[1.168s] INFO:colcon.colcon_core.shell:Creating package script '/home/men3m/Naima/install/naima_mapping/share/naima_mapping/package.ps1'
[1.168s] INFO:colcon.colcon_core.shell:Creating package descriptor '/home/men3m/Naima/install/naima_mapping/share/naima_mapping/package.dsv'
[1.168s] INFO:colcon.colcon_core.shell:Creating package script '/home/men3m/Naima/install/naima_mapping/share/naima_mapping/package.sh'
[1.169s] INFO:colcon.colcon_core.shell:Creating package script '/home/men3m/Naima/install/naima_mapping/share/naima_mapping/package.bash'
[1.169s] INFO:colcon.colcon_core.shell:Creating package script '/home/men3m/Naima/install/naima_mapping/share/naima_mapping/package.zsh'
[1.170s] Level 1:colcon.colcon_core.environment:create_file_with_runtime_dependencies(/home/men3m/Naima/install/naima_mapping/share/colcon-core/packages/naima_mapping)
[1.172s] DEBUG:colcon.colcon_core.event_handler.log_command:Invoked command in '/home/men3m/Naima/build/zed_tutorial_pos_tracking' returned '0': CMAKE_PREFIX_PATH=/opt/ros/humble /usr/bin/cmake --build /home/men3m/Naima/build/zed_tutorial_pos_tracking -- -j16 -l16
[1.172s] DEBUG:colcon.colcon_core.event_handler.log_command:Invoking command in '/home/men3m/Naima/build/zed_tutorial_pos_tracking': CMAKE_PREFIX_PATH=/opt/ros/humble /usr/bin/cmake --install /home/men3m/Naima/build/zed_tutorial_pos_tracking
[1.174s] DEBUG:colcon.colcon_core.event_handler.log_command:Invoked command in '/home/men3m/Naima/build/zed_tutorial_video' returned '0': CMAKE_PREFIX_PATH=/opt/ros/humble /usr/bin/cmake --build /home/men3m/Naima/build/zed_tutorial_video -- -j16 -l16
[1.175s] Level 1:colcon.colcon_core.environment:create_environment_scripts_only(naima_control)
[1.176s] Level 1:colcon.colcon_core.environment:checking '/home/men3m/Naima/install/naima_control' for CMake module files
[1.176s] DEBUG:colcon.colcon_core.event_handler.log_command:Invoking command in '/home/men3m/Naima/build/zed_tutorial_video': CMAKE_PREFIX_PATH=/opt/ros/humble /usr/bin/cmake --install /home/men3m/Naima/build/zed_tutorial_video
[1.176s] DEBUG:colcon.colcon_core.event_handler.log_command:Invoked command in '/home/men3m/Naima/build/naima_control' returned '0': CMAKE_PREFIX_PATH=/opt/ros/humble /usr/bin/cmake --install /home/men3m/Naima/build/naima_control
[1.177s] Level 1:colcon.colcon_core.environment:checking '/home/men3m/Naima/install/naima_control' for CMake config files
[1.177s] Level 1:colcon.colcon_core.shell:create_environment_hook('naima_control', 'cmake_prefix_path')
[1.177s] INFO:colcon.colcon_core.shell:Creating environment hook '/home/men3m/Naima/install/naima_control/share/naima_control/hook/cmake_prefix_path.ps1'
[1.178s] INFO:colcon.colcon_core.shell:Creating environment descriptor '/home/men3m/Naima/install/naima_control/share/naima_control/hook/cmake_prefix_path.dsv'
[1.178s] INFO:colcon.colcon_core.shell:Creating environment hook '/home/men3m/Naima/install/naima_control/share/naima_control/hook/cmake_prefix_path.sh'
[1.178s] Level 1:colcon.colcon_core.environment:checking '/home/men3m/Naima/install/naima_control/bin'
[1.178s] Level 1:colcon.colcon_core.environment:checking '/home/men3m/Naima/install/naima_control/lib/pkgconfig/naima_control.pc'
[1.179s] Level 1:colcon.colcon_core.environment:checking '/home/men3m/Naima/install/naima_control/lib/python3.10/site-packages'
[1.179s] Level 1:colcon.colcon_core.environment:checking '/home/men3m/Naima/install/naima_control/bin'
[1.179s] INFO:colcon.colcon_core.shell:Creating package script '/home/men3m/Naima/install/naima_control/share/naima_control/package.ps1'
[1.179s] INFO:colcon.colcon_core.shell:Creating package descriptor '/home/men3m/Naima/install/naima_control/share/naima_control/package.dsv'
[1.180s] INFO:colcon.colcon_core.shell:Creating package script '/home/men3m/Naima/install/naima_control/share/naima_control/package.sh'
[1.180s] INFO:colcon.colcon_core.shell:Creating package script '/home/men3m/Naima/install/naima_control/share/naima_control/package.bash'
[1.180s] INFO:colcon.colcon_core.shell:Creating package script '/home/men3m/Naima/install/naima_control/share/naima_control/package.zsh'
[1.181s] Level 1:colcon.colcon_core.environment:create_file_with_runtime_dependencies(/home/men3m/Naima/install/naima_control/share/colcon-core/packages/naima_control)
[1.181s] Level 1:colcon.colcon_core.environment:create_environment_scripts_only(naima_control)
[1.181s] Level 1:colcon.colcon_core.environment:checking '/home/men3m/Naima/install/naima_control' for CMake module files
[1.182s] Level 1:colcon.colcon_core.environment:checking '/home/men3m/Naima/install/naima_control' for CMake config files
[1.182s] Level 1:colcon.colcon_core.shell:create_environment_hook('naima_control', 'cmake_prefix_path')
[1.182s] INFO:colcon.colcon_core.shell:Creating environment hook '/home/men3m/Naima/install/naima_control/share/naima_control/hook/cmake_prefix_path.ps1'
[1.183s] INFO:colcon.colcon_core.shell:Creating environment descriptor '/home/men3m/Naima/install/naima_control/share/naima_control/hook/cmake_prefix_path.dsv'
[1.183s] INFO:colcon.colcon_core.shell:Creating environment hook '/home/men3m/Naima/install/naima_control/share/naima_control/hook/cmake_prefix_path.sh'
[1.183s] Level 1:colcon.colcon_core.environment:checking '/home/men3m/Naima/install/naima_control/bin'
[1.183s] Level 1:colcon.colcon_core.environment:checking '/home/men3m/Naima/install/naima_control/lib/pkgconfig/naima_control.pc'
[1.184s] Level 1:colcon.colcon_core.environment:checking '/home/men3m/Naima/install/naima_control/lib/python3.10/site-packages'
[1.184s] Level 1:colcon.colcon_core.environment:checking '/home/men3m/Naima/install/naima_control/bin'
[1.184s] INFO:colcon.colcon_core.shell:Creating package script '/home/men3m/Naima/install/naima_control/share/naima_control/package.ps1'
[1.184s] INFO:colcon.colcon_core.shell:Creating package descriptor '/home/men3m/Naima/install/naima_control/share/naima_control/package.dsv'
[1.185s] INFO:colcon.colcon_core.shell:Creating package script '/home/men3m/Naima/install/naima_control/share/naima_control/package.sh'
[1.185s] INFO:colcon.colcon_core.shell:Creating package script '/home/men3m/Naima/install/naima_control/share/naima_control/package.bash'
[1.186s] INFO:colcon.colcon_core.shell:Creating package script '/home/men3m/Naima/install/naima_control/share/naima_control/package.zsh'
[1.186s] Level 1:colcon.colcon_core.environment:create_file_with_runtime_dependencies(/home/men3m/Naima/install/naima_control/share/colcon-core/packages/naima_control)
[1.186s] Level 1:colcon.colcon_core.environment:create_environment_scripts_only(naima_msgs)
[1.186s] Level 1:colcon.colcon_core.environment:checking '/home/men3m/Naima/install/naima_msgs' for CMake module files
[1.187s] DEBUG:colcon.colcon_core.event_handler.log_command:Invoked command in '/home/men3m/Naima/build/naima_msgs' returned '0': CMAKE_PREFIX_PATH=/opt/ros/humble /usr/bin/cmake --install /home/men3m/Naima/build/naima_msgs
[1.188s] Level 1:colcon.colcon_core.environment:checking '/home/men3m/Naima/install/naima_msgs' for CMake config files
[1.188s] Level 1:colcon.colcon_core.shell:create_environment_hook('naima_msgs', 'cmake_prefix_path')
[1.188s] INFO:colcon.colcon_core.shell:Creating environment hook '/home/men3m/Naima/install/naima_msgs/share/naima_msgs/hook/cmake_prefix_path.ps1'
[1.189s] INFO:colcon.colcon_core.shell:Creating environment descriptor '/home/men3m/Naima/install/naima_msgs/share/naima_msgs/hook/cmake_prefix_path.dsv'
[1.189s] INFO:colcon.colcon_core.shell:Creating environment hook '/home/men3m/Naima/install/naima_msgs/share/naima_msgs/hook/cmake_prefix_path.sh'
[1.189s] Level 1:colcon.colcon_core.environment:checking '/home/men3m/Naima/install/naima_msgs/lib'
[1.189s] Level 1:colcon.colcon_core.shell:create_environment_hook('naima_msgs', 'ld_library_path_lib')
[1.190s] INFO:colcon.colcon_core.shell:Creating environment hook '/home/men3m/Naima/install/naima_msgs/share/naima_msgs/hook/ld_library_path_lib.ps1'
[1.190s] INFO:colcon.colcon_core.shell:Creating environment descriptor '/home/men3m/Naima/install/naima_msgs/share/naima_msgs/hook/ld_library_path_lib.dsv'
[1.190s] INFO:colcon.colcon_core.shell:Creating environment hook '/home/men3m/Naima/install/naima_msgs/share/naima_msgs/hook/ld_library_path_lib.sh'
[1.191s] Level 1:colcon.colcon_core.environment:checking '/home/men3m/Naima/install/naima_msgs/bin'
[1.191s] Level 1:colcon.colcon_core.environment:checking '/home/men3m/Naima/install/naima_msgs/lib/pkgconfig/naima_msgs.pc'
[1.191s] Level 1:colcon.colcon_core.environment:checking '/home/men3m/Naima/install/naima_msgs/lib/python3.10/site-packages'
[1.191s] Level 1:colcon.colcon_core.environment:checking '/home/men3m/Naima/install/naima_msgs/bin'
[1.191s] INFO:colcon.colcon_core.shell:Creating package script '/home/men3m/Naima/install/naima_msgs/share/naima_msgs/package.ps1'
[1.192s] INFO:colcon.colcon_core.shell:Creating package descriptor '/home/men3m/Naima/install/naima_msgs/share/naima_msgs/package.dsv'
[1.192s] INFO:colcon.colcon_core.shell:Creating package script '/home/men3m/Naima/install/naima_msgs/share/naima_msgs/package.sh'
[1.192s] INFO:colcon.colcon_core.shell:Creating package script '/home/men3m/Naima/install/naima_msgs/share/naima_msgs/package.bash'
[1.193s] INFO:colcon.colcon_core.shell:Creating package script '/home/men3m/Naima/install/naima_msgs/share/naima_msgs/package.zsh'
[1.193s] Level 1:colcon.colcon_core.environment:create_file_with_runtime_dependencies(/home/men3m/Naima/install/naima_msgs/share/colcon-core/packages/naima_msgs)
[1.193s] Level 1:colcon.colcon_core.environment:create_environment_scripts_only(naima_msgs)
[1.194s] Level 1:colcon.colcon_core.environment:checking '/home/men3m/Naima/install/naima_msgs' for CMake module files
[1.194s] Level 1:colcon.colcon_core.environment:checking '/home/men3m/Naima/install/naima_msgs' for CMake config files
[1.195s] Level 1:colcon.colcon_core.shell:create_environment_hook('naima_msgs', 'cmake_prefix_path')
[1.195s] INFO:colcon.colcon_core.shell:Creating environment hook '/home/men3m/Naima/install/naima_msgs/share/naima_msgs/hook/cmake_prefix_path.ps1'
[1.195s] INFO:colcon.colcon_core.shell:Creating environment descriptor '/home/men3m/Naima/install/naima_msgs/share/naima_msgs/hook/cmake_prefix_path.dsv'
[1.195s] INFO:colcon.colcon_core.shell:Creating environment hook '/home/men3m/Naima/install/naima_msgs/share/naima_msgs/hook/cmake_prefix_path.sh'
[1.196s] Level 1:colcon.colcon_core.environment:checking '/home/men3m/Naima/install/naima_msgs/lib'
[1.196s] Level 1:colcon.colcon_core.shell:create_environment_hook('naima_msgs', 'ld_library_path_lib')
[1.196s] INFO:colcon.colcon_core.shell:Creating environment hook '/home/men3m/Naima/install/naima_msgs/share/naima_msgs/hook/ld_library_path_lib.ps1'
[1.197s] INFO:colcon.colcon_core.shell:Creating environment descriptor '/home/men3m/Naima/install/naima_msgs/share/naima_msgs/hook/ld_library_path_lib.dsv'
[1.197s] INFO:colcon.colcon_core.shell:Creating environment hook '/home/men3m/Naima/install/naima_msgs/share/naima_msgs/hook/ld_library_path_lib.sh'
[1.197s] Level 1:colcon.colcon_core.environment:checking '/home/men3m/Naima/install/naima_msgs/bin'
[1.197s] Level 1:colcon.colcon_core.environment:checking '/home/men3m/Naima/install/naima_msgs/lib/pkgconfig/naima_msgs.pc'
[1.198s] Level 1:colcon.colcon_core.environment:checking '/home/men3m/Naima/install/naima_msgs/lib/python3.10/site-packages'
[1.198s] Level 1:colcon.colcon_core.environment:checking '/home/men3m/Naima/install/naima_msgs/bin'
[1.198s] INFO:colcon.colcon_core.shell:Creating package script '/home/men3m/Naima/install/naima_msgs/share/naima_msgs/package.ps1'
[1.199s] INFO:colcon.colcon_core.shell:Creating package descriptor '/home/men3m/Naima/install/naima_msgs/share/naima_msgs/package.dsv'
[1.199s] INFO:colcon.colcon_core.shell:Creating package script '/home/men3m/Naima/install/naima_msgs/share/naima_msgs/package.sh'
[1.199s] INFO:colcon.colcon_core.shell:Creating package script '/home/men3m/Naima/install/naima_msgs/share/naima_msgs/package.bash'
[1.200s] INFO:colcon.colcon_core.shell:Creating package script '/home/men3m/Naima/install/naima_msgs/share/naima_msgs/package.zsh'
[1.200s] Level 1:colcon.colcon_core.environment:create_file_with_runtime_dependencies(/home/men3m/Naima/install/naima_msgs/share/colcon-core/packages/naima_msgs)
[1.200s] Level 1:colcon.colcon_core.environment:create_environment_scripts_only(naima_description)
[1.200s] Level 1:colcon.colcon_core.environment:checking '/home/men3m/Naima/install/naima_description' for CMake module files
[1.201s] DEBUG:colcon.colcon_core.event_handler.log_command:Invoked command in '/home/men3m/Naima/build/naima_description' returned '0': CMAKE_PREFIX_PATH=/opt/ros/humble /usr/bin/cmake --install /home/men3m/Naima/build/naima_description
[1.202s] Level 1:colcon.colcon_core.environment:checking '/home/men3m/Naima/install/naima_description' for CMake config files
[1.202s] Level 1:colcon.colcon_core.shell:create_environment_hook('naima_description', 'cmake_prefix_path')
[1.202s] INFO:colcon.colcon_core.shell:Creating environment hook '/home/men3m/Naima/install/naima_description/share/naima_description/hook/cmake_prefix_path.ps1'
[1.203s] INFO:colcon.colcon_core.shell:Creating environment descriptor '/home/men3m/Naima/install/naima_description/share/naima_description/hook/cmake_prefix_path.dsv'
[1.203s] INFO:colcon.colcon_core.shell:Creating environment hook '/home/men3m/Naima/install/naima_description/share/naima_description/hook/cmake_prefix_path.sh'
[1.203s] Level 1:colcon.colcon_core.environment:checking '/home/men3m/Naima/install/naima_description/bin'
[1.203s] Level 1:colcon.colcon_core.environment:checking '/home/men3m/Naima/install/naima_description/lib/pkgconfig/naima_description.pc'
[1.204s] Level 1:colcon.colcon_core.environment:checking '/home/men3m/Naima/install/naima_description/lib/python3.10/site-packages'
[1.204s] Level 1:colcon.colcon_core.environment:checking '/home/men3m/Naima/install/naima_description/bin'
[1.204s] INFO:colcon.colcon_core.shell:Creating package script '/home/men3m/Naima/install/naima_description/share/naima_description/package.ps1'
[1.204s] INFO:colcon.colcon_core.shell:Creating package descriptor '/home/men3m/Naima/install/naima_description/share/naima_description/package.dsv'
[1.205s] INFO:colcon.colcon_core.shell:Creating package script '/home/men3m/Naima/install/naima_description/share/naima_description/package.sh'
[1.205s] INFO:colcon.colcon_core.shell:Creating package script '/home/men3m/Naima/install/naima_description/share/naima_description/package.bash'
[1.206s] INFO:colcon.colcon_core.shell:Creating package script '/home/men3m/Naima/install/naima_description/share/naima_description/package.zsh'
[1.206s] Level 1:colcon.colcon_core.environment:create_file_with_runtime_dependencies(/home/men3m/Naima/install/naima_description/share/colcon-core/packages/naima_description)
[1.206s] Level 1:colcon.colcon_core.environment:create_environment_scripts_only(naima_description)
[1.206s] Level 1:colcon.colcon_core.environment:checking '/home/men3m/Naima/install/naima_description' for CMake module files
[1.207s] Level 1:colcon.colcon_core.environment:checking '/home/men3m/Naima/install/naima_description' for CMake config files
[1.207s] Level 1:colcon.colcon_core.shell:create_environment_hook('naima_description', 'cmake_prefix_path')
[1.207s] INFO:colcon.colcon_core.shell:Creating environment hook '/home/men3m/Naima/install/naima_description/share/naima_description/hook/cmake_prefix_path.ps1'
[1.208s] INFO:colcon.colcon_core.shell:Creating environment descriptor '/home/men3m/Naima/install/naima_description/share/naima_description/hook/cmake_prefix_path.dsv'
[1.208s] INFO:colcon.colcon_core.shell:Creating environment hook '/home/men3m/Naima/install/naima_description/share/naima_description/hook/cmake_prefix_path.sh'
[1.208s] Level 1:colcon.colcon_core.environment:checking '/home/men3m/Naima/install/naima_description/bin'
[1.208s] Level 1:colcon.colcon_core.environment:checking '/home/men3m/Naima/install/naima_description/lib/pkgconfig/naima_description.pc'
[1.209s] Level 1:colcon.colcon_core.environment:checking '/home/men3m/Naima/install/naima_description/lib/python3.10/site-packages'
[1.209s] Level 1:colcon.colcon_core.environment:checking '/home/men3m/Naima/install/naima_description/bin'
[1.209s] INFO:colcon.colcon_core.shell:Creating package script '/home/men3m/Naima/install/naima_description/share/naima_description/package.ps1'
[1.209s] INFO:colcon.colcon_core.shell:Creating package descriptor '/home/men3m/Naima/install/naima_description/share/naima_description/package.dsv'
[1.210s] INFO:colcon.colcon_core.shell:Creating package script '/home/men3m/Naima/install/naima_description/share/naima_description/package.sh'
[1.210s] INFO:colcon.colcon_core.shell:Creating package script '/home/men3m/Naima/install/naima_description/share/naima_description/package.bash'
[1.210s] INFO:colcon.colcon_core.shell:Creating package script '/home/men3m/Naima/install/naima_description/share/naima_description/package.zsh'
[1.211s] Level 1:colcon.colcon_core.environment:create_file_with_runtime_dependencies(/home/men3m/Naima/install/naima_description/share/colcon-core/packages/naima_description)
[1.211s] Level 1:colcon.colcon_core.environment:create_environment_scripts_only(zed_topic_benchmark_interfaces)
[1.211s] Level 1:colcon.colcon_core.environment:checking '/home/men3m/Naima/install/zed_topic_benchmark_interfaces' for CMake module files
[1.212s] DEBUG:colcon.colcon_core.event_handler.log_command:Invoked command in '/home/men3m/Naima/build/zed_topic_benchmark_interfaces' returned '0': CMAKE_PREFIX_PATH=/opt/ros/humble /usr/bin/cmake --install /home/men3m/Naima/build/zed_topic_benchmark_interfaces
[1.213s] Level 1:colcon.colcon_core.environment:checking '/home/men3m/Naima/install/zed_topic_benchmark_interfaces' for CMake config files
[1.213s] Level 1:colcon.colcon_core.shell:create_environment_hook('zed_topic_benchmark_interfaces', 'cmake_prefix_path')
[1.213s] INFO:colcon.colcon_core.shell:Creating environment hook '/home/men3m/Naima/install/zed_topic_benchmark_interfaces/share/zed_topic_benchmark_interfaces/hook/cmake_prefix_path.ps1'
[1.214s] INFO:colcon.colcon_core.shell:Creating environment descriptor '/home/men3m/Naima/install/zed_topic_benchmark_interfaces/share/zed_topic_benchmark_interfaces/hook/cmake_prefix_path.dsv'
[1.214s] INFO:colcon.colcon_core.shell:Creating environment hook '/home/men3m/Naima/install/zed_topic_benchmark_interfaces/share/zed_topic_benchmark_interfaces/hook/cmake_prefix_path.sh'
[1.214s] Level 1:colcon.colcon_core.environment:checking '/home/men3m/Naima/install/zed_topic_benchmark_interfaces/lib'
[1.214s] Level 1:colcon.colcon_core.shell:create_environment_hook('zed_topic_benchmark_interfaces', 'ld_library_path_lib')
[1.215s] INFO:colcon.colcon_core.shell:Creating environment hook '/home/men3m/Naima/install/zed_topic_benchmark_interfaces/share/zed_topic_benchmark_interfaces/hook/ld_library_path_lib.ps1'
[1.215s] INFO:colcon.colcon_core.shell:Creating environment descriptor '/home/men3m/Naima/install/zed_topic_benchmark_interfaces/share/zed_topic_benchmark_interfaces/hook/ld_library_path_lib.dsv'
[1.215s] INFO:colcon.colcon_core.shell:Creating environment hook '/home/men3m/Naima/install/zed_topic_benchmark_interfaces/share/zed_topic_benchmark_interfaces/hook/ld_library_path_lib.sh'
[1.216s] Level 1:colcon.colcon_core.environment:checking '/home/men3m/Naima/install/zed_topic_benchmark_interfaces/bin'
[1.216s] Level 1:colcon.colcon_core.environment:checking '/home/men3m/Naima/install/zed_topic_benchmark_interfaces/lib/pkgconfig/zed_topic_benchmark_interfaces.pc'
[1.216s] Level 1:colcon.colcon_core.environment:checking '/home/men3m/Naima/install/zed_topic_benchmark_interfaces/lib/python3.10/site-packages'
[1.216s] Level 1:colcon.colcon_core.environment:checking '/home/men3m/Naima/install/zed_topic_benchmark_interfaces/bin'
[1.216s] INFO:colcon.colcon_core.shell:Creating package script '/home/men3m/Naima/install/zed_topic_benchmark_interfaces/share/zed_topic_benchmark_interfaces/package.ps1'
[1.217s] INFO:colcon.colcon_core.shell:Creating package descriptor '/home/men3m/Naima/install/zed_topic_benchmark_interfaces/share/zed_topic_benchmark_interfaces/package.dsv'
[1.217s] INFO:colcon.colcon_core.shell:Creating package script '/home/men3m/Naima/install/zed_topic_benchmark_interfaces/share/zed_topic_benchmark_interfaces/package.sh'
[1.217s] INFO:colcon.colcon_core.shell:Creating package script '/home/men3m/Naima/install/zed_topic_benchmark_interfaces/share/zed_topic_benchmark_interfaces/package.bash'
[1.218s] INFO:colcon.colcon_core.shell:Creating package script '/home/men3m/Naima/install/zed_topic_benchmark_interfaces/share/zed_topic_benchmark_interfaces/package.zsh'
[1.218s] Level 1:colcon.colcon_core.environment:create_file_with_runtime_dependencies(/home/men3m/Naima/install/zed_topic_benchmark_interfaces/share/colcon-core/packages/zed_topic_benchmark_interfaces)
[1.218s] Level 1:colcon.colcon_core.environment:create_environment_scripts_only(zed_topic_benchmark_interfaces)
[1.219s] Level 1:colcon.colcon_core.environment:checking '/home/men3m/Naima/install/zed_topic_benchmark_interfaces' for CMake module files
[1.219s] Level 1:colcon.colcon_core.environment:checking '/home/men3m/Naima/install/zed_topic_benchmark_interfaces' for CMake config files
[1.219s] Level 1:colcon.colcon_core.shell:create_environment_hook('zed_topic_benchmark_interfaces', 'cmake_prefix_path')
[1.220s] INFO:colcon.colcon_core.shell:Creating environment hook '/home/men3m/Naima/install/zed_topic_benchmark_interfaces/share/zed_topic_benchmark_interfaces/hook/cmake_prefix_path.ps1'
[1.220s] INFO:colcon.colcon_core.shell:Creating environment descriptor '/home/men3m/Naima/install/zed_topic_benchmark_interfaces/share/zed_topic_benchmark_interfaces/hook/cmake_prefix_path.dsv'
[1.220s] INFO:colcon.colcon_core.shell:Creating environment hook '/home/men3m/Naima/install/zed_topic_benchmark_interfaces/share/zed_topic_benchmark_interfaces/hook/cmake_prefix_path.sh'
[1.221s] Level 1:colcon.colcon_core.environment:checking '/home/men3m/Naima/install/zed_topic_benchmark_interfaces/lib'
[1.221s] Level 1:colcon.colcon_core.shell:create_environment_hook('zed_topic_benchmark_interfaces', 'ld_library_path_lib')
[1.221s] INFO:colcon.colcon_core.shell:Creating environment hook '/home/men3m/Naima/install/zed_topic_benchmark_interfaces/share/zed_topic_benchmark_interfaces/hook/ld_library_path_lib.ps1'
[1.221s] INFO:colcon.colcon_core.shell:Creating environment descriptor '/home/men3m/Naima/install/zed_topic_benchmark_interfaces/share/zed_topic_benchmark_interfaces/hook/ld_library_path_lib.dsv'
[1.222s] INFO:colcon.colcon_core.shell:Creating environment hook '/home/men3m/Naima/install/zed_topic_benchmark_interfaces/share/zed_topic_benchmark_interfaces/hook/ld_library_path_lib.sh'
[1.222s] Level 1:colcon.colcon_core.environment:checking '/home/men3m/Naima/install/zed_topic_benchmark_interfaces/bin'
[1.222s] Level 1:colcon.colcon_core.environment:checking '/home/men3m/Naima/install/zed_topic_benchmark_interfaces/lib/pkgconfig/zed_topic_benchmark_interfaces.pc'
[1.222s] Level 1:colcon.colcon_core.environment:checking '/home/men3m/Naima/install/zed_topic_benchmark_interfaces/lib/python3.10/site-packages'
[1.222s] Level 1:colcon.colcon_core.environment:checking '/home/men3m/Naima/install/zed_topic_benchmark_interfaces/bin'
[1.223s] INFO:colcon.colcon_core.shell:Creating package script '/home/men3m/Naima/install/zed_topic_benchmark_interfaces/share/zed_topic_benchmark_interfaces/package.ps1'
[1.223s] INFO:colcon.colcon_core.shell:Creating package descriptor '/home/men3m/Naima/install/zed_topic_benchmark_interfaces/share/zed_topic_benchmark_interfaces/package.dsv'
[1.223s] INFO:colcon.colcon_core.shell:Creating package script '/home/men3m/Naima/install/zed_topic_benchmark_interfaces/share/zed_topic_benchmark_interfaces/package.sh'
[1.224s] INFO:colcon.colcon_core.shell:Creating package script '/home/men3m/Naima/install/zed_topic_benchmark_interfaces/share/zed_topic_benchmark_interfaces/package.bash'
[1.224s] INFO:colcon.colcon_core.shell:Creating package script '/home/men3m/Naima/install/zed_topic_benchmark_interfaces/share/zed_topic_benchmark_interfaces/package.zsh'
[1.224s] Level 1:colcon.colcon_core.environment:create_file_with_runtime_dependencies(/home/men3m/Naima/install/zed_topic_benchmark_interfaces/share/colcon-core/packages/zed_topic_benchmark_interfaces)
[1.226s] DEBUG:colcon.colcon_core.event_handler.log_command:Invoked command in '/home/men3m/Naima/build/rviz_plugin_zed_od' returned '0': CMAKE_PREFIX_PATH=/opt/ros/humble /usr/bin/cmake --build /home/men3m/Naima/build/rviz_plugin_zed_od -- -j16 -l16
[1.227s] DEBUG:colcon.colcon_core.event_handler.log_command:Invoking command in '/home/men3m/Naima/build/rviz_plugin_zed_od': CMAKE_PREFIX_PATH=/opt/ros/humble /usr/bin/cmake --install /home/men3m/Naima/build/rviz_plugin_zed_od
[1.228s] INFO:colcon.colcon_ros.task.ament_cmake.build:Building ROS package in '/home/men3m/Naima/src/zed-ros2-examples/tools/zed_benchmark_component' with build type 'ament_cmake'
[1.228s] INFO:colcon.colcon_cmake.task.cmake.build:Building CMake package in '/home/men3m/Naima/src/zed-ros2-examples/tools/zed_benchmark_component'
[1.228s] INFO:colcon.colcon_core.shell:Skip shell extension 'powershell' for command environment: Not usable outside of PowerShell
[1.228s] DEBUG:colcon.colcon_core.shell:Skip shell extension 'dsv' for command environment
[1.232s] INFO:colcon.colcon_ros.task.ament_cmake.build:Building ROS package in '/home/men3m/Naima/src/naima_examples' with build type 'ament_cmake'
[1.232s] INFO:colcon.colcon_cmake.task.cmake.build:Building CMake package in '/home/men3m/Naima/src/naima_examples'
[1.232s] INFO:colcon.colcon_core.shell:Skip shell extension 'powershell' for command environment: Not usable outside of PowerShell
[1.232s] DEBUG:colcon.colcon_core.shell:Skip shell extension 'dsv' for command environment
[1.246s] DEBUG:colcon.colcon_core.event_handler.log_command:Invoking command in '/home/men3m/Naima/build/zed_wrapper': AMENT_PREFIX_PATH=/home/men3m/Naima/install/zed_components:${AMENT_PREFIX_PATH} CMAKE_PREFIX_PATH=/home/men3m/Naima/install/zed_components:/opt/ros/humble LD_LIBRARY_PATH=/home/men3m/Naima/install/zed_components/lib:/usr/lib/x86_64-linux-gnu/gazebo-11/plugins:/opt/ros/humble/opt/rviz_ogre_vendor/lib:/opt/ros/humble/lib/x86_64-linux-gnu:/opt/ros/humble/lib:/usr/local/cuda-12.4.0/lib64:/usr/local/cuda-12.4.0/lib64 /usr/bin/cmake --build /home/men3m/Naima/build/zed_wrapper -- -j16 -l16
[1.250s] DEBUG:colcon.colcon_core.event_handler.log_command:Invoking command in '/home/men3m/Naima/build/zed_aruco_localization': AMENT_PREFIX_PATH=/home/men3m/Naima/install/zed_components:${AMENT_PREFIX_PATH} CMAKE_PREFIX_PATH=/home/men3m/Naima/install/zed_components:/opt/ros/humble LD_LIBRARY_PATH=/home/men3m/Naima/install/zed_components/lib:/usr/lib/x86_64-linux-gnu/gazebo-11/plugins:/opt/ros/humble/opt/rviz_ogre_vendor/lib:/opt/ros/humble/lib/x86_64-linux-gnu:/opt/ros/humble/lib:/usr/local/cuda-12.4.0/lib64:/usr/local/cuda-12.4.0/lib64 /usr/bin/cmake --build /home/men3m/Naima/build/zed_aruco_localization -- -j16 -l16
[1.251s] DEBUG:colcon.colcon_core.event_handler.log_command:Invoking command in '/home/men3m/Naima/build/zed_rgb_convert': AMENT_PREFIX_PATH=/home/men3m/Naima/install/zed_components:${AMENT_PREFIX_PATH} CMAKE_PREFIX_PATH=/home/men3m/Naima/install/zed_components:/opt/ros/humble LD_LIBRARY_PATH=/home/men3m/Naima/install/zed_components/lib:/usr/lib/x86_64-linux-gnu/gazebo-11/plugins:/opt/ros/humble/opt/rviz_ogre_vendor/lib:/opt/ros/humble/lib/x86_64-linux-gnu:/opt/ros/humble/lib:/usr/local/cuda-12.4.0/lib64:/usr/local/cuda-12.4.0/lib64 /usr/bin/cmake --build /home/men3m/Naima/build/zed_rgb_convert -- -j16 -l16
[1.252s] Level 1:colcon.colcon_core.environment:create_environment_scripts_only(zed_tutorial_pos_tracking)
[1.252s] Level 1:colcon.colcon_core.environment:checking '/home/men3m/Naima/install/zed_tutorial_pos_tracking' for CMake module files
[1.253s] DEBUG:colcon.colcon_core.event_handler.log_command:Invoking command in '/home/men3m/Naima/build/ublox_msgs': AMENT_PREFIX_PATH=/home/men3m/Naima/install/ublox_serialization:${AMENT_PREFIX_PATH} CMAKE_PREFIX_PATH=/home/men3m/Naima/install/ublox_serialization:/opt/ros/humble /usr/bin/cmake --build /home/men3m/Naima/build/ublox_msgs -- -j16 -l16
[1.254s] DEBUG:colcon.colcon_core.event_handler.log_command:Invoked command in '/home/men3m/Naima/build/zed_tutorial_pos_tracking' returned '0': CMAKE_PREFIX_PATH=/opt/ros/humble /usr/bin/cmake --install /home/men3m/Naima/build/zed_tutorial_pos_tracking
[1.254s] Level 1:colcon.colcon_core.environment:checking '/home/men3m/Naima/install/zed_tutorial_pos_tracking' for CMake config files
[1.254s] Level 1:colcon.colcon_core.shell:create_environment_hook('zed_tutorial_pos_tracking', 'cmake_prefix_path')
[1.254s] INFO:colcon.colcon_core.shell:Creating environment hook '/home/men3m/Naima/install/zed_tutorial_pos_tracking/share/zed_tutorial_pos_tracking/hook/cmake_prefix_path.ps1'
[1.255s] INFO:colcon.colcon_core.shell:Creating environment descriptor '/home/men3m/Naima/install/zed_tutorial_pos_tracking/share/zed_tutorial_pos_tracking/hook/cmake_prefix_path.dsv'
[1.255s] INFO:colcon.colcon_core.shell:Creating environment hook '/home/men3m/Naima/install/zed_tutorial_pos_tracking/share/zed_tutorial_pos_tracking/hook/cmake_prefix_path.sh'
[1.256s] Level 1:colcon.colcon_core.environment:checking '/home/men3m/Naima/install/zed_tutorial_pos_tracking/lib'
[1.256s] Level 1:colcon.colcon_core.environment:checking '/home/men3m/Naima/install/zed_tutorial_pos_tracking/bin'
[1.256s] Level 1:colcon.colcon_core.environment:checking '/home/men3m/Naima/install/zed_tutorial_pos_tracking/lib/pkgconfig/zed_tutorial_pos_tracking.pc'
[1.256s] Level 1:colcon.colcon_core.environment:checking '/home/men3m/Naima/install/zed_tutorial_pos_tracking/lib/python3.10/site-packages'
[1.256s] Level 1:colcon.colcon_core.environment:checking '/home/men3m/Naima/install/zed_tutorial_pos_tracking/bin'
[1.256s] INFO:colcon.colcon_core.shell:Creating package script '/home/men3m/Naima/install/zed_tutorial_pos_tracking/share/zed_tutorial_pos_tracking/package.ps1'
[1.257s] INFO:colcon.colcon_core.shell:Creating package descriptor '/home/men3m/Naima/install/zed_tutorial_pos_tracking/share/zed_tutorial_pos_tracking/package.dsv'
[1.257s] INFO:colcon.colcon_core.shell:Creating package script '/home/men3m/Naima/install/zed_tutorial_pos_tracking/share/zed_tutorial_pos_tracking/package.sh'
[1.257s] INFO:colcon.colcon_core.shell:Creating package script '/home/men3m/Naima/install/zed_tutorial_pos_tracking/share/zed_tutorial_pos_tracking/package.bash'
[1.258s] INFO:colcon.colcon_core.shell:Creating package script '/home/men3m/Naima/install/zed_tutorial_pos_tracking/share/zed_tutorial_pos_tracking/package.zsh'
[1.258s] Level 1:colcon.colcon_core.environment:create_file_with_runtime_dependencies(/home/men3m/Naima/install/zed_tutorial_pos_tracking/share/colcon-core/packages/zed_tutorial_pos_tracking)
[1.259s] Level 1:colcon.colcon_core.environment:create_environment_scripts_only(zed_tutorial_pos_tracking)
[1.259s] Level 1:colcon.colcon_core.environment:checking '/home/men3m/Naima/install/zed_tutorial_pos_tracking' for CMake module files
[1.259s] Level 1:colcon.colcon_core.environment:checking '/home/men3m/Naima/install/zed_tutorial_pos_tracking' for CMake config files
[1.259s] Level 1:colcon.colcon_core.shell:create_environment_hook('zed_tutorial_pos_tracking', 'cmake_prefix_path')
[1.259s] INFO:colcon.colcon_core.shell:Creating environment hook '/home/men3m/Naima/install/zed_tutorial_pos_tracking/share/zed_tutorial_pos_tracking/hook/cmake_prefix_path.ps1'
[1.260s] INFO:colcon.colcon_core.shell:Creating environment descriptor '/home/men3m/Naima/install/zed_tutorial_pos_tracking/share/zed_tutorial_pos_tracking/hook/cmake_prefix_path.dsv'
[1.260s] INFO:colcon.colcon_core.shell:Creating environment hook '/home/men3m/Naima/install/zed_tutorial_pos_tracking/share/zed_tutorial_pos_tracking/hook/cmake_prefix_path.sh'
[1.261s] Level 1:colcon.colcon_core.environment:checking '/home/men3m/Naima/install/zed_tutorial_pos_tracking/lib'
[1.261s] Level 1:colcon.colcon_core.environment:checking '/home/men3m/Naima/install/zed_tutorial_pos_tracking/bin'
[1.261s] Level 1:colcon.colcon_core.environment:checking '/home/men3m/Naima/install/zed_tutorial_pos_tracking/lib/pkgconfig/zed_tutorial_pos_tracking.pc'
[1.261s] Level 1:colcon.colcon_core.environment:checking '/home/men3m/Naima/install/zed_tutorial_pos_tracking/lib/python3.10/site-packages'
[1.261s] Level 1:colcon.colcon_core.environment:checking '/home/men3m/Naima/install/zed_tutorial_pos_tracking/bin'
[1.262s] INFO:colcon.colcon_core.shell:Creating package script '/home/men3m/Naima/install/zed_tutorial_pos_tracking/share/zed_tutorial_pos_tracking/package.ps1'
[1.262s] INFO:colcon.colcon_core.shell:Creating package descriptor '/home/men3m/Naima/install/zed_tutorial_pos_tracking/share/zed_tutorial_pos_tracking/package.dsv'
[1.262s] INFO:colcon.colcon_core.shell:Creating package script '/home/men3m/Naima/install/zed_tutorial_pos_tracking/share/zed_tutorial_pos_tracking/package.sh'
[1.263s] INFO:colcon.colcon_core.shell:Creating package script '/home/men3m/Naima/install/zed_tutorial_pos_tracking/share/zed_tutorial_pos_tracking/package.bash'
[1.263s] INFO:colcon.colcon_core.shell:Creating package script '/home/men3m/Naima/install/zed_tutorial_pos_tracking/share/zed_tutorial_pos_tracking/package.zsh'
[1.264s] Level 1:colcon.colcon_core.environment:create_file_with_runtime_dependencies(/home/men3m/Naima/install/zed_tutorial_pos_tracking/share/colcon-core/packages/zed_tutorial_pos_tracking)
[1.264s] Level 1:colcon.colcon_core.environment:create_environment_scripts_only(zed_tutorial_depth)
[1.264s] Level 1:colcon.colcon_core.environment:checking '/home/men3m/Naima/install/zed_tutorial_depth' for CMake module files
[1.265s] DEBUG:colcon.colcon_core.event_handler.log_command:Invoked command in '/home/men3m/Naima/build/zed_tutorial_depth' returned '0': CMAKE_PREFIX_PATH=/opt/ros/humble /usr/bin/cmake --install /home/men3m/Naima/build/zed_tutorial_depth
[1.266s] Level 1:colcon.colcon_core.environment:checking '/home/men3m/Naima/install/zed_tutorial_depth' for CMake config files
[1.266s] Level 1:colcon.colcon_core.shell:create_environment_hook('zed_tutorial_depth', 'cmake_prefix_path')
[1.266s] INFO:colcon.colcon_core.shell:Creating environment hook '/home/men3m/Naima/install/zed_tutorial_depth/share/zed_tutorial_depth/hook/cmake_prefix_path.ps1'
[1.266s] INFO:colcon.colcon_core.shell:Creating environment descriptor '/home/men3m/Naima/install/zed_tutorial_depth/share/zed_tutorial_depth/hook/cmake_prefix_path.dsv'
[1.267s] INFO:colcon.colcon_core.shell:Creating environment hook '/home/men3m/Naima/install/zed_tutorial_depth/share/zed_tutorial_depth/hook/cmake_prefix_path.sh'
[1.267s] Level 1:colcon.colcon_core.environment:checking '/home/men3m/Naima/install/zed_tutorial_depth/lib'
[1.267s] Level 1:colcon.colcon_core.environment:checking '/home/men3m/Naima/install/zed_tutorial_depth/bin'
[1.267s] Level 1:colcon.colcon_core.environment:checking '/home/men3m/Naima/install/zed_tutorial_depth/lib/pkgconfig/zed_tutorial_depth.pc'
[1.267s] Level 1:colcon.colcon_core.environment:checking '/home/men3m/Naima/install/zed_tutorial_depth/lib/python3.10/site-packages'
[1.268s] Level 1:colcon.colcon_core.environment:checking '/home/men3m/Naima/install/zed_tutorial_depth/bin'
[1.268s] INFO:colcon.colcon_core.shell:Creating package script '/home/men3m/Naima/install/zed_tutorial_depth/share/zed_tutorial_depth/package.ps1'
[1.268s] INFO:colcon.colcon_core.shell:Creating package descriptor '/home/men3m/Naima/install/zed_tutorial_depth/share/zed_tutorial_depth/package.dsv'
[1.269s] INFO:colcon.colcon_core.shell:Creating package script '/home/men3m/Naima/install/zed_tutorial_depth/share/zed_tutorial_depth/package.sh'
[1.269s] INFO:colcon.colcon_core.shell:Creating package script '/home/men3m/Naima/install/zed_tutorial_depth/share/zed_tutorial_depth/package.bash'
[1.269s] INFO:colcon.colcon_core.shell:Creating package script '/home/men3m/Naima/install/zed_tutorial_depth/share/zed_tutorial_depth/package.zsh'
[1.270s] Level 1:colcon.colcon_core.environment:create_file_with_runtime_dependencies(/home/men3m/Naima/install/zed_tutorial_depth/share/colcon-core/packages/zed_tutorial_depth)
[1.270s] Level 1:colcon.colcon_core.environment:create_environment_scripts_only(zed_tutorial_depth)
[1.270s] Level 1:colcon.colcon_core.environment:checking '/home/men3m/Naima/install/zed_tutorial_depth' for CMake module files
[1.271s] Level 1:colcon.colcon_core.environment:checking '/home/men3m/Naima/install/zed_tutorial_depth' for CMake config files
[1.271s] Level 1:colcon.colcon_core.shell:create_environment_hook('zed_tutorial_depth', 'cmake_prefix_path')
[1.271s] INFO:colcon.colcon_core.shell:Creating environment hook '/home/men3m/Naima/install/zed_tutorial_depth/share/zed_tutorial_depth/hook/cmake_prefix_path.ps1'
[1.271s] INFO:colcon.colcon_core.shell:Creating environment descriptor '/home/men3m/Naima/install/zed_tutorial_depth/share/zed_tutorial_depth/hook/cmake_prefix_path.dsv'
[1.271s] INFO:colcon.colcon_core.shell:Creating environment hook '/home/men3m/Naima/install/zed_tutorial_depth/share/zed_tutorial_depth/hook/cmake_prefix_path.sh'
[1.272s] Level 1:colcon.colcon_core.environment:checking '/home/men3m/Naima/install/zed_tutorial_depth/lib'
[1.272s] Level 1:colcon.colcon_core.environment:checking '/home/men3m/Naima/install/zed_tutorial_depth/bin'
[1.272s] Level 1:colcon.colcon_core.environment:checking '/home/men3m/Naima/install/zed_tutorial_depth/lib/pkgconfig/zed_tutorial_depth.pc'
[1.272s] Level 1:colcon.colcon_core.environment:checking '/home/men3m/Naima/install/zed_tutorial_depth/lib/python3.10/site-packages'
[1.272s] Level 1:colcon.colcon_core.environment:checking '/home/men3m/Naima/install/zed_tutorial_depth/bin'
[1.273s] INFO:colcon.colcon_core.shell:Creating package script '/home/men3m/Naima/install/zed_tutorial_depth/share/zed_tutorial_depth/package.ps1'
[1.273s] INFO:colcon.colcon_core.shell:Creating package descriptor '/home/men3m/Naima/install/zed_tutorial_depth/share/zed_tutorial_depth/package.dsv'
[1.274s] INFO:colcon.colcon_core.shell:Creating package script '/home/men3m/Naima/install/zed_tutorial_depth/share/zed_tutorial_depth/package.sh'
[1.274s] INFO:colcon.colcon_core.shell:Creating package script '/home/men3m/Naima/install/zed_tutorial_depth/share/zed_tutorial_depth/package.bash'
[1.274s] INFO:colcon.colcon_core.shell:Creating package script '/home/men3m/Naima/install/zed_tutorial_depth/share/zed_tutorial_depth/package.zsh'
[1.275s] Level 1:colcon.colcon_core.environment:create_file_with_runtime_dependencies(/home/men3m/Naima/install/zed_tutorial_depth/share/colcon-core/packages/zed_tutorial_depth)
[1.275s] Level 1:colcon.colcon_core.environment:create_environment_scripts_only(zed_tutorial_video)
[1.275s] Level 1:colcon.colcon_core.environment:checking '/home/men3m/Naima/install/zed_tutorial_video' for CMake module files
[1.276s] DEBUG:colcon.colcon_core.event_handler.log_command:Invoked command in '/home/men3m/Naima/build/zed_tutorial_video' returned '0': CMAKE_PREFIX_PATH=/opt/ros/humble /usr/bin/cmake --install /home/men3m/Naima/build/zed_tutorial_video
[1.276s] Level 1:colcon.colcon_core.environment:checking '/home/men3m/Naima/install/zed_tutorial_video' for CMake config files
[1.276s] Level 1:colcon.colcon_core.shell:create_environment_hook('zed_tutorial_video', 'cmake_prefix_path')
[1.277s] INFO:colcon.colcon_core.shell:Creating environment hook '/home/men3m/Naima/install/zed_tutorial_video/share/zed_tutorial_video/hook/cmake_prefix_path.ps1'
[1.277s] INFO:colcon.colcon_core.shell:Creating environment descriptor '/home/men3m/Naima/install/zed_tutorial_video/share/zed_tutorial_video/hook/cmake_prefix_path.dsv'
[1.277s] INFO:colcon.colcon_core.shell:Creating environment hook '/home/men3m/Naima/install/zed_tutorial_video/share/zed_tutorial_video/hook/cmake_prefix_path.sh'
[1.278s] Level 1:colcon.colcon_core.environment:checking '/home/men3m/Naima/install/zed_tutorial_video/lib'
[1.278s] Level 1:colcon.colcon_core.environment:checking '/home/men3m/Naima/install/zed_tutorial_video/bin'
[1.278s] Level 1:colcon.colcon_core.environment:checking '/home/men3m/Naima/install/zed_tutorial_video/lib/pkgconfig/zed_tutorial_video.pc'
[1.278s] Level 1:colcon.colcon_core.environment:checking '/home/men3m/Naima/install/zed_tutorial_video/lib/python3.10/site-packages'
[1.278s] Level 1:colcon.colcon_core.environment:checking '/home/men3m/Naima/install/zed_tutorial_video/bin'
[1.279s] INFO:colcon.colcon_core.shell:Creating package script '/home/men3m/Naima/install/zed_tutorial_video/share/zed_tutorial_video/package.ps1'
[1.279s] INFO:colcon.colcon_core.shell:Creating package descriptor '/home/men3m/Naima/install/zed_tutorial_video/share/zed_tutorial_video/package.dsv'
[1.279s] INFO:colcon.colcon_core.shell:Creating package script '/home/men3m/Naima/install/zed_tutorial_video/share/zed_tutorial_video/package.sh'
[1.280s] INFO:colcon.colcon_core.shell:Creating package script '/home/men3m/Naima/install/zed_tutorial_video/share/zed_tutorial_video/package.bash'
[1.280s] INFO:colcon.colcon_core.shell:Creating package script '/home/men3m/Naima/install/zed_tutorial_video/share/zed_tutorial_video/package.zsh'
[1.280s] Level 1:colcon.colcon_core.environment:create_file_with_runtime_dependencies(/home/men3m/Naima/install/zed_tutorial_video/share/colcon-core/packages/zed_tutorial_video)
[1.281s] Level 1:colcon.colcon_core.environment:create_environment_scripts_only(zed_tutorial_video)
[1.281s] Level 1:colcon.colcon_core.environment:checking '/home/men3m/Naima/install/zed_tutorial_video' for CMake module files
[1.281s] Level 1:colcon.colcon_core.environment:checking '/home/men3m/Naima/install/zed_tutorial_video' for CMake config files
[1.282s] Level 1:colcon.colcon_core.shell:create_environment_hook('zed_tutorial_video', 'cmake_prefix_path')
[1.282s] INFO:colcon.colcon_core.shell:Creating environment hook '/home/men3m/Naima/install/zed_tutorial_video/share/zed_tutorial_video/hook/cmake_prefix_path.ps1'
[1.282s] INFO:colcon.colcon_core.shell:Creating environment descriptor '/home/men3m/Naima/install/zed_tutorial_video/share/zed_tutorial_video/hook/cmake_prefix_path.dsv'
[1.282s] INFO:colcon.colcon_core.shell:Creating environment hook '/home/men3m/Naima/install/zed_tutorial_video/share/zed_tutorial_video/hook/cmake_prefix_path.sh'
[1.283s] Level 1:colcon.colcon_core.environment:checking '/home/men3m/Naima/install/zed_tutorial_video/lib'
[1.283s] Level 1:colcon.colcon_core.environment:checking '/home/men3m/Naima/install/zed_tutorial_video/bin'
[1.283s] Level 1:colcon.colcon_core.environment:checking '/home/men3m/Naima/install/zed_tutorial_video/lib/pkgconfig/zed_tutorial_video.pc'
[1.283s] Level 1:colcon.colcon_core.environment:checking '/home/men3m/Naima/install/zed_tutorial_video/lib/python3.10/site-packages'
[1.283s] Level 1:colcon.colcon_core.environment:checking '/home/men3m/Naima/install/zed_tutorial_video/bin'
[1.284s] INFO:colcon.colcon_core.shell:Creating package script '/home/men3m/Naima/install/zed_tutorial_video/share/zed_tutorial_video/package.ps1'
[1.284s] INFO:colcon.colcon_core.shell:Creating package descriptor '/home/men3m/Naima/install/zed_tutorial_video/share/zed_tutorial_video/package.dsv'
[1.284s] INFO:colcon.colcon_core.shell:Creating package script '/home/men3m/Naima/install/zed_tutorial_video/share/zed_tutorial_video/package.sh'
[1.285s] INFO:colcon.colcon_core.shell:Creating package script '/home/men3m/Naima/install/zed_tutorial_video/share/zed_tutorial_video/package.bash'
[1.285s] INFO:colcon.colcon_core.shell:Creating package script '/home/men3m/Naima/install/zed_tutorial_video/share/zed_tutorial_video/package.zsh'
[1.285s] Level 1:colcon.colcon_core.environment:create_file_with_runtime_dependencies(/home/men3m/Naima/install/zed_tutorial_video/share/colcon-core/packages/zed_tutorial_video)
[1.288s] Level 1:colcon.colcon_core.environment:create_environment_scripts_only(rviz_plugin_zed_od)
[1.289s] Level 1:colcon.colcon_core.environment:checking '/home/men3m/Naima/install/rviz_plugin_zed_od' for CMake module files
[1.289s] Level 1:colcon.colcon_core.environment:checking '/home/men3m/Naima/install/rviz_plugin_zed_od' for CMake config files
[1.290s] Level 1:colcon.colcon_core.shell:create_environment_hook('rviz_plugin_zed_od', 'cmake_prefix_path')
[1.290s] INFO:colcon.colcon_core.shell:Creating environment hook '/home/men3m/Naima/install/rviz_plugin_zed_od/share/rviz_plugin_zed_od/hook/cmake_prefix_path.ps1'
[1.290s] DEBUG:colcon.colcon_core.event_handler.log_command:Invoking command in '/home/men3m/Naima/build/zed_topic_benchmark_component': AMENT_PREFIX_PATH=/home/men3m/Naima/install/zed_topic_benchmark_interfaces:${AMENT_PREFIX_PATH} CMAKE_PREFIX_PATH=/home/men3m/Naima/install/zed_topic_benchmark_interfaces:/opt/ros/humble LD_LIBRARY_PATH=/home/men3m/Naima/install/zed_topic_benchmark_interfaces/lib:/usr/lib/x86_64-linux-gnu/gazebo-11/plugins:/opt/ros/humble/opt/rviz_ogre_vendor/lib:/opt/ros/humble/lib/x86_64-linux-gnu:/opt/ros/humble/lib:/usr/local/cuda-12.4.0/lib64:/usr/local/cuda-12.4.0/lib64 PYTHONPATH=/home/men3m/Naima/install/zed_topic_benchmark_interfaces/local/lib/python3.10/dist-packages:${PYTHONPATH} /usr/bin/cmake --build /home/men3m/Naima/build/zed_topic_benchmark_component -- -j16 -l16
[1.291s] DEBUG:colcon.colcon_core.event_handler.log_command:Invoked command in '/home/men3m/Naima/build/rviz_plugin_zed_od' returned '0': CMAKE_PREFIX_PATH=/opt/ros/humble /usr/bin/cmake --install /home/men3m/Naima/build/rviz_plugin_zed_od
[1.291s] INFO:colcon.colcon_core.shell:Creating environment descriptor '/home/men3m/Naima/install/rviz_plugin_zed_od/share/rviz_plugin_zed_od/hook/cmake_prefix_path.dsv'
[1.291s] INFO:colcon.colcon_core.shell:Creating environment hook '/home/men3m/Naima/install/rviz_plugin_zed_od/share/rviz_plugin_zed_od/hook/cmake_prefix_path.sh'
[1.292s] Level 1:colcon.colcon_core.environment:checking '/home/men3m/Naima/install/rviz_plugin_zed_od/lib'
[1.292s] Level 1:colcon.colcon_core.shell:create_environment_hook('rviz_plugin_zed_od', 'ld_library_path_lib')
[1.292s] INFO:colcon.colcon_core.shell:Creating environment hook '/home/men3m/Naima/install/rviz_plugin_zed_od/share/rviz_plugin_zed_od/hook/ld_library_path_lib.ps1'
[1.293s] INFO:colcon.colcon_core.shell:Creating environment descriptor '/home/men3m/Naima/install/rviz_plugin_zed_od/share/rviz_plugin_zed_od/hook/ld_library_path_lib.dsv'
[1.293s] INFO:colcon.colcon_core.shell:Creating environment hook '/home/men3m/Naima/install/rviz_plugin_zed_od/share/rviz_plugin_zed_od/hook/ld_library_path_lib.sh'
[1.294s] Level 1:colcon.colcon_core.environment:checking '/home/men3m/Naima/install/rviz_plugin_zed_od/bin'
[1.294s] Level 1:colcon.colcon_core.environment:checking '/home/men3m/Naima/install/rviz_plugin_zed_od/lib/pkgconfig/rviz_plugin_zed_od.pc'
[1.294s] Level 1:colcon.colcon_core.environment:checking '/home/men3m/Naima/install/rviz_plugin_zed_od/lib/python3.10/site-packages'
[1.294s] Level 1:colcon.colcon_core.environment:checking '/home/men3m/Naima/install/rviz_plugin_zed_od/bin'
[1.294s] INFO:colcon.colcon_core.shell:Creating package script '/home/men3m/Naima/install/rviz_plugin_zed_od/share/rviz_plugin_zed_od/package.ps1'
[1.295s] INFO:colcon.colcon_core.shell:Creating package descriptor '/home/men3m/Naima/install/rviz_plugin_zed_od/share/rviz_plugin_zed_od/package.dsv'
[1.295s] INFO:colcon.colcon_core.shell:Creating package script '/home/men3m/Naima/install/rviz_plugin_zed_od/share/rviz_plugin_zed_od/package.sh'
[1.296s] INFO:colcon.colcon_core.shell:Creating package script '/home/men3m/Naima/install/rviz_plugin_zed_od/share/rviz_plugin_zed_od/package.bash'
[1.296s] INFO:colcon.colcon_core.shell:Creating package script '/home/men3m/Naima/install/rviz_plugin_zed_od/share/rviz_plugin_zed_od/package.zsh'
[1.296s] Level 1:colcon.colcon_core.environment:create_file_with_runtime_dependencies(/home/men3m/Naima/install/rviz_plugin_zed_od/share/colcon-core/packages/rviz_plugin_zed_od)
[1.297s] Level 1:colcon.colcon_core.environment:create_environment_scripts_only(rviz_plugin_zed_od)
[1.297s] Level 1:colcon.colcon_core.environment:checking '/home/men3m/Naima/install/rviz_plugin_zed_od' for CMake module files
[1.297s] Level 1:colcon.colcon_core.environment:checking '/home/men3m/Naima/install/rviz_plugin_zed_od' for CMake config files
[1.298s] Level 1:colcon.colcon_core.shell:create_environment_hook('rviz_plugin_zed_od', 'cmake_prefix_path')
[1.298s] INFO:colcon.colcon_core.shell:Creating environment hook '/home/men3m/Naima/install/rviz_plugin_zed_od/share/rviz_plugin_zed_od/hook/cmake_prefix_path.ps1'
[1.298s] INFO:colcon.colcon_core.shell:Creating environment descriptor '/home/men3m/Naima/install/rviz_plugin_zed_od/share/rviz_plugin_zed_od/hook/cmake_prefix_path.dsv'
[1.298s] INFO:colcon.colcon_core.shell:Creating environment hook '/home/men3m/Naima/install/rviz_plugin_zed_od/share/rviz_plugin_zed_od/hook/cmake_prefix_path.sh'
[1.299s] Level 1:colcon.colcon_core.environment:checking '/home/men3m/Naima/install/rviz_plugin_zed_od/lib'
[1.299s] Level 1:colcon.colcon_core.shell:create_environment_hook('rviz_plugin_zed_od', 'ld_library_path_lib')
[1.299s] INFO:colcon.colcon_core.shell:Creating environment hook '/home/men3m/Naima/install/rviz_plugin_zed_od/share/rviz_plugin_zed_od/hook/ld_library_path_lib.ps1'
[1.300s] INFO:colcon.colcon_core.shell:Creating environment descriptor '/home/men3m/Naima/install/rviz_plugin_zed_od/share/rviz_plugin_zed_od/hook/ld_library_path_lib.dsv'
[1.300s] INFO:colcon.colcon_core.shell:Creating environment hook '/home/men3m/Naima/install/rviz_plugin_zed_od/share/rviz_plugin_zed_od/hook/ld_library_path_lib.sh'
[1.300s] Level 1:colcon.colcon_core.environment:checking '/home/men3m/Naima/install/rviz_plugin_zed_od/bin'
[1.300s] Level 1:colcon.colcon_core.environment:checking '/home/men3m/Naima/install/rviz_plugin_zed_od/lib/pkgconfig/rviz_plugin_zed_od.pc'
[1.300s] Level 1:colcon.colcon_core.environment:checking '/home/men3m/Naima/install/rviz_plugin_zed_od/lib/python3.10/site-packages'
[1.301s] Level 1:colcon.colcon_core.environment:checking '/home/men3m/Naima/install/rviz_plugin_zed_od/bin'
[1.301s] INFO:colcon.colcon_core.shell:Creating package script '/home/men3m/Naima/install/rviz_plugin_zed_od/share/rviz_plugin_zed_od/package.ps1'
[1.302s] INFO:colcon.colcon_core.shell:Creating package descriptor '/home/men3m/Naima/install/rviz_plugin_zed_od/share/rviz_plugin_zed_od/package.dsv'
[1.302s] INFO:colcon.colcon_core.shell:Creating package script '/home/men3m/Naima/install/rviz_plugin_zed_od/share/rviz_plugin_zed_od/package.sh'
[1.303s] INFO:colcon.colcon_core.shell:Creating package script '/home/men3m/Naima/install/rviz_plugin_zed_od/share/rviz_plugin_zed_od/package.bash'
[1.303s] INFO:colcon.colcon_core.shell:Creating package script '/home/men3m/Naima/install/rviz_plugin_zed_od/share/rviz_plugin_zed_od/package.zsh'
[1.304s] Level 1:colcon.colcon_core.environment:create_file_with_runtime_dependencies(/home/men3m/Naima/install/rviz_plugin_zed_od/share/colcon-core/packages/rviz_plugin_zed_od)
[1.310s] DEBUG:colcon.colcon_core.event_handler.log_command:Invoking command in '/home/men3m/Naima/build/naima_examples': AMENT_PREFIX_PATH=/home/men3m/Naima/install/naima_msgs:${AMENT_PREFIX_PATH} CMAKE_PREFIX_PATH=/home/men3m/Naima/install/naima_msgs:/opt/ros/humble LD_LIBRARY_PATH=/home/men3m/Naima/install/naima_msgs/lib:/usr/lib/x86_64-linux-gnu/gazebo-11/plugins:/opt/ros/humble/opt/rviz_ogre_vendor/lib:/opt/ros/humble/lib/x86_64-linux-gnu:/opt/ros/humble/lib:/usr/local/cuda-12.4.0/lib64:/usr/local/cuda-12.4.0/lib64 PYTHONPATH=/home/men3m/Naima/install/naima_msgs/local/lib/python3.10/dist-packages:${PYTHONPATH} /usr/bin/cmake --build /home/men3m/Naima/build/naima_examples -- -j16 -l16
[1.311s] DEBUG:colcon.colcon_core.event_handler.log_command:Invoked command in '/home/men3m/Naima/build/zed_wrapper' returned '0': AMENT_PREFIX_PATH=/home/men3m/Naima/install/zed_components:${AMENT_PREFIX_PATH} CMAKE_PREFIX_PATH=/home/men3m/Naima/install/zed_components:/opt/ros/humble LD_LIBRARY_PATH=/home/men3m/Naima/install/zed_components/lib:/usr/lib/x86_64-linux-gnu/gazebo-11/plugins:/opt/ros/humble/opt/rviz_ogre_vendor/lib:/opt/ros/humble/lib/x86_64-linux-gnu:/opt/ros/humble/lib:/usr/local/cuda-12.4.0/lib64:/usr/local/cuda-12.4.0/lib64 /usr/bin/cmake --build /home/men3m/Naima/build/zed_wrapper -- -j16 -l16
[1.312s] DEBUG:colcon.colcon_core.event_handler.log_command:Invoking command in '/home/men3m/Naima/build/zed_wrapper': AMENT_PREFIX_PATH=/home/men3m/Naima/install/zed_components:${AMENT_PREFIX_PATH} CMAKE_PREFIX_PATH=/home/men3m/Naima/install/zed_components:/opt/ros/humble LD_LIBRARY_PATH=/home/men3m/Naima/install/zed_components/lib:/usr/lib/x86_64-linux-gnu/gazebo-11/plugins:/opt/ros/humble/opt/rviz_ogre_vendor/lib:/opt/ros/humble/lib/x86_64-linux-gnu:/opt/ros/humble/lib:/usr/local/cuda-12.4.0/lib64:/usr/local/cuda-12.4.0/lib64 /usr/bin/cmake --install /home/men3m/Naima/build/zed_wrapper
[1.316s] DEBUG:colcon.colcon_core.event_handler.log_command:Invoked command in '/home/men3m/Naima/build/zed_aruco_localization' returned '0': AMENT_PREFIX_PATH=/home/men3m/Naima/install/zed_components:${AMENT_PREFIX_PATH} CMAKE_PREFIX_PATH=/home/men3m/Naima/install/zed_components:/opt/ros/humble LD_LIBRARY_PATH=/home/men3m/Naima/install/zed_components/lib:/usr/lib/x86_64-linux-gnu/gazebo-11/plugins:/opt/ros/humble/opt/rviz_ogre_vendor/lib:/opt/ros/humble/lib/x86_64-linux-gnu:/opt/ros/humble/lib:/usr/local/cuda-12.4.0/lib64:/usr/local/cuda-12.4.0/lib64 /usr/bin/cmake --build /home/men3m/Naima/build/zed_aruco_localization -- -j16 -l16
[1.321s] DEBUG:colcon.colcon_core.event_handler.log_command:Invoking command in '/home/men3m/Naima/build/zed_aruco_localization': AMENT_PREFIX_PATH=/home/men3m/Naima/install/zed_components:${AMENT_PREFIX_PATH} CMAKE_PREFIX_PATH=/home/men3m/Naima/install/zed_components:/opt/ros/humble LD_LIBRARY_PATH=/home/men3m/Naima/install/zed_components/lib:/usr/lib/x86_64-linux-gnu/gazebo-11/plugins:/opt/ros/humble/opt/rviz_ogre_vendor/lib:/opt/ros/humble/lib/x86_64-linux-gnu:/opt/ros/humble/lib:/usr/local/cuda-12.4.0/lib64:/usr/local/cuda-12.4.0/lib64 /usr/bin/cmake --install /home/men3m/Naima/build/zed_aruco_localization
[1.323s] Level 1:colcon.colcon_core.environment:create_environment_scripts_only(zed_wrapper)
[1.323s] Level 1:colcon.colcon_core.environment:checking '/home/men3m/Naima/install/zed_wrapper' for CMake module files
[1.326s] DEBUG:colcon.colcon_core.event_handler.log_command:Invoked command in '/home/men3m/Naima/build/zed_wrapper' returned '0': AMENT_PREFIX_PATH=/home/men3m/Naima/install/zed_components:${AMENT_PREFIX_PATH} CMAKE_PREFIX_PATH=/home/men3m/Naima/install/zed_components:/opt/ros/humble LD_LIBRARY_PATH=/home/men3m/Naima/install/zed_components/lib:/usr/lib/x86_64-linux-gnu/gazebo-11/plugins:/opt/ros/humble/opt/rviz_ogre_vendor/lib:/opt/ros/humble/lib/x86_64-linux-gnu:/opt/ros/humble/lib:/usr/local/cuda-12.4.0/lib64:/usr/local/cuda-12.4.0/lib64 /usr/bin/cmake --install /home/men3m/Naima/build/zed_wrapper
[1.326s] Level 1:colcon.colcon_core.environment:checking '/home/men3m/Naima/install/zed_wrapper' for CMake config files
[1.326s] Level 1:colcon.colcon_core.shell:create_environment_hook('zed_wrapper', 'cmake_prefix_path')
[1.327s] INFO:colcon.colcon_core.shell:Creating environment hook '/home/men3m/Naima/install/zed_wrapper/share/zed_wrapper/hook/cmake_prefix_path.ps1'
[1.328s] INFO:colcon.colcon_core.shell:Creating environment descriptor '/home/men3m/Naima/install/zed_wrapper/share/zed_wrapper/hook/cmake_prefix_path.dsv'
[1.328s] INFO:colcon.colcon_core.shell:Creating environment hook '/home/men3m/Naima/install/zed_wrapper/share/zed_wrapper/hook/cmake_prefix_path.sh'
[1.331s] Level 1:colcon.colcon_core.environment:checking '/home/men3m/Naima/install/zed_wrapper/bin'
[1.331s] Level 1:colcon.colcon_core.environment:checking '/home/men3m/Naima/install/zed_wrapper/lib/pkgconfig/zed_wrapper.pc'
[1.331s] Level 1:colcon.colcon_core.environment:checking '/home/men3m/Naima/install/zed_wrapper/lib/python3.10/site-packages'
[1.332s] Level 1:colcon.colcon_core.environment:checking '/home/men3m/Naima/install/zed_wrapper/bin'
[1.332s] INFO:colcon.colcon_core.shell:Creating package script '/home/men3m/Naima/install/zed_wrapper/share/zed_wrapper/package.ps1'
[1.335s] INFO:colcon.colcon_core.shell:Creating package descriptor '/home/men3m/Naima/install/zed_wrapper/share/zed_wrapper/package.dsv'
[1.336s] INFO:colcon.colcon_core.shell:Creating package script '/home/men3m/Naima/install/zed_wrapper/share/zed_wrapper/package.sh'
[1.336s] INFO:colcon.colcon_core.shell:Creating package script '/home/men3m/Naima/install/zed_wrapper/share/zed_wrapper/package.bash'
[1.336s] INFO:colcon.colcon_core.shell:Creating package script '/home/men3m/Naima/install/zed_wrapper/share/zed_wrapper/package.zsh'
[1.337s] Level 1:colcon.colcon_core.environment:create_file_with_runtime_dependencies(/home/men3m/Naima/install/zed_wrapper/share/colcon-core/packages/zed_wrapper)
[1.337s] Level 1:colcon.colcon_core.environment:create_environment_scripts_only(zed_wrapper)
[1.338s] Level 1:colcon.colcon_core.environment:checking '/home/men3m/Naima/install/zed_wrapper' for CMake module files
[1.338s] Level 1:colcon.colcon_core.environment:checking '/home/men3m/Naima/install/zed_wrapper' for CMake config files
[1.338s] Level 1:colcon.colcon_core.shell:create_environment_hook('zed_wrapper', 'cmake_prefix_path')
[1.339s] INFO:colcon.colcon_core.shell:Creating environment hook '/home/men3m/Naima/install/zed_wrapper/share/zed_wrapper/hook/cmake_prefix_path.ps1'
[1.339s] INFO:colcon.colcon_core.shell:Creating environment descriptor '/home/men3m/Naima/install/zed_wrapper/share/zed_wrapper/hook/cmake_prefix_path.dsv'
[1.340s] INFO:colcon.colcon_core.shell:Creating environment hook '/home/men3m/Naima/install/zed_wrapper/share/zed_wrapper/hook/cmake_prefix_path.sh'
[1.340s] Level 1:colcon.colcon_core.environment:checking '/home/men3m/Naima/install/zed_wrapper/bin'
[1.340s] Level 1:colcon.colcon_core.environment:checking '/home/men3m/Naima/install/zed_wrapper/lib/pkgconfig/zed_wrapper.pc'
[1.341s] Level 1:colcon.colcon_core.environment:checking '/home/men3m/Naima/install/zed_wrapper/lib/python3.10/site-packages'
[1.341s] Level 1:colcon.colcon_core.environment:checking '/home/men3m/Naima/install/zed_wrapper/bin'
[1.342s] INFO:colcon.colcon_core.shell:Creating package script '/home/men3m/Naima/install/zed_wrapper/share/zed_wrapper/package.ps1'
[1.343s] INFO:colcon.colcon_core.shell:Creating package descriptor '/home/men3m/Naima/install/zed_wrapper/share/zed_wrapper/package.dsv'
[1.344s] INFO:colcon.colcon_core.shell:Creating package script '/home/men3m/Naima/install/zed_wrapper/share/zed_wrapper/package.sh'
[1.344s] INFO:colcon.colcon_core.shell:Creating package script '/home/men3m/Naima/install/zed_wrapper/share/zed_wrapper/package.bash'
[1.345s] INFO:colcon.colcon_core.shell:Creating package script '/home/men3m/Naima/install/zed_wrapper/share/zed_wrapper/package.zsh'
[1.345s] Level 1:colcon.colcon_core.environment:create_file_with_runtime_dependencies(/home/men3m/Naima/install/zed_wrapper/share/colcon-core/packages/zed_wrapper)
[1.350s] INFO:colcon.colcon_ros.task.ament_cmake.build:Building ROS package in '/home/men3m/Naima/src/zed-ros2-examples/tutorials/zed_multi_camera' with build type 'ament_cmake'
[1.350s] INFO:colcon.colcon_cmake.task.cmake.build:Building CMake package in '/home/men3m/Naima/src/zed-ros2-examples/tutorials/zed_multi_camera'
[1.351s] INFO:colcon.colcon_core.shell:Skip shell extension 'powershell' for command environment: Not usable outside of PowerShell
[1.351s] DEBUG:colcon.colcon_core.shell:Skip shell extension 'dsv' for command environment
[1.359s] INFO:colcon.colcon_ros.task.ament_cmake.build:Building ROS package in '/home/men3m/Naima/src/zed-ros2-examples/examples/zed_depth_to_laserscan' with build type 'ament_cmake'
[1.360s] INFO:colcon.colcon_cmake.task.cmake.build:Building CMake package in '/home/men3m/Naima/src/zed-ros2-examples/examples/zed_depth_to_laserscan'
[1.360s] INFO:colcon.colcon_core.shell:Skip shell extension 'powershell' for command environment: Not usable outside of PowerShell
[1.360s] DEBUG:colcon.colcon_core.shell:Skip shell extension 'dsv' for command environment
[1.368s] INFO:colcon.colcon_ros.task.ament_cmake.build:Building ROS package in '/home/men3m/Naima/src/zed-ros2-examples/zed_display_rviz2' with build type 'ament_cmake'
[1.369s] INFO:colcon.colcon_cmake.task.cmake.build:Building CMake package in '/home/men3m/Naima/src/zed-ros2-examples/zed_display_rviz2'
[1.369s] INFO:colcon.colcon_core.shell:Skip shell extension 'powershell' for command environment: Not usable outside of PowerShell
[1.369s] DEBUG:colcon.colcon_core.shell:Skip shell extension 'dsv' for command environment
[1.376s] INFO:colcon.colcon_ros.task.ament_cmake.build:Building ROS package in '/home/men3m/Naima/src/zed-ros2-examples/tutorials/zed_robot_integration' with build type 'ament_cmake'
[1.376s] INFO:colcon.colcon_cmake.task.cmake.build:Building CMake package in '/home/men3m/Naima/src/zed-ros2-examples/tutorials/zed_robot_integration'
[1.377s] INFO:colcon.colcon_core.shell:Skip shell extension 'powershell' for command environment: Not usable outside of PowerShell
[1.377s] DEBUG:colcon.colcon_core.shell:Skip shell extension 'dsv' for command environment
[1.384s] INFO:colcon.colcon_ros.task.ament_cmake.build:Building ROS package in '/home/men3m/Naima/src/zed-ros2-wrapper/zed_ros2' with build type 'ament_cmake'
[1.384s] INFO:colcon.colcon_cmake.task.cmake.build:Building CMake package in '/home/men3m/Naima/src/zed-ros2-wrapper/zed_ros2'
[1.384s] INFO:colcon.colcon_core.shell:Skip shell extension 'powershell' for command environment: Not usable outside of PowerShell
[1.384s] DEBUG:colcon.colcon_core.shell:Skip shell extension 'dsv' for command environment
[1.393s] DEBUG:colcon.colcon_core.event_handler.log_command:Invoked command in '/home/men3m/Naima/build/zed_rgb_convert' returned '0': AMENT_PREFIX_PATH=/home/men3m/Naima/install/zed_components:${AMENT_PREFIX_PATH} CMAKE_PREFIX_PATH=/home/men3m/Naima/install/zed_components:/opt/ros/humble LD_LIBRARY_PATH=/home/men3m/Naima/install/zed_components/lib:/usr/lib/x86_64-linux-gnu/gazebo-11/plugins:/opt/ros/humble/opt/rviz_ogre_vendor/lib:/opt/ros/humble/lib/x86_64-linux-gnu:/opt/ros/humble/lib:/usr/local/cuda-12.4.0/lib64:/usr/local/cuda-12.4.0/lib64 /usr/bin/cmake --build /home/men3m/Naima/build/zed_rgb_convert -- -j16 -l16
[1.395s] Level 1:colcon.colcon_core.environment:create_environment_scripts_only(zed_aruco_localization)
[1.395s] Level 1:colcon.colcon_core.environment:checking '/home/men3m/Naima/install/zed_aruco_localization' for CMake module files
[1.396s] DEBUG:colcon.colcon_core.event_handler.log_command:Invoking command in '/home/men3m/Naima/build/zed_rgb_convert': AMENT_PREFIX_PATH=/home/men3m/Naima/install/zed_components:${AMENT_PREFIX_PATH} CMAKE_PREFIX_PATH=/home/men3m/Naima/install/zed_components:/opt/ros/humble LD_LIBRARY_PATH=/home/men3m/Naima/install/zed_components/lib:/usr/lib/x86_64-linux-gnu/gazebo-11/plugins:/opt/ros/humble/opt/rviz_ogre_vendor/lib:/opt/ros/humble/lib/x86_64-linux-gnu:/opt/ros/humble/lib:/usr/local/cuda-12.4.0/lib64:/usr/local/cuda-12.4.0/lib64 /usr/bin/cmake --install /home/men3m/Naima/build/zed_rgb_convert
[1.396s] DEBUG:colcon.colcon_core.event_handler.log_command:Invoked command in '/home/men3m/Naima/build/zed_aruco_localization' returned '0': AMENT_PREFIX_PATH=/home/men3m/Naima/install/zed_components:${AMENT_PREFIX_PATH} CMAKE_PREFIX_PATH=/home/men3m/Naima/install/zed_components:/opt/ros/humble LD_LIBRARY_PATH=/home/men3m/Naima/install/zed_components/lib:/usr/lib/x86_64-linux-gnu/gazebo-11/plugins:/opt/ros/humble/opt/rviz_ogre_vendor/lib:/opt/ros/humble/lib/x86_64-linux-gnu:/opt/ros/humble/lib:/usr/local/cuda-12.4.0/lib64:/usr/local/cuda-12.4.0/lib64 /usr/bin/cmake --install /home/men3m/Naima/build/zed_aruco_localization
[1.397s] Level 1:colcon.colcon_core.environment:checking '/home/men3m/Naima/install/zed_aruco_localization' for CMake config files
[1.397s] Level 1:colcon.colcon_core.shell:create_environment_hook('zed_aruco_localization', 'cmake_prefix_path')
[1.398s] INFO:colcon.colcon_core.shell:Creating environment hook '/home/men3m/Naima/install/zed_aruco_localization/share/zed_aruco_localization/hook/cmake_prefix_path.ps1'
[1.398s] INFO:colcon.colcon_core.shell:Creating environment descriptor '/home/men3m/Naima/install/zed_aruco_localization/share/zed_aruco_localization/hook/cmake_prefix_path.dsv'
[1.399s] INFO:colcon.colcon_core.shell:Creating environment hook '/home/men3m/Naima/install/zed_aruco_localization/share/zed_aruco_localization/hook/cmake_prefix_path.sh'
[1.399s] Level 1:colcon.colcon_core.environment:checking '/home/men3m/Naima/install/zed_aruco_localization/lib'
[1.399s] Level 1:colcon.colcon_core.shell:create_environment_hook('zed_aruco_localization', 'ld_library_path_lib')
[1.400s] INFO:colcon.colcon_core.shell:Creating environment hook '/home/men3m/Naima/install/zed_aruco_localization/share/zed_aruco_localization/hook/ld_library_path_lib.ps1'
[1.400s] INFO:colcon.colcon_core.shell:Creating environment descriptor '/home/men3m/Naima/install/zed_aruco_localization/share/zed_aruco_localization/hook/ld_library_path_lib.dsv'
[1.401s] INFO:colcon.colcon_core.shell:Creating environment hook '/home/men3m/Naima/install/zed_aruco_localization/share/zed_aruco_localization/hook/ld_library_path_lib.sh'
[1.401s] Level 1:colcon.colcon_core.environment:checking '/home/men3m/Naima/install/zed_aruco_localization/bin'
[1.401s] Level 1:colcon.colcon_core.environment:checking '/home/men3m/Naima/install/zed_aruco_localization/lib/pkgconfig/zed_aruco_localization.pc'
[1.402s] Level 1:colcon.colcon_core.environment:checking '/home/men3m/Naima/install/zed_aruco_localization/lib/python3.10/site-packages'
[1.402s] Level 1:colcon.colcon_core.environment:checking '/home/men3m/Naima/install/zed_aruco_localization/bin'
[1.402s] INFO:colcon.colcon_core.shell:Creating package script '/home/men3m/Naima/install/zed_aruco_localization/share/zed_aruco_localization/package.ps1'
[1.403s] INFO:colcon.colcon_core.shell:Creating package descriptor '/home/men3m/Naima/install/zed_aruco_localization/share/zed_aruco_localization/package.dsv'
[1.404s] INFO:colcon.colcon_core.shell:Creating package script '/home/men3m/Naima/install/zed_aruco_localization/share/zed_aruco_localization/package.sh'
[1.404s] INFO:colcon.colcon_core.shell:Creating package script '/home/men3m/Naima/install/zed_aruco_localization/share/zed_aruco_localization/package.bash'
[1.405s] INFO:colcon.colcon_core.shell:Creating package script '/home/men3m/Naima/install/zed_aruco_localization/share/zed_aruco_localization/package.zsh'
[1.405s] Level 1:colcon.colcon_core.environment:create_file_with_runtime_dependencies(/home/men3m/Naima/install/zed_aruco_localization/share/colcon-core/packages/zed_aruco_localization)
[1.406s] Level 1:colcon.colcon_core.environment:create_environment_scripts_only(zed_aruco_localization)
[1.406s] Level 1:colcon.colcon_core.environment:checking '/home/men3m/Naima/install/zed_aruco_localization' for CMake module files
[1.407s] Level 1:colcon.colcon_core.environment:checking '/home/men3m/Naima/install/zed_aruco_localization' for CMake config files
[1.407s] Level 1:colcon.colcon_core.shell:create_environment_hook('zed_aruco_localization', 'cmake_prefix_path')
[1.407s] INFO:colcon.colcon_core.shell:Creating environment hook '/home/men3m/Naima/install/zed_aruco_localization/share/zed_aruco_localization/hook/cmake_prefix_path.ps1'
[1.408s] INFO:colcon.colcon_core.shell:Creating environment descriptor '/home/men3m/Naima/install/zed_aruco_localization/share/zed_aruco_localization/hook/cmake_prefix_path.dsv'
[1.408s] INFO:colcon.colcon_core.shell:Creating environment hook '/home/men3m/Naima/install/zed_aruco_localization/share/zed_aruco_localization/hook/cmake_prefix_path.sh'
[1.409s] Level 1:colcon.colcon_core.environment:checking '/home/men3m/Naima/install/zed_aruco_localization/lib'
[1.409s] Level 1:colcon.colcon_core.shell:create_environment_hook('zed_aruco_localization', 'ld_library_path_lib')
[1.409s] INFO:colcon.colcon_core.shell:Creating environment hook '/home/men3m/Naima/install/zed_aruco_localization/share/zed_aruco_localization/hook/ld_library_path_lib.ps1'
[1.410s] INFO:colcon.colcon_core.shell:Creating environment descriptor '/home/men3m/Naima/install/zed_aruco_localization/share/zed_aruco_localization/hook/ld_library_path_lib.dsv'
[1.410s] INFO:colcon.colcon_core.shell:Creating environment hook '/home/men3m/Naima/install/zed_aruco_localization/share/zed_aruco_localization/hook/ld_library_path_lib.sh'
[1.411s] Level 1:colcon.colcon_core.environment:checking '/home/men3m/Naima/install/zed_aruco_localization/bin'
[1.411s] Level 1:colcon.colcon_core.environment:checking '/home/men3m/Naima/install/zed_aruco_localization/lib/pkgconfig/zed_aruco_localization.pc'
[1.411s] Level 1:colcon.colcon_core.environment:checking '/home/men3m/Naima/install/zed_aruco_localization/lib/python3.10/site-packages'
[1.412s] Level 1:colcon.colcon_core.environment:checking '/home/men3m/Naima/install/zed_aruco_localization/bin'
[1.412s] INFO:colcon.colcon_core.shell:Creating package script '/home/men3m/Naima/install/zed_aruco_localization/share/zed_aruco_localization/package.ps1'
[1.413s] INFO:colcon.colcon_core.shell:Creating package descriptor '/home/men3m/Naima/install/zed_aruco_localization/share/zed_aruco_localization/package.dsv'
[1.414s] INFO:colcon.colcon_core.shell:Creating package script '/home/men3m/Naima/install/zed_aruco_localization/share/zed_aruco_localization/package.sh'
[1.415s] INFO:colcon.colcon_core.shell:Creating package script '/home/men3m/Naima/install/zed_aruco_localization/share/zed_aruco_localization/package.bash'
[1.415s] INFO:colcon.colcon_core.shell:Creating package script '/home/men3m/Naima/install/zed_aruco_localization/share/zed_aruco_localization/package.zsh'
[1.415s] Level 1:colcon.colcon_core.environment:create_file_with_runtime_dependencies(/home/men3m/Naima/install/zed_aruco_localization/share/colcon-core/packages/zed_aruco_localization)
[1.418s] DEBUG:colcon.colcon_core.event_handler.log_command:Invoked command in '/home/men3m/Naima/build/naima_localization' returned '0': CMAKE_PREFIX_PATH=/opt/ros/humble /usr/bin/cmake --build /home/men3m/Naima/build/naima_localization -- -j16 -l16
[1.420s] DEBUG:colcon.colcon_core.event_handler.log_command:Invoking command in '/home/men3m/Naima/build/naima_localization': CMAKE_PREFIX_PATH=/opt/ros/humble /usr/bin/cmake --install /home/men3m/Naima/build/naima_localization
[1.421s] DEBUG:colcon.colcon_core.event_handler.log_command:Invoked command in '/home/men3m/Naima/build/zed_topic_benchmark_component' returned '0': AMENT_PREFIX_PATH=/home/men3m/Naima/install/zed_topic_benchmark_interfaces:${AMENT_PREFIX_PATH} CMAKE_PREFIX_PATH=/home/men3m/Naima/install/zed_topic_benchmark_interfaces:/opt/ros/humble LD_LIBRARY_PATH=/home/men3m/Naima/install/zed_topic_benchmark_interfaces/lib:/usr/lib/x86_64-linux-gnu/gazebo-11/plugins:/opt/ros/humble/opt/rviz_ogre_vendor/lib:/opt/ros/humble/lib/x86_64-linux-gnu:/opt/ros/humble/lib:/usr/local/cuda-12.4.0/lib64:/usr/local/cuda-12.4.0/lib64 PYTHONPATH=/home/men3m/Naima/install/zed_topic_benchmark_interfaces/local/lib/python3.10/dist-packages:${PYTHONPATH} /usr/bin/cmake --build /home/men3m/Naima/build/zed_topic_benchmark_component -- -j16 -l16
[1.423s] DEBUG:colcon.colcon_core.event_handler.log_command:Invoking command in '/home/men3m/Naima/build/zed_topic_benchmark_component': AMENT_PREFIX_PATH=/home/men3m/Naima/install/zed_topic_benchmark_interfaces:${AMENT_PREFIX_PATH} CMAKE_PREFIX_PATH=/home/men3m/Naima/install/zed_topic_benchmark_interfaces:/opt/ros/humble LD_LIBRARY_PATH=/home/men3m/Naima/install/zed_topic_benchmark_interfaces/lib:/usr/lib/x86_64-linux-gnu/gazebo-11/plugins:/opt/ros/humble/opt/rviz_ogre_vendor/lib:/opt/ros/humble/lib/x86_64-linux-gnu:/opt/ros/humble/lib:/usr/local/cuda-12.4.0/lib64:/usr/local/cuda-12.4.0/lib64 PYTHONPATH=/home/men3m/Naima/install/zed_topic_benchmark_interfaces/local/lib/python3.10/dist-packages:${PYTHONPATH} /usr/bin/cmake --install /home/men3m/Naima/build/zed_topic_benchmark_component
[1.433s] DEBUG:colcon.colcon_core.event_handler.log_command:Invoking command in '/home/men3m/Naima/build/zed_multi_camera': AMENT_PREFIX_PATH=/home/men3m/Naima/install/zed_wrapper:/home/men3m/Naima/install/zed_components:${AMENT_PREFIX_PATH} CMAKE_PREFIX_PATH=/home/men3m/Naima/install/zed_wrapper:/home/men3m/Naima/install/zed_components:/opt/ros/humble LD_LIBRARY_PATH=/home/men3m/Naima/install/zed_components/lib:/usr/lib/x86_64-linux-gnu/gazebo-11/plugins:/opt/ros/humble/opt/rviz_ogre_vendor/lib:/opt/ros/humble/lib/x86_64-linux-gnu:/opt/ros/humble/lib:/usr/local/cuda-12.4.0/lib64:/usr/local/cuda-12.4.0/lib64 /usr/bin/cmake --build /home/men3m/Naima/build/zed_multi_camera -- -j16 -l16
[1.442s] DEBUG:colcon.colcon_core.event_handler.log_command:Invoking command in '/home/men3m/Naima/build/zed_depth_to_laserscan': AMENT_PREFIX_PATH=/home/men3m/Naima/install/zed_wrapper:/home/men3m/Naima/install/zed_components:${AMENT_PREFIX_PATH} CMAKE_PREFIX_PATH=/home/men3m/Naima/install/zed_wrapper:/home/men3m/Naima/install/zed_components:/opt/ros/humble LD_LIBRARY_PATH=/home/men3m/Naima/install/zed_components/lib:/usr/lib/x86_64-linux-gnu/gazebo-11/plugins:/opt/ros/humble/opt/rviz_ogre_vendor/lib:/opt/ros/humble/lib/x86_64-linux-gnu:/opt/ros/humble/lib:/usr/local/cuda-12.4.0/lib64:/usr/local/cuda-12.4.0/lib64 /usr/bin/cmake --build /home/men3m/Naima/build/zed_depth_to_laserscan -- -j16 -l16
[1.444s] DEBUG:colcon.colcon_core.event_handler.log_command:Invoking command in '/home/men3m/Naima/build/zed_display_rviz2': AMENT_PREFIX_PATH=/home/men3m/Naima/install/zed_wrapper:/home/men3m/Naima/install/zed_components:${AMENT_PREFIX_PATH} CMAKE_PREFIX_PATH=/home/men3m/Naima/install/zed_wrapper:/home/men3m/Naima/install/zed_components:/opt/ros/humble LD_LIBRARY_PATH=/home/men3m/Naima/install/zed_components/lib:/usr/lib/x86_64-linux-gnu/gazebo-11/plugins:/opt/ros/humble/opt/rviz_ogre_vendor/lib:/opt/ros/humble/lib/x86_64-linux-gnu:/opt/ros/humble/lib:/usr/local/cuda-12.4.0/lib64:/usr/local/cuda-12.4.0/lib64 /usr/bin/cmake --build /home/men3m/Naima/build/zed_display_rviz2 -- -j16 -l16
[1.451s] DEBUG:colcon.colcon_core.event_handler.log_command:Invoking command in '/home/men3m/Naima/build/zed_robot_integration': AMENT_PREFIX_PATH=/home/men3m/Naima/install/zed_wrapper:/home/men3m/Naima/install/zed_components:${AMENT_PREFIX_PATH} CMAKE_PREFIX_PATH=/home/men3m/Naima/install/zed_wrapper:/home/men3m/Naima/install/zed_components:/opt/ros/humble LD_LIBRARY_PATH=/home/men3m/Naima/install/zed_components/lib:/usr/lib/x86_64-linux-gnu/gazebo-11/plugins:/opt/ros/humble/opt/rviz_ogre_vendor/lib:/opt/ros/humble/lib/x86_64-linux-gnu:/opt/ros/humble/lib:/usr/local/cuda-12.4.0/lib64:/usr/local/cuda-12.4.0/lib64 /usr/bin/cmake --build /home/men3m/Naima/build/zed_robot_integration -- -j16 -l16
[1.453s] Level 1:colcon.colcon_core.environment:create_environment_scripts_only(zed_rgb_convert)
[1.454s] Level 1:colcon.colcon_core.environment:checking '/home/men3m/Naima/install/zed_rgb_convert' for CMake module files
[1.456s] DEBUG:colcon.colcon_core.event_handler.log_command:Invoking command in '/home/men3m/Naima/build/zed_ros2': AMENT_PREFIX_PATH=/home/men3m/Naima/install/zed_wrapper:/home/men3m/Naima/install/zed_components:${AMENT_PREFIX_PATH} CMAKE_PREFIX_PATH=/home/men3m/Naima/install/zed_wrapper:/home/men3m/Naima/install/zed_components:/opt/ros/humble LD_LIBRARY_PATH=/home/men3m/Naima/install/zed_components/lib:/usr/lib/x86_64-linux-gnu/gazebo-11/plugins:/opt/ros/humble/opt/rviz_ogre_vendor/lib:/opt/ros/humble/lib/x86_64-linux-gnu:/opt/ros/humble/lib:/usr/local/cuda-12.4.0/lib64:/usr/local/cuda-12.4.0/lib64 /usr/bin/cmake --build /home/men3m/Naima/build/zed_ros2 -- -j16 -l16
[1.456s] DEBUG:colcon.colcon_core.event_handler.log_command:Invoked command in '/home/men3m/Naima/build/zed_rgb_convert' returned '0': AMENT_PREFIX_PATH=/home/men3m/Naima/install/zed_components:${AMENT_PREFIX_PATH} CMAKE_PREFIX_PATH=/home/men3m/Naima/install/zed_components:/opt/ros/humble LD_LIBRARY_PATH=/home/men3m/Naima/install/zed_components/lib:/usr/lib/x86_64-linux-gnu/gazebo-11/plugins:/opt/ros/humble/opt/rviz_ogre_vendor/lib:/opt/ros/humble/lib/x86_64-linux-gnu:/opt/ros/humble/lib:/usr/local/cuda-12.4.0/lib64:/usr/local/cuda-12.4.0/lib64 /usr/bin/cmake --install /home/men3m/Naima/build/zed_rgb_convert
[1.457s] Level 1:colcon.colcon_core.environment:checking '/home/men3m/Naima/install/zed_rgb_convert' for CMake config files
[1.458s] Level 1:colcon.colcon_core.shell:create_environment_hook('zed_rgb_convert', 'cmake_prefix_path')
[1.458s] INFO:colcon.colcon_core.shell:Creating environment hook '/home/men3m/Naima/install/zed_rgb_convert/share/zed_rgb_convert/hook/cmake_prefix_path.ps1'
[1.459s] INFO:colcon.colcon_core.shell:Creating environment descriptor '/home/men3m/Naima/install/zed_rgb_convert/share/zed_rgb_convert/hook/cmake_prefix_path.dsv'
[1.460s] INFO:colcon.colcon_core.shell:Creating environment hook '/home/men3m/Naima/install/zed_rgb_convert/share/zed_rgb_convert/hook/cmake_prefix_path.sh'
[1.460s] Level 1:colcon.colcon_core.environment:checking '/home/men3m/Naima/install/zed_rgb_convert/lib'
[1.460s] Level 1:colcon.colcon_core.shell:create_environment_hook('zed_rgb_convert', 'ld_library_path_lib')
[1.461s] INFO:colcon.colcon_core.shell:Creating environment hook '/home/men3m/Naima/install/zed_rgb_convert/share/zed_rgb_convert/hook/ld_library_path_lib.ps1'
[1.461s] INFO:colcon.colcon_core.shell:Creating environment descriptor '/home/men3m/Naima/install/zed_rgb_convert/share/zed_rgb_convert/hook/ld_library_path_lib.dsv'
[1.461s] INFO:colcon.colcon_core.shell:Creating environment hook '/home/men3m/Naima/install/zed_rgb_convert/share/zed_rgb_convert/hook/ld_library_path_lib.sh'
[1.462s] Level 1:colcon.colcon_core.environment:checking '/home/men3m/Naima/install/zed_rgb_convert/bin'
[1.462s] Level 1:colcon.colcon_core.environment:checking '/home/men3m/Naima/install/zed_rgb_convert/lib/pkgconfig/zed_rgb_convert.pc'
[1.462s] Level 1:colcon.colcon_core.environment:checking '/home/men3m/Naima/install/zed_rgb_convert/lib/python3.10/site-packages'
[1.462s] Level 1:colcon.colcon_core.environment:checking '/home/men3m/Naima/install/zed_rgb_convert/bin'
[1.463s] INFO:colcon.colcon_core.shell:Creating package script '/home/men3m/Naima/install/zed_rgb_convert/share/zed_rgb_convert/package.ps1'
[1.463s] INFO:colcon.colcon_core.shell:Creating package descriptor '/home/men3m/Naima/install/zed_rgb_convert/share/zed_rgb_convert/package.dsv'
[1.464s] INFO:colcon.colcon_core.shell:Creating package script '/home/men3m/Naima/install/zed_rgb_convert/share/zed_rgb_convert/package.sh'
[1.464s] INFO:colcon.colcon_core.shell:Creating package script '/home/men3m/Naima/install/zed_rgb_convert/share/zed_rgb_convert/package.bash'
[1.465s] INFO:colcon.colcon_core.shell:Creating package script '/home/men3m/Naima/install/zed_rgb_convert/share/zed_rgb_convert/package.zsh'
[1.465s] Level 1:colcon.colcon_core.environment:create_file_with_runtime_dependencies(/home/men3m/Naima/install/zed_rgb_convert/share/colcon-core/packages/zed_rgb_convert)
[1.466s] Level 1:colcon.colcon_core.environment:create_environment_scripts_only(zed_rgb_convert)
[1.466s] Level 1:colcon.colcon_core.environment:checking '/home/men3m/Naima/install/zed_rgb_convert' for CMake module files
[1.467s] Level 1:colcon.colcon_core.environment:checking '/home/men3m/Naima/install/zed_rgb_convert' for CMake config files
[1.467s] Level 1:colcon.colcon_core.shell:create_environment_hook('zed_rgb_convert', 'cmake_prefix_path')
[1.467s] INFO:colcon.colcon_core.shell:Creating environment hook '/home/men3m/Naima/install/zed_rgb_convert/share/zed_rgb_convert/hook/cmake_prefix_path.ps1'
[1.468s] INFO:colcon.colcon_core.shell:Creating environment descriptor '/home/men3m/Naima/install/zed_rgb_convert/share/zed_rgb_convert/hook/cmake_prefix_path.dsv'
[1.468s] INFO:colcon.colcon_core.shell:Creating environment hook '/home/men3m/Naima/install/zed_rgb_convert/share/zed_rgb_convert/hook/cmake_prefix_path.sh'
[1.469s] Level 1:colcon.colcon_core.environment:checking '/home/men3m/Naima/install/zed_rgb_convert/lib'
[1.469s] Level 1:colcon.colcon_core.shell:create_environment_hook('zed_rgb_convert', 'ld_library_path_lib')
[1.469s] INFO:colcon.colcon_core.shell:Creating environment hook '/home/men3m/Naima/install/zed_rgb_convert/share/zed_rgb_convert/hook/ld_library_path_lib.ps1'
[1.469s] INFO:colcon.colcon_core.shell:Creating environment descriptor '/home/men3m/Naima/install/zed_rgb_convert/share/zed_rgb_convert/hook/ld_library_path_lib.dsv'
[1.470s] INFO:colcon.colcon_core.shell:Creating environment hook '/home/men3m/Naima/install/zed_rgb_convert/share/zed_rgb_convert/hook/ld_library_path_lib.sh'
[1.470s] Level 1:colcon.colcon_core.environment:checking '/home/men3m/Naima/install/zed_rgb_convert/bin'
[1.470s] Level 1:colcon.colcon_core.environment:checking '/home/men3m/Naima/install/zed_rgb_convert/lib/pkgconfig/zed_rgb_convert.pc'
[1.470s] Level 1:colcon.colcon_core.environment:checking '/home/men3m/Naima/install/zed_rgb_convert/lib/python3.10/site-packages'
[1.471s] Level 1:colcon.colcon_core.environment:checking '/home/men3m/Naima/install/zed_rgb_convert/bin'
[1.471s] INFO:colcon.colcon_core.shell:Creating package script '/home/men3m/Naima/install/zed_rgb_convert/share/zed_rgb_convert/package.ps1'
[1.471s] INFO:colcon.colcon_core.shell:Creating package descriptor '/home/men3m/Naima/install/zed_rgb_convert/share/zed_rgb_convert/package.dsv'
[1.472s] INFO:colcon.colcon_core.shell:Creating package script '/home/men3m/Naima/install/zed_rgb_convert/share/zed_rgb_convert/package.sh'
[1.473s] INFO:colcon.colcon_core.shell:Creating package script '/home/men3m/Naima/install/zed_rgb_convert/share/zed_rgb_convert/package.bash'
[1.473s] INFO:colcon.colcon_core.shell:Creating package script '/home/men3m/Naima/install/zed_rgb_convert/share/zed_rgb_convert/package.zsh'
[1.473s] Level 1:colcon.colcon_core.environment:create_file_with_runtime_dependencies(/home/men3m/Naima/install/zed_rgb_convert/share/colcon-core/packages/zed_rgb_convert)
[1.475s] Level 1:colcon.colcon_core.environment:create_environment_scripts_only(zed_topic_benchmark_component)
[1.475s] Level 1:colcon.colcon_core.environment:checking '/home/men3m/Naima/install/zed_topic_benchmark_component' for CMake module files
[1.476s] DEBUG:colcon.colcon_core.event_handler.log_command:Invoked command in '/home/men3m/Naima/build/zed_topic_benchmark_component' returned '0': AMENT_PREFIX_PATH=/home/men3m/Naima/install/zed_topic_benchmark_interfaces:${AMENT_PREFIX_PATH} CMAKE_PREFIX_PATH=/home/men3m/Naima/install/zed_topic_benchmark_interfaces:/opt/ros/humble LD_LIBRARY_PATH=/home/men3m/Naima/install/zed_topic_benchmark_interfaces/lib:/usr/lib/x86_64-linux-gnu/gazebo-11/plugins:/opt/ros/humble/opt/rviz_ogre_vendor/lib:/opt/ros/humble/lib/x86_64-linux-gnu:/opt/ros/humble/lib:/usr/local/cuda-12.4.0/lib64:/usr/local/cuda-12.4.0/lib64 PYTHONPATH=/home/men3m/Naima/install/zed_topic_benchmark_interfaces/local/lib/python3.10/dist-packages:${PYTHONPATH} /usr/bin/cmake --install /home/men3m/Naima/build/zed_topic_benchmark_component
[1.477s] Level 1:colcon.colcon_core.environment:checking '/home/men3m/Naima/install/zed_topic_benchmark_component' for CMake config files
[1.477s] Level 1:colcon.colcon_core.shell:create_environment_hook('zed_topic_benchmark_component', 'cmake_prefix_path')
[1.478s] INFO:colcon.colcon_core.shell:Creating environment hook '/home/men3m/Naima/install/zed_topic_benchmark_component/share/zed_topic_benchmark_component/hook/cmake_prefix_path.ps1'
[1.478s] INFO:colcon.colcon_core.shell:Creating environment descriptor '/home/men3m/Naima/install/zed_topic_benchmark_component/share/zed_topic_benchmark_component/hook/cmake_prefix_path.dsv'
[1.479s] INFO:colcon.colcon_core.shell:Creating environment hook '/home/men3m/Naima/install/zed_topic_benchmark_component/share/zed_topic_benchmark_component/hook/cmake_prefix_path.sh'
[1.479s] Level 1:colcon.colcon_core.environment:checking '/home/men3m/Naima/install/zed_topic_benchmark_component/lib'
[1.479s] Level 1:colcon.colcon_core.shell:create_environment_hook('zed_topic_benchmark_component', 'ld_library_path_lib')
[1.479s] INFO:colcon.colcon_core.shell:Creating environment hook '/home/men3m/Naima/install/zed_topic_benchmark_component/share/zed_topic_benchmark_component/hook/ld_library_path_lib.ps1'
[1.480s] INFO:colcon.colcon_core.shell:Creating environment descriptor '/home/men3m/Naima/install/zed_topic_benchmark_component/share/zed_topic_benchmark_component/hook/ld_library_path_lib.dsv'
[1.480s] INFO:colcon.colcon_core.shell:Creating environment hook '/home/men3m/Naima/install/zed_topic_benchmark_component/share/zed_topic_benchmark_component/hook/ld_library_path_lib.sh'
[1.481s] Level 1:colcon.colcon_core.environment:checking '/home/men3m/Naima/install/zed_topic_benchmark_component/bin'
[1.481s] Level 1:colcon.colcon_core.environment:checking '/home/men3m/Naima/install/zed_topic_benchmark_component/lib/pkgconfig/zed_topic_benchmark_component.pc'
[1.481s] Level 1:colcon.colcon_core.environment:checking '/home/men3m/Naima/install/zed_topic_benchmark_component/lib/python3.10/site-packages'
[1.481s] Level 1:colcon.colcon_core.environment:checking '/home/men3m/Naima/install/zed_topic_benchmark_component/bin'
[1.482s] INFO:colcon.colcon_core.shell:Creating package script '/home/men3m/Naima/install/zed_topic_benchmark_component/share/zed_topic_benchmark_component/package.ps1'
[1.483s] INFO:colcon.colcon_core.shell:Creating package descriptor '/home/men3m/Naima/install/zed_topic_benchmark_component/share/zed_topic_benchmark_component/package.dsv'
[1.488s] INFO:colcon.colcon_core.shell:Creating package script '/home/men3m/Naima/install/zed_topic_benchmark_component/share/zed_topic_benchmark_component/package.sh'
[1.489s] INFO:colcon.colcon_core.shell:Creating package script '/home/men3m/Naima/install/zed_topic_benchmark_component/share/zed_topic_benchmark_component/package.bash'
[1.489s] INFO:colcon.colcon_core.shell:Creating package script '/home/men3m/Naima/install/zed_topic_benchmark_component/share/zed_topic_benchmark_component/package.zsh'
[1.490s] Level 1:colcon.colcon_core.environment:create_file_with_runtime_dependencies(/home/men3m/Naima/install/zed_topic_benchmark_component/share/colcon-core/packages/zed_topic_benchmark_component)
[1.490s] Level 1:colcon.colcon_core.environment:create_environment_scripts_only(zed_topic_benchmark_component)
[1.490s] Level 1:colcon.colcon_core.environment:checking '/home/men3m/Naima/install/zed_topic_benchmark_component' for CMake module files
[1.491s] Level 1:colcon.colcon_core.environment:checking '/home/men3m/Naima/install/zed_topic_benchmark_component' for CMake config files
[1.491s] Level 1:colcon.colcon_core.shell:create_environment_hook('zed_topic_benchmark_component', 'cmake_prefix_path')
[1.491s] INFO:colcon.colcon_core.shell:Creating environment hook '/home/men3m/Naima/install/zed_topic_benchmark_component/share/zed_topic_benchmark_component/hook/cmake_prefix_path.ps1'
[1.492s] INFO:colcon.colcon_core.shell:Creating environment descriptor '/home/men3m/Naima/install/zed_topic_benchmark_component/share/zed_topic_benchmark_component/hook/cmake_prefix_path.dsv'
[1.492s] INFO:colcon.colcon_core.shell:Creating environment hook '/home/men3m/Naima/install/zed_topic_benchmark_component/share/zed_topic_benchmark_component/hook/cmake_prefix_path.sh'
[1.493s] Level 1:colcon.colcon_core.environment:checking '/home/men3m/Naima/install/zed_topic_benchmark_component/lib'
[1.493s] Level 1:colcon.colcon_core.shell:create_environment_hook('zed_topic_benchmark_component', 'ld_library_path_lib')
[1.493s] INFO:colcon.colcon_core.shell:Creating environment hook '/home/men3m/Naima/install/zed_topic_benchmark_component/share/zed_topic_benchmark_component/hook/ld_library_path_lib.ps1'
[1.493s] INFO:colcon.colcon_core.shell:Creating environment descriptor '/home/men3m/Naima/install/zed_topic_benchmark_component/share/zed_topic_benchmark_component/hook/ld_library_path_lib.dsv'
[1.493s] INFO:colcon.colcon_core.shell:Creating environment hook '/home/men3m/Naima/install/zed_topic_benchmark_component/share/zed_topic_benchmark_component/hook/ld_library_path_lib.sh'
[1.494s] Level 1:colcon.colcon_core.environment:checking '/home/men3m/Naima/install/zed_topic_benchmark_component/bin'
[1.494s] Level 1:colcon.colcon_core.environment:checking '/home/men3m/Naima/install/zed_topic_benchmark_component/lib/pkgconfig/zed_topic_benchmark_component.pc'
[1.494s] Level 1:colcon.colcon_core.environment:checking '/home/men3m/Naima/install/zed_topic_benchmark_component/lib/python3.10/site-packages'
[1.494s] Level 1:colcon.colcon_core.environment:checking '/home/men3m/Naima/install/zed_topic_benchmark_component/bin'
[1.494s] INFO:colcon.colcon_core.shell:Creating package script '/home/men3m/Naima/install/zed_topic_benchmark_component/share/zed_topic_benchmark_component/package.ps1'
[1.495s] INFO:colcon.colcon_core.shell:Creating package descriptor '/home/men3m/Naima/install/zed_topic_benchmark_component/share/zed_topic_benchmark_component/package.dsv'
[1.495s] INFO:colcon.colcon_core.shell:Creating package script '/home/men3m/Naima/install/zed_topic_benchmark_component/share/zed_topic_benchmark_component/package.sh'
[1.496s] INFO:colcon.colcon_core.shell:Creating package script '/home/men3m/Naima/install/zed_topic_benchmark_component/share/zed_topic_benchmark_component/package.bash'
[1.496s] INFO:colcon.colcon_core.shell:Creating package script '/home/men3m/Naima/install/zed_topic_benchmark_component/share/zed_topic_benchmark_component/package.zsh'
[1.496s] Level 1:colcon.colcon_core.environment:create_file_with_runtime_dependencies(/home/men3m/Naima/install/zed_topic_benchmark_component/share/colcon-core/packages/zed_topic_benchmark_component)
[1.497s] INFO:colcon.colcon_ros.task.ament_cmake.build:Building ROS package in '/home/men3m/Naima/src/zed-ros2-examples/tools/zed_benchmark' with build type 'ament_cmake'
[1.497s] INFO:colcon.colcon_cmake.task.cmake.build:Building CMake package in '/home/men3m/Naima/src/zed-ros2-examples/tools/zed_benchmark'
[1.498s] INFO:colcon.colcon_core.shell:Skip shell extension 'powershell' for command environment: Not usable outside of PowerShell
[1.498s] DEBUG:colcon.colcon_core.shell:Skip shell extension 'dsv' for command environment
[1.501s] DEBUG:colcon.colcon_core.event_handler.log_command:Invoked command in '/home/men3m/Naima/build/naima_examples' returned '0': AMENT_PREFIX_PATH=/home/men3m/Naima/install/naima_msgs:${AMENT_PREFIX_PATH} CMAKE_PREFIX_PATH=/home/men3m/Naima/install/naima_msgs:/opt/ros/humble LD_LIBRARY_PATH=/home/men3m/Naima/install/naima_msgs/lib:/usr/lib/x86_64-linux-gnu/gazebo-11/plugins:/opt/ros/humble/opt/rviz_ogre_vendor/lib:/opt/ros/humble/lib/x86_64-linux-gnu:/opt/ros/humble/lib:/usr/local/cuda-12.4.0/lib64:/usr/local/cuda-12.4.0/lib64 PYTHONPATH=/home/men3m/Naima/install/naima_msgs/local/lib/python3.10/dist-packages:${PYTHONPATH} /usr/bin/cmake --build /home/men3m/Naima/build/naima_examples -- -j16 -l16
[1.503s] DEBUG:colcon.colcon_core.event_handler.log_command:Invoking command in '/home/men3m/Naima/build/naima_examples': AMENT_PREFIX_PATH=/home/men3m/Naima/install/naima_msgs:${AMENT_PREFIX_PATH} CMAKE_PREFIX_PATH=/home/men3m/Naima/install/naima_msgs:/opt/ros/humble LD_LIBRARY_PATH=/home/men3m/Naima/install/naima_msgs/lib:/usr/lib/x86_64-linux-gnu/gazebo-11/plugins:/opt/ros/humble/opt/rviz_ogre_vendor/lib:/opt/ros/humble/lib/x86_64-linux-gnu:/opt/ros/humble/lib:/usr/local/cuda-12.4.0/lib64:/usr/local/cuda-12.4.0/lib64 PYTHONPATH=/home/men3m/Naima/install/naima_msgs/local/lib/python3.10/dist-packages:${PYTHONPATH} /usr/bin/cmake --install /home/men3m/Naima/build/naima_examples
[1.505s] DEBUG:colcon.colcon_core.event_handler.log_command:Invoked command in '/home/men3m/Naima/build/zed_robot_integration' returned '0': AMENT_PREFIX_PATH=/home/men3m/Naima/install/zed_wrapper:/home/men3m/Naima/install/zed_components:${AMENT_PREFIX_PATH} CMAKE_PREFIX_PATH=/home/men3m/Naima/install/zed_wrapper:/home/men3m/Naima/install/zed_components:/opt/ros/humble LD_LIBRARY_PATH=/home/men3m/Naima/install/zed_components/lib:/usr/lib/x86_64-linux-gnu/gazebo-11/plugins:/opt/ros/humble/opt/rviz_ogre_vendor/lib:/opt/ros/humble/lib/x86_64-linux-gnu:/opt/ros/humble/lib:/usr/local/cuda-12.4.0/lib64:/usr/local/cuda-12.4.0/lib64 /usr/bin/cmake --build /home/men3m/Naima/build/zed_robot_integration -- -j16 -l16
[1.507s] Level 1:colcon.colcon_core.environment:create_environment_scripts_only(naima_localization)
[1.507s] Level 1:colcon.colcon_core.environment:checking '/home/men3m/Naima/install/naima_localization' for CMake module files
[1.507s] DEBUG:colcon.colcon_core.event_handler.log_command:Invoking command in '/home/men3m/Naima/build/zed_robot_integration': AMENT_PREFIX_PATH=/home/men3m/Naima/install/zed_wrapper:/home/men3m/Naima/install/zed_components:${AMENT_PREFIX_PATH} CMAKE_PREFIX_PATH=/home/men3m/Naima/install/zed_wrapper:/home/men3m/Naima/install/zed_components:/opt/ros/humble LD_LIBRARY_PATH=/home/men3m/Naima/install/zed_components/lib:/usr/lib/x86_64-linux-gnu/gazebo-11/plugins:/opt/ros/humble/opt/rviz_ogre_vendor/lib:/opt/ros/humble/lib/x86_64-linux-gnu:/opt/ros/humble/lib:/usr/local/cuda-12.4.0/lib64:/usr/local/cuda-12.4.0/lib64 /usr/bin/cmake --install /home/men3m/Naima/build/zed_robot_integration
[1.508s] DEBUG:colcon.colcon_core.event_handler.log_command:Invoked command in '/home/men3m/Naima/build/naima_localization' returned '0': CMAKE_PREFIX_PATH=/opt/ros/humble /usr/bin/cmake --install /home/men3m/Naima/build/naima_localization
[1.508s] Level 1:colcon.colcon_core.environment:checking '/home/men3m/Naima/install/naima_localization' for CMake config files
[1.508s] Level 1:colcon.colcon_core.shell:create_environment_hook('naima_localization', 'cmake_prefix_path')
[1.508s] INFO:colcon.colcon_core.shell:Creating environment hook '/home/men3m/Naima/install/naima_localization/share/naima_localization/hook/cmake_prefix_path.ps1'
[1.509s] INFO:colcon.colcon_core.shell:Creating environment descriptor '/home/men3m/Naima/install/naima_localization/share/naima_localization/hook/cmake_prefix_path.dsv'
[1.510s] INFO:colcon.colcon_core.shell:Creating environment hook '/home/men3m/Naima/install/naima_localization/share/naima_localization/hook/cmake_prefix_path.sh'
[1.510s] Level 1:colcon.colcon_core.environment:checking '/home/men3m/Naima/install/naima_localization/lib'
[1.511s] Level 1:colcon.colcon_core.environment:checking '/home/men3m/Naima/install/naima_localization/bin'
[1.511s] Level 1:colcon.colcon_core.environment:checking '/home/men3m/Naima/install/naima_localization/lib/pkgconfig/naima_localization.pc'
[1.511s] Level 1:colcon.colcon_core.environment:checking '/home/men3m/Naima/install/naima_localization/lib/python3.10/site-packages'
[1.511s] Level 1:colcon.colcon_core.environment:checking '/home/men3m/Naima/install/naima_localization/bin'
[1.511s] INFO:colcon.colcon_core.shell:Creating package script '/home/men3m/Naima/install/naima_localization/share/naima_localization/package.ps1'
[1.513s] INFO:colcon.colcon_core.shell:Creating package descriptor '/home/men3m/Naima/install/naima_localization/share/naima_localization/package.dsv'
[1.514s] INFO:colcon.colcon_core.shell:Creating package script '/home/men3m/Naima/install/naima_localization/share/naima_localization/package.sh'
[1.515s] INFO:colcon.colcon_core.shell:Creating package script '/home/men3m/Naima/install/naima_localization/share/naima_localization/package.bash'
[1.516s] INFO:colcon.colcon_core.shell:Creating package script '/home/men3m/Naima/install/naima_localization/share/naima_localization/package.zsh'
[1.517s] Level 1:colcon.colcon_core.environment:create_file_with_runtime_dependencies(/home/men3m/Naima/install/naima_localization/share/colcon-core/packages/naima_localization)
[1.517s] Level 1:colcon.colcon_core.environment:create_environment_scripts_only(naima_localization)
[1.518s] Level 1:colcon.colcon_core.environment:checking '/home/men3m/Naima/install/naima_localization' for CMake module files
[1.518s] Level 1:colcon.colcon_core.environment:checking '/home/men3m/Naima/install/naima_localization' for CMake config files
[1.518s] Level 1:colcon.colcon_core.shell:create_environment_hook('naima_localization', 'cmake_prefix_path')
[1.518s] INFO:colcon.colcon_core.shell:Creating environment hook '/home/men3m/Naima/install/naima_localization/share/naima_localization/hook/cmake_prefix_path.ps1'
[1.519s] INFO:colcon.colcon_core.shell:Creating environment descriptor '/home/men3m/Naima/install/naima_localization/share/naima_localization/hook/cmake_prefix_path.dsv'
[1.519s] INFO:colcon.colcon_core.shell:Creating environment hook '/home/men3m/Naima/install/naima_localization/share/naima_localization/hook/cmake_prefix_path.sh'
[1.520s] Level 1:colcon.colcon_core.environment:checking '/home/men3m/Naima/install/naima_localization/lib'
[1.520s] Level 1:colcon.colcon_core.environment:checking '/home/men3m/Naima/install/naima_localization/bin'
[1.520s] Level 1:colcon.colcon_core.environment:checking '/home/men3m/Naima/install/naima_localization/lib/pkgconfig/naima_localization.pc'
[1.520s] Level 1:colcon.colcon_core.environment:checking '/home/men3m/Naima/install/naima_localization/lib/python3.10/site-packages'
[1.520s] Level 1:colcon.colcon_core.environment:checking '/home/men3m/Naima/install/naima_localization/bin'
[1.520s] INFO:colcon.colcon_core.shell:Creating package script '/home/men3m/Naima/install/naima_localization/share/naima_localization/package.ps1'
[1.521s] INFO:colcon.colcon_core.shell:Creating package descriptor '/home/men3m/Naima/install/naima_localization/share/naima_localization/package.dsv'
[1.521s] INFO:colcon.colcon_core.shell:Creating package script '/home/men3m/Naima/install/naima_localization/share/naima_localization/package.sh'
[1.522s] INFO:colcon.colcon_core.shell:Creating package script '/home/men3m/Naima/install/naima_localization/share/naima_localization/package.bash'
[1.522s] INFO:colcon.colcon_core.shell:Creating package script '/home/men3m/Naima/install/naima_localization/share/naima_localization/package.zsh'
[1.522s] Level 1:colcon.colcon_core.environment:create_file_with_runtime_dependencies(/home/men3m/Naima/install/naima_localization/share/colcon-core/packages/naima_localization)
[1.524s] DEBUG:colcon.colcon_core.event_handler.log_command:Invoked command in '/home/men3m/Naima/build/zed_multi_camera' returned '0': AMENT_PREFIX_PATH=/home/men3m/Naima/install/zed_wrapper:/home/men3m/Naima/install/zed_components:${AMENT_PREFIX_PATH} CMAKE_PREFIX_PATH=/home/men3m/Naima/install/zed_wrapper:/home/men3m/Naima/install/zed_components:/opt/ros/humble LD_LIBRARY_PATH=/home/men3m/Naima/install/zed_components/lib:/usr/lib/x86_64-linux-gnu/gazebo-11/plugins:/opt/ros/humble/opt/rviz_ogre_vendor/lib:/opt/ros/humble/lib/x86_64-linux-gnu:/opt/ros/humble/lib:/usr/local/cuda-12.4.0/lib64:/usr/local/cuda-12.4.0/lib64 /usr/bin/cmake --build /home/men3m/Naima/build/zed_multi_camera -- -j16 -l16
[1.525s] DEBUG:colcon.colcon_core.event_handler.log_command:Invoking command in '/home/men3m/Naima/build/zed_multi_camera': AMENT_PREFIX_PATH=/home/men3m/Naima/install/zed_wrapper:/home/men3m/Naima/install/zed_components:${AMENT_PREFIX_PATH} CMAKE_PREFIX_PATH=/home/men3m/Naima/install/zed_wrapper:/home/men3m/Naima/install/zed_components:/opt/ros/humble LD_LIBRARY_PATH=/home/men3m/Naima/install/zed_components/lib:/usr/lib/x86_64-linux-gnu/gazebo-11/plugins:/opt/ros/humble/opt/rviz_ogre_vendor/lib:/opt/ros/humble/lib/x86_64-linux-gnu:/opt/ros/humble/lib:/usr/local/cuda-12.4.0/lib64:/usr/local/cuda-12.4.0/lib64 /usr/bin/cmake --install /home/men3m/Naima/build/zed_multi_camera
[1.525s] DEBUG:colcon.colcon_core.event_handler.log_command:Invoked command in '/home/men3m/Naima/build/zed_display_rviz2' returned '0': AMENT_PREFIX_PATH=/home/men3m/Naima/install/zed_wrapper:/home/men3m/Naima/install/zed_components:${AMENT_PREFIX_PATH} CMAKE_PREFIX_PATH=/home/men3m/Naima/install/zed_wrapper:/home/men3m/Naima/install/zed_components:/opt/ros/humble LD_LIBRARY_PATH=/home/men3m/Naima/install/zed_components/lib:/usr/lib/x86_64-linux-gnu/gazebo-11/plugins:/opt/ros/humble/opt/rviz_ogre_vendor/lib:/opt/ros/humble/lib/x86_64-linux-gnu:/opt/ros/humble/lib:/usr/local/cuda-12.4.0/lib64:/usr/local/cuda-12.4.0/lib64 /usr/bin/cmake --build /home/men3m/Naima/build/zed_display_rviz2 -- -j16 -l16
[1.526s] DEBUG:colcon.colcon_core.event_handler.log_command:Invoking command in '/home/men3m/Naima/build/zed_display_rviz2': AMENT_PREFIX_PATH=/home/men3m/Naima/install/zed_wrapper:/home/men3m/Naima/install/zed_components:${AMENT_PREFIX_PATH} CMAKE_PREFIX_PATH=/home/men3m/Naima/install/zed_wrapper:/home/men3m/Naima/install/zed_components:/opt/ros/humble LD_LIBRARY_PATH=/home/men3m/Naima/install/zed_components/lib:/usr/lib/x86_64-linux-gnu/gazebo-11/plugins:/opt/ros/humble/opt/rviz_ogre_vendor/lib:/opt/ros/humble/lib/x86_64-linux-gnu:/opt/ros/humble/lib:/usr/local/cuda-12.4.0/lib64:/usr/local/cuda-12.4.0/lib64 /usr/bin/cmake --install /home/men3m/Naima/build/zed_display_rviz2
[1.527s] DEBUG:colcon.colcon_core.event_handler.log_command:Invoked command in '/home/men3m/Naima/build/zed_ros2' returned '0': AMENT_PREFIX_PATH=/home/men3m/Naima/install/zed_wrapper:/home/men3m/Naima/install/zed_components:${AMENT_PREFIX_PATH} CMAKE_PREFIX_PATH=/home/men3m/Naima/install/zed_wrapper:/home/men3m/Naima/install/zed_components:/opt/ros/humble LD_LIBRARY_PATH=/home/men3m/Naima/install/zed_components/lib:/usr/lib/x86_64-linux-gnu/gazebo-11/plugins:/opt/ros/humble/opt/rviz_ogre_vendor/lib:/opt/ros/humble/lib/x86_64-linux-gnu:/opt/ros/humble/lib:/usr/local/cuda-12.4.0/lib64:/usr/local/cuda-12.4.0/lib64 /usr/bin/cmake --build /home/men3m/Naima/build/zed_ros2 -- -j16 -l16
[1.528s] DEBUG:colcon.colcon_core.event_handler.log_command:Invoking command in '/home/men3m/Naima/build/zed_ros2': AMENT_PREFIX_PATH=/home/men3m/Naima/install/zed_wrapper:/home/men3m/Naima/install/zed_components:${AMENT_PREFIX_PATH} CMAKE_PREFIX_PATH=/home/men3m/Naima/install/zed_wrapper:/home/men3m/Naima/install/zed_components:/opt/ros/humble LD_LIBRARY_PATH=/home/men3m/Naima/install/zed_components/lib:/usr/lib/x86_64-linux-gnu/gazebo-11/plugins:/opt/ros/humble/opt/rviz_ogre_vendor/lib:/opt/ros/humble/lib/x86_64-linux-gnu:/opt/ros/humble/lib:/usr/local/cuda-12.4.0/lib64:/usr/local/cuda-12.4.0/lib64 /usr/bin/cmake --install /home/men3m/Naima/build/zed_ros2
[1.529s] DEBUG:colcon.colcon_core.event_handler.log_command:Invoked command in '/home/men3m/Naima/build/zed_depth_to_laserscan' returned '0': AMENT_PREFIX_PATH=/home/men3m/Naima/install/zed_wrapper:/home/men3m/Naima/install/zed_components:${AMENT_PREFIX_PATH} CMAKE_PREFIX_PATH=/home/men3m/Naima/install/zed_wrapper:/home/men3m/Naima/install/zed_components:/opt/ros/humble LD_LIBRARY_PATH=/home/men3m/Naima/install/zed_components/lib:/usr/lib/x86_64-linux-gnu/gazebo-11/plugins:/opt/ros/humble/opt/rviz_ogre_vendor/lib:/opt/ros/humble/lib/x86_64-linux-gnu:/opt/ros/humble/lib:/usr/local/cuda-12.4.0/lib64:/usr/local/cuda-12.4.0/lib64 /usr/bin/cmake --build /home/men3m/Naima/build/zed_depth_to_laserscan -- -j16 -l16
[1.531s] DEBUG:colcon.colcon_core.event_handler.log_command:Invoking command in '/home/men3m/Naima/build/zed_depth_to_laserscan': AMENT_PREFIX_PATH=/home/men3m/Naima/install/zed_wrapper:/home/men3m/Naima/install/zed_components:${AMENT_PREFIX_PATH} CMAKE_PREFIX_PATH=/home/men3m/Naima/install/zed_wrapper:/home/men3m/Naima/install/zed_components:/opt/ros/humble LD_LIBRARY_PATH=/home/men3m/Naima/install/zed_components/lib:/usr/lib/x86_64-linux-gnu/gazebo-11/plugins:/opt/ros/humble/opt/rviz_ogre_vendor/lib:/opt/ros/humble/lib/x86_64-linux-gnu:/opt/ros/humble/lib:/usr/local/cuda-12.4.0/lib64:/usr/local/cuda-12.4.0/lib64 /usr/bin/cmake --install /home/men3m/Naima/build/zed_depth_to_laserscan
[1.544s] Level 1:colcon.colcon_core.environment:create_environment_scripts_only(zed_multi_camera)
[1.545s] Level 1:colcon.colcon_core.environment:checking '/home/men3m/Naima/install/zed_multi_camera' for CMake module files
[1.546s] Level 1:colcon.colcon_core.environment:checking '/home/men3m/Naima/install/zed_multi_camera' for CMake config files
[1.546s] DEBUG:colcon.colcon_core.event_handler.log_command:Invoking command in '/home/men3m/Naima/src/naima_bringup': PYTHONPATH=/home/men3m/Naima/build/naima_bringup/prefix_override:/usr/lib/python3/dist-packages/colcon_core/task/python/colcon_distutils_commands:/home/men3m/Naima/install/naima_bringup/lib/python3.10/site-packages:${PYTHONPATH} /usr/bin/python3 -W ignore:setup.py install is deprecated -W ignore:easy_install command is deprecated setup.py egg_info --egg-base ../../build/naima_bringup build --build-base /home/men3m/Naima/build/naima_bringup/build install --record /home/men3m/Naima/build/naima_bringup/install.log --single-version-externally-managed install_data
[1.547s] Level 1:colcon.colcon_core.shell:create_environment_hook('zed_multi_camera', 'cmake_prefix_path')
[1.548s] INFO:colcon.colcon_core.shell:Creating environment hook '/home/men3m/Naima/install/zed_multi_camera/share/zed_multi_camera/hook/cmake_prefix_path.ps1'
[1.548s] INFO:colcon.colcon_core.shell:Creating environment descriptor '/home/men3m/Naima/install/zed_multi_camera/share/zed_multi_camera/hook/cmake_prefix_path.dsv'
[1.550s] INFO:colcon.colcon_core.shell:Creating environment hook '/home/men3m/Naima/install/zed_multi_camera/share/zed_multi_camera/hook/cmake_prefix_path.sh'
[1.551s] Level 1:colcon.colcon_core.environment:checking '/home/men3m/Naima/install/zed_multi_camera/bin'
[1.551s] Level 1:colcon.colcon_core.environment:checking '/home/men3m/Naima/install/zed_multi_camera/lib/pkgconfig/zed_multi_camera.pc'
[1.551s] Level 1:colcon.colcon_core.environment:checking '/home/men3m/Naima/install/zed_multi_camera/lib/python3.10/site-packages'
[1.551s] Level 1:colcon.colcon_core.environment:checking '/home/men3m/Naima/install/zed_multi_camera/bin'
[1.551s] INFO:colcon.colcon_core.shell:Creating package script '/home/men3m/Naima/install/zed_multi_camera/share/zed_multi_camera/package.ps1'
[1.552s] DEBUG:colcon.colcon_core.event_handler.log_command:Invoking command in '/home/men3m/Naima/build/zed_topic_benchmark': AMENT_PREFIX_PATH=/home/men3m/Naima/install/zed_topic_benchmark_component:/home/men3m/Naima/install/zed_topic_benchmark_interfaces:${AMENT_PREFIX_PATH} CMAKE_PREFIX_PATH=/home/men3m/Naima/install/zed_topic_benchmark_component:/home/men3m/Naima/install/zed_topic_benchmark_interfaces:/opt/ros/humble LD_LIBRARY_PATH=/home/men3m/Naima/install/zed_topic_benchmark_component/lib:/home/men3m/Naima/install/zed_topic_benchmark_interfaces/lib:/usr/lib/x86_64-linux-gnu/gazebo-11/plugins:/opt/ros/humble/opt/rviz_ogre_vendor/lib:/opt/ros/humble/lib/x86_64-linux-gnu:/opt/ros/humble/lib:/usr/local/cuda-12.4.0/lib64:/usr/local/cuda-12.4.0/lib64 PYTHONPATH=/home/men3m/Naima/install/zed_topic_benchmark_interfaces/local/lib/python3.10/dist-packages:${PYTHONPATH} /usr/bin/cmake --build /home/men3m/Naima/build/zed_topic_benchmark -- -j16 -l16
[1.552s] DEBUG:colcon.colcon_core.event_handler.log_command:Invoked command in '/home/men3m/Naima/build/zed_multi_camera' returned '0': AMENT_PREFIX_PATH=/home/men3m/Naima/install/zed_wrapper:/home/men3m/Naima/install/zed_components:${AMENT_PREFIX_PATH} CMAKE_PREFIX_PATH=/home/men3m/Naima/install/zed_wrapper:/home/men3m/Naima/install/zed_components:/opt/ros/humble LD_LIBRARY_PATH=/home/men3m/Naima/install/zed_components/lib:/usr/lib/x86_64-linux-gnu/gazebo-11/plugins:/opt/ros/humble/opt/rviz_ogre_vendor/lib:/opt/ros/humble/lib/x86_64-linux-gnu:/opt/ros/humble/lib:/usr/local/cuda-12.4.0/lib64:/usr/local/cuda-12.4.0/lib64 /usr/bin/cmake --install /home/men3m/Naima/build/zed_multi_camera
[1.552s] INFO:colcon.colcon_core.shell:Creating package descriptor '/home/men3m/Naima/install/zed_multi_camera/share/zed_multi_camera/package.dsv'
[1.553s] INFO:colcon.colcon_core.shell:Creating package script '/home/men3m/Naima/install/zed_multi_camera/share/zed_multi_camera/package.sh'
[1.553s] INFO:colcon.colcon_core.shell:Creating package script '/home/men3m/Naima/install/zed_multi_camera/share/zed_multi_camera/package.bash'
[1.553s] INFO:colcon.colcon_core.shell:Creating package script '/home/men3m/Naima/install/zed_multi_camera/share/zed_multi_camera/package.zsh'
[1.554s] Level 1:colcon.colcon_core.environment:create_file_with_runtime_dependencies(/home/men3m/Naima/install/zed_multi_camera/share/colcon-core/packages/zed_multi_camera)
[1.554s] Level 1:colcon.colcon_core.environment:create_environment_scripts_only(zed_multi_camera)
[1.555s] Level 1:colcon.colcon_core.environment:checking '/home/men3m/Naima/install/zed_multi_camera' for CMake module files
[1.555s] Level 1:colcon.colcon_core.environment:checking '/home/men3m/Naima/install/zed_multi_camera' for CMake config files
[1.555s] Level 1:colcon.colcon_core.shell:create_environment_hook('zed_multi_camera', 'cmake_prefix_path')
[1.555s] INFO:colcon.colcon_core.shell:Creating environment hook '/home/men3m/Naima/install/zed_multi_camera/share/zed_multi_camera/hook/cmake_prefix_path.ps1'
[1.556s] INFO:colcon.colcon_core.shell:Creating environment descriptor '/home/men3m/Naima/install/zed_multi_camera/share/zed_multi_camera/hook/cmake_prefix_path.dsv'
[1.556s] INFO:colcon.colcon_core.shell:Creating environment hook '/home/men3m/Naima/install/zed_multi_camera/share/zed_multi_camera/hook/cmake_prefix_path.sh'
[1.556s] Level 1:colcon.colcon_core.environment:checking '/home/men3m/Naima/install/zed_multi_camera/bin'
[1.556s] Level 1:colcon.colcon_core.environment:checking '/home/men3m/Naima/install/zed_multi_camera/lib/pkgconfig/zed_multi_camera.pc'
[1.557s] Level 1:colcon.colcon_core.environment:checking '/home/men3m/Naima/install/zed_multi_camera/lib/python3.10/site-packages'
[1.557s] Level 1:colcon.colcon_core.environment:checking '/home/men3m/Naima/install/zed_multi_camera/bin'
[1.557s] INFO:colcon.colcon_core.shell:Creating package script '/home/men3m/Naima/install/zed_multi_camera/share/zed_multi_camera/package.ps1'
[1.558s] INFO:colcon.colcon_core.shell:Creating package descriptor '/home/men3m/Naima/install/zed_multi_camera/share/zed_multi_camera/package.dsv'
[1.558s] INFO:colcon.colcon_core.shell:Creating package script '/home/men3m/Naima/install/zed_multi_camera/share/zed_multi_camera/package.sh'
[1.558s] INFO:colcon.colcon_core.shell:Creating package script '/home/men3m/Naima/install/zed_multi_camera/share/zed_multi_camera/package.bash'
[1.559s] INFO:colcon.colcon_core.shell:Creating package script '/home/men3m/Naima/install/zed_multi_camera/share/zed_multi_camera/package.zsh'
[1.559s] Level 1:colcon.colcon_core.environment:create_file_with_runtime_dependencies(/home/men3m/Naima/install/zed_multi_camera/share/colcon-core/packages/zed_multi_camera)
[1.560s] Level 1:colcon.colcon_core.environment:create_environment_scripts_only(naima_examples)
[1.560s] Level 1:colcon.colcon_core.environment:checking '/home/men3m/Naima/install/naima_examples' for CMake module files
[1.561s] DEBUG:colcon.colcon_core.event_handler.log_command:Invoked command in '/home/men3m/Naima/build/naima_examples' returned '0': AMENT_PREFIX_PATH=/home/men3m/Naima/install/naima_msgs:${AMENT_PREFIX_PATH} CMAKE_PREFIX_PATH=/home/men3m/Naima/install/naima_msgs:/opt/ros/humble LD_LIBRARY_PATH=/home/men3m/Naima/install/naima_msgs/lib:/usr/lib/x86_64-linux-gnu/gazebo-11/plugins:/opt/ros/humble/opt/rviz_ogre_vendor/lib:/opt/ros/humble/lib/x86_64-linux-gnu:/opt/ros/humble/lib:/usr/local/cuda-12.4.0/lib64:/usr/local/cuda-12.4.0/lib64 PYTHONPATH=/home/men3m/Naima/install/naima_msgs/local/lib/python3.10/dist-packages:${PYTHONPATH} /usr/bin/cmake --install /home/men3m/Naima/build/naima_examples
[1.561s] Level 1:colcon.colcon_core.environment:checking '/home/men3m/Naima/install/naima_examples' for CMake config files
[1.561s] Level 1:colcon.colcon_core.shell:create_environment_hook('naima_examples', 'cmake_prefix_path')
[1.562s] INFO:colcon.colcon_core.shell:Creating environment hook '/home/men3m/Naima/install/naima_examples/share/naima_examples/hook/cmake_prefix_path.ps1'
[1.562s] INFO:colcon.colcon_core.shell:Creating environment descriptor '/home/men3m/Naima/install/naima_examples/share/naima_examples/hook/cmake_prefix_path.dsv'
[1.562s] INFO:colcon.colcon_core.shell:Creating environment hook '/home/men3m/Naima/install/naima_examples/share/naima_examples/hook/cmake_prefix_path.sh'
[1.563s] Level 1:colcon.colcon_core.environment:checking '/home/men3m/Naima/install/naima_examples/lib'
[1.563s] Level 1:colcon.colcon_core.shell:create_environment_hook('naima_examples', 'ld_library_path_lib')
[1.563s] INFO:colcon.colcon_core.shell:Creating environment hook '/home/men3m/Naima/install/naima_examples/share/naima_examples/hook/ld_library_path_lib.ps1'
[1.564s] INFO:colcon.colcon_core.shell:Creating environment descriptor '/home/men3m/Naima/install/naima_examples/share/naima_examples/hook/ld_library_path_lib.dsv'
[1.564s] INFO:colcon.colcon_core.shell:Creating environment hook '/home/men3m/Naima/install/naima_examples/share/naima_examples/hook/ld_library_path_lib.sh'
[1.564s] Level 1:colcon.colcon_core.environment:checking '/home/men3m/Naima/install/naima_examples/bin'
[1.564s] Level 1:colcon.colcon_core.environment:checking '/home/men3m/Naima/install/naima_examples/lib/pkgconfig/naima_examples.pc'
[1.564s] Level 1:colcon.colcon_core.environment:checking '/home/men3m/Naima/install/naima_examples/lib/python3.10/site-packages'
[1.565s] Level 1:colcon.colcon_core.environment:checking '/home/men3m/Naima/install/naima_examples/bin'
[1.565s] INFO:colcon.colcon_core.shell:Creating package script '/home/men3m/Naima/install/naima_examples/share/naima_examples/package.ps1'
[1.565s] INFO:colcon.colcon_core.shell:Creating package descriptor '/home/men3m/Naima/install/naima_examples/share/naima_examples/package.dsv'
[1.566s] INFO:colcon.colcon_core.shell:Creating package script '/home/men3m/Naima/install/naima_examples/share/naima_examples/package.sh'
[1.566s] INFO:colcon.colcon_core.shell:Creating package script '/home/men3m/Naima/install/naima_examples/share/naima_examples/package.bash'
[1.566s] INFO:colcon.colcon_core.shell:Creating package script '/home/men3m/Naima/install/naima_examples/share/naima_examples/package.zsh'
[1.567s] Level 1:colcon.colcon_core.environment:create_file_with_runtime_dependencies(/home/men3m/Naima/install/naima_examples/share/colcon-core/packages/naima_examples)
[1.567s] Level 1:colcon.colcon_core.environment:create_environment_scripts_only(naima_examples)
[1.567s] Level 1:colcon.colcon_core.environment:checking '/home/men3m/Naima/install/naima_examples' for CMake module files
[1.568s] Level 1:colcon.colcon_core.environment:checking '/home/men3m/Naima/install/naima_examples' for CMake config files
[1.568s] Level 1:colcon.colcon_core.shell:create_environment_hook('naima_examples', 'cmake_prefix_path')
[1.568s] INFO:colcon.colcon_core.shell:Creating environment hook '/home/men3m/Naima/install/naima_examples/share/naima_examples/hook/cmake_prefix_path.ps1'
[1.569s] INFO:colcon.colcon_core.shell:Creating environment descriptor '/home/men3m/Naima/install/naima_examples/share/naima_examples/hook/cmake_prefix_path.dsv'
[1.569s] INFO:colcon.colcon_core.shell:Creating environment hook '/home/men3m/Naima/install/naima_examples/share/naima_examples/hook/cmake_prefix_path.sh'
[1.569s] Level 1:colcon.colcon_core.environment:checking '/home/men3m/Naima/install/naima_examples/lib'
[1.570s] Level 1:colcon.colcon_core.shell:create_environment_hook('naima_examples', 'ld_library_path_lib')
[1.570s] INFO:colcon.colcon_core.shell:Creating environment hook '/home/men3m/Naima/install/naima_examples/share/naima_examples/hook/ld_library_path_lib.ps1'
[1.570s] INFO:colcon.colcon_core.shell:Creating environment descriptor '/home/men3m/Naima/install/naima_examples/share/naima_examples/hook/ld_library_path_lib.dsv'
[1.570s] INFO:colcon.colcon_core.shell:Creating environment hook '/home/men3m/Naima/install/naima_examples/share/naima_examples/hook/ld_library_path_lib.sh'
[1.571s] Level 1:colcon.colcon_core.environment:checking '/home/men3m/Naima/install/naima_examples/bin'
[1.571s] Level 1:colcon.colcon_core.environment:checking '/home/men3m/Naima/install/naima_examples/lib/pkgconfig/naima_examples.pc'
[1.571s] Level 1:colcon.colcon_core.environment:checking '/home/men3m/Naima/install/naima_examples/lib/python3.10/site-packages'
[1.571s] Level 1:colcon.colcon_core.environment:checking '/home/men3m/Naima/install/naima_examples/bin'
[1.571s] INFO:colcon.colcon_core.shell:Creating package script '/home/men3m/Naima/install/naima_examples/share/naima_examples/package.ps1'
[1.572s] INFO:colcon.colcon_core.shell:Creating package descriptor '/home/men3m/Naima/install/naima_examples/share/naima_examples/package.dsv'
[1.572s] INFO:colcon.colcon_core.shell:Creating package script '/home/men3m/Naima/install/naima_examples/share/naima_examples/package.sh'
[1.573s] INFO:colcon.colcon_core.shell:Creating package script '/home/men3m/Naima/install/naima_examples/share/naima_examples/package.bash'
[1.573s] INFO:colcon.colcon_core.shell:Creating package script '/home/men3m/Naima/install/naima_examples/share/naima_examples/package.zsh'
[1.573s] Level 1:colcon.colcon_core.environment:create_file_with_runtime_dependencies(/home/men3m/Naima/install/naima_examples/share/colcon-core/packages/naima_examples)
[1.574s] Level 1:colcon.colcon_core.environment:create_environment_scripts_only(zed_robot_integration)
[1.574s] Level 1:colcon.colcon_core.environment:checking '/home/men3m/Naima/install/zed_robot_integration' for CMake module files
[1.575s] DEBUG:colcon.colcon_core.event_handler.log_command:Invoked command in '/home/men3m/Naima/build/zed_robot_integration' returned '0': AMENT_PREFIX_PATH=/home/men3m/Naima/install/zed_wrapper:/home/men3m/Naima/install/zed_components:${AMENT_PREFIX_PATH} CMAKE_PREFIX_PATH=/home/men3m/Naima/install/zed_wrapper:/home/men3m/Naima/install/zed_components:/opt/ros/humble LD_LIBRARY_PATH=/home/men3m/Naima/install/zed_components/lib:/usr/lib/x86_64-linux-gnu/gazebo-11/plugins:/opt/ros/humble/opt/rviz_ogre_vendor/lib:/opt/ros/humble/lib/x86_64-linux-gnu:/opt/ros/humble/lib:/usr/local/cuda-12.4.0/lib64:/usr/local/cuda-12.4.0/lib64 /usr/bin/cmake --install /home/men3m/Naima/build/zed_robot_integration
[1.575s] Level 1:colcon.colcon_core.environment:checking '/home/men3m/Naima/install/zed_robot_integration' for CMake config files
[1.575s] Level 1:colcon.colcon_core.shell:create_environment_hook('zed_robot_integration', 'cmake_prefix_path')
[1.575s] INFO:colcon.colcon_core.shell:Creating environment hook '/home/men3m/Naima/install/zed_robot_integration/share/zed_robot_integration/hook/cmake_prefix_path.ps1'
[1.576s] INFO:colcon.colcon_core.shell:Creating environment descriptor '/home/men3m/Naima/install/zed_robot_integration/share/zed_robot_integration/hook/cmake_prefix_path.dsv'
[1.576s] INFO:colcon.colcon_core.shell:Creating environment hook '/home/men3m/Naima/install/zed_robot_integration/share/zed_robot_integration/hook/cmake_prefix_path.sh'
[1.577s] Level 1:colcon.colcon_core.environment:checking '/home/men3m/Naima/install/zed_robot_integration/bin'
[1.577s] Level 1:colcon.colcon_core.environment:checking '/home/men3m/Naima/install/zed_robot_integration/lib/pkgconfig/zed_robot_integration.pc'
[1.577s] Level 1:colcon.colcon_core.environment:checking '/home/men3m/Naima/install/zed_robot_integration/lib/python3.10/site-packages'
[1.577s] Level 1:colcon.colcon_core.environment:checking '/home/men3m/Naima/install/zed_robot_integration/bin'
[1.577s] INFO:colcon.colcon_core.shell:Creating package script '/home/men3m/Naima/install/zed_robot_integration/share/zed_robot_integration/package.ps1'
[1.578s] INFO:colcon.colcon_core.shell:Creating package descriptor '/home/men3m/Naima/install/zed_robot_integration/share/zed_robot_integration/package.dsv'
[1.578s] INFO:colcon.colcon_core.shell:Creating package script '/home/men3m/Naima/install/zed_robot_integration/share/zed_robot_integration/package.sh'
[1.579s] INFO:colcon.colcon_core.shell:Creating package script '/home/men3m/Naima/install/zed_robot_integration/share/zed_robot_integration/package.bash'
[1.579s] INFO:colcon.colcon_core.shell:Creating package script '/home/men3m/Naima/install/zed_robot_integration/share/zed_robot_integration/package.zsh'
[1.579s] Level 1:colcon.colcon_core.environment:create_file_with_runtime_dependencies(/home/men3m/Naima/install/zed_robot_integration/share/colcon-core/packages/zed_robot_integration)
[1.580s] Level 1:colcon.colcon_core.environment:create_environment_scripts_only(zed_robot_integration)
[1.580s] Level 1:colcon.colcon_core.environment:checking '/home/men3m/Naima/install/zed_robot_integration' for CMake module files
[1.581s] Level 1:colcon.colcon_core.environment:checking '/home/men3m/Naima/install/zed_robot_integration' for CMake config files
[1.581s] Level 1:colcon.colcon_core.shell:create_environment_hook('zed_robot_integration', 'cmake_prefix_path')
[1.581s] INFO:colcon.colcon_core.shell:Creating environment hook '/home/men3m/Naima/install/zed_robot_integration/share/zed_robot_integration/hook/cmake_prefix_path.ps1'
[1.581s] INFO:colcon.colcon_core.shell:Creating environment descriptor '/home/men3m/Naima/install/zed_robot_integration/share/zed_robot_integration/hook/cmake_prefix_path.dsv'
[1.582s] INFO:colcon.colcon_core.shell:Creating environment hook '/home/men3m/Naima/install/zed_robot_integration/share/zed_robot_integration/hook/cmake_prefix_path.sh'
[1.582s] Level 1:colcon.colcon_core.environment:checking '/home/men3m/Naima/install/zed_robot_integration/bin'
[1.582s] Level 1:colcon.colcon_core.environment:checking '/home/men3m/Naima/install/zed_robot_integration/lib/pkgconfig/zed_robot_integration.pc'
[1.582s] Level 1:colcon.colcon_core.environment:checking '/home/men3m/Naima/install/zed_robot_integration/lib/python3.10/site-packages'
[1.582s] Level 1:colcon.colcon_core.environment:checking '/home/men3m/Naima/install/zed_robot_integration/bin'
[1.583s] INFO:colcon.colcon_core.shell:Creating package script '/home/men3m/Naima/install/zed_robot_integration/share/zed_robot_integration/package.ps1'
[1.583s] INFO:colcon.colcon_core.shell:Creating package descriptor '/home/men3m/Naima/install/zed_robot_integration/share/zed_robot_integration/package.dsv'
[1.583s] INFO:colcon.colcon_core.shell:Creating package script '/home/men3m/Naima/install/zed_robot_integration/share/zed_robot_integration/package.sh'
[1.584s] INFO:colcon.colcon_core.shell:Creating package script '/home/men3m/Naima/install/zed_robot_integration/share/zed_robot_integration/package.bash'
[1.585s] INFO:colcon.colcon_core.shell:Creating package script '/home/men3m/Naima/install/zed_robot_integration/share/zed_robot_integration/package.zsh'
[1.585s] Level 1:colcon.colcon_core.environment:create_file_with_runtime_dependencies(/home/men3m/Naima/install/zed_robot_integration/share/colcon-core/packages/zed_robot_integration)
[1.585s] Level 1:colcon.colcon_core.environment:create_environment_scripts_only(zed_display_rviz2)
[1.585s] Level 1:colcon.colcon_core.environment:checking '/home/men3m/Naima/install/zed_display_rviz2' for CMake module files
[1.587s] DEBUG:colcon.colcon_core.event_handler.log_command:Invoked command in '/home/men3m/Naima/build/zed_display_rviz2' returned '0': AMENT_PREFIX_PATH=/home/men3m/Naima/install/zed_wrapper:/home/men3m/Naima/install/zed_components:${AMENT_PREFIX_PATH} CMAKE_PREFIX_PATH=/home/men3m/Naima/install/zed_wrapper:/home/men3m/Naima/install/zed_components:/opt/ros/humble LD_LIBRARY_PATH=/home/men3m/Naima/install/zed_components/lib:/usr/lib/x86_64-linux-gnu/gazebo-11/plugins:/opt/ros/humble/opt/rviz_ogre_vendor/lib:/opt/ros/humble/lib/x86_64-linux-gnu:/opt/ros/humble/lib:/usr/local/cuda-12.4.0/lib64:/usr/local/cuda-12.4.0/lib64 /usr/bin/cmake --install /home/men3m/Naima/build/zed_display_rviz2
[1.587s] Level 1:colcon.colcon_core.environment:checking '/home/men3m/Naima/install/zed_display_rviz2' for CMake config files
[1.587s] Level 1:colcon.colcon_core.shell:create_environment_hook('zed_display_rviz2', 'cmake_prefix_path')
[1.587s] INFO:colcon.colcon_core.shell:Creating environment hook '/home/men3m/Naima/install/zed_display_rviz2/share/zed_display_rviz2/hook/cmake_prefix_path.ps1'
[1.587s] INFO:colcon.colcon_core.shell:Creating environment descriptor '/home/men3m/Naima/install/zed_display_rviz2/share/zed_display_rviz2/hook/cmake_prefix_path.dsv'
[1.588s] INFO:colcon.colcon_core.shell:Creating environment hook '/home/men3m/Naima/install/zed_display_rviz2/share/zed_display_rviz2/hook/cmake_prefix_path.sh'
[1.588s] Level 1:colcon.colcon_core.environment:checking '/home/men3m/Naima/install/zed_display_rviz2/bin'
[1.588s] Level 1:colcon.colcon_core.environment:checking '/home/men3m/Naima/install/zed_display_rviz2/lib/pkgconfig/zed_display_rviz2.pc'
[1.589s] Level 1:colcon.colcon_core.environment:checking '/home/men3m/Naima/install/zed_display_rviz2/lib/python3.10/site-packages'
[1.589s] Level 1:colcon.colcon_core.environment:checking '/home/men3m/Naima/install/zed_display_rviz2/bin'
[1.589s] INFO:colcon.colcon_core.shell:Creating package script '/home/men3m/Naima/install/zed_display_rviz2/share/zed_display_rviz2/package.ps1'
[1.589s] INFO:colcon.colcon_core.shell:Creating package descriptor '/home/men3m/Naima/install/zed_display_rviz2/share/zed_display_rviz2/package.dsv'
[1.590s] INFO:colcon.colcon_core.shell:Creating package script '/home/men3m/Naima/install/zed_display_rviz2/share/zed_display_rviz2/package.sh'
[1.590s] INFO:colcon.colcon_core.shell:Creating package script '/home/men3m/Naima/install/zed_display_rviz2/share/zed_display_rviz2/package.bash'
[1.590s] INFO:colcon.colcon_core.shell:Creating package script '/home/men3m/Naima/install/zed_display_rviz2/share/zed_display_rviz2/package.zsh'
[1.591s] Level 1:colcon.colcon_core.environment:create_file_with_runtime_dependencies(/home/men3m/Naima/install/zed_display_rviz2/share/colcon-core/packages/zed_display_rviz2)
[1.591s] Level 1:colcon.colcon_core.environment:create_environment_scripts_only(zed_display_rviz2)
[1.592s] Level 1:colcon.colcon_core.environment:checking '/home/men3m/Naima/install/zed_display_rviz2' for CMake module files
[1.592s] Level 1:colcon.colcon_core.environment:checking '/home/men3m/Naima/install/zed_display_rviz2' for CMake config files
[1.592s] Level 1:colcon.colcon_core.shell:create_environment_hook('zed_display_rviz2', 'cmake_prefix_path')
[1.592s] INFO:colcon.colcon_core.shell:Creating environment hook '/home/men3m/Naima/install/zed_display_rviz2/share/zed_display_rviz2/hook/cmake_prefix_path.ps1'
[1.593s] INFO:colcon.colcon_core.shell:Creating environment descriptor '/home/men3m/Naima/install/zed_display_rviz2/share/zed_display_rviz2/hook/cmake_prefix_path.dsv'
[1.593s] INFO:colcon.colcon_core.shell:Creating environment hook '/home/men3m/Naima/install/zed_display_rviz2/share/zed_display_rviz2/hook/cmake_prefix_path.sh'
[1.593s] Level 1:colcon.colcon_core.environment:checking '/home/men3m/Naima/install/zed_display_rviz2/bin'
[1.593s] Level 1:colcon.colcon_core.environment:checking '/home/men3m/Naima/install/zed_display_rviz2/lib/pkgconfig/zed_display_rviz2.pc'
[1.594s] Level 1:colcon.colcon_core.environment:checking '/home/men3m/Naima/install/zed_display_rviz2/lib/python3.10/site-packages'
[1.594s] Level 1:colcon.colcon_core.environment:checking '/home/men3m/Naima/install/zed_display_rviz2/bin'
[1.594s] INFO:colcon.colcon_core.shell:Creating package script '/home/men3m/Naima/install/zed_display_rviz2/share/zed_display_rviz2/package.ps1'
[1.594s] INFO:colcon.colcon_core.shell:Creating package descriptor '/home/men3m/Naima/install/zed_display_rviz2/share/zed_display_rviz2/package.dsv'
[1.595s] INFO:colcon.colcon_core.shell:Creating package script '/home/men3m/Naima/install/zed_display_rviz2/share/zed_display_rviz2/package.sh'
[1.595s] INFO:colcon.colcon_core.shell:Creating package script '/home/men3m/Naima/install/zed_display_rviz2/share/zed_display_rviz2/package.bash'
[1.595s] INFO:colcon.colcon_core.shell:Creating package script '/home/men3m/Naima/install/zed_display_rviz2/share/zed_display_rviz2/package.zsh'
[1.596s] Level 1:colcon.colcon_core.environment:create_file_with_runtime_dependencies(/home/men3m/Naima/install/zed_display_rviz2/share/colcon-core/packages/zed_display_rviz2)
[1.597s] INFO:colcon.colcon_ros.task.ament_cmake.build:Building ROS package in '/home/men3m/Naima/src/zed-ros2-examples/tutorials/zed_ipc' with build type 'ament_cmake'
[1.597s] INFO:colcon.colcon_cmake.task.cmake.build:Building CMake package in '/home/men3m/Naima/src/zed-ros2-examples/tutorials/zed_ipc'
[1.597s] INFO:colcon.colcon_core.shell:Skip shell extension 'powershell' for command environment: Not usable outside of PowerShell
[1.597s] DEBUG:colcon.colcon_core.shell:Skip shell extension 'dsv' for command environment
[1.603s] Level 1:colcon.colcon_core.environment:create_environment_scripts_only(zed_ros2)
[1.603s] Level 1:colcon.colcon_core.environment:checking '/home/men3m/Naima/install/zed_ros2' for CMake module files
[1.604s] Level 1:colcon.colcon_core.environment:checking '/home/men3m/Naima/install/zed_ros2' for CMake config files
[1.604s] DEBUG:colcon.colcon_core.event_handler.log_command:Invoking command in '/home/men3m/Naima/src/naima': PYTHONPATH=/home/men3m/Naima/build/naima/prefix_override:/usr/lib/python3/dist-packages/colcon_core/task/python/colcon_distutils_commands:/home/men3m/Naima/install/naima/lib/python3.10/site-packages:${PYTHONPATH} /usr/bin/python3 -W ignore:setup.py install is deprecated -W ignore:easy_install command is deprecated setup.py egg_info --egg-base ../../build/naima build --build-base /home/men3m/Naima/build/naima/build install --record /home/men3m/Naima/build/naima/install.log --single-version-externally-managed install_data
[1.605s] DEBUG:colcon.colcon_core.event_handler.log_command:Invoked command in '/home/men3m/Naima/build/zed_ros2' returned '0': AMENT_PREFIX_PATH=/home/men3m/Naima/install/zed_wrapper:/home/men3m/Naima/install/zed_components:${AMENT_PREFIX_PATH} CMAKE_PREFIX_PATH=/home/men3m/Naima/install/zed_wrapper:/home/men3m/Naima/install/zed_components:/opt/ros/humble LD_LIBRARY_PATH=/home/men3m/Naima/install/zed_components/lib:/usr/lib/x86_64-linux-gnu/gazebo-11/plugins:/opt/ros/humble/opt/rviz_ogre_vendor/lib:/opt/ros/humble/lib/x86_64-linux-gnu:/opt/ros/humble/lib:/usr/local/cuda-12.4.0/lib64:/usr/local/cuda-12.4.0/lib64 /usr/bin/cmake --install /home/men3m/Naima/build/zed_ros2
[1.605s] Level 1:colcon.colcon_core.shell:create_environment_hook('zed_ros2', 'cmake_prefix_path')
[1.605s] INFO:colcon.colcon_core.shell:Creating environment hook '/home/men3m/Naima/install/zed_ros2/share/zed_ros2/hook/cmake_prefix_path.ps1'
[1.606s] INFO:colcon.colcon_core.shell:Creating environment descriptor '/home/men3m/Naima/install/zed_ros2/share/zed_ros2/hook/cmake_prefix_path.dsv'
[1.606s] INFO:colcon.colcon_core.shell:Creating environment hook '/home/men3m/Naima/install/zed_ros2/share/zed_ros2/hook/cmake_prefix_path.sh'
[1.607s] Level 1:colcon.colcon_core.environment:checking '/home/men3m/Naima/install/zed_ros2/bin'
[1.607s] Level 1:colcon.colcon_core.environment:checking '/home/men3m/Naima/install/zed_ros2/lib/pkgconfig/zed_ros2.pc'
[1.607s] Level 1:colcon.colcon_core.environment:checking '/home/men3m/Naima/install/zed_ros2/lib/python3.10/site-packages'
[1.607s] Level 1:colcon.colcon_core.environment:checking '/home/men3m/Naima/install/zed_ros2/bin'
[1.607s] INFO:colcon.colcon_core.shell:Creating package script '/home/men3m/Naima/install/zed_ros2/share/zed_ros2/package.ps1'
[1.608s] INFO:colcon.colcon_core.shell:Creating package descriptor '/home/men3m/Naima/install/zed_ros2/share/zed_ros2/package.dsv'
[1.608s] INFO:colcon.colcon_core.shell:Creating package script '/home/men3m/Naima/install/zed_ros2/share/zed_ros2/package.sh'
[1.608s] INFO:colcon.colcon_core.shell:Creating package script '/home/men3m/Naima/install/zed_ros2/share/zed_ros2/package.bash'
[1.609s] INFO:colcon.colcon_core.shell:Creating package script '/home/men3m/Naima/install/zed_ros2/share/zed_ros2/package.zsh'
[1.609s] Level 1:colcon.colcon_core.environment:create_file_with_runtime_dependencies(/home/men3m/Naima/install/zed_ros2/share/colcon-core/packages/zed_ros2)
[1.609s] Level 1:colcon.colcon_core.environment:create_environment_scripts_only(zed_ros2)
[1.610s] Level 1:colcon.colcon_core.environment:checking '/home/men3m/Naima/install/zed_ros2' for CMake module files
[1.610s] Level 1:colcon.colcon_core.environment:checking '/home/men3m/Naima/install/zed_ros2' for CMake config files
[1.610s] Level 1:colcon.colcon_core.shell:create_environment_hook('zed_ros2', 'cmake_prefix_path')
[1.610s] INFO:colcon.colcon_core.shell:Creating environment hook '/home/men3m/Naima/install/zed_ros2/share/zed_ros2/hook/cmake_prefix_path.ps1'
[1.610s] INFO:colcon.colcon_core.shell:Creating environment descriptor '/home/men3m/Naima/install/zed_ros2/share/zed_ros2/hook/cmake_prefix_path.dsv'
[1.611s] INFO:colcon.colcon_core.shell:Creating environment hook '/home/men3m/Naima/install/zed_ros2/share/zed_ros2/hook/cmake_prefix_path.sh'
[1.611s] Level 1:colcon.colcon_core.environment:checking '/home/men3m/Naima/install/zed_ros2/bin'
[1.611s] Level 1:colcon.colcon_core.environment:checking '/home/men3m/Naima/install/zed_ros2/lib/pkgconfig/zed_ros2.pc'
[1.611s] Level 1:colcon.colcon_core.environment:checking '/home/men3m/Naima/install/zed_ros2/lib/python3.10/site-packages'
[1.612s] Level 1:colcon.colcon_core.environment:checking '/home/men3m/Naima/install/zed_ros2/bin'
[1.612s] INFO:colcon.colcon_core.shell:Creating package script '/home/men3m/Naima/install/zed_ros2/share/zed_ros2/package.ps1'
[1.612s] INFO:colcon.colcon_core.shell:Creating package descriptor '/home/men3m/Naima/install/zed_ros2/share/zed_ros2/package.dsv'
[1.613s] INFO:colcon.colcon_core.shell:Creating package script '/home/men3m/Naima/install/zed_ros2/share/zed_ros2/package.sh'
[1.613s] INFO:colcon.colcon_core.shell:Creating package script '/home/men3m/Naima/install/zed_ros2/share/zed_ros2/package.bash'
[1.614s] INFO:colcon.colcon_core.shell:Creating package script '/home/men3m/Naima/install/zed_ros2/share/zed_ros2/package.zsh'
[1.614s] Level 1:colcon.colcon_core.environment:create_file_with_runtime_dependencies(/home/men3m/Naima/install/zed_ros2/share/colcon-core/packages/zed_ros2)
[1.614s] Level 1:colcon.colcon_core.environment:create_environment_scripts_only(zed_depth_to_laserscan)
[1.614s] Level 1:colcon.colcon_core.environment:checking '/home/men3m/Naima/install/zed_depth_to_laserscan' for CMake module files
[1.615s] DEBUG:colcon.colcon_core.event_handler.log_command:Invoked command in '/home/men3m/Naima/build/zed_depth_to_laserscan' returned '0': AMENT_PREFIX_PATH=/home/men3m/Naima/install/zed_wrapper:/home/men3m/Naima/install/zed_components:${AMENT_PREFIX_PATH} CMAKE_PREFIX_PATH=/home/men3m/Naima/install/zed_wrapper:/home/men3m/Naima/install/zed_components:/opt/ros/humble LD_LIBRARY_PATH=/home/men3m/Naima/install/zed_components/lib:/usr/lib/x86_64-linux-gnu/gazebo-11/plugins:/opt/ros/humble/opt/rviz_ogre_vendor/lib:/opt/ros/humble/lib/x86_64-linux-gnu:/opt/ros/humble/lib:/usr/local/cuda-12.4.0/lib64:/usr/local/cuda-12.4.0/lib64 /usr/bin/cmake --install /home/men3m/Naima/build/zed_depth_to_laserscan
[1.616s] Level 1:colcon.colcon_core.environment:checking '/home/men3m/Naima/install/zed_depth_to_laserscan' for CMake config files
[1.616s] Level 1:colcon.colcon_core.shell:create_environment_hook('zed_depth_to_laserscan', 'cmake_prefix_path')
[1.616s] INFO:colcon.colcon_core.shell:Creating environment hook '/home/men3m/Naima/install/zed_depth_to_laserscan/share/zed_depth_to_laserscan/hook/cmake_prefix_path.ps1'
[1.616s] INFO:colcon.colcon_core.shell:Creating environment descriptor '/home/men3m/Naima/install/zed_depth_to_laserscan/share/zed_depth_to_laserscan/hook/cmake_prefix_path.dsv'
[1.617s] INFO:colcon.colcon_core.shell:Creating environment hook '/home/men3m/Naima/install/zed_depth_to_laserscan/share/zed_depth_to_laserscan/hook/cmake_prefix_path.sh'
[1.617s] Level 1:colcon.colcon_core.environment:checking '/home/men3m/Naima/install/zed_depth_to_laserscan/bin'
[1.617s] Level 1:colcon.colcon_core.environment:checking '/home/men3m/Naima/install/zed_depth_to_laserscan/lib/pkgconfig/zed_depth_to_laserscan.pc'
[1.617s] Level 1:colcon.colcon_core.environment:checking '/home/men3m/Naima/install/zed_depth_to_laserscan/lib/python3.10/site-packages'
[1.617s] Level 1:colcon.colcon_core.environment:checking '/home/men3m/Naima/install/zed_depth_to_laserscan/bin'
[1.618s] INFO:colcon.colcon_core.shell:Creating package script '/home/men3m/Naima/install/zed_depth_to_laserscan/share/zed_depth_to_laserscan/package.ps1'
[1.618s] INFO:colcon.colcon_core.shell:Creating package descriptor '/home/men3m/Naima/install/zed_depth_to_laserscan/share/zed_depth_to_laserscan/package.dsv'
[1.618s] INFO:colcon.colcon_core.shell:Creating package script '/home/men3m/Naima/install/zed_depth_to_laserscan/share/zed_depth_to_laserscan/package.sh'
[1.619s] INFO:colcon.colcon_core.shell:Creating package script '/home/men3m/Naima/install/zed_depth_to_laserscan/share/zed_depth_to_laserscan/package.bash'
[1.619s] INFO:colcon.colcon_core.shell:Creating package script '/home/men3m/Naima/install/zed_depth_to_laserscan/share/zed_depth_to_laserscan/package.zsh'
[1.619s] Level 1:colcon.colcon_core.environment:create_file_with_runtime_dependencies(/home/men3m/Naima/install/zed_depth_to_laserscan/share/colcon-core/packages/zed_depth_to_laserscan)
[1.620s] Level 1:colcon.colcon_core.environment:create_environment_scripts_only(zed_depth_to_laserscan)
[1.620s] Level 1:colcon.colcon_core.environment:checking '/home/men3m/Naima/install/zed_depth_to_laserscan' for CMake module files
[1.620s] Level 1:colcon.colcon_core.environment:checking '/home/men3m/Naima/install/zed_depth_to_laserscan' for CMake config files
[1.620s] Level 1:colcon.colcon_core.shell:create_environment_hook('zed_depth_to_laserscan', 'cmake_prefix_path')
[1.621s] INFO:colcon.colcon_core.shell:Creating environment hook '/home/men3m/Naima/install/zed_depth_to_laserscan/share/zed_depth_to_laserscan/hook/cmake_prefix_path.ps1'
[1.621s] INFO:colcon.colcon_core.shell:Creating environment descriptor '/home/men3m/Naima/install/zed_depth_to_laserscan/share/zed_depth_to_laserscan/hook/cmake_prefix_path.dsv'
[1.621s] INFO:colcon.colcon_core.shell:Creating environment hook '/home/men3m/Naima/install/zed_depth_to_laserscan/share/zed_depth_to_laserscan/hook/cmake_prefix_path.sh'
[1.622s] Level 1:colcon.colcon_core.environment:checking '/home/men3m/Naima/install/zed_depth_to_laserscan/bin'
[1.622s] Level 1:colcon.colcon_core.environment:checking '/home/men3m/Naima/install/zed_depth_to_laserscan/lib/pkgconfig/zed_depth_to_laserscan.pc'
[1.622s] Level 1:colcon.colcon_core.environment:checking '/home/men3m/Naima/install/zed_depth_to_laserscan/lib/python3.10/site-packages'
[1.622s] Level 1:colcon.colcon_core.environment:checking '/home/men3m/Naima/install/zed_depth_to_laserscan/bin'
[1.622s] INFO:colcon.colcon_core.shell:Creating package script '/home/men3m/Naima/install/zed_depth_to_laserscan/share/zed_depth_to_laserscan/package.ps1'
[1.623s] INFO:colcon.colcon_core.shell:Creating package descriptor '/home/men3m/Naima/install/zed_depth_to_laserscan/share/zed_depth_to_laserscan/package.dsv'
[1.623s] INFO:colcon.colcon_core.shell:Creating package script '/home/men3m/Naima/install/zed_depth_to_laserscan/share/zed_depth_to_laserscan/package.sh'
[1.623s] INFO:colcon.colcon_core.shell:Creating package script '/home/men3m/Naima/install/zed_depth_to_laserscan/share/zed_depth_to_laserscan/package.bash'
[1.624s] INFO:colcon.colcon_core.shell:Creating package script '/home/men3m/Naima/install/zed_depth_to_laserscan/share/zed_depth_to_laserscan/package.zsh'
[1.624s] Level 1:colcon.colcon_core.environment:create_file_with_runtime_dependencies(/home/men3m/Naima/install/zed_depth_to_laserscan/share/colcon-core/packages/zed_depth_to_laserscan)
[1.630s] DEBUG:colcon.colcon_core.event_handler.log_command:Invoking command in '/home/men3m/Naima/build/zed_ipc': AMENT_PREFIX_PATH=/home/men3m/Naima/install/zed_multi_camera:/home/men3m/Naima/install/zed_wrapper:/home/men3m/Naima/install/zed_components:${AMENT_PREFIX_PATH} CMAKE_PREFIX_PATH=/home/men3m/Naima/install/zed_multi_camera:/home/men3m/Naima/install/zed_wrapper:/home/men3m/Naima/install/zed_components:/opt/ros/humble LD_LIBRARY_PATH=/home/men3m/Naima/install/zed_components/lib:/usr/lib/x86_64-linux-gnu/gazebo-11/plugins:/opt/ros/humble/opt/rviz_ogre_vendor/lib:/opt/ros/humble/lib/x86_64-linux-gnu:/opt/ros/humble/lib:/usr/local/cuda-12.4.0/lib64:/usr/local/cuda-12.4.0/lib64 /usr/bin/cmake --build /home/men3m/Naima/build/zed_ipc -- -j16 -l16
[1.630s] DEBUG:colcon.colcon_core.event_handler.log_command:Invoked command in '/home/men3m/Naima/build/zed_topic_benchmark' returned '0': AMENT_PREFIX_PATH=/home/men3m/Naima/install/zed_topic_benchmark_component:/home/men3m/Naima/install/zed_topic_benchmark_interfaces:${AMENT_PREFIX_PATH} CMAKE_PREFIX_PATH=/home/men3m/Naima/install/zed_topic_benchmark_component:/home/men3m/Naima/install/zed_topic_benchmark_interfaces:/opt/ros/humble LD_LIBRARY_PATH=/home/men3m/Naima/install/zed_topic_benchmark_component/lib:/home/men3m/Naima/install/zed_topic_benchmark_interfaces/lib:/usr/lib/x86_64-linux-gnu/gazebo-11/plugins:/opt/ros/humble/opt/rviz_ogre_vendor/lib:/opt/ros/humble/lib/x86_64-linux-gnu:/opt/ros/humble/lib:/usr/local/cuda-12.4.0/lib64:/usr/local/cuda-12.4.0/lib64 PYTHONPATH=/home/men3m/Naima/install/zed_topic_benchmark_interfaces/local/lib/python3.10/dist-packages:${PYTHONPATH} /usr/bin/cmake --build /home/men3m/Naima/build/zed_topic_benchmark -- -j16 -l16
[1.630s] DEBUG:colcon.colcon_core.event_handler.log_command:Invoking command in '/home/men3m/Naima/build/zed_topic_benchmark': AMENT_PREFIX_PATH=/home/men3m/Naima/install/zed_topic_benchmark_component:/home/men3m/Naima/install/zed_topic_benchmark_interfaces:${AMENT_PREFIX_PATH} CMAKE_PREFIX_PATH=/home/men3m/Naima/install/zed_topic_benchmark_component:/home/men3m/Naima/install/zed_topic_benchmark_interfaces:/opt/ros/humble LD_LIBRARY_PATH=/home/men3m/Naima/install/zed_topic_benchmark_component/lib:/home/men3m/Naima/install/zed_topic_benchmark_interfaces/lib:/usr/lib/x86_64-linux-gnu/gazebo-11/plugins:/opt/ros/humble/opt/rviz_ogre_vendor/lib:/opt/ros/humble/lib/x86_64-linux-gnu:/opt/ros/humble/lib:/usr/local/cuda-12.4.0/lib64:/usr/local/cuda-12.4.0/lib64 PYTHONPATH=/home/men3m/Naima/install/zed_topic_benchmark_interfaces/local/lib/python3.10/dist-packages:${PYTHONPATH} /usr/bin/cmake --install /home/men3m/Naima/build/zed_topic_benchmark
[1.639s] Level 1:colcon.colcon_core.environment:create_environment_scripts_only(zed_topic_benchmark)
[1.640s] Level 1:colcon.colcon_core.environment:checking '/home/men3m/Naima/install/zed_topic_benchmark' for CMake module files
[1.640s] DEBUG:colcon.colcon_core.event_handler.log_command:Invoked command in '/home/men3m/Naima/build/zed_topic_benchmark' returned '0': AMENT_PREFIX_PATH=/home/men3m/Naima/install/zed_topic_benchmark_component:/home/men3m/Naima/install/zed_topic_benchmark_interfaces:${AMENT_PREFIX_PATH} CMAKE_PREFIX_PATH=/home/men3m/Naima/install/zed_topic_benchmark_component:/home/men3m/Naima/install/zed_topic_benchmark_interfaces:/opt/ros/humble LD_LIBRARY_PATH=/home/men3m/Naima/install/zed_topic_benchmark_component/lib:/home/men3m/Naima/install/zed_topic_benchmark_interfaces/lib:/usr/lib/x86_64-linux-gnu/gazebo-11/plugins:/opt/ros/humble/opt/rviz_ogre_vendor/lib:/opt/ros/humble/lib/x86_64-linux-gnu:/opt/ros/humble/lib:/usr/local/cuda-12.4.0/lib64:/usr/local/cuda-12.4.0/lib64 PYTHONPATH=/home/men3m/Naima/install/zed_topic_benchmark_interfaces/local/lib/python3.10/dist-packages:${PYTHONPATH} /usr/bin/cmake --install /home/men3m/Naima/build/zed_topic_benchmark
[1.640s] Level 1:colcon.colcon_core.environment:checking '/home/men3m/Naima/install/zed_topic_benchmark' for CMake config files
[1.641s] Level 1:colcon.colcon_core.shell:create_environment_hook('zed_topic_benchmark', 'cmake_prefix_path')
[1.641s] INFO:colcon.colcon_core.shell:Creating environment hook '/home/men3m/Naima/install/zed_topic_benchmark/share/zed_topic_benchmark/hook/cmake_prefix_path.ps1'
[1.641s] INFO:colcon.colcon_core.shell:Creating environment descriptor '/home/men3m/Naima/install/zed_topic_benchmark/share/zed_topic_benchmark/hook/cmake_prefix_path.dsv'
[1.642s] INFO:colcon.colcon_core.shell:Creating environment hook '/home/men3m/Naima/install/zed_topic_benchmark/share/zed_topic_benchmark/hook/cmake_prefix_path.sh'
[1.642s] Level 1:colcon.colcon_core.environment:checking '/home/men3m/Naima/install/zed_topic_benchmark/lib'
[1.642s] Level 1:colcon.colcon_core.environment:checking '/home/men3m/Naima/install/zed_topic_benchmark/bin'
[1.642s] Level 1:colcon.colcon_core.environment:checking '/home/men3m/Naima/install/zed_topic_benchmark/lib/pkgconfig/zed_topic_benchmark.pc'
[1.642s] Level 1:colcon.colcon_core.environment:checking '/home/men3m/Naima/install/zed_topic_benchmark/lib/python3.10/site-packages'
[1.643s] Level 1:colcon.colcon_core.environment:checking '/home/men3m/Naima/install/zed_topic_benchmark/bin'
[1.643s] INFO:colcon.colcon_core.shell:Creating package script '/home/men3m/Naima/install/zed_topic_benchmark/share/zed_topic_benchmark/package.ps1'
[1.643s] INFO:colcon.colcon_core.shell:Creating package descriptor '/home/men3m/Naima/install/zed_topic_benchmark/share/zed_topic_benchmark/package.dsv'
[1.643s] INFO:colcon.colcon_core.shell:Creating package script '/home/men3m/Naima/install/zed_topic_benchmark/share/zed_topic_benchmark/package.sh'
[1.644s] INFO:colcon.colcon_core.shell:Creating package script '/home/men3m/Naima/install/zed_topic_benchmark/share/zed_topic_benchmark/package.bash'
[1.644s] INFO:colcon.colcon_core.shell:Creating package script '/home/men3m/Naima/install/zed_topic_benchmark/share/zed_topic_benchmark/package.zsh'
[1.644s] Level 1:colcon.colcon_core.environment:create_file_with_runtime_dependencies(/home/men3m/Naima/install/zed_topic_benchmark/share/colcon-core/packages/zed_topic_benchmark)
[1.645s] Level 1:colcon.colcon_core.environment:create_environment_scripts_only(zed_topic_benchmark)
[1.645s] Level 1:colcon.colcon_core.environment:checking '/home/men3m/Naima/install/zed_topic_benchmark' for CMake module files
[1.645s] Level 1:colcon.colcon_core.environment:checking '/home/men3m/Naima/install/zed_topic_benchmark' for CMake config files
[1.646s] Level 1:colcon.colcon_core.shell:create_environment_hook('zed_topic_benchmark', 'cmake_prefix_path')
[1.646s] INFO:colcon.colcon_core.shell:Creating environment hook '/home/men3m/Naima/install/zed_topic_benchmark/share/zed_topic_benchmark/hook/cmake_prefix_path.ps1'
[1.646s] INFO:colcon.colcon_core.shell:Creating environment descriptor '/home/men3m/Naima/install/zed_topic_benchmark/share/zed_topic_benchmark/hook/cmake_prefix_path.dsv'
[1.646s] INFO:colcon.colcon_core.shell:Creating environment hook '/home/men3m/Naima/install/zed_topic_benchmark/share/zed_topic_benchmark/hook/cmake_prefix_path.sh'
[1.647s] Level 1:colcon.colcon_core.environment:checking '/home/men3m/Naima/install/zed_topic_benchmark/lib'
[1.647s] Level 1:colcon.colcon_core.environment:checking '/home/men3m/Naima/install/zed_topic_benchmark/bin'
[1.647s] Level 1:colcon.colcon_core.environment:checking '/home/men3m/Naima/install/zed_topic_benchmark/lib/pkgconfig/zed_topic_benchmark.pc'
[1.647s] Level 1:colcon.colcon_core.environment:checking '/home/men3m/Naima/install/zed_topic_benchmark/lib/python3.10/site-packages'
[1.647s] Level 1:colcon.colcon_core.environment:checking '/home/men3m/Naima/install/zed_topic_benchmark/bin'
[1.648s] INFO:colcon.colcon_core.shell:Creating package script '/home/men3m/Naima/install/zed_topic_benchmark/share/zed_topic_benchmark/package.ps1'
[1.648s] INFO:colcon.colcon_core.shell:Creating package descriptor '/home/men3m/Naima/install/zed_topic_benchmark/share/zed_topic_benchmark/package.dsv'
[1.648s] INFO:colcon.colcon_core.shell:Creating package script '/home/men3m/Naima/install/zed_topic_benchmark/share/zed_topic_benchmark/package.sh'
[1.649s] INFO:colcon.colcon_core.shell:Creating package script '/home/men3m/Naima/install/zed_topic_benchmark/share/zed_topic_benchmark/package.bash'
[1.649s] INFO:colcon.colcon_core.shell:Creating package script '/home/men3m/Naima/install/zed_topic_benchmark/share/zed_topic_benchmark/package.zsh'
[1.650s] Level 1:colcon.colcon_core.environment:create_file_with_runtime_dependencies(/home/men3m/Naima/install/zed_topic_benchmark/share/colcon-core/packages/zed_topic_benchmark)
[1.690s] DEBUG:colcon.colcon_core.event_handler.log_command:Invoked command in '/home/men3m/Naima/build/zed_ipc' returned '0': AMENT_PREFIX_PATH=/home/men3m/Naima/install/zed_multi_camera:/home/men3m/Naima/install/zed_wrapper:/home/men3m/Naima/install/zed_components:${AMENT_PREFIX_PATH} CMAKE_PREFIX_PATH=/home/men3m/Naima/install/zed_multi_camera:/home/men3m/Naima/install/zed_wrapper:/home/men3m/Naima/install/zed_components:/opt/ros/humble LD_LIBRARY_PATH=/home/men3m/Naima/install/zed_components/lib:/usr/lib/x86_64-linux-gnu/gazebo-11/plugins:/opt/ros/humble/opt/rviz_ogre_vendor/lib:/opt/ros/humble/lib/x86_64-linux-gnu:/opt/ros/humble/lib:/usr/local/cuda-12.4.0/lib64:/usr/local/cuda-12.4.0/lib64 /usr/bin/cmake --build /home/men3m/Naima/build/zed_ipc -- -j16 -l16
[1.692s] DEBUG:colcon.colcon_core.event_handler.log_command:Invoking command in '/home/men3m/Naima/build/zed_ipc': AMENT_PREFIX_PATH=/home/men3m/Naima/install/zed_multi_camera:/home/men3m/Naima/install/zed_wrapper:/home/men3m/Naima/install/zed_components:${AMENT_PREFIX_PATH} CMAKE_PREFIX_PATH=/home/men3m/Naima/install/zed_multi_camera:/home/men3m/Naima/install/zed_wrapper:/home/men3m/Naima/install/zed_components:/opt/ros/humble LD_LIBRARY_PATH=/home/men3m/Naima/install/zed_components/lib:/usr/lib/x86_64-linux-gnu/gazebo-11/plugins:/opt/ros/humble/opt/rviz_ogre_vendor/lib:/opt/ros/humble/lib/x86_64-linux-gnu:/opt/ros/humble/lib:/usr/local/cuda-12.4.0/lib64:/usr/local/cuda-12.4.0/lib64 /usr/bin/cmake --install /home/men3m/Naima/build/zed_ipc
[1.702s] Level 1:colcon.colcon_core.environment:create_environment_scripts_only(zed_ipc)
[1.702s] DEBUG:colcon.colcon_core.event_handler.log_command:Invoked command in '/home/men3m/Naima/build/zed_ipc' returned '0': AMENT_PREFIX_PATH=/home/men3m/Naima/install/zed_multi_camera:/home/men3m/Naima/install/zed_wrapper:/home/men3m/Naima/install/zed_components:${AMENT_PREFIX_PATH} CMAKE_PREFIX_PATH=/home/men3m/Naima/install/zed_multi_camera:/home/men3m/Naima/install/zed_wrapper:/home/men3m/Naima/install/zed_components:/opt/ros/humble LD_LIBRARY_PATH=/home/men3m/Naima/install/zed_components/lib:/usr/lib/x86_64-linux-gnu/gazebo-11/plugins:/opt/ros/humble/opt/rviz_ogre_vendor/lib:/opt/ros/humble/lib/x86_64-linux-gnu:/opt/ros/humble/lib:/usr/local/cuda-12.4.0/lib64:/usr/local/cuda-12.4.0/lib64 /usr/bin/cmake --install /home/men3m/Naima/build/zed_ipc
[1.703s] Level 1:colcon.colcon_core.environment:checking '/home/men3m/Naima/install/zed_ipc' for CMake module files
[1.703s] Level 1:colcon.colcon_core.environment:checking '/home/men3m/Naima/install/zed_ipc' for CMake config files
[1.703s] Level 1:colcon.colcon_core.shell:create_environment_hook('zed_ipc', 'cmake_prefix_path')
[1.704s] INFO:colcon.colcon_core.shell:Creating environment hook '/home/men3m/Naima/install/zed_ipc/share/zed_ipc/hook/cmake_prefix_path.ps1'
[1.704s] INFO:colcon.colcon_core.shell:Creating environment descriptor '/home/men3m/Naima/install/zed_ipc/share/zed_ipc/hook/cmake_prefix_path.dsv'
[1.704s] INFO:colcon.colcon_core.shell:Creating environment hook '/home/men3m/Naima/install/zed_ipc/share/zed_ipc/hook/cmake_prefix_path.sh'
[1.705s] Level 1:colcon.colcon_core.environment:checking '/home/men3m/Naima/install/zed_ipc/lib'
[1.705s] Level 1:colcon.colcon_core.shell:create_environment_hook('zed_ipc', 'ld_library_path_lib')
[1.705s] INFO:colcon.colcon_core.shell:Creating environment hook '/home/men3m/Naima/install/zed_ipc/share/zed_ipc/hook/ld_library_path_lib.ps1'
[1.705s] INFO:colcon.colcon_core.shell:Creating environment descriptor '/home/men3m/Naima/install/zed_ipc/share/zed_ipc/hook/ld_library_path_lib.dsv'
[1.706s] INFO:colcon.colcon_core.shell:Creating environment hook '/home/men3m/Naima/install/zed_ipc/share/zed_ipc/hook/ld_library_path_lib.sh'
[1.706s] Level 1:colcon.colcon_core.environment:checking '/home/men3m/Naima/install/zed_ipc/bin'
[1.706s] Level 1:colcon.colcon_core.environment:checking '/home/men3m/Naima/install/zed_ipc/lib/pkgconfig/zed_ipc.pc'
[1.706s] Level 1:colcon.colcon_core.environment:checking '/home/men3m/Naima/install/zed_ipc/lib/python3.10/site-packages'
[1.706s] Level 1:colcon.colcon_core.environment:checking '/home/men3m/Naima/install/zed_ipc/bin'
[1.707s] INFO:colcon.colcon_core.shell:Creating package script '/home/men3m/Naima/install/zed_ipc/share/zed_ipc/package.ps1'
[1.707s] INFO:colcon.colcon_core.shell:Creating package descriptor '/home/men3m/Naima/install/zed_ipc/share/zed_ipc/package.dsv'
[1.707s] INFO:colcon.colcon_core.shell:Creating package script '/home/men3m/Naima/install/zed_ipc/share/zed_ipc/package.sh'
[1.708s] INFO:colcon.colcon_core.shell:Creating package script '/home/men3m/Naima/install/zed_ipc/share/zed_ipc/package.bash'
[1.708s] INFO:colcon.colcon_core.shell:Creating package script '/home/men3m/Naima/install/zed_ipc/share/zed_ipc/package.zsh'
[1.708s] Level 1:colcon.colcon_core.environment:create_file_with_runtime_dependencies(/home/men3m/Naima/install/zed_ipc/share/colcon-core/packages/zed_ipc)
[1.709s] Level 1:colcon.colcon_core.environment:create_environment_scripts_only(zed_ipc)
[1.709s] Level 1:colcon.colcon_core.environment:checking '/home/men3m/Naima/install/zed_ipc' for CMake module files
[1.709s] Level 1:colcon.colcon_core.environment:checking '/home/men3m/Naima/install/zed_ipc' for CMake config files
[1.710s] Level 1:colcon.colcon_core.shell:create_environment_hook('zed_ipc', 'cmake_prefix_path')
[1.710s] INFO:colcon.colcon_core.shell:Creating environment hook '/home/men3m/Naima/install/zed_ipc/share/zed_ipc/hook/cmake_prefix_path.ps1'
[1.710s] INFO:colcon.colcon_core.shell:Creating environment descriptor '/home/men3m/Naima/install/zed_ipc/share/zed_ipc/hook/cmake_prefix_path.dsv'
[1.711s] INFO:colcon.colcon_core.shell:Creating environment hook '/home/men3m/Naima/install/zed_ipc/share/zed_ipc/hook/cmake_prefix_path.sh'
[1.711s] Level 1:colcon.colcon_core.environment:checking '/home/men3m/Naima/install/zed_ipc/lib'
[1.711s] Level 1:colcon.colcon_core.shell:create_environment_hook('zed_ipc', 'ld_library_path_lib')
[1.711s] INFO:colcon.colcon_core.shell:Creating environment hook '/home/men3m/Naima/install/zed_ipc/share/zed_ipc/hook/ld_library_path_lib.ps1'
[1.712s] INFO:colcon.colcon_core.shell:Creating environment descriptor '/home/men3m/Naima/install/zed_ipc/share/zed_ipc/hook/ld_library_path_lib.dsv'
[1.712s] INFO:colcon.colcon_core.shell:Creating environment hook '/home/men3m/Naima/install/zed_ipc/share/zed_ipc/hook/ld_library_path_lib.sh'
[1.712s] Level 1:colcon.colcon_core.environment:checking '/home/men3m/Naima/install/zed_ipc/bin'
[1.712s] Level 1:colcon.colcon_core.environment:checking '/home/men3m/Naima/install/zed_ipc/lib/pkgconfig/zed_ipc.pc'
[1.713s] Level 1:colcon.colcon_core.environment:checking '/home/men3m/Naima/install/zed_ipc/lib/python3.10/site-packages'
[1.713s] Level 1:colcon.colcon_core.environment:checking '/home/men3m/Naima/install/zed_ipc/bin'
[1.713s] INFO:colcon.colcon_core.shell:Creating package script '/home/men3m/Naima/install/zed_ipc/share/zed_ipc/package.ps1'
[1.713s] INFO:colcon.colcon_core.shell:Creating package descriptor '/home/men3m/Naima/install/zed_ipc/share/zed_ipc/package.dsv'
[1.714s] INFO:colcon.colcon_core.shell:Creating package script '/home/men3m/Naima/install/zed_ipc/share/zed_ipc/package.sh'
[1.714s] INFO:colcon.colcon_core.shell:Creating package script '/home/men3m/Naima/install/zed_ipc/share/zed_ipc/package.bash'
[1.715s] INFO:colcon.colcon_core.shell:Creating package script '/home/men3m/Naima/install/zed_ipc/share/zed_ipc/package.zsh'
[1.715s] Level 1:colcon.colcon_core.environment:create_file_with_runtime_dependencies(/home/men3m/Naima/install/zed_ipc/share/colcon-core/packages/zed_ipc)
[1.723s] DEBUG:colcon.colcon_core.event_handler.log_command:Invoked command in '/home/men3m/Naima/build/ublox_msgs' returned '0': AMENT_PREFIX_PATH=/home/men3m/Naima/install/ublox_serialization:${AMENT_PREFIX_PATH} CMAKE_PREFIX_PATH=/home/men3m/Naima/install/ublox_serialization:/opt/ros/humble /usr/bin/cmake --build /home/men3m/Naima/build/ublox_msgs -- -j16 -l16
[1.724s] DEBUG:colcon.colcon_core.event_handler.log_command:Invoking command in '/home/men3m/Naima/build/ublox_msgs': AMENT_PREFIX_PATH=/home/men3m/Naima/install/ublox_serialization:${AMENT_PREFIX_PATH} CMAKE_PREFIX_PATH=/home/men3m/Naima/install/ublox_serialization:/opt/ros/humble /usr/bin/cmake --install /home/men3m/Naima/build/ublox_msgs
[1.820s] Level 1:colcon.colcon_core.environment:checking '/home/men3m/Naima/install/naima_bringup' for CMake module files
[1.828s] Level 1:colcon.colcon_core.environment:checking '/home/men3m/Naima/install/naima_bringup' for CMake config files
[1.849s] DEBUG:colcon.colcon_core.event_handler.log_command:Invoked command in '/home/men3m/Naima/src/naima_bringup' returned '0': PYTHONPATH=/home/men3m/Naima/build/naima_bringup/prefix_override:/usr/lib/python3/dist-packages/colcon_core/task/python/colcon_distutils_commands:/home/men3m/Naima/install/naima_bringup/lib/python3.10/site-packages:${PYTHONPATH} /usr/bin/python3 -W ignore:setup.py install is deprecated -W ignore:easy_install command is deprecated setup.py egg_info --egg-base ../../build/naima_bringup build --build-base /home/men3m/Naima/build/naima_bringup/build install --record /home/men3m/Naima/build/naima_bringup/install.log --single-version-externally-managed install_data
[1.857s] Level 1:colcon.colcon_core.environment:checking '/home/men3m/Naima/install/naima_bringup/lib'
[1.857s] Level 1:colcon.colcon_core.environment:checking '/home/men3m/Naima/install/naima_bringup/bin'
[1.857s] Level 1:colcon.colcon_core.environment:checking '/home/men3m/Naima/install/naima_bringup/lib/pkgconfig/naima_bringup.pc'
[1.858s] Level 1:colcon.colcon_core.environment:checking '/home/men3m/Naima/install/naima_bringup/lib/python3.10/site-packages'
[1.858s] Level 1:colcon.colcon_core.shell:create_environment_hook('naima_bringup', 'pythonpath')
[1.858s] INFO:colcon.colcon_core.shell:Creating environment hook '/home/men3m/Naima/install/naima_bringup/share/naima_bringup/hook/pythonpath.ps1'
[1.858s] INFO:colcon.colcon_core.shell:Creating environment descriptor '/home/men3m/Naima/install/naima_bringup/share/naima_bringup/hook/pythonpath.dsv'
[1.859s] INFO:colcon.colcon_core.shell:Creating environment hook '/home/men3m/Naima/install/naima_bringup/share/naima_bringup/hook/pythonpath.sh'
[1.859s] Level 1:colcon.colcon_core.environment:checking '/home/men3m/Naima/install/naima_bringup/bin'
[1.859s] Level 1:colcon.colcon_core.environment:create_environment_scripts_only(naima_bringup)
[1.859s] INFO:colcon.colcon_core.shell:Creating package script '/home/men3m/Naima/install/naima_bringup/share/naima_bringup/package.ps1'
[1.860s] INFO:colcon.colcon_core.shell:Creating package descriptor '/home/men3m/Naima/install/naima_bringup/share/naima_bringup/package.dsv'
[1.860s] INFO:colcon.colcon_core.shell:Creating package script '/home/men3m/Naima/install/naima_bringup/share/naima_bringup/package.sh'
[1.860s] INFO:colcon.colcon_core.shell:Creating package script '/home/men3m/Naima/install/naima_bringup/share/naima_bringup/package.bash'
[1.861s] INFO:colcon.colcon_core.shell:Creating package script '/home/men3m/Naima/install/naima_bringup/share/naima_bringup/package.zsh'
[1.861s] Level 1:colcon.colcon_core.environment:create_file_with_runtime_dependencies(/home/men3m/Naima/install/naima_bringup/share/colcon-core/packages/naima_bringup)
[1.862s] Level 1:colcon.colcon_core.environment:create_environment_scripts_only(ublox_msgs)
[1.862s] Level 1:colcon.colcon_core.environment:checking '/home/men3m/Naima/install/ublox_msgs' for CMake module files
[1.863s] DEBUG:colcon.colcon_core.event_handler.log_command:Invoked command in '/home/men3m/Naima/build/ublox_msgs' returned '0': AMENT_PREFIX_PATH=/home/men3m/Naima/install/ublox_serialization:${AMENT_PREFIX_PATH} CMAKE_PREFIX_PATH=/home/men3m/Naima/install/ublox_serialization:/opt/ros/humble /usr/bin/cmake --install /home/men3m/Naima/build/ublox_msgs
[1.863s] Level 1:colcon.colcon_core.environment:checking '/home/men3m/Naima/install/ublox_msgs' for CMake config files
[1.864s] Level 1:colcon.colcon_core.shell:create_environment_hook('ublox_msgs', 'cmake_prefix_path')
[1.865s] INFO:colcon.colcon_core.shell:Creating environment hook '/home/men3m/Naima/install/ublox_msgs/share/ublox_msgs/hook/cmake_prefix_path.ps1'
[1.865s] INFO:colcon.colcon_core.shell:Creating environment descriptor '/home/men3m/Naima/install/ublox_msgs/share/ublox_msgs/hook/cmake_prefix_path.dsv'
[1.865s] INFO:colcon.colcon_core.shell:Creating environment hook '/home/men3m/Naima/install/ublox_msgs/share/ublox_msgs/hook/cmake_prefix_path.sh'
[1.866s] Level 1:colcon.colcon_core.environment:checking '/home/men3m/Naima/install/ublox_msgs/lib'
[1.866s] Level 1:colcon.colcon_core.shell:create_environment_hook('ublox_msgs', 'ld_library_path_lib')
[1.866s] INFO:colcon.colcon_core.shell:Creating environment hook '/home/men3m/Naima/install/ublox_msgs/share/ublox_msgs/hook/ld_library_path_lib.ps1'
[1.866s] INFO:colcon.colcon_core.shell:Creating environment descriptor '/home/men3m/Naima/install/ublox_msgs/share/ublox_msgs/hook/ld_library_path_lib.dsv'
[1.866s] INFO:colcon.colcon_core.shell:Creating environment hook '/home/men3m/Naima/install/ublox_msgs/share/ublox_msgs/hook/ld_library_path_lib.sh'
[1.867s] Level 1:colcon.colcon_core.environment:checking '/home/men3m/Naima/install/ublox_msgs/bin'
[1.867s] Level 1:colcon.colcon_core.environment:checking '/home/men3m/Naima/install/ublox_msgs/lib/pkgconfig/ublox_msgs.pc'
[1.867s] Level 1:colcon.colcon_core.environment:checking '/home/men3m/Naima/install/ublox_msgs/lib/python3.10/site-packages'
[1.867s] Level 1:colcon.colcon_core.environment:checking '/home/men3m/Naima/install/ublox_msgs/bin'
[1.867s] INFO:colcon.colcon_core.shell:Creating package script '/home/men3m/Naima/install/ublox_msgs/share/ublox_msgs/package.ps1'
[1.868s] INFO:colcon.colcon_core.shell:Creating package descriptor '/home/men3m/Naima/install/ublox_msgs/share/ublox_msgs/package.dsv'
[1.868s] INFO:colcon.colcon_core.shell:Creating package script '/home/men3m/Naima/install/ublox_msgs/share/ublox_msgs/package.sh'
[1.868s] INFO:colcon.colcon_core.shell:Creating package script '/home/men3m/Naima/install/ublox_msgs/share/ublox_msgs/package.bash'
[1.869s] INFO:colcon.colcon_core.shell:Creating package script '/home/men3m/Naima/install/ublox_msgs/share/ublox_msgs/package.zsh'
[1.869s] Level 1:colcon.colcon_core.environment:create_file_with_runtime_dependencies(/home/men3m/Naima/install/ublox_msgs/share/colcon-core/packages/ublox_msgs)
[1.869s] Level 1:colcon.colcon_core.environment:create_environment_scripts_only(ublox_msgs)
[1.870s] Level 1:colcon.colcon_core.environment:checking '/home/men3m/Naima/install/ublox_msgs' for CMake module files
[1.870s] Level 1:colcon.colcon_core.environment:checking '/home/men3m/Naima/install/ublox_msgs' for CMake config files
[1.872s] Level 1:colcon.colcon_core.shell:create_environment_hook('ublox_msgs', 'cmake_prefix_path')
[1.872s] INFO:colcon.colcon_core.shell:Creating environment hook '/home/men3m/Naima/install/ublox_msgs/share/ublox_msgs/hook/cmake_prefix_path.ps1'
[1.872s] INFO:colcon.colcon_core.shell:Creating environment descriptor '/home/men3m/Naima/install/ublox_msgs/share/ublox_msgs/hook/cmake_prefix_path.dsv'
[1.873s] INFO:colcon.colcon_core.shell:Creating environment hook '/home/men3m/Naima/install/ublox_msgs/share/ublox_msgs/hook/cmake_prefix_path.sh'
[1.873s] Level 1:colcon.colcon_core.environment:checking '/home/men3m/Naima/install/ublox_msgs/lib'
[1.873s] Level 1:colcon.colcon_core.shell:create_environment_hook('ublox_msgs', 'ld_library_path_lib')
[1.873s] INFO:colcon.colcon_core.shell:Creating environment hook '/home/men3m/Naima/install/ublox_msgs/share/ublox_msgs/hook/ld_library_path_lib.ps1'
[1.874s] INFO:colcon.colcon_core.shell:Creating environment descriptor '/home/men3m/Naima/install/ublox_msgs/share/ublox_msgs/hook/ld_library_path_lib.dsv'
[1.874s] INFO:colcon.colcon_core.shell:Creating environment hook '/home/men3m/Naima/install/ublox_msgs/share/ublox_msgs/hook/ld_library_path_lib.sh'
[1.874s] Level 1:colcon.colcon_core.environment:checking '/home/men3m/Naima/install/ublox_msgs/bin'
[1.874s] Level 1:colcon.colcon_core.environment:checking '/home/men3m/Naima/install/ublox_msgs/lib/pkgconfig/ublox_msgs.pc'
[1.874s] Level 1:colcon.colcon_core.environment:checking '/home/men3m/Naima/install/ublox_msgs/lib/python3.10/site-packages'
[1.875s] Level 1:colcon.colcon_core.environment:checking '/home/men3m/Naima/install/ublox_msgs/bin'
[1.875s] INFO:colcon.colcon_core.shell:Creating package script '/home/men3m/Naima/install/ublox_msgs/share/ublox_msgs/package.ps1'
[1.875s] INFO:colcon.colcon_core.shell:Creating package descriptor '/home/men3m/Naima/install/ublox_msgs/share/ublox_msgs/package.dsv'
[1.876s] INFO:colcon.colcon_core.shell:Creating package script '/home/men3m/Naima/install/ublox_msgs/share/ublox_msgs/package.sh'
[1.876s] INFO:colcon.colcon_core.shell:Creating package script '/home/men3m/Naima/install/ublox_msgs/share/ublox_msgs/package.bash'
[1.876s] INFO:colcon.colcon_core.shell:Creating package script '/home/men3m/Naima/install/ublox_msgs/share/ublox_msgs/package.zsh'
[1.877s] Level 1:colcon.colcon_core.environment:create_file_with_runtime_dependencies(/home/men3m/Naima/install/ublox_msgs/share/colcon-core/packages/ublox_msgs)
[1.877s] INFO:colcon.colcon_ros.task.ament_cmake.build:Building ROS package in '/home/men3m/Naima/src/naima_ublox_gps/ublox_gps' with build type 'ament_cmake'
[1.877s] INFO:colcon.colcon_cmake.task.cmake.build:Building CMake package in '/home/men3m/Naima/src/naima_ublox_gps/ublox_gps'
[1.877s] INFO:colcon.colcon_core.shell:Skip shell extension 'powershell' for command environment: Not usable outside of PowerShell
[1.877s] DEBUG:colcon.colcon_core.shell:Skip shell extension 'dsv' for command environment
[1.887s] DEBUG:colcon.colcon_core.event_handler.log_command:Invoking command in '/home/men3m/Naima/build/ublox_gps': AMENT_PREFIX_PATH=/home/men3m/Naima/install/ublox_msgs:/home/men3m/Naima/install/ublox_serialization:${AMENT_PREFIX_PATH} CMAKE_PREFIX_PATH=/home/men3m/Naima/install/ublox_msgs:/home/men3m/Naima/install/ublox_serialization:/opt/ros/humble LD_LIBRARY_PATH=/home/men3m/Naima/install/ublox_msgs/lib:/usr/lib/x86_64-linux-gnu/gazebo-11/plugins:/opt/ros/humble/opt/rviz_ogre_vendor/lib:/opt/ros/humble/lib/x86_64-linux-gnu:/opt/ros/humble/lib:/usr/local/cuda-12.4.0/lib64:/usr/local/cuda-12.4.0/lib64 PYTHONPATH=/home/men3m/Naima/install/ublox_msgs/local/lib/python3.10/dist-packages:${PYTHONPATH} /usr/bin/cmake --build /home/men3m/Naima/build/ublox_gps -- -j16 -l16
[1.889s] Level 1:colcon.colcon_core.environment:checking '/home/men3m/Naima/install/naima' for CMake module files
[1.889s] DEBUG:colcon.colcon_core.event_handler.log_command:Invoked command in '/home/men3m/Naima/src/naima' returned '0': PYTHONPATH=/home/men3m/Naima/build/naima/prefix_override:/usr/lib/python3/dist-packages/colcon_core/task/python/colcon_distutils_commands:/home/men3m/Naima/install/naima/lib/python3.10/site-packages:${PYTHONPATH} /usr/bin/python3 -W ignore:setup.py install is deprecated -W ignore:easy_install command is deprecated setup.py egg_info --egg-base ../../build/naima build --build-base /home/men3m/Naima/build/naima/build install --record /home/men3m/Naima/build/naima/install.log --single-version-externally-managed install_data
[1.890s] Level 1:colcon.colcon_core.environment:checking '/home/men3m/Naima/install/naima' for CMake config files
[1.890s] Level 1:colcon.colcon_core.environment:checking '/home/men3m/Naima/install/naima/lib'
[1.890s] Level 1:colcon.colcon_core.environment:checking '/home/men3m/Naima/install/naima/bin'
[1.890s] Level 1:colcon.colcon_core.environment:checking '/home/men3m/Naima/install/naima/lib/pkgconfig/naima.pc'
[1.891s] Level 1:colcon.colcon_core.environment:checking '/home/men3m/Naima/install/naima/lib/python3.10/site-packages'
[1.891s] Level 1:colcon.colcon_core.shell:create_environment_hook('naima', 'pythonpath')
[1.891s] INFO:colcon.colcon_core.shell:Creating environment hook '/home/men3m/Naima/install/naima/share/naima/hook/pythonpath.ps1'
[1.891s] INFO:colcon.colcon_core.shell:Creating environment descriptor '/home/men3m/Naima/install/naima/share/naima/hook/pythonpath.dsv'
[1.891s] INFO:colcon.colcon_core.shell:Creating environment hook '/home/men3m/Naima/install/naima/share/naima/hook/pythonpath.sh'
[1.892s] Level 1:colcon.colcon_core.environment:checking '/home/men3m/Naima/install/naima/bin'
[1.892s] Level 1:colcon.colcon_core.environment:create_environment_scripts_only(naima)
[1.892s] INFO:colcon.colcon_core.shell:Creating package script '/home/men3m/Naima/install/naima/share/naima/package.ps1'
[1.892s] INFO:colcon.colcon_core.shell:Creating package descriptor '/home/men3m/Naima/install/naima/share/naima/package.dsv'
[1.893s] INFO:colcon.colcon_core.shell:Creating package script '/home/men3m/Naima/install/naima/share/naima/package.sh'
[1.893s] INFO:colcon.colcon_core.shell:Creating package script '/home/men3m/Naima/install/naima/share/naima/package.bash'
[1.893s] INFO:colcon.colcon_core.shell:Creating package script '/home/men3m/Naima/install/naima/share/naima/package.zsh'
[1.894s] Level 1:colcon.colcon_core.environment:create_file_with_runtime_dependencies(/home/men3m/Naima/install/naima/share/colcon-core/packages/naima)
[2.026s] DEBUG:colcon.colcon_core.event_handler.log_command:Invoked command in '/home/men3m/Naima/build/ublox_gps' returned '0': AMENT_PREFIX_PATH=/home/men3m/Naima/install/ublox_msgs:/home/men3m/Naima/install/ublox_serialization:${AMENT_PREFIX_PATH} CMAKE_PREFIX_PATH=/home/men3m/Naima/install/ublox_msgs:/home/men3m/Naima/install/ublox_serialization:/opt/ros/humble LD_LIBRARY_PATH=/home/men3m/Naima/install/ublox_msgs/lib:/usr/lib/x86_64-linux-gnu/gazebo-11/plugins:/opt/ros/humble/opt/rviz_ogre_vendor/lib:/opt/ros/humble/lib/x86_64-linux-gnu:/opt/ros/humble/lib:/usr/local/cuda-12.4.0/lib64:/usr/local/cuda-12.4.0/lib64 PYTHONPATH=/home/men3m/Naima/install/ublox_msgs/local/lib/python3.10/dist-packages:${PYTHONPATH} /usr/bin/cmake --build /home/men3m/Naima/build/ublox_gps -- -j16 -l16
[2.028s] DEBUG:colcon.colcon_core.event_handler.log_command:Invoking command in '/home/men3m/Naima/build/ublox_gps': AMENT_PREFIX_PATH=/home/men3m/Naima/install/ublox_msgs:/home/men3m/Naima/install/ublox_serialization:${AMENT_PREFIX_PATH} CMAKE_PREFIX_PATH=/home/men3m/Naima/install/ublox_msgs:/home/men3m/Naima/install/ublox_serialization:/opt/ros/humble LD_LIBRARY_PATH=/home/men3m/Naima/install/ublox_msgs/lib:/usr/lib/x86_64-linux-gnu/gazebo-11/plugins:/opt/ros/humble/opt/rviz_ogre_vendor/lib:/opt/ros/humble/lib/x86_64-linux-gnu:/opt/ros/humble/lib:/usr/local/cuda-12.4.0/lib64:/usr/local/cuda-12.4.0/lib64 PYTHONPATH=/home/men3m/Naima/install/ublox_msgs/local/lib/python3.10/dist-packages:${PYTHONPATH} /usr/bin/cmake --install /home/men3m/Naima/build/ublox_gps
[2.039s] Level 1:colcon.colcon_core.environment:create_environment_scripts_only(ublox_gps)
[2.040s] DEBUG:colcon.colcon_core.event_handler.log_command:Invoked command in '/home/men3m/Naima/build/ublox_gps' returned '0': AMENT_PREFIX_PATH=/home/men3m/Naima/install/ublox_msgs:/home/men3m/Naima/install/ublox_serialization:${AMENT_PREFIX_PATH} CMAKE_PREFIX_PATH=/home/men3m/Naima/install/ublox_msgs:/home/men3m/Naima/install/ublox_serialization:/opt/ros/humble LD_LIBRARY_PATH=/home/men3m/Naima/install/ublox_msgs/lib:/usr/lib/x86_64-linux-gnu/gazebo-11/plugins:/opt/ros/humble/opt/rviz_ogre_vendor/lib:/opt/ros/humble/lib/x86_64-linux-gnu:/opt/ros/humble/lib:/usr/local/cuda-12.4.0/lib64:/usr/local/cuda-12.4.0/lib64 PYTHONPATH=/home/men3m/Naima/install/ublox_msgs/local/lib/python3.10/dist-packages:${PYTHONPATH} /usr/bin/cmake --install /home/men3m/Naima/build/ublox_gps
[2.040s] Level 1:colcon.colcon_core.environment:checking '/home/men3m/Naima/install/ublox_gps' for CMake module files
[2.041s] Level 1:colcon.colcon_core.environment:checking '/home/men3m/Naima/install/ublox_gps' for CMake config files
[2.041s] Level 1:colcon.colcon_core.shell:create_environment_hook('ublox_gps', 'cmake_prefix_path')
[2.041s] INFO:colcon.colcon_core.shell:Creating environment hook '/home/men3m/Naima/install/ublox_gps/share/ublox_gps/hook/cmake_prefix_path.ps1'
[2.042s] INFO:colcon.colcon_core.shell:Creating environment descriptor '/home/men3m/Naima/install/ublox_gps/share/ublox_gps/hook/cmake_prefix_path.dsv'
[2.042s] INFO:colcon.colcon_core.shell:Creating environment hook '/home/men3m/Naima/install/ublox_gps/share/ublox_gps/hook/cmake_prefix_path.sh'
[2.042s] Level 1:colcon.colcon_core.environment:checking '/home/men3m/Naima/install/ublox_gps/lib'
[2.042s] Level 1:colcon.colcon_core.shell:create_environment_hook('ublox_gps', 'ld_library_path_lib')
[2.043s] INFO:colcon.colcon_core.shell:Creating environment hook '/home/men3m/Naima/install/ublox_gps/share/ublox_gps/hook/ld_library_path_lib.ps1'
[2.043s] INFO:colcon.colcon_core.shell:Creating environment descriptor '/home/men3m/Naima/install/ublox_gps/share/ublox_gps/hook/ld_library_path_lib.dsv'
[2.044s] INFO:colcon.colcon_core.shell:Creating environment hook '/home/men3m/Naima/install/ublox_gps/share/ublox_gps/hook/ld_library_path_lib.sh'
[2.045s] Level 1:colcon.colcon_core.environment:checking '/home/men3m/Naima/install/ublox_gps/bin'
[2.045s] Level 1:colcon.colcon_core.environment:checking '/home/men3m/Naima/install/ublox_gps/lib/pkgconfig/ublox_gps.pc'
[2.046s] Level 1:colcon.colcon_core.environment:checking '/home/men3m/Naima/install/ublox_gps/lib/python3.10/site-packages'
[2.046s] Level 1:colcon.colcon_core.environment:checking '/home/men3m/Naima/install/ublox_gps/bin'
[2.047s] INFO:colcon.colcon_core.shell:Creating package script '/home/men3m/Naima/install/ublox_gps/share/ublox_gps/package.ps1'
[2.048s] INFO:colcon.colcon_core.shell:Creating package descriptor '/home/men3m/Naima/install/ublox_gps/share/ublox_gps/package.dsv'
[2.049s] INFO:colcon.colcon_core.shell:Creating package script '/home/men3m/Naima/install/ublox_gps/share/ublox_gps/package.sh'
[2.050s] INFO:colcon.colcon_core.shell:Creating package script '/home/men3m/Naima/install/ublox_gps/share/ublox_gps/package.bash'
[2.051s] INFO:colcon.colcon_core.shell:Creating package script '/home/men3m/Naima/install/ublox_gps/share/ublox_gps/package.zsh'
[2.052s] Level 1:colcon.colcon_core.environment:create_file_with_runtime_dependencies(/home/men3m/Naima/install/ublox_gps/share/colcon-core/packages/ublox_gps)
[2.053s] Level 1:colcon.colcon_core.environment:create_environment_scripts_only(ublox_gps)
[2.054s] Level 1:colcon.colcon_core.environment:checking '/home/men3m/Naima/install/ublox_gps' for CMake module files
[2.055s] Level 1:colcon.colcon_core.environment:checking '/home/men3m/Naima/install/ublox_gps' for CMake config files
[2.056s] Level 1:colcon.colcon_core.shell:create_environment_hook('ublox_gps', 'cmake_prefix_path')
[2.056s] INFO:colcon.colcon_core.shell:Creating environment hook '/home/men3m/Naima/install/ublox_gps/share/ublox_gps/hook/cmake_prefix_path.ps1'
[2.057s] INFO:colcon.colcon_core.shell:Creating environment descriptor '/home/men3m/Naima/install/ublox_gps/share/ublox_gps/hook/cmake_prefix_path.dsv'
[2.058s] INFO:colcon.colcon_core.shell:Creating environment hook '/home/men3m/Naima/install/ublox_gps/share/ublox_gps/hook/cmake_prefix_path.sh'
[2.059s] Level 1:colcon.colcon_core.environment:checking '/home/men3m/Naima/install/ublox_gps/lib'
[2.059s] Level 1:colcon.colcon_core.shell:create_environment_hook('ublox_gps', 'ld_library_path_lib')
[2.060s] INFO:colcon.colcon_core.shell:Creating environment hook '/home/men3m/Naima/install/ublox_gps/share/ublox_gps/hook/ld_library_path_lib.ps1'
[2.061s] INFO:colcon.colcon_core.shell:Creating environment descriptor '/home/men3m/Naima/install/ublox_gps/share/ublox_gps/hook/ld_library_path_lib.dsv'
[2.062s] INFO:colcon.colcon_core.shell:Creating environment hook '/home/men3m/Naima/install/ublox_gps/share/ublox_gps/hook/ld_library_path_lib.sh'
[2.062s] Level 1:colcon.colcon_core.environment:checking '/home/men3m/Naima/install/ublox_gps/bin'
[2.062s] Level 1:colcon.colcon_core.environment:checking '/home/men3m/Naima/install/ublox_gps/lib/pkgconfig/ublox_gps.pc'
[2.063s] Level 1:colcon.colcon_core.environment:checking '/home/men3m/Naima/install/ublox_gps/lib/python3.10/site-packages'
[2.063s] Level 1:colcon.colcon_core.environment:checking '/home/men3m/Naima/install/ublox_gps/bin'
[2.064s] INFO:colcon.colcon_core.shell:Creating package script '/home/men3m/Naima/install/ublox_gps/share/ublox_gps/package.ps1'
[2.065s] INFO:colcon.colcon_core.shell:Creating package descriptor '/home/men3m/Naima/install/ublox_gps/share/ublox_gps/package.dsv'
[2.066s] INFO:colcon.colcon_core.shell:Creating package script '/home/men3m/Naima/install/ublox_gps/share/ublox_gps/package.sh'
[2.068s] INFO:colcon.colcon_core.shell:Creating package script '/home/men3m/Naima/install/ublox_gps/share/ublox_gps/package.bash'
[2.069s] INFO:colcon.colcon_core.shell:Creating package script '/home/men3m/Naima/install/ublox_gps/share/ublox_gps/package.zsh'
[2.070s] Level 1:colcon.colcon_core.environment:create_file_with_runtime_dependencies(/home/men3m/Naima/install/ublox_gps/share/colcon-core/packages/ublox_gps)
[2.071s] INFO:colcon.colcon_ros.task.ament_cmake.build:Building ROS package in '/home/men3m/Naima/src/naima_ublox_gps/ublox' with build type 'ament_cmake'
[2.071s] INFO:colcon.colcon_cmake.task.cmake.build:Building CMake package in '/home/men3m/Naima/src/naima_ublox_gps/ublox'
[2.072s] INFO:colcon.colcon_core.shell:Skip shell extension 'powershell' for command environment: Not usable outside of PowerShell
[2.072s] DEBUG:colcon.colcon_core.shell:Skip shell extension 'dsv' for command environment
[2.091s] DEBUG:colcon.colcon_core.event_handler.log_command:Invoking command in '/home/men3m/Naima/build/ublox': AMENT_PREFIX_PATH=/home/men3m/Naima/install/ublox_gps:/home/men3m/Naima/install/ublox_msgs:/home/men3m/Naima/install/ublox_serialization:${AMENT_PREFIX_PATH} CMAKE_PREFIX_PATH=/home/men3m/Naima/install/ublox_gps:/home/men3m/Naima/install/ublox_msgs:/home/men3m/Naima/install/ublox_serialization:/opt/ros/humble LD_LIBRARY_PATH=/home/men3m/Naima/install/ublox_gps/lib:/home/men3m/Naima/install/ublox_msgs/lib:/usr/lib/x86_64-linux-gnu/gazebo-11/plugins:/opt/ros/humble/opt/rviz_ogre_vendor/lib:/opt/ros/humble/lib/x86_64-linux-gnu:/opt/ros/humble/lib:/usr/local/cuda-12.4.0/lib64:/usr/local/cuda-12.4.0/lib64 PYTHONPATH=/home/men3m/Naima/install/ublox_msgs/local/lib/python3.10/dist-packages:${PYTHONPATH} /usr/bin/cmake --build /home/men3m/Naima/build/ublox -- -j16 -l16
[2.135s] DEBUG:colcon.colcon_core.event_handler.log_command:Invoked command in '/home/men3m/Naima/build/ublox' returned '0': AMENT_PREFIX_PATH=/home/men3m/Naima/install/ublox_gps:/home/men3m/Naima/install/ublox_msgs:/home/men3m/Naima/install/ublox_serialization:${AMENT_PREFIX_PATH} CMAKE_PREFIX_PATH=/home/men3m/Naima/install/ublox_gps:/home/men3m/Naima/install/ublox_msgs:/home/men3m/Naima/install/ublox_serialization:/opt/ros/humble LD_LIBRARY_PATH=/home/men3m/Naima/install/ublox_gps/lib:/home/men3m/Naima/install/ublox_msgs/lib:/usr/lib/x86_64-linux-gnu/gazebo-11/plugins:/opt/ros/humble/opt/rviz_ogre_vendor/lib:/opt/ros/humble/lib/x86_64-linux-gnu:/opt/ros/humble/lib:/usr/local/cuda-12.4.0/lib64:/usr/local/cuda-12.4.0/lib64 PYTHONPATH=/home/men3m/Naima/install/ublox_msgs/local/lib/python3.10/dist-packages:${PYTHONPATH} /usr/bin/cmake --build /home/men3m/Naima/build/ublox -- -j16 -l16
[2.136s] DEBUG:colcon.colcon_core.event_handler.log_command:Invoking command in '/home/men3m/Naima/build/ublox': AMENT_PREFIX_PATH=/home/men3m/Naima/install/ublox_gps:/home/men3m/Naima/install/ublox_msgs:/home/men3m/Naima/install/ublox_serialization:${AMENT_PREFIX_PATH} CMAKE_PREFIX_PATH=/home/men3m/Naima/install/ublox_gps:/home/men3m/Naima/install/ublox_msgs:/home/men3m/Naima/install/ublox_serialization:/opt/ros/humble LD_LIBRARY_PATH=/home/men3m/Naima/install/ublox_gps/lib:/home/men3m/Naima/install/ublox_msgs/lib:/usr/lib/x86_64-linux-gnu/gazebo-11/plugins:/opt/ros/humble/opt/rviz_ogre_vendor/lib:/opt/ros/humble/lib/x86_64-linux-gnu:/opt/ros/humble/lib:/usr/local/cuda-12.4.0/lib64:/usr/local/cuda-12.4.0/lib64 PYTHONPATH=/home/men3m/Naima/install/ublox_msgs/local/lib/python3.10/dist-packages:${PYTHONPATH} /usr/bin/cmake --install /home/men3m/Naima/build/ublox
[2.148s] Level 1:colcon.colcon_core.environment:create_environment_scripts_only(ublox)
[2.148s] Level 1:colcon.colcon_core.environment:checking '/home/men3m/Naima/install/ublox' for CMake module files
[2.148s] DEBUG:colcon.colcon_core.event_handler.log_command:Invoked command in '/home/men3m/Naima/build/ublox' returned '0': AMENT_PREFIX_PATH=/home/men3m/Naima/install/ublox_gps:/home/men3m/Naima/install/ublox_msgs:/home/men3m/Naima/install/ublox_serialization:${AMENT_PREFIX_PATH} CMAKE_PREFIX_PATH=/home/men3m/Naima/install/ublox_gps:/home/men3m/Naima/install/ublox_msgs:/home/men3m/Naima/install/ublox_serialization:/opt/ros/humble LD_LIBRARY_PATH=/home/men3m/Naima/install/ublox_gps/lib:/home/men3m/Naima/install/ublox_msgs/lib:/usr/lib/x86_64-linux-gnu/gazebo-11/plugins:/opt/ros/humble/opt/rviz_ogre_vendor/lib:/opt/ros/humble/lib/x86_64-linux-gnu:/opt/ros/humble/lib:/usr/local/cuda-12.4.0/lib64:/usr/local/cuda-12.4.0/lib64 PYTHONPATH=/home/men3m/Naima/install/ublox_msgs/local/lib/python3.10/dist-packages:${PYTHONPATH} /usr/bin/cmake --install /home/men3m/Naima/build/ublox
[2.149s] Level 1:colcon.colcon_core.environment:checking '/home/men3m/Naima/install/ublox' for CMake config files
[2.149s] Level 1:colcon.colcon_core.shell:create_environment_hook('ublox', 'cmake_prefix_path')
[2.149s] INFO:colcon.colcon_core.shell:Creating environment hook '/home/men3m/Naima/install/ublox/share/ublox/hook/cmake_prefix_path.ps1'
[2.150s] INFO:colcon.colcon_core.shell:Creating environment descriptor '/home/men3m/Naima/install/ublox/share/ublox/hook/cmake_prefix_path.dsv'
[2.150s] INFO:colcon.colcon_core.shell:Creating environment hook '/home/men3m/Naima/install/ublox/share/ublox/hook/cmake_prefix_path.sh'
[2.151s] Level 1:colcon.colcon_core.environment:checking '/home/men3m/Naima/install/ublox/bin'
[2.151s] Level 1:colcon.colcon_core.environment:checking '/home/men3m/Naima/install/ublox/lib/pkgconfig/ublox.pc'
[2.151s] Level 1:colcon.colcon_core.environment:checking '/home/men3m/Naima/install/ublox/lib/python3.10/site-packages'
[2.152s] Level 1:colcon.colcon_core.environment:checking '/home/men3m/Naima/install/ublox/bin'
[2.152s] INFO:colcon.colcon_core.shell:Creating package script '/home/men3m/Naima/install/ublox/share/ublox/package.ps1'
[2.152s] INFO:colcon.colcon_core.shell:Creating package descriptor '/home/men3m/Naima/install/ublox/share/ublox/package.dsv'
[2.153s] INFO:colcon.colcon_core.shell:Creating package script '/home/men3m/Naima/install/ublox/share/ublox/package.sh'
[2.153s] INFO:colcon.colcon_core.shell:Creating package script '/home/men3m/Naima/install/ublox/share/ublox/package.bash'
[2.154s] INFO:colcon.colcon_core.shell:Creating package script '/home/men3m/Naima/install/ublox/share/ublox/package.zsh'
[2.154s] Level 1:colcon.colcon_core.environment:create_file_with_runtime_dependencies(/home/men3m/Naima/install/ublox/share/colcon-core/packages/ublox)
[2.155s] Level 1:colcon.colcon_core.environment:create_environment_scripts_only(ublox)
[2.155s] Level 1:colcon.colcon_core.environment:checking '/home/men3m/Naima/install/ublox' for CMake module files
[2.156s] Level 1:colcon.colcon_core.environment:checking '/home/men3m/Naima/install/ublox' for CMake config files
[2.156s] Level 1:colcon.colcon_core.shell:create_environment_hook('ublox', 'cmake_prefix_path')
[2.156s] INFO:colcon.colcon_core.shell:Creating environment hook '/home/men3m/Naima/install/ublox/share/ublox/hook/cmake_prefix_path.ps1'
[2.157s] INFO:colcon.colcon_core.shell:Creating environment descriptor '/home/men3m/Naima/install/ublox/share/ublox/hook/cmake_prefix_path.dsv'
[2.158s] INFO:colcon.colcon_core.shell:Creating environment hook '/home/men3m/Naima/install/ublox/share/ublox/hook/cmake_prefix_path.sh'
[2.159s] Level 1:colcon.colcon_core.environment:checking '/home/men3m/Naima/install/ublox/bin'
[2.159s] Level 1:colcon.colcon_core.environment:checking '/home/men3m/Naima/install/ublox/lib/pkgconfig/ublox.pc'
[2.159s] Level 1:colcon.colcon_core.environment:checking '/home/men3m/Naima/install/ublox/lib/python3.10/site-packages'
[2.159s] Level 1:colcon.colcon_core.environment:checking '/home/men3m/Naima/install/ublox/bin'
[2.160s] INFO:colcon.colcon_core.shell:Creating package script '/home/men3m/Naima/install/ublox/share/ublox/package.ps1'
[2.160s] INFO:colcon.colcon_core.shell:Creating package descriptor '/home/men3m/Naima/install/ublox/share/ublox/package.dsv'
[2.160s] INFO:colcon.colcon_core.shell:Creating package script '/home/men3m/Naima/install/ublox/share/ublox/package.sh'
[2.161s] INFO:colcon.colcon_core.shell:Creating package script '/home/men3m/Naima/install/ublox/share/ublox/package.bash'
[2.161s] INFO:colcon.colcon_core.shell:Creating package script '/home/men3m/Naima/install/ublox/share/ublox/package.zsh'
[2.162s] Level 1:colcon.colcon_core.environment:create_file_with_runtime_dependencies(/home/men3m/Naima/install/ublox/share/colcon-core/packages/ublox)
[2.162s] DEBUG:colcon.colcon_parallel_executor.executor.parallel:closing loop
[2.163s] DEBUG:colcon.colcon_parallel_executor.executor.parallel:loop closed
[2.163s] DEBUG:colcon.colcon_parallel_executor.executor.parallel:run_until_complete finished with '0'
[2.163s] DEBUG:colcon.colcon_core.event_reactor:joining thread
[2.173s] INFO:colcon.colcon_core.plugin_system:Skipping extension 'colcon_notification.desktop_notification.terminal_notifier': Not used on non-Darwin systems
[2.173s] INFO:colcon.colcon_core.plugin_system:Skipping extension 'colcon_notification.desktop_notification.win32': Not used on non-Windows systems
[2.173s] INFO:colcon.colcon_notification.desktop_notification:Sending desktop notification using 'notify2'
[2.184s] DEBUG:colcon.colcon_core.event_reactor:joined thread
[2.184s] INFO:colcon.colcon_core.shell:Creating prefix script '/home/men3m/Naima/install/local_setup.ps1'
[2.185s] INFO:colcon.colcon_core.shell:Creating prefix util module '/home/men3m/Naima/install/_local_setup_util_ps1.py'
[2.186s] INFO:colcon.colcon_core.shell:Creating prefix chain script '/home/men3m/Naima/install/setup.ps1'
[2.187s] INFO:colcon.colcon_core.shell:Creating prefix script '/home/men3m/Naima/install/local_setup.sh'
[2.188s] INFO:colcon.colcon_core.shell:Creating prefix util module '/home/men3m/Naima/install/_local_setup_util_sh.py'
[2.188s] INFO:colcon.colcon_core.shell:Creating prefix chain script '/home/men3m/Naima/install/setup.sh'
[2.189s] INFO:colcon.colcon_core.shell:Creating prefix script '/home/men3m/Naima/install/local_setup.bash'
[2.190s] INFO:colcon.colcon_core.shell:Creating prefix chain script '/home/men3m/Naima/install/setup.bash'
[2.191s] INFO:colcon.colcon_core.shell:Creating prefix script '/home/men3m/Naima/install/local_setup.zsh'
[2.191s] INFO:colcon.colcon_core.shell:Creating prefix chain script '/home/men3m/Naima/install/setup.zsh'
