[0.104s] DEBUG:colcon:Command line arguments: ['/usr/bin/colcon', 'build', '--parallel-workers', '2']
[0.104s] DEBUG:colcon:Parsed command line arguments: Namespace(log_base=None, log_level=None, verb_name='build', build_base='build', install_base='install', merge_install=False, symlink_install=False, test_result_base=None, continue_on_error=False, executor='parallel', parallel_workers=2, event_handlers=None, ignore_user_meta=False, metas=['./colcon.meta'], base_paths=['.'], packages_ignore=None, packages_ignore_regex=None, paths=None, packages_up_to=None, packages_up_to_regex=None, packages_above=None, packages_above_and_dependencies=None, packages_above_depth=None, packages_select_by_dep=None, packages_skip_by_dep=None, packages_skip_up_to=None, packages_select_build_failed=False, packages_skip_build_finished=False, packages_select_test_failures=False, packages_skip_test_passed=False, packages_select=None, packages_skip=None, packages_select_regex=None, packages_skip_regex=None, packages_start=None, packages_end=None, allow_overriding=[], cmake_args=None, cmake_target=None, cmake_target_skip_unavailable=False, cmake_clean_cache=False, cmake_clean_first=False, cmake_force_configure=False, ament_cmake_args=None, catkin_cmake_args=None, catkin_skip_building_tests=False, verb_parser=<colcon_defaults.argument_parser.defaults.DefaultArgumentsDecorator object at 0x7fc90d005990>, verb_extension=<colcon_core.verb.build.BuildVerb object at 0x7fc90d006a70>, main=<bound method BuildVerb.main of <colcon_core.verb.build.BuildVerb object at 0x7fc90d006a70>>)
[0.267s] Level 1:colcon.colcon_core.package_discovery:discover_packages(colcon_meta) check parameters
[0.267s] Level 1:colcon.colcon_core.package_discovery:discover_packages(recursive) check parameters
[0.267s] Level 1:colcon.colcon_core.package_discovery:discover_packages(ignore) check parameters
[0.267s] Level 1:colcon.colcon_core.package_discovery:discover_packages(path) check parameters
[0.267s] Level 1:colcon.colcon_core.package_discovery:discover_packages(colcon_meta) discover
[0.267s] Level 1:colcon.colcon_core.package_discovery:discover_packages(recursive) discover
[0.267s] INFO:colcon.colcon_core.package_discovery:Crawling recursively for packages in '/home/men3m/Naima'
[0.267s] Level 1:colcon.colcon_core.package_identification:_identify(.) by extensions ['ignore', 'ignore_ament_install']
[0.267s] Level 1:colcon.colcon_core.package_identification:_identify(.) by extension 'ignore'
[0.267s] Level 1:colcon.colcon_core.package_identification:_identify(.) by extension 'ignore_ament_install'
[0.267s] Level 1:colcon.colcon_core.package_identification:_identify(.) by extensions ['colcon_pkg']
[0.267s] Level 1:colcon.colcon_core.package_identification:_identify(.) by extension 'colcon_pkg'
[0.267s] Level 1:colcon.colcon_core.package_identification:_identify(.) by extensions ['colcon_meta']
[0.267s] Level 1:colcon.colcon_core.package_identification:_identify(.) by extension 'colcon_meta'
[0.267s] Level 1:colcon.colcon_core.package_identification:_identify(.) by extensions ['ros']
[0.267s] Level 1:colcon.colcon_core.package_identification:_identify(.) by extension 'ros'
[0.285s] Level 1:colcon.colcon_core.package_identification:_identify(.) by extensions ['cmake', 'python']
[0.285s] Level 1:colcon.colcon_core.package_identification:_identify(.) by extension 'cmake'
[0.285s] Level 1:colcon.colcon_core.package_identification:_identify(.) by extension 'python'
[0.285s] Level 1:colcon.colcon_core.package_identification:_identify(.) by extensions ['python_setup_py']
[0.285s] Level 1:colcon.colcon_core.package_identification:_identify(.) by extension 'python_setup_py'
[0.285s] Level 1:colcon.colcon_core.package_identification:_identify(AI) by extensions ['ignore', 'ignore_ament_install']
[0.285s] Level 1:colcon.colcon_core.package_identification:_identify(AI) by extension 'ignore'
[0.285s] Level 1:colcon.colcon_core.package_identification:_identify(AI) by extension 'ignore_ament_install'
[0.285s] Level 1:colcon.colcon_core.package_identification:_identify(AI) by extensions ['colcon_pkg']
[0.285s] Level 1:colcon.colcon_core.package_identification:_identify(AI) by extension 'colcon_pkg'
[0.285s] Level 1:colcon.colcon_core.package_identification:_identify(AI) by extensions ['colcon_meta']
[0.285s] Level 1:colcon.colcon_core.package_identification:_identify(AI) by extension 'colcon_meta'
[0.285s] Level 1:colcon.colcon_core.package_identification:_identify(AI) by extensions ['ros']
[0.285s] Level 1:colcon.colcon_core.package_identification:_identify(AI) by extension 'ros'
[0.285s] Level 1:colcon.colcon_core.package_identification:_identify(AI) by extensions ['cmake', 'python']
[0.285s] Level 1:colcon.colcon_core.package_identification:_identify(AI) by extension 'cmake'
[0.285s] Level 1:colcon.colcon_core.package_identification:_identify(AI) by extension 'python'
[0.285s] Level 1:colcon.colcon_core.package_identification:_identify(AI) by extensions ['python_setup_py']
[0.286s] Level 1:colcon.colcon_core.package_identification:_identify(AI) by extension 'python_setup_py'
[0.286s] Level 1:colcon.colcon_core.package_identification:_identify(BMS) by extensions ['ignore', 'ignore_ament_install']
[0.286s] Level 1:colcon.colcon_core.package_identification:_identify(BMS) by extension 'ignore'
[0.286s] Level 1:colcon.colcon_core.package_identification:_identify(BMS) by extension 'ignore_ament_install'
[0.286s] Level 1:colcon.colcon_core.package_identification:_identify(BMS) by extensions ['colcon_pkg']
[0.286s] Level 1:colcon.colcon_core.package_identification:_identify(BMS) by extension 'colcon_pkg'
[0.286s] Level 1:colcon.colcon_core.package_identification:_identify(BMS) by extensions ['colcon_meta']
[0.286s] Level 1:colcon.colcon_core.package_identification:_identify(BMS) by extension 'colcon_meta'
[0.286s] Level 1:colcon.colcon_core.package_identification:_identify(BMS) by extensions ['ros']
[0.286s] Level 1:colcon.colcon_core.package_identification:_identify(BMS) by extension 'ros'
[0.286s] Level 1:colcon.colcon_core.package_identification:_identify(BMS) by extensions ['cmake', 'python']
[0.286s] Level 1:colcon.colcon_core.package_identification:_identify(BMS) by extension 'cmake'
[0.286s] Level 1:colcon.colcon_core.package_identification:_identify(BMS) by extension 'python'
[0.286s] Level 1:colcon.colcon_core.package_identification:_identify(BMS) by extensions ['python_setup_py']
[0.286s] Level 1:colcon.colcon_core.package_identification:_identify(BMS) by extension 'python_setup_py'
[0.286s] Level 1:colcon.colcon_core.package_identification:_identify(Embedded Systems) by extensions ['ignore', 'ignore_ament_install']
[0.286s] Level 1:colcon.colcon_core.package_identification:_identify(Embedded Systems) by extension 'ignore'
[0.286s] Level 1:colcon.colcon_core.package_identification:_identify(Embedded Systems) by extension 'ignore_ament_install'
[0.286s] Level 1:colcon.colcon_core.package_identification:_identify(Embedded Systems) by extensions ['colcon_pkg']
[0.286s] Level 1:colcon.colcon_core.package_identification:_identify(Embedded Systems) by extension 'colcon_pkg'
[0.286s] Level 1:colcon.colcon_core.package_identification:_identify(Embedded Systems) by extensions ['colcon_meta']
[0.286s] Level 1:colcon.colcon_core.package_identification:_identify(Embedded Systems) by extension 'colcon_meta'
[0.286s] Level 1:colcon.colcon_core.package_identification:_identify(Embedded Systems) by extensions ['ros']
[0.286s] Level 1:colcon.colcon_core.package_identification:_identify(Embedded Systems) by extension 'ros'
[0.287s] Level 1:colcon.colcon_core.package_identification:_identify(Embedded Systems) by extensions ['cmake', 'python']
[0.287s] Level 1:colcon.colcon_core.package_identification:_identify(Embedded Systems) by extension 'cmake'
[0.287s] Level 1:colcon.colcon_core.package_identification:_identify(Embedded Systems) by extension 'python'
[0.287s] Level 1:colcon.colcon_core.package_identification:_identify(Embedded Systems) by extensions ['python_setup_py']
[0.287s] Level 1:colcon.colcon_core.package_identification:_identify(Embedded Systems) by extension 'python_setup_py'
[0.287s] Level 1:colcon.colcon_core.package_identification:_identify(build) by extensions ['ignore', 'ignore_ament_install']
[0.287s] Level 1:colcon.colcon_core.package_identification:_identify(build) by extension 'ignore'
[0.287s] Level 1:colcon.colcon_core.package_identification:_identify(build) ignored
[0.287s] Level 1:colcon.colcon_core.package_identification:_identify(image) by extensions ['ignore', 'ignore_ament_install']
[0.287s] Level 1:colcon.colcon_core.package_identification:_identify(image) by extension 'ignore'
[0.287s] Level 1:colcon.colcon_core.package_identification:_identify(image) by extension 'ignore_ament_install'
[0.287s] Level 1:colcon.colcon_core.package_identification:_identify(image) by extensions ['colcon_pkg']
[0.287s] Level 1:colcon.colcon_core.package_identification:_identify(image) by extension 'colcon_pkg'
[0.287s] Level 1:colcon.colcon_core.package_identification:_identify(image) by extensions ['colcon_meta']
[0.287s] Level 1:colcon.colcon_core.package_identification:_identify(image) by extension 'colcon_meta'
[0.287s] Level 1:colcon.colcon_core.package_identification:_identify(image) by extensions ['ros']
[0.287s] Level 1:colcon.colcon_core.package_identification:_identify(image) by extension 'ros'
[0.287s] Level 1:colcon.colcon_core.package_identification:_identify(image) by extensions ['cmake', 'python']
[0.287s] Level 1:colcon.colcon_core.package_identification:_identify(image) by extension 'cmake'
[0.287s] Level 1:colcon.colcon_core.package_identification:_identify(image) by extension 'python'
[0.287s] Level 1:colcon.colcon_core.package_identification:_identify(image) by extensions ['python_setup_py']
[0.287s] Level 1:colcon.colcon_core.package_identification:_identify(image) by extension 'python_setup_py'
[0.288s] Level 1:colcon.colcon_core.package_identification:_identify(install) by extensions ['ignore', 'ignore_ament_install']
[0.288s] Level 1:colcon.colcon_core.package_identification:_identify(install) by extension 'ignore'
[0.288s] Level 1:colcon.colcon_core.package_identification:_identify(install) ignored
[0.288s] Level 1:colcon.colcon_core.package_identification:_identify(log) by extensions ['ignore', 'ignore_ament_install']
[0.288s] Level 1:colcon.colcon_core.package_identification:_identify(log) by extension 'ignore'
[0.288s] Level 1:colcon.colcon_core.package_identification:_identify(log) ignored
[0.288s] Level 1:colcon.colcon_core.package_identification:_identify(src) by extensions ['ignore', 'ignore_ament_install']
[0.288s] Level 1:colcon.colcon_core.package_identification:_identify(src) by extension 'ignore'
[0.288s] Level 1:colcon.colcon_core.package_identification:_identify(src) by extension 'ignore_ament_install'
[0.288s] Level 1:colcon.colcon_core.package_identification:_identify(src) by extensions ['colcon_pkg']
[0.288s] Level 1:colcon.colcon_core.package_identification:_identify(src) by extension 'colcon_pkg'
[0.288s] Level 1:colcon.colcon_core.package_identification:_identify(src) by extensions ['colcon_meta']
[0.288s] Level 1:colcon.colcon_core.package_identification:_identify(src) by extension 'colcon_meta'
[0.288s] Level 1:colcon.colcon_core.package_identification:_identify(src) by extensions ['ros']
[0.288s] Level 1:colcon.colcon_core.package_identification:_identify(src) by extension 'ros'
[0.288s] Level 1:colcon.colcon_core.package_identification:_identify(src) by extensions ['cmake', 'python']
[0.288s] Level 1:colcon.colcon_core.package_identification:_identify(src) by extension 'cmake'
[0.288s] Level 1:colcon.colcon_core.package_identification:_identify(src) by extension 'python'
[0.288s] Level 1:colcon.colcon_core.package_identification:_identify(src) by extensions ['python_setup_py']
[0.288s] Level 1:colcon.colcon_core.package_identification:_identify(src) by extension 'python_setup_py'
[0.289s] Level 1:colcon.colcon_core.package_identification:_identify(src/naima) by extensions ['ignore', 'ignore_ament_install']
[0.289s] Level 1:colcon.colcon_core.package_identification:_identify(src/naima) by extension 'ignore'
[0.289s] Level 1:colcon.colcon_core.package_identification:_identify(src/naima) by extension 'ignore_ament_install'
[0.289s] Level 1:colcon.colcon_core.package_identification:_identify(src/naima) by extensions ['colcon_pkg']
[0.289s] Level 1:colcon.colcon_core.package_identification:_identify(src/naima) by extension 'colcon_pkg'
[0.289s] Level 1:colcon.colcon_core.package_identification:_identify(src/naima) by extensions ['colcon_meta']
[0.289s] Level 1:colcon.colcon_core.package_identification:_identify(src/naima) by extension 'colcon_meta'
[0.289s] Level 1:colcon.colcon_core.package_identification:_identify(src/naima) by extensions ['ros']
[0.289s] Level 1:colcon.colcon_core.package_identification:_identify(src/naima) by extension 'ros'
[0.291s] DEBUG:colcon.colcon_core.package_identification:Package 'src/naima' with type 'ros.ament_python' and name 'naima'
[0.291s] Level 1:colcon.colcon_core.package_identification:_identify(src/naima_bringup) by extensions ['ignore', 'ignore_ament_install']
[0.291s] Level 1:colcon.colcon_core.package_identification:_identify(src/naima_bringup) by extension 'ignore'
[0.291s] Level 1:colcon.colcon_core.package_identification:_identify(src/naima_bringup) by extension 'ignore_ament_install'
[0.292s] Level 1:colcon.colcon_core.package_identification:_identify(src/naima_bringup) by extensions ['colcon_pkg']
[0.292s] Level 1:colcon.colcon_core.package_identification:_identify(src/naima_bringup) by extension 'colcon_pkg'
[0.292s] Level 1:colcon.colcon_core.package_identification:_identify(src/naima_bringup) by extensions ['colcon_meta']
[0.292s] Level 1:colcon.colcon_core.package_identification:_identify(src/naima_bringup) by extension 'colcon_meta'
[0.292s] Level 1:colcon.colcon_core.package_identification:_identify(src/naima_bringup) by extensions ['ros']
[0.292s] Level 1:colcon.colcon_core.package_identification:_identify(src/naima_bringup) by extension 'ros'
[0.292s] DEBUG:colcon.colcon_core.package_identification:Package 'src/naima_bringup' with type 'ros.ament_python' and name 'naima_bringup'
[0.292s] Level 1:colcon.colcon_core.package_identification:_identify(src/naima_control) by extensions ['ignore', 'ignore_ament_install']
[0.292s] Level 1:colcon.colcon_core.package_identification:_identify(src/naima_control) by extension 'ignore'
[0.293s] Level 1:colcon.colcon_core.package_identification:_identify(src/naima_control) by extension 'ignore_ament_install'
[0.293s] Level 1:colcon.colcon_core.package_identification:_identify(src/naima_control) by extensions ['colcon_pkg']
[0.293s] Level 1:colcon.colcon_core.package_identification:_identify(src/naima_control) by extension 'colcon_pkg'
[0.293s] Level 1:colcon.colcon_core.package_identification:_identify(src/naima_control) by extensions ['colcon_meta']
[0.293s] Level 1:colcon.colcon_core.package_identification:_identify(src/naima_control) by extension 'colcon_meta'
[0.293s] Level 1:colcon.colcon_core.package_identification:_identify(src/naima_control) by extensions ['ros']
[0.293s] Level 1:colcon.colcon_core.package_identification:_identify(src/naima_control) by extension 'ros'
[0.293s] DEBUG:colcon.colcon_core.package_identification:Package 'src/naima_control' with type 'ros.ament_cmake' and name 'naima_control'
[0.293s] Level 1:colcon.colcon_core.package_identification:_identify(src/naima_description) by extensions ['ignore', 'ignore_ament_install']
[0.293s] Level 1:colcon.colcon_core.package_identification:_identify(src/naima_description) by extension 'ignore'
[0.293s] Level 1:colcon.colcon_core.package_identification:_identify(src/naima_description) by extension 'ignore_ament_install'
[0.293s] Level 1:colcon.colcon_core.package_identification:_identify(src/naima_description) by extensions ['colcon_pkg']
[0.294s] Level 1:colcon.colcon_core.package_identification:_identify(src/naima_description) by extension 'colcon_pkg'
[0.294s] Level 1:colcon.colcon_core.package_identification:_identify(src/naima_description) by extensions ['colcon_meta']
[0.294s] Level 1:colcon.colcon_core.package_identification:_identify(src/naima_description) by extension 'colcon_meta'
[0.294s] Level 1:colcon.colcon_core.package_identification:_identify(src/naima_description) by extensions ['ros']
[0.294s] Level 1:colcon.colcon_core.package_identification:_identify(src/naima_description) by extension 'ros'
[0.294s] DEBUG:colcon.colcon_core.package_identification:Package 'src/naima_description' with type 'ros.ament_cmake' and name 'naima_description'
[0.294s] Level 1:colcon.colcon_core.package_identification:_identify(src/naima_examples) by extensions ['ignore', 'ignore_ament_install']
[0.294s] Level 1:colcon.colcon_core.package_identification:_identify(src/naima_examples) by extension 'ignore'
[0.294s] Level 1:colcon.colcon_core.package_identification:_identify(src/naima_examples) by extension 'ignore_ament_install'
[0.294s] Level 1:colcon.colcon_core.package_identification:_identify(src/naima_examples) by extensions ['colcon_pkg']
[0.294s] Level 1:colcon.colcon_core.package_identification:_identify(src/naima_examples) by extension 'colcon_pkg'
[0.294s] Level 1:colcon.colcon_core.package_identification:_identify(src/naima_examples) by extensions ['colcon_meta']
[0.294s] Level 1:colcon.colcon_core.package_identification:_identify(src/naima_examples) by extension 'colcon_meta'
[0.294s] Level 1:colcon.colcon_core.package_identification:_identify(src/naima_examples) by extensions ['ros']
[0.294s] Level 1:colcon.colcon_core.package_identification:_identify(src/naima_examples) by extension 'ros'
[0.295s] DEBUG:colcon.colcon_core.package_identification:Package 'src/naima_examples' with type 'ros.ament_cmake' and name 'naima_examples'
[0.295s] Level 1:colcon.colcon_core.package_identification:_identify(src/naima_localization) by extensions ['ignore', 'ignore_ament_install']
[0.296s] Level 1:colcon.colcon_core.package_identification:_identify(src/naima_localization) by extension 'ignore'
[0.296s] Level 1:colcon.colcon_core.package_identification:_identify(src/naima_localization) by extension 'ignore_ament_install'
[0.296s] Level 1:colcon.colcon_core.package_identification:_identify(src/naima_localization) by extensions ['colcon_pkg']
[0.296s] Level 1:colcon.colcon_core.package_identification:_identify(src/naima_localization) by extension 'colcon_pkg'
[0.296s] Level 1:colcon.colcon_core.package_identification:_identify(src/naima_localization) by extensions ['colcon_meta']
[0.296s] Level 1:colcon.colcon_core.package_identification:_identify(src/naima_localization) by extension 'colcon_meta'
[0.296s] Level 1:colcon.colcon_core.package_identification:_identify(src/naima_localization) by extensions ['ros']
[0.296s] Level 1:colcon.colcon_core.package_identification:_identify(src/naima_localization) by extension 'ros'
[0.296s] DEBUG:colcon.colcon_core.package_identification:Package 'src/naima_localization' with type 'ros.ament_cmake' and name 'naima_localization'
[0.296s] Level 1:colcon.colcon_core.package_identification:_identify(src/naima_mapping) by extensions ['ignore', 'ignore_ament_install']
[0.297s] Level 1:colcon.colcon_core.package_identification:_identify(src/naima_mapping) by extension 'ignore'
[0.297s] Level 1:colcon.colcon_core.package_identification:_identify(src/naima_mapping) by extension 'ignore_ament_install'
[0.297s] Level 1:colcon.colcon_core.package_identification:_identify(src/naima_mapping) by extensions ['colcon_pkg']
[0.297s] Level 1:colcon.colcon_core.package_identification:_identify(src/naima_mapping) by extension 'colcon_pkg'
[0.297s] Level 1:colcon.colcon_core.package_identification:_identify(src/naima_mapping) by extensions ['colcon_meta']
[0.297s] Level 1:colcon.colcon_core.package_identification:_identify(src/naima_mapping) by extension 'colcon_meta'
[0.297s] Level 1:colcon.colcon_core.package_identification:_identify(src/naima_mapping) by extensions ['ros']
[0.297s] Level 1:colcon.colcon_core.package_identification:_identify(src/naima_mapping) by extension 'ros'
[0.297s] DEBUG:colcon.colcon_core.package_identification:Package 'src/naima_mapping' with type 'ros.ament_cmake' and name 'naima_mapping'
[0.297s] Level 1:colcon.colcon_core.package_identification:_identify(src/naima_msgs) by extensions ['ignore', 'ignore_ament_install']
[0.297s] Level 1:colcon.colcon_core.package_identification:_identify(src/naima_msgs) by extension 'ignore'
[0.297s] Level 1:colcon.colcon_core.package_identification:_identify(src/naima_msgs) by extension 'ignore_ament_install'
[0.297s] Level 1:colcon.colcon_core.package_identification:_identify(src/naima_msgs) by extensions ['colcon_pkg']
[0.297s] Level 1:colcon.colcon_core.package_identification:_identify(src/naima_msgs) by extension 'colcon_pkg'
[0.297s] Level 1:colcon.colcon_core.package_identification:_identify(src/naima_msgs) by extensions ['colcon_meta']
[0.297s] Level 1:colcon.colcon_core.package_identification:_identify(src/naima_msgs) by extension 'colcon_meta'
[0.297s] Level 1:colcon.colcon_core.package_identification:_identify(src/naima_msgs) by extensions ['ros']
[0.297s] Level 1:colcon.colcon_core.package_identification:_identify(src/naima_msgs) by extension 'ros'
[0.298s] DEBUG:colcon.colcon_core.package_identification:Package 'src/naima_msgs' with type 'ros.ament_cmake' and name 'naima_msgs'
[0.298s] Level 1:colcon.colcon_core.package_identification:_identify(src/naima_ublox_gps) by extensions ['ignore', 'ignore_ament_install']
[0.298s] Level 1:colcon.colcon_core.package_identification:_identify(src/naima_ublox_gps) by extension 'ignore'
[0.298s] Level 1:colcon.colcon_core.package_identification:_identify(src/naima_ublox_gps) by extension 'ignore_ament_install'
[0.298s] Level 1:colcon.colcon_core.package_identification:_identify(src/naima_ublox_gps) by extensions ['colcon_pkg']
[0.298s] Level 1:colcon.colcon_core.package_identification:_identify(src/naima_ublox_gps) by extension 'colcon_pkg'
[0.298s] Level 1:colcon.colcon_core.package_identification:_identify(src/naima_ublox_gps) by extensions ['colcon_meta']
[0.298s] Level 1:colcon.colcon_core.package_identification:_identify(src/naima_ublox_gps) by extension 'colcon_meta'
[0.298s] Level 1:colcon.colcon_core.package_identification:_identify(src/naima_ublox_gps) by extensions ['ros']
[0.298s] Level 1:colcon.colcon_core.package_identification:_identify(src/naima_ublox_gps) by extension 'ros'
[0.298s] Level 1:colcon.colcon_core.package_identification:_identify(src/naima_ublox_gps) by extensions ['cmake', 'python']
[0.298s] Level 1:colcon.colcon_core.package_identification:_identify(src/naima_ublox_gps) by extension 'cmake'
[0.298s] Level 1:colcon.colcon_core.package_identification:_identify(src/naima_ublox_gps) by extension 'python'
[0.299s] Level 1:colcon.colcon_core.package_identification:_identify(src/naima_ublox_gps) by extensions ['python_setup_py']
[0.299s] Level 1:colcon.colcon_core.package_identification:_identify(src/naima_ublox_gps) by extension 'python_setup_py'
[0.299s] Level 1:colcon.colcon_core.package_identification:_identify(src/naima_ublox_gps/ublox) by extensions ['ignore', 'ignore_ament_install']
[0.299s] Level 1:colcon.colcon_core.package_identification:_identify(src/naima_ublox_gps/ublox) by extension 'ignore'
[0.299s] Level 1:colcon.colcon_core.package_identification:_identify(src/naima_ublox_gps/ublox) by extension 'ignore_ament_install'
[0.299s] Level 1:colcon.colcon_core.package_identification:_identify(src/naima_ublox_gps/ublox) by extensions ['colcon_pkg']
[0.299s] Level 1:colcon.colcon_core.package_identification:_identify(src/naima_ublox_gps/ublox) by extension 'colcon_pkg'
[0.299s] Level 1:colcon.colcon_core.package_identification:_identify(src/naima_ublox_gps/ublox) by extensions ['colcon_meta']
[0.299s] Level 1:colcon.colcon_core.package_identification:_identify(src/naima_ublox_gps/ublox) by extension 'colcon_meta'
[0.299s] Level 1:colcon.colcon_core.package_identification:_identify(src/naima_ublox_gps/ublox) by extensions ['ros']
[0.299s] Level 1:colcon.colcon_core.package_identification:_identify(src/naima_ublox_gps/ublox) by extension 'ros'
[0.299s] DEBUG:colcon.colcon_core.package_identification:Package 'src/naima_ublox_gps/ublox' with type 'ros.ament_cmake' and name 'ublox'
[0.299s] Level 1:colcon.colcon_core.package_identification:_identify(src/naima_ublox_gps/ublox_gps) by extensions ['ignore', 'ignore_ament_install']
[0.299s] Level 1:colcon.colcon_core.package_identification:_identify(src/naima_ublox_gps/ublox_gps) by extension 'ignore'
[0.299s] Level 1:colcon.colcon_core.package_identification:_identify(src/naima_ublox_gps/ublox_gps) by extension 'ignore_ament_install'
[0.300s] Level 1:colcon.colcon_core.package_identification:_identify(src/naima_ublox_gps/ublox_gps) by extensions ['colcon_pkg']
[0.300s] Level 1:colcon.colcon_core.package_identification:_identify(src/naima_ublox_gps/ublox_gps) by extension 'colcon_pkg'
[0.300s] Level 1:colcon.colcon_core.package_identification:_identify(src/naima_ublox_gps/ublox_gps) by extensions ['colcon_meta']
[0.300s] Level 1:colcon.colcon_core.package_identification:_identify(src/naima_ublox_gps/ublox_gps) by extension 'colcon_meta'
[0.300s] Level 1:colcon.colcon_core.package_identification:_identify(src/naima_ublox_gps/ublox_gps) by extensions ['ros']
[0.300s] Level 1:colcon.colcon_core.package_identification:_identify(src/naima_ublox_gps/ublox_gps) by extension 'ros'
[0.301s] DEBUG:colcon.colcon_core.package_identification:Package 'src/naima_ublox_gps/ublox_gps' with type 'ros.ament_cmake' and name 'ublox_gps'
[0.301s] Level 1:colcon.colcon_core.package_identification:_identify(src/naima_ublox_gps/ublox_msgs) by extensions ['ignore', 'ignore_ament_install']
[0.301s] Level 1:colcon.colcon_core.package_identification:_identify(src/naima_ublox_gps/ublox_msgs) by extension 'ignore'
[0.301s] Level 1:colcon.colcon_core.package_identification:_identify(src/naima_ublox_gps/ublox_msgs) by extension 'ignore_ament_install'
[0.301s] Level 1:colcon.colcon_core.package_identification:_identify(src/naima_ublox_gps/ublox_msgs) by extensions ['colcon_pkg']
[0.301s] Level 1:colcon.colcon_core.package_identification:_identify(src/naima_ublox_gps/ublox_msgs) by extension 'colcon_pkg'
[0.301s] Level 1:colcon.colcon_core.package_identification:_identify(src/naima_ublox_gps/ublox_msgs) by extensions ['colcon_meta']
[0.301s] Level 1:colcon.colcon_core.package_identification:_identify(src/naima_ublox_gps/ublox_msgs) by extension 'colcon_meta'
[0.301s] Level 1:colcon.colcon_core.package_identification:_identify(src/naima_ublox_gps/ublox_msgs) by extensions ['ros']
[0.301s] Level 1:colcon.colcon_core.package_identification:_identify(src/naima_ublox_gps/ublox_msgs) by extension 'ros'
[0.302s] DEBUG:colcon.colcon_core.package_identification:Package 'src/naima_ublox_gps/ublox_msgs' with type 'ros.ament_cmake' and name 'ublox_msgs'
[0.302s] Level 1:colcon.colcon_core.package_identification:_identify(src/naima_ublox_gps/ublox_serialization) by extensions ['ignore', 'ignore_ament_install']
[0.302s] Level 1:colcon.colcon_core.package_identification:_identify(src/naima_ublox_gps/ublox_serialization) by extension 'ignore'
[0.302s] Level 1:colcon.colcon_core.package_identification:_identify(src/naima_ublox_gps/ublox_serialization) by extension 'ignore_ament_install'
[0.302s] Level 1:colcon.colcon_core.package_identification:_identify(src/naima_ublox_gps/ublox_serialization) by extensions ['colcon_pkg']
[0.302s] Level 1:colcon.colcon_core.package_identification:_identify(src/naima_ublox_gps/ublox_serialization) by extension 'colcon_pkg'
[0.302s] Level 1:colcon.colcon_core.package_identification:_identify(src/naima_ublox_gps/ublox_serialization) by extensions ['colcon_meta']
[0.302s] Level 1:colcon.colcon_core.package_identification:_identify(src/naima_ublox_gps/ublox_serialization) by extension 'colcon_meta'
[0.302s] Level 1:colcon.colcon_core.package_identification:_identify(src/naima_ublox_gps/ublox_serialization) by extensions ['ros']
[0.302s] Level 1:colcon.colcon_core.package_identification:_identify(src/naima_ublox_gps/ublox_serialization) by extension 'ros'
[0.302s] DEBUG:colcon.colcon_core.package_identification:Package 'src/naima_ublox_gps/ublox_serialization' with type 'ros.ament_cmake' and name 'ublox_serialization'
[0.302s] Level 1:colcon.colcon_core.package_identification:_identify(src/zed-ros2-examples) by extensions ['ignore', 'ignore_ament_install']
[0.302s] Level 1:colcon.colcon_core.package_identification:_identify(src/zed-ros2-examples) by extension 'ignore'
[0.302s] Level 1:colcon.colcon_core.package_identification:_identify(src/zed-ros2-examples) by extension 'ignore_ament_install'
[0.303s] Level 1:colcon.colcon_core.package_identification:_identify(src/zed-ros2-examples) by extensions ['colcon_pkg']
[0.303s] Level 1:colcon.colcon_core.package_identification:_identify(src/zed-ros2-examples) by extension 'colcon_pkg'
[0.303s] Level 1:colcon.colcon_core.package_identification:_identify(src/zed-ros2-examples) by extensions ['colcon_meta']
[0.303s] Level 1:colcon.colcon_core.package_identification:_identify(src/zed-ros2-examples) by extension 'colcon_meta'
[0.303s] Level 1:colcon.colcon_core.package_identification:_identify(src/zed-ros2-examples) by extensions ['ros']
[0.303s] Level 1:colcon.colcon_core.package_identification:_identify(src/zed-ros2-examples) by extension 'ros'
[0.303s] Level 1:colcon.colcon_core.package_identification:_identify(src/zed-ros2-examples) by extensions ['cmake', 'python']
[0.303s] Level 1:colcon.colcon_core.package_identification:_identify(src/zed-ros2-examples) by extension 'cmake'
[0.303s] Level 1:colcon.colcon_core.package_identification:_identify(src/zed-ros2-examples) by extension 'python'
[0.303s] Level 1:colcon.colcon_core.package_identification:_identify(src/zed-ros2-examples) by extensions ['python_setup_py']
[0.303s] Level 1:colcon.colcon_core.package_identification:_identify(src/zed-ros2-examples) by extension 'python_setup_py'
[0.303s] Level 1:colcon.colcon_core.package_identification:_identify(src/zed-ros2-examples/examples) by extensions ['ignore', 'ignore_ament_install']
[0.303s] Level 1:colcon.colcon_core.package_identification:_identify(src/zed-ros2-examples/examples) by extension 'ignore'
[0.303s] Level 1:colcon.colcon_core.package_identification:_identify(src/zed-ros2-examples/examples) by extension 'ignore_ament_install'
[0.303s] Level 1:colcon.colcon_core.package_identification:_identify(src/zed-ros2-examples/examples) by extensions ['colcon_pkg']
[0.303s] Level 1:colcon.colcon_core.package_identification:_identify(src/zed-ros2-examples/examples) by extension 'colcon_pkg'
[0.303s] Level 1:colcon.colcon_core.package_identification:_identify(src/zed-ros2-examples/examples) by extensions ['colcon_meta']
[0.303s] Level 1:colcon.colcon_core.package_identification:_identify(src/zed-ros2-examples/examples) by extension 'colcon_meta'
[0.303s] Level 1:colcon.colcon_core.package_identification:_identify(src/zed-ros2-examples/examples) by extensions ['ros']
[0.303s] Level 1:colcon.colcon_core.package_identification:_identify(src/zed-ros2-examples/examples) by extension 'ros'
[0.303s] Level 1:colcon.colcon_core.package_identification:_identify(src/zed-ros2-examples/examples) by extensions ['cmake', 'python']
[0.303s] Level 1:colcon.colcon_core.package_identification:_identify(src/zed-ros2-examples/examples) by extension 'cmake'
[0.303s] Level 1:colcon.colcon_core.package_identification:_identify(src/zed-ros2-examples/examples) by extension 'python'
[0.303s] Level 1:colcon.colcon_core.package_identification:_identify(src/zed-ros2-examples/examples) by extensions ['python_setup_py']
[0.303s] Level 1:colcon.colcon_core.package_identification:_identify(src/zed-ros2-examples/examples) by extension 'python_setup_py'
[0.304s] Level 1:colcon.colcon_core.package_identification:_identify(src/zed-ros2-examples/examples/zed_aruco_localization) by extensions ['ignore', 'ignore_ament_install']
[0.304s] Level 1:colcon.colcon_core.package_identification:_identify(src/zed-ros2-examples/examples/zed_aruco_localization) by extension 'ignore'
[0.304s] Level 1:colcon.colcon_core.package_identification:_identify(src/zed-ros2-examples/examples/zed_aruco_localization) by extension 'ignore_ament_install'
[0.304s] Level 1:colcon.colcon_core.package_identification:_identify(src/zed-ros2-examples/examples/zed_aruco_localization) by extensions ['colcon_pkg']
[0.304s] Level 1:colcon.colcon_core.package_identification:_identify(src/zed-ros2-examples/examples/zed_aruco_localization) by extension 'colcon_pkg'
[0.304s] Level 1:colcon.colcon_core.package_identification:_identify(src/zed-ros2-examples/examples/zed_aruco_localization) by extensions ['colcon_meta']
[0.304s] Level 1:colcon.colcon_core.package_identification:_identify(src/zed-ros2-examples/examples/zed_aruco_localization) by extension 'colcon_meta'
[0.304s] Level 1:colcon.colcon_core.package_identification:_identify(src/zed-ros2-examples/examples/zed_aruco_localization) by extensions ['ros']
[0.304s] Level 1:colcon.colcon_core.package_identification:_identify(src/zed-ros2-examples/examples/zed_aruco_localization) by extension 'ros'
[0.304s] DEBUG:colcon.colcon_core.package_identification:Package 'src/zed-ros2-examples/examples/zed_aruco_localization' with type 'ros.ament_cmake' and name 'zed_aruco_localization'
[0.305s] Level 1:colcon.colcon_core.package_identification:_identify(src/zed-ros2-examples/examples/zed_depth_to_laserscan) by extensions ['ignore', 'ignore_ament_install']
[0.305s] Level 1:colcon.colcon_core.package_identification:_identify(src/zed-ros2-examples/examples/zed_depth_to_laserscan) by extension 'ignore'
[0.305s] Level 1:colcon.colcon_core.package_identification:_identify(src/zed-ros2-examples/examples/zed_depth_to_laserscan) by extension 'ignore_ament_install'
[0.305s] Level 1:colcon.colcon_core.package_identification:_identify(src/zed-ros2-examples/examples/zed_depth_to_laserscan) by extensions ['colcon_pkg']
[0.305s] Level 1:colcon.colcon_core.package_identification:_identify(src/zed-ros2-examples/examples/zed_depth_to_laserscan) by extension 'colcon_pkg'
[0.305s] Level 1:colcon.colcon_core.package_identification:_identify(src/zed-ros2-examples/examples/zed_depth_to_laserscan) by extensions ['colcon_meta']
[0.305s] Level 1:colcon.colcon_core.package_identification:_identify(src/zed-ros2-examples/examples/zed_depth_to_laserscan) by extension 'colcon_meta'
[0.305s] Level 1:colcon.colcon_core.package_identification:_identify(src/zed-ros2-examples/examples/zed_depth_to_laserscan) by extensions ['ros']
[0.305s] Level 1:colcon.colcon_core.package_identification:_identify(src/zed-ros2-examples/examples/zed_depth_to_laserscan) by extension 'ros'
[0.306s] DEBUG:colcon.colcon_core.package_identification:Package 'src/zed-ros2-examples/examples/zed_depth_to_laserscan' with type 'ros.ament_cmake' and name 'zed_depth_to_laserscan'
[0.306s] Level 1:colcon.colcon_core.package_identification:_identify(src/zed-ros2-examples/images) by extensions ['ignore', 'ignore_ament_install']
[0.306s] Level 1:colcon.colcon_core.package_identification:_identify(src/zed-ros2-examples/images) by extension 'ignore'
[0.306s] Level 1:colcon.colcon_core.package_identification:_identify(src/zed-ros2-examples/images) by extension 'ignore_ament_install'
[0.306s] Level 1:colcon.colcon_core.package_identification:_identify(src/zed-ros2-examples/images) by extensions ['colcon_pkg']
[0.306s] Level 1:colcon.colcon_core.package_identification:_identify(src/zed-ros2-examples/images) by extension 'colcon_pkg'
[0.306s] Level 1:colcon.colcon_core.package_identification:_identify(src/zed-ros2-examples/images) by extensions ['colcon_meta']
[0.306s] Level 1:colcon.colcon_core.package_identification:_identify(src/zed-ros2-examples/images) by extension 'colcon_meta'
[0.306s] Level 1:colcon.colcon_core.package_identification:_identify(src/zed-ros2-examples/images) by extensions ['ros']
[0.306s] Level 1:colcon.colcon_core.package_identification:_identify(src/zed-ros2-examples/images) by extension 'ros'
[0.306s] Level 1:colcon.colcon_core.package_identification:_identify(src/zed-ros2-examples/images) by extensions ['cmake', 'python']
[0.306s] Level 1:colcon.colcon_core.package_identification:_identify(src/zed-ros2-examples/images) by extension 'cmake'
[0.306s] Level 1:colcon.colcon_core.package_identification:_identify(src/zed-ros2-examples/images) by extension 'python'
[0.306s] Level 1:colcon.colcon_core.package_identification:_identify(src/zed-ros2-examples/images) by extensions ['python_setup_py']
[0.306s] Level 1:colcon.colcon_core.package_identification:_identify(src/zed-ros2-examples/images) by extension 'python_setup_py'
[0.306s] Level 1:colcon.colcon_core.package_identification:_identify(src/zed-ros2-examples/rviz-plugin-zed-od) by extensions ['ignore', 'ignore_ament_install']
[0.306s] Level 1:colcon.colcon_core.package_identification:_identify(src/zed-ros2-examples/rviz-plugin-zed-od) by extension 'ignore'
[0.306s] Level 1:colcon.colcon_core.package_identification:_identify(src/zed-ros2-examples/rviz-plugin-zed-od) by extension 'ignore_ament_install'
[0.306s] Level 1:colcon.colcon_core.package_identification:_identify(src/zed-ros2-examples/rviz-plugin-zed-od) by extensions ['colcon_pkg']
[0.306s] Level 1:colcon.colcon_core.package_identification:_identify(src/zed-ros2-examples/rviz-plugin-zed-od) by extension 'colcon_pkg'
[0.306s] Level 1:colcon.colcon_core.package_identification:_identify(src/zed-ros2-examples/rviz-plugin-zed-od) by extensions ['colcon_meta']
[0.306s] Level 1:colcon.colcon_core.package_identification:_identify(src/zed-ros2-examples/rviz-plugin-zed-od) by extension 'colcon_meta'
[0.307s] Level 1:colcon.colcon_core.package_identification:_identify(src/zed-ros2-examples/rviz-plugin-zed-od) by extensions ['ros']
[0.307s] Level 1:colcon.colcon_core.package_identification:_identify(src/zed-ros2-examples/rviz-plugin-zed-od) by extension 'ros'
[0.307s] DEBUG:colcon.colcon_core.package_identification:Package 'src/zed-ros2-examples/rviz-plugin-zed-od' with type 'ros.ament_cmake' and name 'rviz_plugin_zed_od'
[0.307s] Level 1:colcon.colcon_core.package_identification:_identify(src/zed-ros2-examples/tools) by extensions ['ignore', 'ignore_ament_install']
[0.307s] Level 1:colcon.colcon_core.package_identification:_identify(src/zed-ros2-examples/tools) by extension 'ignore'
[0.307s] Level 1:colcon.colcon_core.package_identification:_identify(src/zed-ros2-examples/tools) by extension 'ignore_ament_install'
[0.307s] Level 1:colcon.colcon_core.package_identification:_identify(src/zed-ros2-examples/tools) by extensions ['colcon_pkg']
[0.307s] Level 1:colcon.colcon_core.package_identification:_identify(src/zed-ros2-examples/tools) by extension 'colcon_pkg'
[0.307s] Level 1:colcon.colcon_core.package_identification:_identify(src/zed-ros2-examples/tools) by extensions ['colcon_meta']
[0.307s] Level 1:colcon.colcon_core.package_identification:_identify(src/zed-ros2-examples/tools) by extension 'colcon_meta'
[0.307s] Level 1:colcon.colcon_core.package_identification:_identify(src/zed-ros2-examples/tools) by extensions ['ros']
[0.307s] Level 1:colcon.colcon_core.package_identification:_identify(src/zed-ros2-examples/tools) by extension 'ros'
[0.308s] Level 1:colcon.colcon_core.package_identification:_identify(src/zed-ros2-examples/tools) by extensions ['cmake', 'python']
[0.308s] Level 1:colcon.colcon_core.package_identification:_identify(src/zed-ros2-examples/tools) by extension 'cmake'
[0.308s] Level 1:colcon.colcon_core.package_identification:_identify(src/zed-ros2-examples/tools) by extension 'python'
[0.308s] Level 1:colcon.colcon_core.package_identification:_identify(src/zed-ros2-examples/tools) by extensions ['python_setup_py']
[0.308s] Level 1:colcon.colcon_core.package_identification:_identify(src/zed-ros2-examples/tools) by extension 'python_setup_py'
[0.308s] Level 1:colcon.colcon_core.package_identification:_identify(src/zed-ros2-examples/tools/zed_benchmark) by extensions ['ignore', 'ignore_ament_install']
[0.308s] Level 1:colcon.colcon_core.package_identification:_identify(src/zed-ros2-examples/tools/zed_benchmark) by extension 'ignore'
[0.308s] Level 1:colcon.colcon_core.package_identification:_identify(src/zed-ros2-examples/tools/zed_benchmark) by extension 'ignore_ament_install'
[0.308s] Level 1:colcon.colcon_core.package_identification:_identify(src/zed-ros2-examples/tools/zed_benchmark) by extensions ['colcon_pkg']
[0.308s] Level 1:colcon.colcon_core.package_identification:_identify(src/zed-ros2-examples/tools/zed_benchmark) by extension 'colcon_pkg'
[0.308s] Level 1:colcon.colcon_core.package_identification:_identify(src/zed-ros2-examples/tools/zed_benchmark) by extensions ['colcon_meta']
[0.308s] Level 1:colcon.colcon_core.package_identification:_identify(src/zed-ros2-examples/tools/zed_benchmark) by extension 'colcon_meta'
[0.308s] Level 1:colcon.colcon_core.package_identification:_identify(src/zed-ros2-examples/tools/zed_benchmark) by extensions ['ros']
[0.308s] Level 1:colcon.colcon_core.package_identification:_identify(src/zed-ros2-examples/tools/zed_benchmark) by extension 'ros'
[0.309s] DEBUG:colcon.colcon_core.package_identification:Package 'src/zed-ros2-examples/tools/zed_benchmark' with type 'ros.ament_cmake' and name 'zed_topic_benchmark'
[0.309s] Level 1:colcon.colcon_core.package_identification:_identify(src/zed-ros2-examples/tools/zed_benchmark_component) by extensions ['ignore', 'ignore_ament_install']
[0.309s] Level 1:colcon.colcon_core.package_identification:_identify(src/zed-ros2-examples/tools/zed_benchmark_component) by extension 'ignore'
[0.309s] Level 1:colcon.colcon_core.package_identification:_identify(src/zed-ros2-examples/tools/zed_benchmark_component) by extension 'ignore_ament_install'
[0.309s] Level 1:colcon.colcon_core.package_identification:_identify(src/zed-ros2-examples/tools/zed_benchmark_component) by extensions ['colcon_pkg']
[0.309s] Level 1:colcon.colcon_core.package_identification:_identify(src/zed-ros2-examples/tools/zed_benchmark_component) by extension 'colcon_pkg'
[0.309s] Level 1:colcon.colcon_core.package_identification:_identify(src/zed-ros2-examples/tools/zed_benchmark_component) by extensions ['colcon_meta']
[0.309s] Level 1:colcon.colcon_core.package_identification:_identify(src/zed-ros2-examples/tools/zed_benchmark_component) by extension 'colcon_meta'
[0.309s] Level 1:colcon.colcon_core.package_identification:_identify(src/zed-ros2-examples/tools/zed_benchmark_component) by extensions ['ros']
[0.309s] Level 1:colcon.colcon_core.package_identification:_identify(src/zed-ros2-examples/tools/zed_benchmark_component) by extension 'ros'
[0.309s] DEBUG:colcon.colcon_core.package_identification:Package 'src/zed-ros2-examples/tools/zed_benchmark_component' with type 'ros.ament_cmake' and name 'zed_topic_benchmark_component'
[0.309s] Level 1:colcon.colcon_core.package_identification:_identify(src/zed-ros2-examples/tools/zed_benchmark_interfaces) by extensions ['ignore', 'ignore_ament_install']
[0.310s] Level 1:colcon.colcon_core.package_identification:_identify(src/zed-ros2-examples/tools/zed_benchmark_interfaces) by extension 'ignore'
[0.310s] Level 1:colcon.colcon_core.package_identification:_identify(src/zed-ros2-examples/tools/zed_benchmark_interfaces) by extension 'ignore_ament_install'
[0.310s] Level 1:colcon.colcon_core.package_identification:_identify(src/zed-ros2-examples/tools/zed_benchmark_interfaces) by extensions ['colcon_pkg']
[0.310s] Level 1:colcon.colcon_core.package_identification:_identify(src/zed-ros2-examples/tools/zed_benchmark_interfaces) by extension 'colcon_pkg'
[0.310s] Level 1:colcon.colcon_core.package_identification:_identify(src/zed-ros2-examples/tools/zed_benchmark_interfaces) by extensions ['colcon_meta']
[0.310s] Level 1:colcon.colcon_core.package_identification:_identify(src/zed-ros2-examples/tools/zed_benchmark_interfaces) by extension 'colcon_meta'
[0.310s] Level 1:colcon.colcon_core.package_identification:_identify(src/zed-ros2-examples/tools/zed_benchmark_interfaces) by extensions ['ros']
[0.310s] Level 1:colcon.colcon_core.package_identification:_identify(src/zed-ros2-examples/tools/zed_benchmark_interfaces) by extension 'ros'
[0.310s] DEBUG:colcon.colcon_core.package_identification:Package 'src/zed-ros2-examples/tools/zed_benchmark_interfaces' with type 'ros.ament_cmake' and name 'zed_topic_benchmark_interfaces'
[0.310s] Level 1:colcon.colcon_core.package_identification:_identify(src/zed-ros2-examples/tutorials) by extensions ['ignore', 'ignore_ament_install']
[0.310s] Level 1:colcon.colcon_core.package_identification:_identify(src/zed-ros2-examples/tutorials) by extension 'ignore'
[0.311s] Level 1:colcon.colcon_core.package_identification:_identify(src/zed-ros2-examples/tutorials) by extension 'ignore_ament_install'
[0.311s] Level 1:colcon.colcon_core.package_identification:_identify(src/zed-ros2-examples/tutorials) by extensions ['colcon_pkg']
[0.311s] Level 1:colcon.colcon_core.package_identification:_identify(src/zed-ros2-examples/tutorials) by extension 'colcon_pkg'
[0.311s] Level 1:colcon.colcon_core.package_identification:_identify(src/zed-ros2-examples/tutorials) by extensions ['colcon_meta']
[0.311s] Level 1:colcon.colcon_core.package_identification:_identify(src/zed-ros2-examples/tutorials) by extension 'colcon_meta'
[0.311s] Level 1:colcon.colcon_core.package_identification:_identify(src/zed-ros2-examples/tutorials) by extensions ['ros']
[0.311s] Level 1:colcon.colcon_core.package_identification:_identify(src/zed-ros2-examples/tutorials) by extension 'ros'
[0.311s] Level 1:colcon.colcon_core.package_identification:_identify(src/zed-ros2-examples/tutorials) by extensions ['cmake', 'python']
[0.311s] Level 1:colcon.colcon_core.package_identification:_identify(src/zed-ros2-examples/tutorials) by extension 'cmake'
[0.311s] Level 1:colcon.colcon_core.package_identification:_identify(src/zed-ros2-examples/tutorials) by extension 'python'
[0.311s] Level 1:colcon.colcon_core.package_identification:_identify(src/zed-ros2-examples/tutorials) by extensions ['python_setup_py']
[0.311s] Level 1:colcon.colcon_core.package_identification:_identify(src/zed-ros2-examples/tutorials) by extension 'python_setup_py'
[0.311s] Level 1:colcon.colcon_core.package_identification:_identify(src/zed-ros2-examples/tutorials/zed_depth_tutorial) by extensions ['ignore', 'ignore_ament_install']
[0.311s] Level 1:colcon.colcon_core.package_identification:_identify(src/zed-ros2-examples/tutorials/zed_depth_tutorial) by extension 'ignore'
[0.311s] Level 1:colcon.colcon_core.package_identification:_identify(src/zed-ros2-examples/tutorials/zed_depth_tutorial) by extension 'ignore_ament_install'
[0.311s] Level 1:colcon.colcon_core.package_identification:_identify(src/zed-ros2-examples/tutorials/zed_depth_tutorial) by extensions ['colcon_pkg']
[0.311s] Level 1:colcon.colcon_core.package_identification:_identify(src/zed-ros2-examples/tutorials/zed_depth_tutorial) by extension 'colcon_pkg'
[0.311s] Level 1:colcon.colcon_core.package_identification:_identify(src/zed-ros2-examples/tutorials/zed_depth_tutorial) by extensions ['colcon_meta']
[0.311s] Level 1:colcon.colcon_core.package_identification:_identify(src/zed-ros2-examples/tutorials/zed_depth_tutorial) by extension 'colcon_meta'
[0.311s] Level 1:colcon.colcon_core.package_identification:_identify(src/zed-ros2-examples/tutorials/zed_depth_tutorial) by extensions ['ros']
[0.311s] Level 1:colcon.colcon_core.package_identification:_identify(src/zed-ros2-examples/tutorials/zed_depth_tutorial) by extension 'ros'
[0.312s] DEBUG:colcon.colcon_core.package_identification:Package 'src/zed-ros2-examples/tutorials/zed_depth_tutorial' with type 'ros.ament_cmake' and name 'zed_tutorial_depth'
[0.312s] Level 1:colcon.colcon_core.package_identification:_identify(src/zed-ros2-examples/tutorials/zed_ipc) by extensions ['ignore', 'ignore_ament_install']
[0.312s] Level 1:colcon.colcon_core.package_identification:_identify(src/zed-ros2-examples/tutorials/zed_ipc) by extension 'ignore'
[0.312s] Level 1:colcon.colcon_core.package_identification:_identify(src/zed-ros2-examples/tutorials/zed_ipc) by extension 'ignore_ament_install'
[0.312s] Level 1:colcon.colcon_core.package_identification:_identify(src/zed-ros2-examples/tutorials/zed_ipc) by extensions ['colcon_pkg']
[0.312s] Level 1:colcon.colcon_core.package_identification:_identify(src/zed-ros2-examples/tutorials/zed_ipc) by extension 'colcon_pkg'
[0.312s] Level 1:colcon.colcon_core.package_identification:_identify(src/zed-ros2-examples/tutorials/zed_ipc) by extensions ['colcon_meta']
[0.312s] Level 1:colcon.colcon_core.package_identification:_identify(src/zed-ros2-examples/tutorials/zed_ipc) by extension 'colcon_meta'
[0.312s] Level 1:colcon.colcon_core.package_identification:_identify(src/zed-ros2-examples/tutorials/zed_ipc) by extensions ['ros']
[0.312s] Level 1:colcon.colcon_core.package_identification:_identify(src/zed-ros2-examples/tutorials/zed_ipc) by extension 'ros'
[0.313s] DEBUG:colcon.colcon_core.package_identification:Package 'src/zed-ros2-examples/tutorials/zed_ipc' with type 'ros.ament_cmake' and name 'zed_ipc'
[0.313s] Level 1:colcon.colcon_core.package_identification:_identify(src/zed-ros2-examples/tutorials/zed_multi_camera) by extensions ['ignore', 'ignore_ament_install']
[0.313s] Level 1:colcon.colcon_core.package_identification:_identify(src/zed-ros2-examples/tutorials/zed_multi_camera) by extension 'ignore'
[0.313s] Level 1:colcon.colcon_core.package_identification:_identify(src/zed-ros2-examples/tutorials/zed_multi_camera) by extension 'ignore_ament_install'
[0.313s] Level 1:colcon.colcon_core.package_identification:_identify(src/zed-ros2-examples/tutorials/zed_multi_camera) by extensions ['colcon_pkg']
[0.313s] Level 1:colcon.colcon_core.package_identification:_identify(src/zed-ros2-examples/tutorials/zed_multi_camera) by extension 'colcon_pkg'
[0.313s] Level 1:colcon.colcon_core.package_identification:_identify(src/zed-ros2-examples/tutorials/zed_multi_camera) by extensions ['colcon_meta']
[0.313s] Level 1:colcon.colcon_core.package_identification:_identify(src/zed-ros2-examples/tutorials/zed_multi_camera) by extension 'colcon_meta'
[0.313s] Level 1:colcon.colcon_core.package_identification:_identify(src/zed-ros2-examples/tutorials/zed_multi_camera) by extensions ['ros']
[0.313s] Level 1:colcon.colcon_core.package_identification:_identify(src/zed-ros2-examples/tutorials/zed_multi_camera) by extension 'ros'
[0.314s] DEBUG:colcon.colcon_core.package_identification:Package 'src/zed-ros2-examples/tutorials/zed_multi_camera' with type 'ros.ament_cmake' and name 'zed_multi_camera'
[0.314s] Level 1:colcon.colcon_core.package_identification:_identify(src/zed-ros2-examples/tutorials/zed_pose_tutorial) by extensions ['ignore', 'ignore_ament_install']
[0.314s] Level 1:colcon.colcon_core.package_identification:_identify(src/zed-ros2-examples/tutorials/zed_pose_tutorial) by extension 'ignore'
[0.314s] Level 1:colcon.colcon_core.package_identification:_identify(src/zed-ros2-examples/tutorials/zed_pose_tutorial) by extension 'ignore_ament_install'
[0.314s] Level 1:colcon.colcon_core.package_identification:_identify(src/zed-ros2-examples/tutorials/zed_pose_tutorial) by extensions ['colcon_pkg']
[0.314s] Level 1:colcon.colcon_core.package_identification:_identify(src/zed-ros2-examples/tutorials/zed_pose_tutorial) by extension 'colcon_pkg'
[0.314s] Level 1:colcon.colcon_core.package_identification:_identify(src/zed-ros2-examples/tutorials/zed_pose_tutorial) by extensions ['colcon_meta']
[0.314s] Level 1:colcon.colcon_core.package_identification:_identify(src/zed-ros2-examples/tutorials/zed_pose_tutorial) by extension 'colcon_meta'
[0.314s] Level 1:colcon.colcon_core.package_identification:_identify(src/zed-ros2-examples/tutorials/zed_pose_tutorial) by extensions ['ros']
[0.314s] Level 1:colcon.colcon_core.package_identification:_identify(src/zed-ros2-examples/tutorials/zed_pose_tutorial) by extension 'ros'
[0.315s] DEBUG:colcon.colcon_core.package_identification:Package 'src/zed-ros2-examples/tutorials/zed_pose_tutorial' with type 'ros.ament_cmake' and name 'zed_tutorial_pos_tracking'
[0.315s] Level 1:colcon.colcon_core.package_identification:_identify(src/zed-ros2-examples/tutorials/zed_rgb_convert) by extensions ['ignore', 'ignore_ament_install']
[0.315s] Level 1:colcon.colcon_core.package_identification:_identify(src/zed-ros2-examples/tutorials/zed_rgb_convert) by extension 'ignore'
[0.315s] Level 1:colcon.colcon_core.package_identification:_identify(src/zed-ros2-examples/tutorials/zed_rgb_convert) by extension 'ignore_ament_install'
[0.315s] Level 1:colcon.colcon_core.package_identification:_identify(src/zed-ros2-examples/tutorials/zed_rgb_convert) by extensions ['colcon_pkg']
[0.315s] Level 1:colcon.colcon_core.package_identification:_identify(src/zed-ros2-examples/tutorials/zed_rgb_convert) by extension 'colcon_pkg'
[0.315s] Level 1:colcon.colcon_core.package_identification:_identify(src/zed-ros2-examples/tutorials/zed_rgb_convert) by extensions ['colcon_meta']
[0.315s] Level 1:colcon.colcon_core.package_identification:_identify(src/zed-ros2-examples/tutorials/zed_rgb_convert) by extension 'colcon_meta'
[0.315s] Level 1:colcon.colcon_core.package_identification:_identify(src/zed-ros2-examples/tutorials/zed_rgb_convert) by extensions ['ros']
[0.315s] Level 1:colcon.colcon_core.package_identification:_identify(src/zed-ros2-examples/tutorials/zed_rgb_convert) by extension 'ros'
[0.316s] DEBUG:colcon.colcon_core.package_identification:Package 'src/zed-ros2-examples/tutorials/zed_rgb_convert' with type 'ros.ament_cmake' and name 'zed_rgb_convert'
[0.316s] Level 1:colcon.colcon_core.package_identification:_identify(src/zed-ros2-examples/tutorials/zed_robot_integration) by extensions ['ignore', 'ignore_ament_install']
[0.316s] Level 1:colcon.colcon_core.package_identification:_identify(src/zed-ros2-examples/tutorials/zed_robot_integration) by extension 'ignore'
[0.316s] Level 1:colcon.colcon_core.package_identification:_identify(src/zed-ros2-examples/tutorials/zed_robot_integration) by extension 'ignore_ament_install'
[0.316s] Level 1:colcon.colcon_core.package_identification:_identify(src/zed-ros2-examples/tutorials/zed_robot_integration) by extensions ['colcon_pkg']
[0.316s] Level 1:colcon.colcon_core.package_identification:_identify(src/zed-ros2-examples/tutorials/zed_robot_integration) by extension 'colcon_pkg'
[0.316s] Level 1:colcon.colcon_core.package_identification:_identify(src/zed-ros2-examples/tutorials/zed_robot_integration) by extensions ['colcon_meta']
[0.316s] Level 1:colcon.colcon_core.package_identification:_identify(src/zed-ros2-examples/tutorials/zed_robot_integration) by extension 'colcon_meta'
[0.316s] Level 1:colcon.colcon_core.package_identification:_identify(src/zed-ros2-examples/tutorials/zed_robot_integration) by extensions ['ros']
[0.316s] Level 1:colcon.colcon_core.package_identification:_identify(src/zed-ros2-examples/tutorials/zed_robot_integration) by extension 'ros'
[0.317s] DEBUG:colcon.colcon_core.package_identification:Package 'src/zed-ros2-examples/tutorials/zed_robot_integration' with type 'ros.ament_cmake' and name 'zed_robot_integration'
[0.317s] Level 1:colcon.colcon_core.package_identification:_identify(src/zed-ros2-examples/tutorials/zed_video_tutorial) by extensions ['ignore', 'ignore_ament_install']
[0.317s] Level 1:colcon.colcon_core.package_identification:_identify(src/zed-ros2-examples/tutorials/zed_video_tutorial) by extension 'ignore'
[0.317s] Level 1:colcon.colcon_core.package_identification:_identify(src/zed-ros2-examples/tutorials/zed_video_tutorial) by extension 'ignore_ament_install'
[0.317s] Level 1:colcon.colcon_core.package_identification:_identify(src/zed-ros2-examples/tutorials/zed_video_tutorial) by extensions ['colcon_pkg']
[0.317s] Level 1:colcon.colcon_core.package_identification:_identify(src/zed-ros2-examples/tutorials/zed_video_tutorial) by extension 'colcon_pkg'
[0.317s] Level 1:colcon.colcon_core.package_identification:_identify(src/zed-ros2-examples/tutorials/zed_video_tutorial) by extensions ['colcon_meta']
[0.317s] Level 1:colcon.colcon_core.package_identification:_identify(src/zed-ros2-examples/tutorials/zed_video_tutorial) by extension 'colcon_meta'
[0.317s] Level 1:colcon.colcon_core.package_identification:_identify(src/zed-ros2-examples/tutorials/zed_video_tutorial) by extensions ['ros']
[0.317s] Level 1:colcon.colcon_core.package_identification:_identify(src/zed-ros2-examples/tutorials/zed_video_tutorial) by extension 'ros'
[0.318s] DEBUG:colcon.colcon_core.package_identification:Package 'src/zed-ros2-examples/tutorials/zed_video_tutorial' with type 'ros.ament_cmake' and name 'zed_tutorial_video'
[0.318s] Level 1:colcon.colcon_core.package_identification:_identify(src/zed-ros2-examples/zed_display_rviz2) by extensions ['ignore', 'ignore_ament_install']
[0.318s] Level 1:colcon.colcon_core.package_identification:_identify(src/zed-ros2-examples/zed_display_rviz2) by extension 'ignore'
[0.318s] Level 1:colcon.colcon_core.package_identification:_identify(src/zed-ros2-examples/zed_display_rviz2) by extension 'ignore_ament_install'
[0.318s] Level 1:colcon.colcon_core.package_identification:_identify(src/zed-ros2-examples/zed_display_rviz2) by extensions ['colcon_pkg']
[0.318s] Level 1:colcon.colcon_core.package_identification:_identify(src/zed-ros2-examples/zed_display_rviz2) by extension 'colcon_pkg'
[0.318s] Level 1:colcon.colcon_core.package_identification:_identify(src/zed-ros2-examples/zed_display_rviz2) by extensions ['colcon_meta']
[0.318s] Level 1:colcon.colcon_core.package_identification:_identify(src/zed-ros2-examples/zed_display_rviz2) by extension 'colcon_meta'
[0.318s] Level 1:colcon.colcon_core.package_identification:_identify(src/zed-ros2-examples/zed_display_rviz2) by extensions ['ros']
[0.318s] Level 1:colcon.colcon_core.package_identification:_identify(src/zed-ros2-examples/zed_display_rviz2) by extension 'ros'
[0.318s] DEBUG:colcon.colcon_core.package_identification:Package 'src/zed-ros2-examples/zed_display_rviz2' with type 'ros.ament_cmake' and name 'zed_display_rviz2'
[0.318s] Level 1:colcon.colcon_core.package_identification:_identify(src/zed-ros2-wrapper) by extensions ['ignore', 'ignore_ament_install']
[0.319s] Level 1:colcon.colcon_core.package_identification:_identify(src/zed-ros2-wrapper) by extension 'ignore'
[0.319s] Level 1:colcon.colcon_core.package_identification:_identify(src/zed-ros2-wrapper) by extension 'ignore_ament_install'
[0.319s] Level 1:colcon.colcon_core.package_identification:_identify(src/zed-ros2-wrapper) by extensions ['colcon_pkg']
[0.319s] Level 1:colcon.colcon_core.package_identification:_identify(src/zed-ros2-wrapper) by extension 'colcon_pkg'
[0.319s] Level 1:colcon.colcon_core.package_identification:_identify(src/zed-ros2-wrapper) by extensions ['colcon_meta']
[0.319s] Level 1:colcon.colcon_core.package_identification:_identify(src/zed-ros2-wrapper) by extension 'colcon_meta'
[0.319s] Level 1:colcon.colcon_core.package_identification:_identify(src/zed-ros2-wrapper) by extensions ['ros']
[0.319s] Level 1:colcon.colcon_core.package_identification:_identify(src/zed-ros2-wrapper) by extension 'ros'
[0.319s] Level 1:colcon.colcon_core.package_identification:_identify(src/zed-ros2-wrapper) by extensions ['cmake', 'python']
[0.319s] Level 1:colcon.colcon_core.package_identification:_identify(src/zed-ros2-wrapper) by extension 'cmake'
[0.319s] Level 1:colcon.colcon_core.package_identification:_identify(src/zed-ros2-wrapper) by extension 'python'
[0.319s] Level 1:colcon.colcon_core.package_identification:_identify(src/zed-ros2-wrapper) by extensions ['python_setup_py']
[0.319s] Level 1:colcon.colcon_core.package_identification:_identify(src/zed-ros2-wrapper) by extension 'python_setup_py'
[0.319s] Level 1:colcon.colcon_core.package_identification:_identify(src/zed-ros2-wrapper/docker) by extensions ['ignore', 'ignore_ament_install']
[0.319s] Level 1:colcon.colcon_core.package_identification:_identify(src/zed-ros2-wrapper/docker) by extension 'ignore'
[0.319s] Level 1:colcon.colcon_core.package_identification:_identify(src/zed-ros2-wrapper/docker) by extension 'ignore_ament_install'
[0.319s] Level 1:colcon.colcon_core.package_identification:_identify(src/zed-ros2-wrapper/docker) by extensions ['colcon_pkg']
[0.319s] Level 1:colcon.colcon_core.package_identification:_identify(src/zed-ros2-wrapper/docker) by extension 'colcon_pkg'
[0.319s] Level 1:colcon.colcon_core.package_identification:_identify(src/zed-ros2-wrapper/docker) by extensions ['colcon_meta']
[0.319s] Level 1:colcon.colcon_core.package_identification:_identify(src/zed-ros2-wrapper/docker) by extension 'colcon_meta'
[0.319s] Level 1:colcon.colcon_core.package_identification:_identify(src/zed-ros2-wrapper/docker) by extensions ['ros']
[0.319s] Level 1:colcon.colcon_core.package_identification:_identify(src/zed-ros2-wrapper/docker) by extension 'ros'
[0.319s] Level 1:colcon.colcon_core.package_identification:_identify(src/zed-ros2-wrapper/docker) by extensions ['cmake', 'python']
[0.319s] Level 1:colcon.colcon_core.package_identification:_identify(src/zed-ros2-wrapper/docker) by extension 'cmake'
[0.320s] Level 1:colcon.colcon_core.package_identification:_identify(src/zed-ros2-wrapper/docker) by extension 'python'
[0.320s] Level 1:colcon.colcon_core.package_identification:_identify(src/zed-ros2-wrapper/docker) by extensions ['python_setup_py']
[0.320s] Level 1:colcon.colcon_core.package_identification:_identify(src/zed-ros2-wrapper/docker) by extension 'python_setup_py'
[0.320s] Level 1:colcon.colcon_core.package_identification:_identify(src/zed-ros2-wrapper/images) by extensions ['ignore', 'ignore_ament_install']
[0.320s] Level 1:colcon.colcon_core.package_identification:_identify(src/zed-ros2-wrapper/images) by extension 'ignore'
[0.320s] Level 1:colcon.colcon_core.package_identification:_identify(src/zed-ros2-wrapper/images) by extension 'ignore_ament_install'
[0.320s] Level 1:colcon.colcon_core.package_identification:_identify(src/zed-ros2-wrapper/images) by extensions ['colcon_pkg']
[0.320s] Level 1:colcon.colcon_core.package_identification:_identify(src/zed-ros2-wrapper/images) by extension 'colcon_pkg'
[0.320s] Level 1:colcon.colcon_core.package_identification:_identify(src/zed-ros2-wrapper/images) by extensions ['colcon_meta']
[0.320s] Level 1:colcon.colcon_core.package_identification:_identify(src/zed-ros2-wrapper/images) by extension 'colcon_meta'
[0.320s] Level 1:colcon.colcon_core.package_identification:_identify(src/zed-ros2-wrapper/images) by extensions ['ros']
[0.320s] Level 1:colcon.colcon_core.package_identification:_identify(src/zed-ros2-wrapper/images) by extension 'ros'
[0.320s] Level 1:colcon.colcon_core.package_identification:_identify(src/zed-ros2-wrapper/images) by extensions ['cmake', 'python']
[0.320s] Level 1:colcon.colcon_core.package_identification:_identify(src/zed-ros2-wrapper/images) by extension 'cmake'
[0.320s] Level 1:colcon.colcon_core.package_identification:_identify(src/zed-ros2-wrapper/images) by extension 'python'
[0.320s] Level 1:colcon.colcon_core.package_identification:_identify(src/zed-ros2-wrapper/images) by extensions ['python_setup_py']
[0.320s] Level 1:colcon.colcon_core.package_identification:_identify(src/zed-ros2-wrapper/images) by extension 'python_setup_py'
[0.320s] Level 1:colcon.colcon_core.package_identification:_identify(src/zed-ros2-wrapper/zed_components) by extensions ['ignore', 'ignore_ament_install']
[0.320s] Level 1:colcon.colcon_core.package_identification:_identify(src/zed-ros2-wrapper/zed_components) by extension 'ignore'
[0.320s] Level 1:colcon.colcon_core.package_identification:_identify(src/zed-ros2-wrapper/zed_components) by extension 'ignore_ament_install'
[0.320s] Level 1:colcon.colcon_core.package_identification:_identify(src/zed-ros2-wrapper/zed_components) by extensions ['colcon_pkg']
[0.321s] Level 1:colcon.colcon_core.package_identification:_identify(src/zed-ros2-wrapper/zed_components) by extension 'colcon_pkg'
[0.321s] Level 1:colcon.colcon_core.package_identification:_identify(src/zed-ros2-wrapper/zed_components) by extensions ['colcon_meta']
[0.321s] Level 1:colcon.colcon_core.package_identification:_identify(src/zed-ros2-wrapper/zed_components) by extension 'colcon_meta'
[0.321s] Level 1:colcon.colcon_core.package_identification:_identify(src/zed-ros2-wrapper/zed_components) by extensions ['ros']
[0.321s] Level 1:colcon.colcon_core.package_identification:_identify(src/zed-ros2-wrapper/zed_components) by extension 'ros'
[0.322s] DEBUG:colcon.colcon_core.package_identification:Package 'src/zed-ros2-wrapper/zed_components' with type 'ros.ament_cmake' and name 'zed_components'
[0.322s] Level 1:colcon.colcon_core.package_identification:_identify(src/zed-ros2-wrapper/zed_ros2) by extensions ['ignore', 'ignore_ament_install']
[0.322s] Level 1:colcon.colcon_core.package_identification:_identify(src/zed-ros2-wrapper/zed_ros2) by extension 'ignore'
[0.322s] Level 1:colcon.colcon_core.package_identification:_identify(src/zed-ros2-wrapper/zed_ros2) by extension 'ignore_ament_install'
[0.322s] Level 1:colcon.colcon_core.package_identification:_identify(src/zed-ros2-wrapper/zed_ros2) by extensions ['colcon_pkg']
[0.322s] Level 1:colcon.colcon_core.package_identification:_identify(src/zed-ros2-wrapper/zed_ros2) by extension 'colcon_pkg'
[0.322s] Level 1:colcon.colcon_core.package_identification:_identify(src/zed-ros2-wrapper/zed_ros2) by extensions ['colcon_meta']
[0.322s] Level 1:colcon.colcon_core.package_identification:_identify(src/zed-ros2-wrapper/zed_ros2) by extension 'colcon_meta'
[0.322s] Level 1:colcon.colcon_core.package_identification:_identify(src/zed-ros2-wrapper/zed_ros2) by extensions ['ros']
[0.322s] Level 1:colcon.colcon_core.package_identification:_identify(src/zed-ros2-wrapper/zed_ros2) by extension 'ros'
[0.323s] DEBUG:colcon.colcon_core.package_identification:Package 'src/zed-ros2-wrapper/zed_ros2' with type 'ros.ament_cmake' and name 'zed_ros2'
[0.323s] Level 1:colcon.colcon_core.package_identification:_identify(src/zed-ros2-wrapper/zed_wrapper) by extensions ['ignore', 'ignore_ament_install']
[0.323s] Level 1:colcon.colcon_core.package_identification:_identify(src/zed-ros2-wrapper/zed_wrapper) by extension 'ignore'
[0.323s] Level 1:colcon.colcon_core.package_identification:_identify(src/zed-ros2-wrapper/zed_wrapper) by extension 'ignore_ament_install'
[0.323s] Level 1:colcon.colcon_core.package_identification:_identify(src/zed-ros2-wrapper/zed_wrapper) by extensions ['colcon_pkg']
[0.323s] Level 1:colcon.colcon_core.package_identification:_identify(src/zed-ros2-wrapper/zed_wrapper) by extension 'colcon_pkg'
[0.323s] Level 1:colcon.colcon_core.package_identification:_identify(src/zed-ros2-wrapper/zed_wrapper) by extensions ['colcon_meta']
[0.323s] Level 1:colcon.colcon_core.package_identification:_identify(src/zed-ros2-wrapper/zed_wrapper) by extension 'colcon_meta'
[0.323s] Level 1:colcon.colcon_core.package_identification:_identify(src/zed-ros2-wrapper/zed_wrapper) by extensions ['ros']
[0.323s] Level 1:colcon.colcon_core.package_identification:_identify(src/zed-ros2-wrapper/zed_wrapper) by extension 'ros'
[0.324s] DEBUG:colcon.colcon_core.package_identification:Package 'src/zed-ros2-wrapper/zed_wrapper' with type 'ros.ament_cmake' and name 'zed_wrapper'
[0.325s] Level 1:colcon.colcon_core.package_discovery:discover_packages(recursive) using defaults
[0.325s] Level 1:colcon.colcon_core.package_discovery:discover_packages(ignore) discover
[0.325s] Level 1:colcon.colcon_core.package_discovery:discover_packages(ignore) using defaults
[0.325s] Level 1:colcon.colcon_core.package_discovery:discover_packages(path) discover
[0.325s] Level 1:colcon.colcon_core.package_discovery:discover_packages(path) using defaults
[0.347s] Level 1:colcon.colcon_core.package_discovery:discover_packages(prefix_path) check parameters
[0.347s] Level 1:colcon.colcon_core.package_discovery:discover_packages(prefix_path) discover
[0.351s] DEBUG:colcon.colcon_installed_package_information.package_discovery:Found 437 installed packages in /opt/ros/humble
[0.353s] Level 1:colcon.colcon_core.package_discovery:discover_packages(prefix_path) using defaults
[0.394s] Level 5:colcon.colcon_core.verb:set package 'naima' build argument 'cmake_args' from command line to 'None'
[0.394s] Level 5:colcon.colcon_core.verb:set package 'naima' build argument 'cmake_target' from command line to 'None'
[0.394s] Level 5:colcon.colcon_core.verb:set package 'naima' build argument 'cmake_target_skip_unavailable' from command line to 'False'
[0.394s] Level 5:colcon.colcon_core.verb:set package 'naima' build argument 'cmake_clean_cache' from command line to 'False'
[0.394s] Level 5:colcon.colcon_core.verb:set package 'naima' build argument 'cmake_clean_first' from command line to 'False'
[0.394s] Level 5:colcon.colcon_core.verb:set package 'naima' build argument 'cmake_force_configure' from command line to 'False'
[0.394s] Level 5:colcon.colcon_core.verb:set package 'naima' build argument 'ament_cmake_args' from command line to 'None'
[0.394s] Level 5:colcon.colcon_core.verb:set package 'naima' build argument 'catkin_cmake_args' from command line to 'None'
[0.394s] Level 5:colcon.colcon_core.verb:set package 'naima' build argument 'catkin_skip_building_tests' from command line to 'False'
[0.394s] DEBUG:colcon.colcon_core.verb:Building package 'naima' with the following arguments: {'ament_cmake_args': None, 'build_base': '/home/men3m/Naima/build/naima', 'catkin_cmake_args': None, 'catkin_skip_building_tests': False, 'cmake_args': None, 'cmake_clean_cache': False, 'cmake_clean_first': False, 'cmake_force_configure': False, 'cmake_target': None, 'cmake_target_skip_unavailable': False, 'install_base': '/home/men3m/Naima/install/naima', 'merge_install': False, 'path': '/home/men3m/Naima/src/naima', 'symlink_install': False, 'test_result_base': None}
[0.394s] Level 5:colcon.colcon_core.verb:set package 'naima_bringup' build argument 'cmake_args' from command line to 'None'
[0.394s] Level 5:colcon.colcon_core.verb:set package 'naima_bringup' build argument 'cmake_target' from command line to 'None'
[0.394s] Level 5:colcon.colcon_core.verb:set package 'naima_bringup' build argument 'cmake_target_skip_unavailable' from command line to 'False'
[0.394s] Level 5:colcon.colcon_core.verb:set package 'naima_bringup' build argument 'cmake_clean_cache' from command line to 'False'
[0.394s] Level 5:colcon.colcon_core.verb:set package 'naima_bringup' build argument 'cmake_clean_first' from command line to 'False'
[0.394s] Level 5:colcon.colcon_core.verb:set package 'naima_bringup' build argument 'cmake_force_configure' from command line to 'False'
[0.394s] Level 5:colcon.colcon_core.verb:set package 'naima_bringup' build argument 'ament_cmake_args' from command line to 'None'
[0.394s] Level 5:colcon.colcon_core.verb:set package 'naima_bringup' build argument 'catkin_cmake_args' from command line to 'None'
[0.394s] Level 5:colcon.colcon_core.verb:set package 'naima_bringup' build argument 'catkin_skip_building_tests' from command line to 'False'
[0.394s] DEBUG:colcon.colcon_core.verb:Building package 'naima_bringup' with the following arguments: {'ament_cmake_args': None, 'build_base': '/home/men3m/Naima/build/naima_bringup', 'catkin_cmake_args': None, 'catkin_skip_building_tests': False, 'cmake_args': None, 'cmake_clean_cache': False, 'cmake_clean_first': False, 'cmake_force_configure': False, 'cmake_target': None, 'cmake_target_skip_unavailable': False, 'install_base': '/home/men3m/Naima/install/naima_bringup', 'merge_install': False, 'path': '/home/men3m/Naima/src/naima_bringup', 'symlink_install': False, 'test_result_base': None}
[0.395s] Level 5:colcon.colcon_core.verb:set package 'naima_control' build argument 'cmake_args' from command line to 'None'
[0.395s] Level 5:colcon.colcon_core.verb:set package 'naima_control' build argument 'cmake_target' from command line to 'None'
[0.395s] Level 5:colcon.colcon_core.verb:set package 'naima_control' build argument 'cmake_target_skip_unavailable' from command line to 'False'
[0.395s] Level 5:colcon.colcon_core.verb:set package 'naima_control' build argument 'cmake_clean_cache' from command line to 'False'
[0.395s] Level 5:colcon.colcon_core.verb:set package 'naima_control' build argument 'cmake_clean_first' from command line to 'False'
[0.395s] Level 5:colcon.colcon_core.verb:set package 'naima_control' build argument 'cmake_force_configure' from command line to 'False'
[0.395s] Level 5:colcon.colcon_core.verb:set package 'naima_control' build argument 'ament_cmake_args' from command line to 'None'
[0.395s] Level 5:colcon.colcon_core.verb:set package 'naima_control' build argument 'catkin_cmake_args' from command line to 'None'
[0.395s] Level 5:colcon.colcon_core.verb:set package 'naima_control' build argument 'catkin_skip_building_tests' from command line to 'False'
[0.395s] DEBUG:colcon.colcon_core.verb:Building package 'naima_control' with the following arguments: {'ament_cmake_args': None, 'build_base': '/home/men3m/Naima/build/naima_control', 'catkin_cmake_args': None, 'catkin_skip_building_tests': False, 'cmake_args': None, 'cmake_clean_cache': False, 'cmake_clean_first': False, 'cmake_force_configure': False, 'cmake_target': None, 'cmake_target_skip_unavailable': False, 'install_base': '/home/men3m/Naima/install/naima_control', 'merge_install': False, 'path': '/home/men3m/Naima/src/naima_control', 'symlink_install': False, 'test_result_base': None}
[0.395s] Level 5:colcon.colcon_core.verb:set package 'naima_description' build argument 'cmake_args' from command line to 'None'
[0.395s] Level 5:colcon.colcon_core.verb:set package 'naima_description' build argument 'cmake_target' from command line to 'None'
[0.395s] Level 5:colcon.colcon_core.verb:set package 'naima_description' build argument 'cmake_target_skip_unavailable' from command line to 'False'
[0.395s] Level 5:colcon.colcon_core.verb:set package 'naima_description' build argument 'cmake_clean_cache' from command line to 'False'
[0.395s] Level 5:colcon.colcon_core.verb:set package 'naima_description' build argument 'cmake_clean_first' from command line to 'False'
[0.395s] Level 5:colcon.colcon_core.verb:set package 'naima_description' build argument 'cmake_force_configure' from command line to 'False'
[0.395s] Level 5:colcon.colcon_core.verb:set package 'naima_description' build argument 'ament_cmake_args' from command line to 'None'
[0.395s] Level 5:colcon.colcon_core.verb:set package 'naima_description' build argument 'catkin_cmake_args' from command line to 'None'
[0.395s] Level 5:colcon.colcon_core.verb:set package 'naima_description' build argument 'catkin_skip_building_tests' from command line to 'False'
[0.395s] DEBUG:colcon.colcon_core.verb:Building package 'naima_description' with the following arguments: {'ament_cmake_args': None, 'build_base': '/home/men3m/Naima/build/naima_description', 'catkin_cmake_args': None, 'catkin_skip_building_tests': False, 'cmake_args': None, 'cmake_clean_cache': False, 'cmake_clean_first': False, 'cmake_force_configure': False, 'cmake_target': None, 'cmake_target_skip_unavailable': False, 'install_base': '/home/men3m/Naima/install/naima_description', 'merge_install': False, 'path': '/home/men3m/Naima/src/naima_description', 'symlink_install': False, 'test_result_base': None}
[0.395s] Level 5:colcon.colcon_core.verb:set package 'naima_localization' build argument 'cmake_args' from command line to 'None'
[0.396s] Level 5:colcon.colcon_core.verb:set package 'naima_localization' build argument 'cmake_target' from command line to 'None'
[0.396s] Level 5:colcon.colcon_core.verb:set package 'naima_localization' build argument 'cmake_target_skip_unavailable' from command line to 'False'
[0.396s] Level 5:colcon.colcon_core.verb:set package 'naima_localization' build argument 'cmake_clean_cache' from command line to 'False'
[0.396s] Level 5:colcon.colcon_core.verb:set package 'naima_localization' build argument 'cmake_clean_first' from command line to 'False'
[0.396s] Level 5:colcon.colcon_core.verb:set package 'naima_localization' build argument 'cmake_force_configure' from command line to 'False'
[0.396s] Level 5:colcon.colcon_core.verb:set package 'naima_localization' build argument 'ament_cmake_args' from command line to 'None'
[0.396s] Level 5:colcon.colcon_core.verb:set package 'naima_localization' build argument 'catkin_cmake_args' from command line to 'None'
[0.396s] Level 5:colcon.colcon_core.verb:set package 'naima_localization' build argument 'catkin_skip_building_tests' from command line to 'False'
[0.396s] DEBUG:colcon.colcon_core.verb:Building package 'naima_localization' with the following arguments: {'ament_cmake_args': None, 'build_base': '/home/men3m/Naima/build/naima_localization', 'catkin_cmake_args': None, 'catkin_skip_building_tests': False, 'cmake_args': None, 'cmake_clean_cache': False, 'cmake_clean_first': False, 'cmake_force_configure': False, 'cmake_target': None, 'cmake_target_skip_unavailable': False, 'install_base': '/home/men3m/Naima/install/naima_localization', 'merge_install': False, 'path': '/home/men3m/Naima/src/naima_localization', 'symlink_install': False, 'test_result_base': None}
[0.396s] Level 5:colcon.colcon_core.verb:set package 'naima_mapping' build argument 'cmake_args' from command line to 'None'
[0.396s] Level 5:colcon.colcon_core.verb:set package 'naima_mapping' build argument 'cmake_target' from command line to 'None'
[0.396s] Level 5:colcon.colcon_core.verb:set package 'naima_mapping' build argument 'cmake_target_skip_unavailable' from command line to 'False'
[0.396s] Level 5:colcon.colcon_core.verb:set package 'naima_mapping' build argument 'cmake_clean_cache' from command line to 'False'
[0.396s] Level 5:colcon.colcon_core.verb:set package 'naima_mapping' build argument 'cmake_clean_first' from command line to 'False'
[0.396s] Level 5:colcon.colcon_core.verb:set package 'naima_mapping' build argument 'cmake_force_configure' from command line to 'False'
[0.396s] Level 5:colcon.colcon_core.verb:set package 'naima_mapping' build argument 'ament_cmake_args' from command line to 'None'
[0.396s] Level 5:colcon.colcon_core.verb:set package 'naima_mapping' build argument 'catkin_cmake_args' from command line to 'None'
[0.396s] Level 5:colcon.colcon_core.verb:set package 'naima_mapping' build argument 'catkin_skip_building_tests' from command line to 'False'
[0.396s] DEBUG:colcon.colcon_core.verb:Building package 'naima_mapping' with the following arguments: {'ament_cmake_args': None, 'build_base': '/home/men3m/Naima/build/naima_mapping', 'catkin_cmake_args': None, 'catkin_skip_building_tests': False, 'cmake_args': None, 'cmake_clean_cache': False, 'cmake_clean_first': False, 'cmake_force_configure': False, 'cmake_target': None, 'cmake_target_skip_unavailable': False, 'install_base': '/home/men3m/Naima/install/naima_mapping', 'merge_install': False, 'path': '/home/men3m/Naima/src/naima_mapping', 'symlink_install': False, 'test_result_base': None}
[0.396s] Level 5:colcon.colcon_core.verb:set package 'naima_msgs' build argument 'cmake_args' from command line to 'None'
[0.396s] Level 5:colcon.colcon_core.verb:set package 'naima_msgs' build argument 'cmake_target' from command line to 'None'
[0.396s] Level 5:colcon.colcon_core.verb:set package 'naima_msgs' build argument 'cmake_target_skip_unavailable' from command line to 'False'
[0.396s] Level 5:colcon.colcon_core.verb:set package 'naima_msgs' build argument 'cmake_clean_cache' from command line to 'False'
[0.397s] Level 5:colcon.colcon_core.verb:set package 'naima_msgs' build argument 'cmake_clean_first' from command line to 'False'
[0.397s] Level 5:colcon.colcon_core.verb:set package 'naima_msgs' build argument 'cmake_force_configure' from command line to 'False'
[0.397s] Level 5:colcon.colcon_core.verb:set package 'naima_msgs' build argument 'ament_cmake_args' from command line to 'None'
[0.397s] Level 5:colcon.colcon_core.verb:set package 'naima_msgs' build argument 'catkin_cmake_args' from command line to 'None'
[0.397s] Level 5:colcon.colcon_core.verb:set package 'naima_msgs' build argument 'catkin_skip_building_tests' from command line to 'False'
[0.397s] DEBUG:colcon.colcon_core.verb:Building package 'naima_msgs' with the following arguments: {'ament_cmake_args': None, 'build_base': '/home/men3m/Naima/build/naima_msgs', 'catkin_cmake_args': None, 'catkin_skip_building_tests': False, 'cmake_args': None, 'cmake_clean_cache': False, 'cmake_clean_first': False, 'cmake_force_configure': False, 'cmake_target': None, 'cmake_target_skip_unavailable': False, 'install_base': '/home/men3m/Naima/install/naima_msgs', 'merge_install': False, 'path': '/home/men3m/Naima/src/naima_msgs', 'symlink_install': False, 'test_result_base': None}
[0.397s] Level 5:colcon.colcon_core.verb:set package 'rviz_plugin_zed_od' build argument 'cmake_args' from command line to 'None'
[0.397s] Level 5:colcon.colcon_core.verb:set package 'rviz_plugin_zed_od' build argument 'cmake_target' from command line to 'None'
[0.397s] Level 5:colcon.colcon_core.verb:set package 'rviz_plugin_zed_od' build argument 'cmake_target_skip_unavailable' from command line to 'False'
[0.397s] Level 5:colcon.colcon_core.verb:set package 'rviz_plugin_zed_od' build argument 'cmake_clean_cache' from command line to 'False'
[0.397s] Level 5:colcon.colcon_core.verb:set package 'rviz_plugin_zed_od' build argument 'cmake_clean_first' from command line to 'False'
[0.397s] Level 5:colcon.colcon_core.verb:set package 'rviz_plugin_zed_od' build argument 'cmake_force_configure' from command line to 'False'
[0.397s] Level 5:colcon.colcon_core.verb:set package 'rviz_plugin_zed_od' build argument 'ament_cmake_args' from command line to 'None'
[0.397s] Level 5:colcon.colcon_core.verb:set package 'rviz_plugin_zed_od' build argument 'catkin_cmake_args' from command line to 'None'
[0.397s] Level 5:colcon.colcon_core.verb:set package 'rviz_plugin_zed_od' build argument 'catkin_skip_building_tests' from command line to 'False'
[0.397s] DEBUG:colcon.colcon_core.verb:Building package 'rviz_plugin_zed_od' with the following arguments: {'ament_cmake_args': None, 'build_base': '/home/men3m/Naima/build/rviz_plugin_zed_od', 'catkin_cmake_args': None, 'catkin_skip_building_tests': False, 'cmake_args': None, 'cmake_clean_cache': False, 'cmake_clean_first': False, 'cmake_force_configure': False, 'cmake_target': None, 'cmake_target_skip_unavailable': False, 'install_base': '/home/men3m/Naima/install/rviz_plugin_zed_od', 'merge_install': False, 'path': '/home/men3m/Naima/src/zed-ros2-examples/rviz-plugin-zed-od', 'symlink_install': False, 'test_result_base': None}
[0.397s] Level 5:colcon.colcon_core.verb:set package 'ublox_serialization' build argument 'cmake_args' from command line to 'None'
[0.397s] Level 5:colcon.colcon_core.verb:set package 'ublox_serialization' build argument 'cmake_target' from command line to 'None'
[0.397s] Level 5:colcon.colcon_core.verb:set package 'ublox_serialization' build argument 'cmake_target_skip_unavailable' from command line to 'False'
[0.397s] Level 5:colcon.colcon_core.verb:set package 'ublox_serialization' build argument 'cmake_clean_cache' from command line to 'False'
[0.397s] Level 5:colcon.colcon_core.verb:set package 'ublox_serialization' build argument 'cmake_clean_first' from command line to 'False'
[0.397s] Level 5:colcon.colcon_core.verb:set package 'ublox_serialization' build argument 'cmake_force_configure' from command line to 'False'
[0.397s] Level 5:colcon.colcon_core.verb:set package 'ublox_serialization' build argument 'ament_cmake_args' from command line to 'None'
[0.397s] Level 5:colcon.colcon_core.verb:set package 'ublox_serialization' build argument 'catkin_cmake_args' from command line to 'None'
[0.397s] Level 5:colcon.colcon_core.verb:set package 'ublox_serialization' build argument 'catkin_skip_building_tests' from command line to 'False'
[0.397s] DEBUG:colcon.colcon_core.verb:Building package 'ublox_serialization' with the following arguments: {'ament_cmake_args': None, 'build_base': '/home/men3m/Naima/build/ublox_serialization', 'catkin_cmake_args': None, 'catkin_skip_building_tests': False, 'cmake_args': None, 'cmake_clean_cache': False, 'cmake_clean_first': False, 'cmake_force_configure': False, 'cmake_target': None, 'cmake_target_skip_unavailable': False, 'install_base': '/home/men3m/Naima/install/ublox_serialization', 'merge_install': False, 'path': '/home/men3m/Naima/src/naima_ublox_gps/ublox_serialization', 'symlink_install': False, 'test_result_base': None}
[0.398s] Level 5:colcon.colcon_core.verb:set package 'zed_components' build argument 'cmake_args' from command line to 'None'
[0.398s] Level 5:colcon.colcon_core.verb:set package 'zed_components' build argument 'cmake_target' from command line to 'None'
[0.398s] Level 5:colcon.colcon_core.verb:set package 'zed_components' build argument 'cmake_target_skip_unavailable' from command line to 'False'
[0.398s] Level 5:colcon.colcon_core.verb:set package 'zed_components' build argument 'cmake_clean_cache' from command line to 'False'
[0.398s] Level 5:colcon.colcon_core.verb:set package 'zed_components' build argument 'cmake_clean_first' from command line to 'False'
[0.398s] Level 5:colcon.colcon_core.verb:set package 'zed_components' build argument 'cmake_force_configure' from command line to 'False'
[0.398s] Level 5:colcon.colcon_core.verb:set package 'zed_components' build argument 'ament_cmake_args' from command line to 'None'
[0.398s] Level 5:colcon.colcon_core.verb:set package 'zed_components' build argument 'catkin_cmake_args' from command line to 'None'
[0.398s] Level 5:colcon.colcon_core.verb:set package 'zed_components' build argument 'catkin_skip_building_tests' from command line to 'False'
[0.398s] DEBUG:colcon.colcon_core.verb:Building package 'zed_components' with the following arguments: {'ament_cmake_args': None, 'build_base': '/home/men3m/Naima/build/zed_components', 'catkin_cmake_args': None, 'catkin_skip_building_tests': False, 'cmake_args': None, 'cmake_clean_cache': False, 'cmake_clean_first': False, 'cmake_force_configure': False, 'cmake_target': None, 'cmake_target_skip_unavailable': False, 'install_base': '/home/men3m/Naima/install/zed_components', 'merge_install': False, 'path': '/home/men3m/Naima/src/zed-ros2-wrapper/zed_components', 'symlink_install': False, 'test_result_base': None}
[0.398s] Level 5:colcon.colcon_core.verb:set package 'zed_topic_benchmark_interfaces' build argument 'cmake_args' from command line to 'None'
[0.398s] Level 5:colcon.colcon_core.verb:set package 'zed_topic_benchmark_interfaces' build argument 'cmake_target' from command line to 'None'
[0.398s] Level 5:colcon.colcon_core.verb:set package 'zed_topic_benchmark_interfaces' build argument 'cmake_target_skip_unavailable' from command line to 'False'
[0.398s] Level 5:colcon.colcon_core.verb:set package 'zed_topic_benchmark_interfaces' build argument 'cmake_clean_cache' from command line to 'False'
[0.398s] Level 5:colcon.colcon_core.verb:set package 'zed_topic_benchmark_interfaces' build argument 'cmake_clean_first' from command line to 'False'
[0.398s] Level 5:colcon.colcon_core.verb:set package 'zed_topic_benchmark_interfaces' build argument 'cmake_force_configure' from command line to 'False'
[0.398s] Level 5:colcon.colcon_core.verb:set package 'zed_topic_benchmark_interfaces' build argument 'ament_cmake_args' from command line to 'None'
[0.398s] Level 5:colcon.colcon_core.verb:set package 'zed_topic_benchmark_interfaces' build argument 'catkin_cmake_args' from command line to 'None'
[0.398s] Level 5:colcon.colcon_core.verb:set package 'zed_topic_benchmark_interfaces' build argument 'catkin_skip_building_tests' from command line to 'False'
[0.398s] DEBUG:colcon.colcon_core.verb:Building package 'zed_topic_benchmark_interfaces' with the following arguments: {'ament_cmake_args': None, 'build_base': '/home/men3m/Naima/build/zed_topic_benchmark_interfaces', 'catkin_cmake_args': None, 'catkin_skip_building_tests': False, 'cmake_args': None, 'cmake_clean_cache': False, 'cmake_clean_first': False, 'cmake_force_configure': False, 'cmake_target': None, 'cmake_target_skip_unavailable': False, 'install_base': '/home/men3m/Naima/install/zed_topic_benchmark_interfaces', 'merge_install': False, 'path': '/home/men3m/Naima/src/zed-ros2-examples/tools/zed_benchmark_interfaces', 'symlink_install': False, 'test_result_base': None}
[0.399s] Level 5:colcon.colcon_core.verb:set package 'zed_tutorial_depth' build argument 'cmake_args' from command line to 'None'
[0.399s] Level 5:colcon.colcon_core.verb:set package 'zed_tutorial_depth' build argument 'cmake_target' from command line to 'None'
[0.399s] Level 5:colcon.colcon_core.verb:set package 'zed_tutorial_depth' build argument 'cmake_target_skip_unavailable' from command line to 'False'
[0.399s] Level 5:colcon.colcon_core.verb:set package 'zed_tutorial_depth' build argument 'cmake_clean_cache' from command line to 'False'
[0.399s] Level 5:colcon.colcon_core.verb:set package 'zed_tutorial_depth' build argument 'cmake_clean_first' from command line to 'False'
[0.399s] Level 5:colcon.colcon_core.verb:set package 'zed_tutorial_depth' build argument 'cmake_force_configure' from command line to 'False'
[0.399s] Level 5:colcon.colcon_core.verb:set package 'zed_tutorial_depth' build argument 'ament_cmake_args' from command line to 'None'
[0.399s] Level 5:colcon.colcon_core.verb:set package 'zed_tutorial_depth' build argument 'catkin_cmake_args' from command line to 'None'
[0.399s] Level 5:colcon.colcon_core.verb:set package 'zed_tutorial_depth' build argument 'catkin_skip_building_tests' from command line to 'False'
[0.399s] DEBUG:colcon.colcon_core.verb:Building package 'zed_tutorial_depth' with the following arguments: {'ament_cmake_args': None, 'build_base': '/home/men3m/Naima/build/zed_tutorial_depth', 'catkin_cmake_args': None, 'catkin_skip_building_tests': False, 'cmake_args': None, 'cmake_clean_cache': False, 'cmake_clean_first': False, 'cmake_force_configure': False, 'cmake_target': None, 'cmake_target_skip_unavailable': False, 'install_base': '/home/men3m/Naima/install/zed_tutorial_depth', 'merge_install': False, 'path': '/home/men3m/Naima/src/zed-ros2-examples/tutorials/zed_depth_tutorial', 'symlink_install': False, 'test_result_base': None}
[0.399s] Level 5:colcon.colcon_core.verb:set package 'zed_tutorial_pos_tracking' build argument 'cmake_args' from command line to 'None'
[0.399s] Level 5:colcon.colcon_core.verb:set package 'zed_tutorial_pos_tracking' build argument 'cmake_target' from command line to 'None'
[0.399s] Level 5:colcon.colcon_core.verb:set package 'zed_tutorial_pos_tracking' build argument 'cmake_target_skip_unavailable' from command line to 'False'
[0.399s] Level 5:colcon.colcon_core.verb:set package 'zed_tutorial_pos_tracking' build argument 'cmake_clean_cache' from command line to 'False'
[0.399s] Level 5:colcon.colcon_core.verb:set package 'zed_tutorial_pos_tracking' build argument 'cmake_clean_first' from command line to 'False'
[0.399s] Level 5:colcon.colcon_core.verb:set package 'zed_tutorial_pos_tracking' build argument 'cmake_force_configure' from command line to 'False'
[0.399s] Level 5:colcon.colcon_core.verb:set package 'zed_tutorial_pos_tracking' build argument 'ament_cmake_args' from command line to 'None'
[0.399s] Level 5:colcon.colcon_core.verb:set package 'zed_tutorial_pos_tracking' build argument 'catkin_cmake_args' from command line to 'None'
[0.399s] Level 5:colcon.colcon_core.verb:set package 'zed_tutorial_pos_tracking' build argument 'catkin_skip_building_tests' from command line to 'False'
[0.399s] DEBUG:colcon.colcon_core.verb:Building package 'zed_tutorial_pos_tracking' with the following arguments: {'ament_cmake_args': None, 'build_base': '/home/men3m/Naima/build/zed_tutorial_pos_tracking', 'catkin_cmake_args': None, 'catkin_skip_building_tests': False, 'cmake_args': None, 'cmake_clean_cache': False, 'cmake_clean_first': False, 'cmake_force_configure': False, 'cmake_target': None, 'cmake_target_skip_unavailable': False, 'install_base': '/home/men3m/Naima/install/zed_tutorial_pos_tracking', 'merge_install': False, 'path': '/home/men3m/Naima/src/zed-ros2-examples/tutorials/zed_pose_tutorial', 'symlink_install': False, 'test_result_base': None}
[0.399s] Level 5:colcon.colcon_core.verb:set package 'zed_tutorial_video' build argument 'cmake_args' from command line to 'None'
[0.400s] Level 5:colcon.colcon_core.verb:set package 'zed_tutorial_video' build argument 'cmake_target' from command line to 'None'
[0.400s] Level 5:colcon.colcon_core.verb:set package 'zed_tutorial_video' build argument 'cmake_target_skip_unavailable' from command line to 'False'
[0.400s] Level 5:colcon.colcon_core.verb:set package 'zed_tutorial_video' build argument 'cmake_clean_cache' from command line to 'False'
[0.400s] Level 5:colcon.colcon_core.verb:set package 'zed_tutorial_video' build argument 'cmake_clean_first' from command line to 'False'
[0.400s] Level 5:colcon.colcon_core.verb:set package 'zed_tutorial_video' build argument 'cmake_force_configure' from command line to 'False'
[0.400s] Level 5:colcon.colcon_core.verb:set package 'zed_tutorial_video' build argument 'ament_cmake_args' from command line to 'None'
[0.400s] Level 5:colcon.colcon_core.verb:set package 'zed_tutorial_video' build argument 'catkin_cmake_args' from command line to 'None'
[0.400s] Level 5:colcon.colcon_core.verb:set package 'zed_tutorial_video' build argument 'catkin_skip_building_tests' from command line to 'False'
[0.400s] DEBUG:colcon.colcon_core.verb:Building package 'zed_tutorial_video' with the following arguments: {'ament_cmake_args': None, 'build_base': '/home/men3m/Naima/build/zed_tutorial_video', 'catkin_cmake_args': None, 'catkin_skip_building_tests': False, 'cmake_args': None, 'cmake_clean_cache': False, 'cmake_clean_first': False, 'cmake_force_configure': False, 'cmake_target': None, 'cmake_target_skip_unavailable': False, 'install_base': '/home/men3m/Naima/install/zed_tutorial_video', 'merge_install': False, 'path': '/home/men3m/Naima/src/zed-ros2-examples/tutorials/zed_video_tutorial', 'symlink_install': False, 'test_result_base': None}
[0.400s] Level 5:colcon.colcon_core.verb:set package 'naima_examples' build argument 'cmake_args' from command line to 'None'
[0.400s] Level 5:colcon.colcon_core.verb:set package 'naima_examples' build argument 'cmake_target' from command line to 'None'
[0.400s] Level 5:colcon.colcon_core.verb:set package 'naima_examples' build argument 'cmake_target_skip_unavailable' from command line to 'False'
[0.400s] Level 5:colcon.colcon_core.verb:set package 'naima_examples' build argument 'cmake_clean_cache' from command line to 'False'
[0.400s] Level 5:colcon.colcon_core.verb:set package 'naima_examples' build argument 'cmake_clean_first' from command line to 'False'
[0.400s] Level 5:colcon.colcon_core.verb:set package 'naima_examples' build argument 'cmake_force_configure' from command line to 'False'
[0.400s] Level 5:colcon.colcon_core.verb:set package 'naima_examples' build argument 'ament_cmake_args' from command line to 'None'
[0.400s] Level 5:colcon.colcon_core.verb:set package 'naima_examples' build argument 'catkin_cmake_args' from command line to 'None'
[0.400s] Level 5:colcon.colcon_core.verb:set package 'naima_examples' build argument 'catkin_skip_building_tests' from command line to 'False'
[0.400s] DEBUG:colcon.colcon_core.verb:Building package 'naima_examples' with the following arguments: {'ament_cmake_args': None, 'build_base': '/home/men3m/Naima/build/naima_examples', 'catkin_cmake_args': None, 'catkin_skip_building_tests': False, 'cmake_args': None, 'cmake_clean_cache': False, 'cmake_clean_first': False, 'cmake_force_configure': False, 'cmake_target': None, 'cmake_target_skip_unavailable': False, 'install_base': '/home/men3m/Naima/install/naima_examples', 'merge_install': False, 'path': '/home/men3m/Naima/src/naima_examples', 'symlink_install': False, 'test_result_base': None}
[0.400s] Level 5:colcon.colcon_core.verb:set package 'ublox_msgs' build argument 'cmake_args' from command line to 'None'
[0.400s] Level 5:colcon.colcon_core.verb:set package 'ublox_msgs' build argument 'cmake_target' from command line to 'None'
[0.400s] Level 5:colcon.colcon_core.verb:set package 'ublox_msgs' build argument 'cmake_target_skip_unavailable' from command line to 'False'
[0.400s] Level 5:colcon.colcon_core.verb:set package 'ublox_msgs' build argument 'cmake_clean_cache' from command line to 'False'
[0.400s] Level 5:colcon.colcon_core.verb:set package 'ublox_msgs' build argument 'cmake_clean_first' from command line to 'False'
[0.400s] Level 5:colcon.colcon_core.verb:set package 'ublox_msgs' build argument 'cmake_force_configure' from command line to 'False'
[0.400s] Level 5:colcon.colcon_core.verb:set package 'ublox_msgs' build argument 'ament_cmake_args' from command line to 'None'
[0.401s] Level 5:colcon.colcon_core.verb:set package 'ublox_msgs' build argument 'catkin_cmake_args' from command line to 'None'
[0.401s] Level 5:colcon.colcon_core.verb:set package 'ublox_msgs' build argument 'catkin_skip_building_tests' from command line to 'False'
[0.401s] DEBUG:colcon.colcon_core.verb:Building package 'ublox_msgs' with the following arguments: {'ament_cmake_args': None, 'build_base': '/home/men3m/Naima/build/ublox_msgs', 'catkin_cmake_args': None, 'catkin_skip_building_tests': False, 'cmake_args': None, 'cmake_clean_cache': False, 'cmake_clean_first': False, 'cmake_force_configure': False, 'cmake_target': None, 'cmake_target_skip_unavailable': False, 'install_base': '/home/men3m/Naima/install/ublox_msgs', 'merge_install': False, 'path': '/home/men3m/Naima/src/naima_ublox_gps/ublox_msgs', 'symlink_install': False, 'test_result_base': None}
[0.401s] Level 5:colcon.colcon_core.verb:set package 'zed_aruco_localization' build argument 'cmake_args' from command line to 'None'
[0.401s] Level 5:colcon.colcon_core.verb:set package 'zed_aruco_localization' build argument 'cmake_target' from command line to 'None'
[0.401s] Level 5:colcon.colcon_core.verb:set package 'zed_aruco_localization' build argument 'cmake_target_skip_unavailable' from command line to 'False'
[0.401s] Level 5:colcon.colcon_core.verb:set package 'zed_aruco_localization' build argument 'cmake_clean_cache' from command line to 'False'
[0.401s] Level 5:colcon.colcon_core.verb:set package 'zed_aruco_localization' build argument 'cmake_clean_first' from command line to 'False'
[0.401s] Level 5:colcon.colcon_core.verb:set package 'zed_aruco_localization' build argument 'cmake_force_configure' from command line to 'False'
[0.401s] Level 5:colcon.colcon_core.verb:set package 'zed_aruco_localization' build argument 'ament_cmake_args' from command line to 'None'
[0.401s] Level 5:colcon.colcon_core.verb:set package 'zed_aruco_localization' build argument 'catkin_cmake_args' from command line to 'None'
[0.401s] Level 5:colcon.colcon_core.verb:set package 'zed_aruco_localization' build argument 'catkin_skip_building_tests' from command line to 'False'
[0.401s] DEBUG:colcon.colcon_core.verb:Building package 'zed_aruco_localization' with the following arguments: {'ament_cmake_args': None, 'build_base': '/home/men3m/Naima/build/zed_aruco_localization', 'catkin_cmake_args': None, 'catkin_skip_building_tests': False, 'cmake_args': None, 'cmake_clean_cache': False, 'cmake_clean_first': False, 'cmake_force_configure': False, 'cmake_target': None, 'cmake_target_skip_unavailable': False, 'install_base': '/home/men3m/Naima/install/zed_aruco_localization', 'merge_install': False, 'path': '/home/men3m/Naima/src/zed-ros2-examples/examples/zed_aruco_localization', 'symlink_install': False, 'test_result_base': None}
[0.401s] Level 5:colcon.colcon_core.verb:set package 'zed_rgb_convert' build argument 'cmake_args' from command line to 'None'
[0.401s] Level 5:colcon.colcon_core.verb:set package 'zed_rgb_convert' build argument 'cmake_target' from command line to 'None'
[0.401s] Level 5:colcon.colcon_core.verb:set package 'zed_rgb_convert' build argument 'cmake_target_skip_unavailable' from command line to 'False'
[0.401s] Level 5:colcon.colcon_core.verb:set package 'zed_rgb_convert' build argument 'cmake_clean_cache' from command line to 'False'
[0.401s] Level 5:colcon.colcon_core.verb:set package 'zed_rgb_convert' build argument 'cmake_clean_first' from command line to 'False'
[0.401s] Level 5:colcon.colcon_core.verb:set package 'zed_rgb_convert' build argument 'cmake_force_configure' from command line to 'False'
[0.401s] Level 5:colcon.colcon_core.verb:set package 'zed_rgb_convert' build argument 'ament_cmake_args' from command line to 'None'
[0.401s] Level 5:colcon.colcon_core.verb:set package 'zed_rgb_convert' build argument 'catkin_cmake_args' from command line to 'None'
[0.401s] Level 5:colcon.colcon_core.verb:set package 'zed_rgb_convert' build argument 'catkin_skip_building_tests' from command line to 'False'
[0.401s] DEBUG:colcon.colcon_core.verb:Building package 'zed_rgb_convert' with the following arguments: {'ament_cmake_args': None, 'build_base': '/home/men3m/Naima/build/zed_rgb_convert', 'catkin_cmake_args': None, 'catkin_skip_building_tests': False, 'cmake_args': None, 'cmake_clean_cache': False, 'cmake_clean_first': False, 'cmake_force_configure': False, 'cmake_target': None, 'cmake_target_skip_unavailable': False, 'install_base': '/home/men3m/Naima/install/zed_rgb_convert', 'merge_install': False, 'path': '/home/men3m/Naima/src/zed-ros2-examples/tutorials/zed_rgb_convert', 'symlink_install': False, 'test_result_base': None}
[0.402s] Level 5:colcon.colcon_core.verb:set package 'zed_topic_benchmark_component' build argument 'cmake_args' from command line to 'None'
[0.402s] Level 5:colcon.colcon_core.verb:set package 'zed_topic_benchmark_component' build argument 'cmake_target' from command line to 'None'
[0.402s] Level 5:colcon.colcon_core.verb:set package 'zed_topic_benchmark_component' build argument 'cmake_target_skip_unavailable' from command line to 'False'
[0.402s] Level 5:colcon.colcon_core.verb:set package 'zed_topic_benchmark_component' build argument 'cmake_clean_cache' from command line to 'False'
[0.402s] Level 5:colcon.colcon_core.verb:set package 'zed_topic_benchmark_component' build argument 'cmake_clean_first' from command line to 'False'
[0.402s] Level 5:colcon.colcon_core.verb:set package 'zed_topic_benchmark_component' build argument 'cmake_force_configure' from command line to 'False'
[0.402s] Level 5:colcon.colcon_core.verb:set package 'zed_topic_benchmark_component' build argument 'ament_cmake_args' from command line to 'None'
[0.402s] Level 5:colcon.colcon_core.verb:set package 'zed_topic_benchmark_component' build argument 'catkin_cmake_args' from command line to 'None'
[0.402s] Level 5:colcon.colcon_core.verb:set package 'zed_topic_benchmark_component' build argument 'catkin_skip_building_tests' from command line to 'False'
[0.402s] DEBUG:colcon.colcon_core.verb:Building package 'zed_topic_benchmark_component' with the following arguments: {'ament_cmake_args': None, 'build_base': '/home/men3m/Naima/build/zed_topic_benchmark_component', 'catkin_cmake_args': None, 'catkin_skip_building_tests': False, 'cmake_args': None, 'cmake_clean_cache': False, 'cmake_clean_first': False, 'cmake_force_configure': False, 'cmake_target': None, 'cmake_target_skip_unavailable': False, 'install_base': '/home/men3m/Naima/install/zed_topic_benchmark_component', 'merge_install': False, 'path': '/home/men3m/Naima/src/zed-ros2-examples/tools/zed_benchmark_component', 'symlink_install': False, 'test_result_base': None}
[0.402s] Level 5:colcon.colcon_core.verb:set package 'zed_wrapper' build argument 'cmake_args' from command line to 'None'
[0.402s] Level 5:colcon.colcon_core.verb:set package 'zed_wrapper' build argument 'cmake_target' from command line to 'None'
[0.402s] Level 5:colcon.colcon_core.verb:set package 'zed_wrapper' build argument 'cmake_target_skip_unavailable' from command line to 'False'
[0.402s] Level 5:colcon.colcon_core.verb:set package 'zed_wrapper' build argument 'cmake_clean_cache' from command line to 'False'
[0.402s] Level 5:colcon.colcon_core.verb:set package 'zed_wrapper' build argument 'cmake_clean_first' from command line to 'False'
[0.402s] Level 5:colcon.colcon_core.verb:set package 'zed_wrapper' build argument 'cmake_force_configure' from command line to 'False'
[0.402s] Level 5:colcon.colcon_core.verb:set package 'zed_wrapper' build argument 'ament_cmake_args' from command line to 'None'
[0.402s] Level 5:colcon.colcon_core.verb:set package 'zed_wrapper' build argument 'catkin_cmake_args' from command line to 'None'
[0.402s] Level 5:colcon.colcon_core.verb:set package 'zed_wrapper' build argument 'catkin_skip_building_tests' from command line to 'False'
[0.402s] DEBUG:colcon.colcon_core.verb:Building package 'zed_wrapper' with the following arguments: {'ament_cmake_args': None, 'build_base': '/home/men3m/Naima/build/zed_wrapper', 'catkin_cmake_args': None, 'catkin_skip_building_tests': False, 'cmake_args': None, 'cmake_clean_cache': False, 'cmake_clean_first': False, 'cmake_force_configure': False, 'cmake_target': None, 'cmake_target_skip_unavailable': False, 'install_base': '/home/men3m/Naima/install/zed_wrapper', 'merge_install': False, 'path': '/home/men3m/Naima/src/zed-ros2-wrapper/zed_wrapper', 'symlink_install': False, 'test_result_base': None}
[0.403s] Level 5:colcon.colcon_core.verb:set package 'ublox_gps' build argument 'cmake_args' from command line to 'None'
[0.403s] Level 5:colcon.colcon_core.verb:set package 'ublox_gps' build argument 'cmake_target' from command line to 'None'
[0.403s] Level 5:colcon.colcon_core.verb:set package 'ublox_gps' build argument 'cmake_target_skip_unavailable' from command line to 'False'
[0.403s] Level 5:colcon.colcon_core.verb:set package 'ublox_gps' build argument 'cmake_clean_cache' from command line to 'False'
[0.403s] Level 5:colcon.colcon_core.verb:set package 'ublox_gps' build argument 'cmake_clean_first' from command line to 'False'
[0.403s] Level 5:colcon.colcon_core.verb:set package 'ublox_gps' build argument 'cmake_force_configure' from command line to 'False'
[0.403s] Level 5:colcon.colcon_core.verb:set package 'ublox_gps' build argument 'ament_cmake_args' from command line to 'None'
[0.403s] Level 5:colcon.colcon_core.verb:set package 'ublox_gps' build argument 'catkin_cmake_args' from command line to 'None'
[0.403s] Level 5:colcon.colcon_core.verb:set package 'ublox_gps' build argument 'catkin_skip_building_tests' from command line to 'False'
[0.403s] DEBUG:colcon.colcon_core.verb:Building package 'ublox_gps' with the following arguments: {'ament_cmake_args': None, 'build_base': '/home/men3m/Naima/build/ublox_gps', 'catkin_cmake_args': None, 'catkin_skip_building_tests': False, 'cmake_args': None, 'cmake_clean_cache': False, 'cmake_clean_first': False, 'cmake_force_configure': False, 'cmake_target': None, 'cmake_target_skip_unavailable': False, 'install_base': '/home/men3m/Naima/install/ublox_gps', 'merge_install': False, 'path': '/home/men3m/Naima/src/naima_ublox_gps/ublox_gps', 'symlink_install': False, 'test_result_base': None}
[0.403s] Level 5:colcon.colcon_core.verb:set package 'zed_depth_to_laserscan' build argument 'cmake_args' from command line to 'None'
[0.403s] Level 5:colcon.colcon_core.verb:set package 'zed_depth_to_laserscan' build argument 'cmake_target' from command line to 'None'
[0.403s] Level 5:colcon.colcon_core.verb:set package 'zed_depth_to_laserscan' build argument 'cmake_target_skip_unavailable' from command line to 'False'
[0.403s] Level 5:colcon.colcon_core.verb:set package 'zed_depth_to_laserscan' build argument 'cmake_clean_cache' from command line to 'False'
[0.403s] Level 5:colcon.colcon_core.verb:set package 'zed_depth_to_laserscan' build argument 'cmake_clean_first' from command line to 'False'
[0.403s] Level 5:colcon.colcon_core.verb:set package 'zed_depth_to_laserscan' build argument 'cmake_force_configure' from command line to 'False'
[0.403s] Level 5:colcon.colcon_core.verb:set package 'zed_depth_to_laserscan' build argument 'ament_cmake_args' from command line to 'None'
[0.403s] Level 5:colcon.colcon_core.verb:set package 'zed_depth_to_laserscan' build argument 'catkin_cmake_args' from command line to 'None'
[0.403s] Level 5:colcon.colcon_core.verb:set package 'zed_depth_to_laserscan' build argument 'catkin_skip_building_tests' from command line to 'False'
[0.403s] DEBUG:colcon.colcon_core.verb:Building package 'zed_depth_to_laserscan' with the following arguments: {'ament_cmake_args': None, 'build_base': '/home/men3m/Naima/build/zed_depth_to_laserscan', 'catkin_cmake_args': None, 'catkin_skip_building_tests': False, 'cmake_args': None, 'cmake_clean_cache': False, 'cmake_clean_first': False, 'cmake_force_configure': False, 'cmake_target': None, 'cmake_target_skip_unavailable': False, 'install_base': '/home/men3m/Naima/install/zed_depth_to_laserscan', 'merge_install': False, 'path': '/home/men3m/Naima/src/zed-ros2-examples/examples/zed_depth_to_laserscan', 'symlink_install': False, 'test_result_base': None}
[0.403s] Level 5:colcon.colcon_core.verb:set package 'zed_display_rviz2' build argument 'cmake_args' from command line to 'None'
[0.403s] Level 5:colcon.colcon_core.verb:set package 'zed_display_rviz2' build argument 'cmake_target' from command line to 'None'
[0.403s] Level 5:colcon.colcon_core.verb:set package 'zed_display_rviz2' build argument 'cmake_target_skip_unavailable' from command line to 'False'
[0.403s] Level 5:colcon.colcon_core.verb:set package 'zed_display_rviz2' build argument 'cmake_clean_cache' from command line to 'False'
[0.403s] Level 5:colcon.colcon_core.verb:set package 'zed_display_rviz2' build argument 'cmake_clean_first' from command line to 'False'
[0.404s] Level 5:colcon.colcon_core.verb:set package 'zed_display_rviz2' build argument 'cmake_force_configure' from command line to 'False'
[0.404s] Level 5:colcon.colcon_core.verb:set package 'zed_display_rviz2' build argument 'ament_cmake_args' from command line to 'None'
[0.404s] Level 5:colcon.colcon_core.verb:set package 'zed_display_rviz2' build argument 'catkin_cmake_args' from command line to 'None'
[0.404s] Level 5:colcon.colcon_core.verb:set package 'zed_display_rviz2' build argument 'catkin_skip_building_tests' from command line to 'False'
[0.404s] DEBUG:colcon.colcon_core.verb:Building package 'zed_display_rviz2' with the following arguments: {'ament_cmake_args': None, 'build_base': '/home/men3m/Naima/build/zed_display_rviz2', 'catkin_cmake_args': None, 'catkin_skip_building_tests': False, 'cmake_args': None, 'cmake_clean_cache': False, 'cmake_clean_first': False, 'cmake_force_configure': False, 'cmake_target': None, 'cmake_target_skip_unavailable': False, 'install_base': '/home/men3m/Naima/install/zed_display_rviz2', 'merge_install': False, 'path': '/home/men3m/Naima/src/zed-ros2-examples/zed_display_rviz2', 'symlink_install': False, 'test_result_base': None}
[0.404s] Level 5:colcon.colcon_core.verb:set package 'zed_multi_camera' build argument 'cmake_args' from command line to 'None'
[0.404s] Level 5:colcon.colcon_core.verb:set package 'zed_multi_camera' build argument 'cmake_target' from command line to 'None'
[0.404s] Level 5:colcon.colcon_core.verb:set package 'zed_multi_camera' build argument 'cmake_target_skip_unavailable' from command line to 'False'
[0.404s] Level 5:colcon.colcon_core.verb:set package 'zed_multi_camera' build argument 'cmake_clean_cache' from command line to 'False'
[0.404s] Level 5:colcon.colcon_core.verb:set package 'zed_multi_camera' build argument 'cmake_clean_first' from command line to 'False'
[0.404s] Level 5:colcon.colcon_core.verb:set package 'zed_multi_camera' build argument 'cmake_force_configure' from command line to 'False'
[0.404s] Level 5:colcon.colcon_core.verb:set package 'zed_multi_camera' build argument 'ament_cmake_args' from command line to 'None'
[0.404s] Level 5:colcon.colcon_core.verb:set package 'zed_multi_camera' build argument 'catkin_cmake_args' from command line to 'None'
[0.404s] Level 5:colcon.colcon_core.verb:set package 'zed_multi_camera' build argument 'catkin_skip_building_tests' from command line to 'False'
[0.404s] DEBUG:colcon.colcon_core.verb:Building package 'zed_multi_camera' with the following arguments: {'ament_cmake_args': None, 'build_base': '/home/men3m/Naima/build/zed_multi_camera', 'catkin_cmake_args': None, 'catkin_skip_building_tests': False, 'cmake_args': None, 'cmake_clean_cache': False, 'cmake_clean_first': False, 'cmake_force_configure': False, 'cmake_target': None, 'cmake_target_skip_unavailable': False, 'install_base': '/home/men3m/Naima/install/zed_multi_camera', 'merge_install': False, 'path': '/home/men3m/Naima/src/zed-ros2-examples/tutorials/zed_multi_camera', 'symlink_install': False, 'test_result_base': None}
[0.404s] Level 5:colcon.colcon_core.verb:set package 'zed_robot_integration' build argument 'cmake_args' from command line to 'None'
[0.404s] Level 5:colcon.colcon_core.verb:set package 'zed_robot_integration' build argument 'cmake_target' from command line to 'None'
[0.404s] Level 5:colcon.colcon_core.verb:set package 'zed_robot_integration' build argument 'cmake_target_skip_unavailable' from command line to 'False'
[0.404s] Level 5:colcon.colcon_core.verb:set package 'zed_robot_integration' build argument 'cmake_clean_cache' from command line to 'False'
[0.404s] Level 5:colcon.colcon_core.verb:set package 'zed_robot_integration' build argument 'cmake_clean_first' from command line to 'False'
[0.404s] Level 5:colcon.colcon_core.verb:set package 'zed_robot_integration' build argument 'cmake_force_configure' from command line to 'False'
[0.404s] Level 5:colcon.colcon_core.verb:set package 'zed_robot_integration' build argument 'ament_cmake_args' from command line to 'None'
[0.404s] Level 5:colcon.colcon_core.verb:set package 'zed_robot_integration' build argument 'catkin_cmake_args' from command line to 'None'
[0.405s] Level 5:colcon.colcon_core.verb:set package 'zed_robot_integration' build argument 'catkin_skip_building_tests' from command line to 'False'
[0.405s] DEBUG:colcon.colcon_core.verb:Building package 'zed_robot_integration' with the following arguments: {'ament_cmake_args': None, 'build_base': '/home/men3m/Naima/build/zed_robot_integration', 'catkin_cmake_args': None, 'catkin_skip_building_tests': False, 'cmake_args': None, 'cmake_clean_cache': False, 'cmake_clean_first': False, 'cmake_force_configure': False, 'cmake_target': None, 'cmake_target_skip_unavailable': False, 'install_base': '/home/men3m/Naima/install/zed_robot_integration', 'merge_install': False, 'path': '/home/men3m/Naima/src/zed-ros2-examples/tutorials/zed_robot_integration', 'symlink_install': False, 'test_result_base': None}
[0.405s] Level 5:colcon.colcon_core.verb:set package 'zed_ros2' build argument 'cmake_args' from command line to 'None'
[0.405s] Level 5:colcon.colcon_core.verb:set package 'zed_ros2' build argument 'cmake_target' from command line to 'None'
[0.405s] Level 5:colcon.colcon_core.verb:set package 'zed_ros2' build argument 'cmake_target_skip_unavailable' from command line to 'False'
[0.405s] Level 5:colcon.colcon_core.verb:set package 'zed_ros2' build argument 'cmake_clean_cache' from command line to 'False'
[0.405s] Level 5:colcon.colcon_core.verb:set package 'zed_ros2' build argument 'cmake_clean_first' from command line to 'False'
[0.405s] Level 5:colcon.colcon_core.verb:set package 'zed_ros2' build argument 'cmake_force_configure' from command line to 'False'
[0.405s] Level 5:colcon.colcon_core.verb:set package 'zed_ros2' build argument 'ament_cmake_args' from command line to 'None'
[0.405s] Level 5:colcon.colcon_core.verb:set package 'zed_ros2' build argument 'catkin_cmake_args' from command line to 'None'
[0.405s] Level 5:colcon.colcon_core.verb:set package 'zed_ros2' build argument 'catkin_skip_building_tests' from command line to 'False'
[0.405s] DEBUG:colcon.colcon_core.verb:Building package 'zed_ros2' with the following arguments: {'ament_cmake_args': None, 'build_base': '/home/men3m/Naima/build/zed_ros2', 'catkin_cmake_args': None, 'catkin_skip_building_tests': False, 'cmake_args': None, 'cmake_clean_cache': False, 'cmake_clean_first': False, 'cmake_force_configure': False, 'cmake_target': None, 'cmake_target_skip_unavailable': False, 'install_base': '/home/men3m/Naima/install/zed_ros2', 'merge_install': False, 'path': '/home/men3m/Naima/src/zed-ros2-wrapper/zed_ros2', 'symlink_install': False, 'test_result_base': None}
[0.405s] Level 5:colcon.colcon_core.verb:set package 'zed_topic_benchmark' build argument 'cmake_args' from command line to 'None'
[0.405s] Level 5:colcon.colcon_core.verb:set package 'zed_topic_benchmark' build argument 'cmake_target' from command line to 'None'
[0.405s] Level 5:colcon.colcon_core.verb:set package 'zed_topic_benchmark' build argument 'cmake_target_skip_unavailable' from command line to 'False'
[0.405s] Level 5:colcon.colcon_core.verb:set package 'zed_topic_benchmark' build argument 'cmake_clean_cache' from command line to 'False'
[0.405s] Level 5:colcon.colcon_core.verb:set package 'zed_topic_benchmark' build argument 'cmake_clean_first' from command line to 'False'
[0.405s] Level 5:colcon.colcon_core.verb:set package 'zed_topic_benchmark' build argument 'cmake_force_configure' from command line to 'False'
[0.405s] Level 5:colcon.colcon_core.verb:set package 'zed_topic_benchmark' build argument 'ament_cmake_args' from command line to 'None'
[0.405s] Level 5:colcon.colcon_core.verb:set package 'zed_topic_benchmark' build argument 'catkin_cmake_args' from command line to 'None'
[0.405s] Level 5:colcon.colcon_core.verb:set package 'zed_topic_benchmark' build argument 'catkin_skip_building_tests' from command line to 'False'
[0.405s] DEBUG:colcon.colcon_core.verb:Building package 'zed_topic_benchmark' with the following arguments: {'ament_cmake_args': None, 'build_base': '/home/men3m/Naima/build/zed_topic_benchmark', 'catkin_cmake_args': None, 'catkin_skip_building_tests': False, 'cmake_args': None, 'cmake_clean_cache': False, 'cmake_clean_first': False, 'cmake_force_configure': False, 'cmake_target': None, 'cmake_target_skip_unavailable': False, 'install_base': '/home/men3m/Naima/install/zed_topic_benchmark', 'merge_install': False, 'path': '/home/men3m/Naima/src/zed-ros2-examples/tools/zed_benchmark', 'symlink_install': False, 'test_result_base': None}
[0.406s] Level 5:colcon.colcon_core.verb:set package 'ublox' build argument 'cmake_args' from command line to 'None'
[0.406s] Level 5:colcon.colcon_core.verb:set package 'ublox' build argument 'cmake_target' from command line to 'None'
[0.406s] Level 5:colcon.colcon_core.verb:set package 'ublox' build argument 'cmake_target_skip_unavailable' from command line to 'False'
[0.406s] Level 5:colcon.colcon_core.verb:set package 'ublox' build argument 'cmake_clean_cache' from command line to 'False'
[0.406s] Level 5:colcon.colcon_core.verb:set package 'ublox' build argument 'cmake_clean_first' from command line to 'False'
[0.406s] Level 5:colcon.colcon_core.verb:set package 'ublox' build argument 'cmake_force_configure' from command line to 'False'
[0.406s] Level 5:colcon.colcon_core.verb:set package 'ublox' build argument 'ament_cmake_args' from command line to 'None'
[0.406s] Level 5:colcon.colcon_core.verb:set package 'ublox' build argument 'catkin_cmake_args' from command line to 'None'
[0.406s] Level 5:colcon.colcon_core.verb:set package 'ublox' build argument 'catkin_skip_building_tests' from command line to 'False'
[0.406s] DEBUG:colcon.colcon_core.verb:Building package 'ublox' with the following arguments: {'ament_cmake_args': None, 'build_base': '/home/men3m/Naima/build/ublox', 'catkin_cmake_args': None, 'catkin_skip_building_tests': False, 'cmake_args': None, 'cmake_clean_cache': False, 'cmake_clean_first': False, 'cmake_force_configure': False, 'cmake_target': None, 'cmake_target_skip_unavailable': False, 'install_base': '/home/men3m/Naima/install/ublox', 'merge_install': False, 'path': '/home/men3m/Naima/src/naima_ublox_gps/ublox', 'symlink_install': False, 'test_result_base': None}
[0.406s] Level 5:colcon.colcon_core.verb:set package 'zed_ipc' build argument 'cmake_args' from command line to 'None'
[0.406s] Level 5:colcon.colcon_core.verb:set package 'zed_ipc' build argument 'cmake_target' from command line to 'None'
[0.406s] Level 5:colcon.colcon_core.verb:set package 'zed_ipc' build argument 'cmake_target_skip_unavailable' from command line to 'False'
[0.406s] Level 5:colcon.colcon_core.verb:set package 'zed_ipc' build argument 'cmake_clean_cache' from command line to 'False'
[0.406s] Level 5:colcon.colcon_core.verb:set package 'zed_ipc' build argument 'cmake_clean_first' from command line to 'False'
[0.406s] Level 5:colcon.colcon_core.verb:set package 'zed_ipc' build argument 'cmake_force_configure' from command line to 'False'
[0.406s] Level 5:colcon.colcon_core.verb:set package 'zed_ipc' build argument 'ament_cmake_args' from command line to 'None'
[0.406s] Level 5:colcon.colcon_core.verb:set package 'zed_ipc' build argument 'catkin_cmake_args' from command line to 'None'
[0.406s] Level 5:colcon.colcon_core.verb:set package 'zed_ipc' build argument 'catkin_skip_building_tests' from command line to 'False'
[0.406s] DEBUG:colcon.colcon_core.verb:Building package 'zed_ipc' with the following arguments: {'ament_cmake_args': None, 'build_base': '/home/men3m/Naima/build/zed_ipc', 'catkin_cmake_args': None, 'catkin_skip_building_tests': False, 'cmake_args': None, 'cmake_clean_cache': False, 'cmake_clean_first': False, 'cmake_force_configure': False, 'cmake_target': None, 'cmake_target_skip_unavailable': False, 'install_base': '/home/men3m/Naima/install/zed_ipc', 'merge_install': False, 'path': '/home/men3m/Naima/src/zed-ros2-examples/tutorials/zed_ipc', 'symlink_install': False, 'test_result_base': None}
[0.406s] INFO:colcon.colcon_core.executor:Executing jobs using 'parallel' executor
[0.407s] DEBUG:colcon.colcon_parallel_executor.executor.parallel:run_until_complete
[0.408s] INFO:colcon.colcon_ros.task.ament_cmake.build:Building ROS package in '/home/men3m/Naima/src/zed-ros2-wrapper/zed_components' with build type 'ament_cmake'
[0.408s] INFO:colcon.colcon_cmake.task.cmake.build:Building CMake package in '/home/men3m/Naima/src/zed-ros2-wrapper/zed_components'
[0.411s] INFO:colcon.colcon_core.plugin_system:Skipping extension 'colcon_core.shell.bat': Not used on non-Windows systems
[0.411s] INFO:colcon.colcon_core.shell:Skip shell extension 'powershell' for command environment: Not usable outside of PowerShell
[0.411s] DEBUG:colcon.colcon_core.shell:Skip shell extension 'dsv' for command environment
[0.414s] INFO:colcon.colcon_ros.task.ament_cmake.build:Building ROS package in '/home/men3m/Naima/src/naima_ublox_gps/ublox_serialization' with build type 'ament_cmake'
[0.414s] INFO:colcon.colcon_cmake.task.cmake.build:Building CMake package in '/home/men3m/Naima/src/naima_ublox_gps/ublox_serialization'
[0.414s] INFO:colcon.colcon_core.shell:Skip shell extension 'powershell' for command environment: Not usable outside of PowerShell
[0.414s] DEBUG:colcon.colcon_core.shell:Skip shell extension 'dsv' for command environment
[0.421s] DEBUG:colcon.colcon_core.event_handler.log_command:Invoking command in '/home/men3m/Naima/build/zed_components': CMAKE_PREFIX_PATH=/opt/ros/humble /usr/bin/cmake --build /home/men3m/Naima/build/zed_components -- -j16 -l16
[0.424s] DEBUG:colcon.colcon_core.event_handler.log_command:Invoking command in '/home/men3m/Naima/build/ublox_serialization': CMAKE_PREFIX_PATH=/opt/ros/humble /usr/bin/cmake --build /home/men3m/Naima/build/ublox_serialization -- -j16 -l16
[0.465s] DEBUG:colcon.colcon_core.event_handler.log_command:Invoked command in '/home/men3m/Naima/build/ublox_serialization' returned '0': CMAKE_PREFIX_PATH=/opt/ros/humble /usr/bin/cmake --build /home/men3m/Naima/build/ublox_serialization -- -j16 -l16
[0.475s] DEBUG:colcon.colcon_core.event_handler.log_command:Invoking command in '/home/men3m/Naima/build/ublox_serialization': CMAKE_PREFIX_PATH=/opt/ros/humble /usr/bin/cmake --install /home/men3m/Naima/build/ublox_serialization
[0.484s] Level 1:colcon.colcon_core.environment:create_environment_scripts_only(ublox_serialization)
[0.485s] DEBUG:colcon.colcon_core.event_handler.log_command:Invoked command in '/home/men3m/Naima/build/ublox_serialization' returned '0': CMAKE_PREFIX_PATH=/opt/ros/humble /usr/bin/cmake --install /home/men3m/Naima/build/ublox_serialization
[0.488s] Level 1:colcon.colcon_core.environment:checking '/home/men3m/Naima/install/ublox_serialization' for CMake module files
[0.488s] Level 1:colcon.colcon_core.environment:checking '/home/men3m/Naima/install/ublox_serialization' for CMake config files
[0.488s] Level 1:colcon.colcon_core.shell:create_environment_hook('ublox_serialization', 'cmake_prefix_path')
[0.488s] INFO:colcon.colcon_core.shell:Creating environment hook '/home/men3m/Naima/install/ublox_serialization/share/ublox_serialization/hook/cmake_prefix_path.ps1'
[0.489s] INFO:colcon.colcon_core.shell:Creating environment descriptor '/home/men3m/Naima/install/ublox_serialization/share/ublox_serialization/hook/cmake_prefix_path.dsv'
[0.489s] INFO:colcon.colcon_core.shell:Creating environment hook '/home/men3m/Naima/install/ublox_serialization/share/ublox_serialization/hook/cmake_prefix_path.sh'
[0.490s] Level 1:colcon.colcon_core.environment:checking '/home/men3m/Naima/install/ublox_serialization/bin'
[0.490s] Level 1:colcon.colcon_core.environment:checking '/home/men3m/Naima/install/ublox_serialization/lib/pkgconfig/ublox_serialization.pc'
[0.490s] Level 1:colcon.colcon_core.environment:checking '/home/men3m/Naima/install/ublox_serialization/lib/python3.10/site-packages'
[0.490s] Level 1:colcon.colcon_core.environment:checking '/home/men3m/Naima/install/ublox_serialization/bin'
[0.491s] INFO:colcon.colcon_core.shell:Creating package script '/home/men3m/Naima/install/ublox_serialization/share/ublox_serialization/package.ps1'
[0.491s] INFO:colcon.colcon_core.shell:Creating package descriptor '/home/men3m/Naima/install/ublox_serialization/share/ublox_serialization/package.dsv'
[0.492s] INFO:colcon.colcon_core.shell:Creating package script '/home/men3m/Naima/install/ublox_serialization/share/ublox_serialization/package.sh'
[0.492s] INFO:colcon.colcon_core.shell:Creating package script '/home/men3m/Naima/install/ublox_serialization/share/ublox_serialization/package.bash'
[0.493s] INFO:colcon.colcon_core.shell:Creating package script '/home/men3m/Naima/install/ublox_serialization/share/ublox_serialization/package.zsh'
[0.493s] Level 1:colcon.colcon_core.environment:create_file_with_runtime_dependencies(/home/men3m/Naima/install/ublox_serialization/share/colcon-core/packages/ublox_serialization)
[0.494s] Level 1:colcon.colcon_core.environment:create_environment_scripts_only(ublox_serialization)
[0.494s] Level 1:colcon.colcon_core.environment:checking '/home/men3m/Naima/install/ublox_serialization' for CMake module files
[0.494s] Level 1:colcon.colcon_core.environment:checking '/home/men3m/Naima/install/ublox_serialization' for CMake config files
[0.494s] Level 1:colcon.colcon_core.shell:create_environment_hook('ublox_serialization', 'cmake_prefix_path')
[0.494s] INFO:colcon.colcon_core.shell:Creating environment hook '/home/men3m/Naima/install/ublox_serialization/share/ublox_serialization/hook/cmake_prefix_path.ps1'
[0.495s] INFO:colcon.colcon_core.shell:Creating environment descriptor '/home/men3m/Naima/install/ublox_serialization/share/ublox_serialization/hook/cmake_prefix_path.dsv'
[0.495s] INFO:colcon.colcon_core.shell:Creating environment hook '/home/men3m/Naima/install/ublox_serialization/share/ublox_serialization/hook/cmake_prefix_path.sh'
[0.496s] Level 1:colcon.colcon_core.environment:checking '/home/men3m/Naima/install/ublox_serialization/bin'
[0.496s] Level 1:colcon.colcon_core.environment:checking '/home/men3m/Naima/install/ublox_serialization/lib/pkgconfig/ublox_serialization.pc'
[0.496s] Level 1:colcon.colcon_core.environment:checking '/home/men3m/Naima/install/ublox_serialization/lib/python3.10/site-packages'
[0.496s] Level 1:colcon.colcon_core.environment:checking '/home/men3m/Naima/install/ublox_serialization/bin'
[0.496s] INFO:colcon.colcon_core.shell:Creating package script '/home/men3m/Naima/install/ublox_serialization/share/ublox_serialization/package.ps1'
[0.497s] INFO:colcon.colcon_core.shell:Creating package descriptor '/home/men3m/Naima/install/ublox_serialization/share/ublox_serialization/package.dsv'
[0.497s] INFO:colcon.colcon_core.shell:Creating package script '/home/men3m/Naima/install/ublox_serialization/share/ublox_serialization/package.sh'
[0.497s] INFO:colcon.colcon_core.shell:Creating package script '/home/men3m/Naima/install/ublox_serialization/share/ublox_serialization/package.bash'
[0.498s] INFO:colcon.colcon_core.shell:Creating package script '/home/men3m/Naima/install/ublox_serialization/share/ublox_serialization/package.zsh'
[0.498s] Level 1:colcon.colcon_core.environment:create_file_with_runtime_dependencies(/home/men3m/Naima/install/ublox_serialization/share/colcon-core/packages/ublox_serialization)
[0.498s] INFO:colcon.colcon_ros.task.ament_cmake.build:Building ROS package in '/home/men3m/Naima/src/zed-ros2-examples/tools/zed_benchmark_interfaces' with build type 'ament_cmake'
[0.498s] INFO:colcon.colcon_cmake.task.cmake.build:Building CMake package in '/home/men3m/Naima/src/zed-ros2-examples/tools/zed_benchmark_interfaces'
[0.499s] INFO:colcon.colcon_core.shell:Skip shell extension 'powershell' for command environment: Not usable outside of PowerShell
[0.499s] DEBUG:colcon.colcon_core.shell:Skip shell extension 'dsv' for command environment
[0.505s] DEBUG:colcon.colcon_core.event_handler.log_command:Invoking command in '/home/men3m/Naima/build/zed_topic_benchmark_interfaces': CMAKE_PREFIX_PATH=/opt/ros/humble /usr/bin/cmake --build /home/men3m/Naima/build/zed_topic_benchmark_interfaces -- -j16 -l16
[0.506s] DEBUG:colcon.colcon_core.event_handler.log_command:Invoked command in '/home/men3m/Naima/build/zed_components' returned '0': CMAKE_PREFIX_PATH=/opt/ros/humble /usr/bin/cmake --build /home/men3m/Naima/build/zed_components -- -j16 -l16
[0.507s] DEBUG:colcon.colcon_core.event_handler.log_command:Invoking command in '/home/men3m/Naima/build/zed_components': CMAKE_PREFIX_PATH=/opt/ros/humble /usr/bin/cmake --install /home/men3m/Naima/build/zed_components
[0.517s] Level 1:colcon.colcon_core.environment:create_environment_scripts_only(zed_components)
[0.517s] DEBUG:colcon.colcon_core.event_handler.log_command:Invoked command in '/home/men3m/Naima/build/zed_components' returned '0': CMAKE_PREFIX_PATH=/opt/ros/humble /usr/bin/cmake --install /home/men3m/Naima/build/zed_components
[0.517s] Level 1:colcon.colcon_core.environment:checking '/home/men3m/Naima/install/zed_components' for CMake module files
[0.518s] Level 1:colcon.colcon_core.environment:checking '/home/men3m/Naima/install/zed_components' for CMake config files
[0.518s] Level 1:colcon.colcon_core.shell:create_environment_hook('zed_components', 'cmake_prefix_path')
[0.518s] INFO:colcon.colcon_core.shell:Creating environment hook '/home/men3m/Naima/install/zed_components/share/zed_components/hook/cmake_prefix_path.ps1'
[0.519s] INFO:colcon.colcon_core.shell:Creating environment descriptor '/home/men3m/Naima/install/zed_components/share/zed_components/hook/cmake_prefix_path.dsv'
[0.519s] INFO:colcon.colcon_core.shell:Creating environment hook '/home/men3m/Naima/install/zed_components/share/zed_components/hook/cmake_prefix_path.sh'
[0.520s] Level 1:colcon.colcon_core.environment:checking '/home/men3m/Naima/install/zed_components/lib'
[0.520s] Level 1:colcon.colcon_core.shell:create_environment_hook('zed_components', 'ld_library_path_lib')
[0.520s] INFO:colcon.colcon_core.shell:Creating environment hook '/home/men3m/Naima/install/zed_components/share/zed_components/hook/ld_library_path_lib.ps1'
[0.521s] INFO:colcon.colcon_core.shell:Creating environment descriptor '/home/men3m/Naima/install/zed_components/share/zed_components/hook/ld_library_path_lib.dsv'
[0.521s] INFO:colcon.colcon_core.shell:Creating environment hook '/home/men3m/Naima/install/zed_components/share/zed_components/hook/ld_library_path_lib.sh'
[0.522s] Level 1:colcon.colcon_core.environment:checking '/home/men3m/Naima/install/zed_components/bin'
[0.522s] Level 1:colcon.colcon_core.environment:checking '/home/men3m/Naima/install/zed_components/lib/pkgconfig/zed_components.pc'
[0.522s] Level 1:colcon.colcon_core.environment:checking '/home/men3m/Naima/install/zed_components/lib/python3.10/site-packages'
[0.522s] Level 1:colcon.colcon_core.environment:checking '/home/men3m/Naima/install/zed_components/bin'
[0.522s] INFO:colcon.colcon_core.shell:Creating package script '/home/men3m/Naima/install/zed_components/share/zed_components/package.ps1'
[0.523s] INFO:colcon.colcon_core.shell:Creating package descriptor '/home/men3m/Naima/install/zed_components/share/zed_components/package.dsv'
[0.523s] INFO:colcon.colcon_core.shell:Creating package script '/home/men3m/Naima/install/zed_components/share/zed_components/package.sh'
[0.524s] INFO:colcon.colcon_core.shell:Creating package script '/home/men3m/Naima/install/zed_components/share/zed_components/package.bash'
[0.524s] INFO:colcon.colcon_core.shell:Creating package script '/home/men3m/Naima/install/zed_components/share/zed_components/package.zsh'
[0.524s] Level 1:colcon.colcon_core.environment:create_file_with_runtime_dependencies(/home/men3m/Naima/install/zed_components/share/colcon-core/packages/zed_components)
[0.525s] Level 1:colcon.colcon_core.environment:create_environment_scripts_only(zed_components)
[0.525s] Level 1:colcon.colcon_core.environment:checking '/home/men3m/Naima/install/zed_components' for CMake module files
[0.526s] Level 1:colcon.colcon_core.environment:checking '/home/men3m/Naima/install/zed_components' for CMake config files
[0.526s] Level 1:colcon.colcon_core.shell:create_environment_hook('zed_components', 'cmake_prefix_path')
[0.526s] INFO:colcon.colcon_core.shell:Creating environment hook '/home/men3m/Naima/install/zed_components/share/zed_components/hook/cmake_prefix_path.ps1'
[0.526s] INFO:colcon.colcon_core.shell:Creating environment descriptor '/home/men3m/Naima/install/zed_components/share/zed_components/hook/cmake_prefix_path.dsv'
[0.527s] INFO:colcon.colcon_core.shell:Creating environment hook '/home/men3m/Naima/install/zed_components/share/zed_components/hook/cmake_prefix_path.sh'
[0.527s] Level 1:colcon.colcon_core.environment:checking '/home/men3m/Naima/install/zed_components/lib'
[0.527s] Level 1:colcon.colcon_core.shell:create_environment_hook('zed_components', 'ld_library_path_lib')
[0.527s] INFO:colcon.colcon_core.shell:Creating environment hook '/home/men3m/Naima/install/zed_components/share/zed_components/hook/ld_library_path_lib.ps1'
[0.528s] INFO:colcon.colcon_core.shell:Creating environment descriptor '/home/men3m/Naima/install/zed_components/share/zed_components/hook/ld_library_path_lib.dsv'
[0.528s] INFO:colcon.colcon_core.shell:Creating environment hook '/home/men3m/Naima/install/zed_components/share/zed_components/hook/ld_library_path_lib.sh'
[0.528s] Level 1:colcon.colcon_core.environment:checking '/home/men3m/Naima/install/zed_components/bin'
[0.528s] Level 1:colcon.colcon_core.environment:checking '/home/men3m/Naima/install/zed_components/lib/pkgconfig/zed_components.pc'
[0.528s] Level 1:colcon.colcon_core.environment:checking '/home/men3m/Naima/install/zed_components/lib/python3.10/site-packages'
[0.529s] Level 1:colcon.colcon_core.environment:checking '/home/men3m/Naima/install/zed_components/bin'
[0.529s] INFO:colcon.colcon_core.shell:Creating package script '/home/men3m/Naima/install/zed_components/share/zed_components/package.ps1'
[0.529s] INFO:colcon.colcon_core.shell:Creating package descriptor '/home/men3m/Naima/install/zed_components/share/zed_components/package.dsv'
[0.530s] INFO:colcon.colcon_core.shell:Creating package script '/home/men3m/Naima/install/zed_components/share/zed_components/package.sh'
[0.530s] INFO:colcon.colcon_core.shell:Creating package script '/home/men3m/Naima/install/zed_components/share/zed_components/package.bash'
[0.530s] INFO:colcon.colcon_core.shell:Creating package script '/home/men3m/Naima/install/zed_components/share/zed_components/package.zsh'
[0.531s] Level 1:colcon.colcon_core.environment:create_file_with_runtime_dependencies(/home/men3m/Naima/install/zed_components/share/colcon-core/packages/zed_components)
[0.531s] INFO:colcon.colcon_ros.task.ament_cmake.build:Building ROS package in '/home/men3m/Naima/src/zed-ros2-wrapper/zed_wrapper' with build type 'ament_cmake'
[0.531s] INFO:colcon.colcon_cmake.task.cmake.build:Building CMake package in '/home/men3m/Naima/src/zed-ros2-wrapper/zed_wrapper'
[0.531s] INFO:colcon.colcon_core.shell:Skip shell extension 'powershell' for command environment: Not usable outside of PowerShell
[0.531s] DEBUG:colcon.colcon_core.shell:Skip shell extension 'dsv' for command environment
[0.540s] DEBUG:colcon.colcon_core.event_handler.log_command:Invoking command in '/home/men3m/Naima/build/zed_wrapper': AMENT_PREFIX_PATH=/home/men3m/Naima/install/zed_components:${AMENT_PREFIX_PATH} CMAKE_PREFIX_PATH=/home/men3m/Naima/install/zed_components:/opt/ros/humble LD_LIBRARY_PATH=/home/men3m/Naima/install/zed_components/lib:/usr/lib/x86_64-linux-gnu/gazebo-11/plugins:/opt/ros/humble/opt/rviz_ogre_vendor/lib:/opt/ros/humble/lib/x86_64-linux-gnu:/opt/ros/humble/lib:/usr/local/cuda-12.4.0/lib64:/usr/local/cuda-12.4.0/lib64 /usr/bin/cmake --build /home/men3m/Naima/build/zed_wrapper -- -j16 -l16
[0.573s] DEBUG:colcon.colcon_core.event_handler.log_command:Invoked command in '/home/men3m/Naima/build/zed_wrapper' returned '0': AMENT_PREFIX_PATH=/home/men3m/Naima/install/zed_components:${AMENT_PREFIX_PATH} CMAKE_PREFIX_PATH=/home/men3m/Naima/install/zed_components:/opt/ros/humble LD_LIBRARY_PATH=/home/men3m/Naima/install/zed_components/lib:/usr/lib/x86_64-linux-gnu/gazebo-11/plugins:/opt/ros/humble/opt/rviz_ogre_vendor/lib:/opt/ros/humble/lib/x86_64-linux-gnu:/opt/ros/humble/lib:/usr/local/cuda-12.4.0/lib64:/usr/local/cuda-12.4.0/lib64 /usr/bin/cmake --build /home/men3m/Naima/build/zed_wrapper -- -j16 -l16
[0.574s] DEBUG:colcon.colcon_core.event_handler.log_command:Invoking command in '/home/men3m/Naima/build/zed_wrapper': AMENT_PREFIX_PATH=/home/men3m/Naima/install/zed_components:${AMENT_PREFIX_PATH} CMAKE_PREFIX_PATH=/home/men3m/Naima/install/zed_components:/opt/ros/humble LD_LIBRARY_PATH=/home/men3m/Naima/install/zed_components/lib:/usr/lib/x86_64-linux-gnu/gazebo-11/plugins:/opt/ros/humble/opt/rviz_ogre_vendor/lib:/opt/ros/humble/lib/x86_64-linux-gnu:/opt/ros/humble/lib:/usr/local/cuda-12.4.0/lib64:/usr/local/cuda-12.4.0/lib64 /usr/bin/cmake --install /home/men3m/Naima/build/zed_wrapper
[0.583s] Level 1:colcon.colcon_core.environment:create_environment_scripts_only(zed_wrapper)
[0.583s] DEBUG:colcon.colcon_core.event_handler.log_command:Invoked command in '/home/men3m/Naima/build/zed_wrapper' returned '0': AMENT_PREFIX_PATH=/home/men3m/Naima/install/zed_components:${AMENT_PREFIX_PATH} CMAKE_PREFIX_PATH=/home/men3m/Naima/install/zed_components:/opt/ros/humble LD_LIBRARY_PATH=/home/men3m/Naima/install/zed_components/lib:/usr/lib/x86_64-linux-gnu/gazebo-11/plugins:/opt/ros/humble/opt/rviz_ogre_vendor/lib:/opt/ros/humble/lib/x86_64-linux-gnu:/opt/ros/humble/lib:/usr/local/cuda-12.4.0/lib64:/usr/local/cuda-12.4.0/lib64 /usr/bin/cmake --install /home/men3m/Naima/build/zed_wrapper
[0.584s] Level 1:colcon.colcon_core.environment:checking '/home/men3m/Naima/install/zed_wrapper' for CMake module files
[0.585s] Level 1:colcon.colcon_core.environment:checking '/home/men3m/Naima/install/zed_wrapper' for CMake config files
[0.585s] Level 1:colcon.colcon_core.shell:create_environment_hook('zed_wrapper', 'cmake_prefix_path')
[0.585s] INFO:colcon.colcon_core.shell:Creating environment hook '/home/men3m/Naima/install/zed_wrapper/share/zed_wrapper/hook/cmake_prefix_path.ps1'
[0.585s] INFO:colcon.colcon_core.shell:Creating environment descriptor '/home/men3m/Naima/install/zed_wrapper/share/zed_wrapper/hook/cmake_prefix_path.dsv'
[0.586s] INFO:colcon.colcon_core.shell:Creating environment hook '/home/men3m/Naima/install/zed_wrapper/share/zed_wrapper/hook/cmake_prefix_path.sh'
[0.586s] Level 1:colcon.colcon_core.environment:checking '/home/men3m/Naima/install/zed_wrapper/bin'
[0.586s] Level 1:colcon.colcon_core.environment:checking '/home/men3m/Naima/install/zed_wrapper/lib/pkgconfig/zed_wrapper.pc'
[0.587s] Level 1:colcon.colcon_core.environment:checking '/home/men3m/Naima/install/zed_wrapper/lib/python3.10/site-packages'
[0.587s] Level 1:colcon.colcon_core.environment:checking '/home/men3m/Naima/install/zed_wrapper/bin'
[0.587s] INFO:colcon.colcon_core.shell:Creating package script '/home/men3m/Naima/install/zed_wrapper/share/zed_wrapper/package.ps1'
[0.587s] INFO:colcon.colcon_core.shell:Creating package descriptor '/home/men3m/Naima/install/zed_wrapper/share/zed_wrapper/package.dsv'
[0.588s] INFO:colcon.colcon_core.shell:Creating package script '/home/men3m/Naima/install/zed_wrapper/share/zed_wrapper/package.sh'
[0.588s] INFO:colcon.colcon_core.shell:Creating package script '/home/men3m/Naima/install/zed_wrapper/share/zed_wrapper/package.bash'
[0.588s] INFO:colcon.colcon_core.shell:Creating package script '/home/men3m/Naima/install/zed_wrapper/share/zed_wrapper/package.zsh'
[0.588s] Level 1:colcon.colcon_core.environment:create_file_with_runtime_dependencies(/home/men3m/Naima/install/zed_wrapper/share/colcon-core/packages/zed_wrapper)
[0.589s] Level 1:colcon.colcon_core.environment:create_environment_scripts_only(zed_wrapper)
[0.589s] Level 1:colcon.colcon_core.environment:checking '/home/men3m/Naima/install/zed_wrapper' for CMake module files
[0.589s] Level 1:colcon.colcon_core.environment:checking '/home/men3m/Naima/install/zed_wrapper' for CMake config files
[0.590s] Level 1:colcon.colcon_core.shell:create_environment_hook('zed_wrapper', 'cmake_prefix_path')
[0.590s] INFO:colcon.colcon_core.shell:Creating environment hook '/home/men3m/Naima/install/zed_wrapper/share/zed_wrapper/hook/cmake_prefix_path.ps1'
[0.590s] INFO:colcon.colcon_core.shell:Creating environment descriptor '/home/men3m/Naima/install/zed_wrapper/share/zed_wrapper/hook/cmake_prefix_path.dsv'
[0.591s] INFO:colcon.colcon_core.shell:Creating environment hook '/home/men3m/Naima/install/zed_wrapper/share/zed_wrapper/hook/cmake_prefix_path.sh'
[0.591s] Level 1:colcon.colcon_core.environment:checking '/home/men3m/Naima/install/zed_wrapper/bin'
[0.591s] Level 1:colcon.colcon_core.environment:checking '/home/men3m/Naima/install/zed_wrapper/lib/pkgconfig/zed_wrapper.pc'
[0.591s] Level 1:colcon.colcon_core.environment:checking '/home/men3m/Naima/install/zed_wrapper/lib/python3.10/site-packages'
[0.592s] Level 1:colcon.colcon_core.environment:checking '/home/men3m/Naima/install/zed_wrapper/bin'
[0.592s] INFO:colcon.colcon_core.shell:Creating package script '/home/men3m/Naima/install/zed_wrapper/share/zed_wrapper/package.ps1'
[0.592s] INFO:colcon.colcon_core.shell:Creating package descriptor '/home/men3m/Naima/install/zed_wrapper/share/zed_wrapper/package.dsv'
[0.593s] INFO:colcon.colcon_core.shell:Creating package script '/home/men3m/Naima/install/zed_wrapper/share/zed_wrapper/package.sh'
[0.593s] INFO:colcon.colcon_core.shell:Creating package script '/home/men3m/Naima/install/zed_wrapper/share/zed_wrapper/package.bash'
[0.593s] INFO:colcon.colcon_core.shell:Creating package script '/home/men3m/Naima/install/zed_wrapper/share/zed_wrapper/package.zsh'
[0.593s] Level 1:colcon.colcon_core.environment:create_file_with_runtime_dependencies(/home/men3m/Naima/install/zed_wrapper/share/colcon-core/packages/zed_wrapper)
[0.594s] INFO:colcon.colcon_ros.task.ament_cmake.build:Building ROS package in '/home/men3m/Naima/src/naima_ublox_gps/ublox_msgs' with build type 'ament_cmake'
[0.594s] INFO:colcon.colcon_cmake.task.cmake.build:Building CMake package in '/home/men3m/Naima/src/naima_ublox_gps/ublox_msgs'
[0.594s] INFO:colcon.colcon_core.shell:Skip shell extension 'powershell' for command environment: Not usable outside of PowerShell
[0.594s] DEBUG:colcon.colcon_core.shell:Skip shell extension 'dsv' for command environment
[0.601s] DEBUG:colcon.colcon_core.event_handler.log_command:Invoking command in '/home/men3m/Naima/build/ublox_msgs': AMENT_PREFIX_PATH=/home/men3m/Naima/install/ublox_serialization:${AMENT_PREFIX_PATH} CMAKE_PREFIX_PATH=/home/men3m/Naima/install/ublox_serialization:/opt/ros/humble /usr/bin/cmake --build /home/men3m/Naima/build/ublox_msgs -- -j16 -l16
[0.832s] DEBUG:colcon.colcon_core.event_handler.log_command:Invoked command in '/home/men3m/Naima/build/zed_topic_benchmark_interfaces' returned '0': CMAKE_PREFIX_PATH=/opt/ros/humble /usr/bin/cmake --build /home/men3m/Naima/build/zed_topic_benchmark_interfaces -- -j16 -l16
[0.833s] DEBUG:colcon.colcon_core.event_handler.log_command:Invoking command in '/home/men3m/Naima/build/zed_topic_benchmark_interfaces': CMAKE_PREFIX_PATH=/opt/ros/humble /usr/bin/cmake --install /home/men3m/Naima/build/zed_topic_benchmark_interfaces
[0.878s] Level 1:colcon.colcon_core.environment:create_environment_scripts_only(zed_topic_benchmark_interfaces)
[0.878s] DEBUG:colcon.colcon_core.event_handler.log_command:Invoked command in '/home/men3m/Naima/build/zed_topic_benchmark_interfaces' returned '0': CMAKE_PREFIX_PATH=/opt/ros/humble /usr/bin/cmake --install /home/men3m/Naima/build/zed_topic_benchmark_interfaces
[0.879s] Level 1:colcon.colcon_core.environment:checking '/home/men3m/Naima/install/zed_topic_benchmark_interfaces' for CMake module files
[0.879s] Level 1:colcon.colcon_core.environment:checking '/home/men3m/Naima/install/zed_topic_benchmark_interfaces' for CMake config files
[0.880s] Level 1:colcon.colcon_core.shell:create_environment_hook('zed_topic_benchmark_interfaces', 'cmake_prefix_path')
[0.880s] INFO:colcon.colcon_core.shell:Creating environment hook '/home/men3m/Naima/install/zed_topic_benchmark_interfaces/share/zed_topic_benchmark_interfaces/hook/cmake_prefix_path.ps1'
[0.880s] INFO:colcon.colcon_core.shell:Creating environment descriptor '/home/men3m/Naima/install/zed_topic_benchmark_interfaces/share/zed_topic_benchmark_interfaces/hook/cmake_prefix_path.dsv'
[0.880s] INFO:colcon.colcon_core.shell:Creating environment hook '/home/men3m/Naima/install/zed_topic_benchmark_interfaces/share/zed_topic_benchmark_interfaces/hook/cmake_prefix_path.sh'
[0.881s] Level 1:colcon.colcon_core.environment:checking '/home/men3m/Naima/install/zed_topic_benchmark_interfaces/lib'
[0.881s] Level 1:colcon.colcon_core.shell:create_environment_hook('zed_topic_benchmark_interfaces', 'ld_library_path_lib')
[0.881s] INFO:colcon.colcon_core.shell:Creating environment hook '/home/men3m/Naima/install/zed_topic_benchmark_interfaces/share/zed_topic_benchmark_interfaces/hook/ld_library_path_lib.ps1'
[0.882s] INFO:colcon.colcon_core.shell:Creating environment descriptor '/home/men3m/Naima/install/zed_topic_benchmark_interfaces/share/zed_topic_benchmark_interfaces/hook/ld_library_path_lib.dsv'
[0.882s] INFO:colcon.colcon_core.shell:Creating environment hook '/home/men3m/Naima/install/zed_topic_benchmark_interfaces/share/zed_topic_benchmark_interfaces/hook/ld_library_path_lib.sh'
[0.882s] Level 1:colcon.colcon_core.environment:checking '/home/men3m/Naima/install/zed_topic_benchmark_interfaces/bin'
[0.882s] Level 1:colcon.colcon_core.environment:checking '/home/men3m/Naima/install/zed_topic_benchmark_interfaces/lib/pkgconfig/zed_topic_benchmark_interfaces.pc'
[0.882s] Level 1:colcon.colcon_core.environment:checking '/home/men3m/Naima/install/zed_topic_benchmark_interfaces/lib/python3.10/site-packages'
[0.883s] Level 1:colcon.colcon_core.environment:checking '/home/men3m/Naima/install/zed_topic_benchmark_interfaces/bin'
[0.883s] INFO:colcon.colcon_core.shell:Creating package script '/home/men3m/Naima/install/zed_topic_benchmark_interfaces/share/zed_topic_benchmark_interfaces/package.ps1'
[0.883s] INFO:colcon.colcon_core.shell:Creating package descriptor '/home/men3m/Naima/install/zed_topic_benchmark_interfaces/share/zed_topic_benchmark_interfaces/package.dsv'
[0.883s] INFO:colcon.colcon_core.shell:Creating package script '/home/men3m/Naima/install/zed_topic_benchmark_interfaces/share/zed_topic_benchmark_interfaces/package.sh'
[0.884s] INFO:colcon.colcon_core.shell:Creating package script '/home/men3m/Naima/install/zed_topic_benchmark_interfaces/share/zed_topic_benchmark_interfaces/package.bash'
[0.884s] INFO:colcon.colcon_core.shell:Creating package script '/home/men3m/Naima/install/zed_topic_benchmark_interfaces/share/zed_topic_benchmark_interfaces/package.zsh'
[0.884s] Level 1:colcon.colcon_core.environment:create_file_with_runtime_dependencies(/home/men3m/Naima/install/zed_topic_benchmark_interfaces/share/colcon-core/packages/zed_topic_benchmark_interfaces)
[0.885s] Level 1:colcon.colcon_core.environment:create_environment_scripts_only(zed_topic_benchmark_interfaces)
[0.885s] Level 1:colcon.colcon_core.environment:checking '/home/men3m/Naima/install/zed_topic_benchmark_interfaces' for CMake module files
[0.886s] Level 1:colcon.colcon_core.environment:checking '/home/men3m/Naima/install/zed_topic_benchmark_interfaces' for CMake config files
[0.886s] Level 1:colcon.colcon_core.shell:create_environment_hook('zed_topic_benchmark_interfaces', 'cmake_prefix_path')
[0.886s] INFO:colcon.colcon_core.shell:Creating environment hook '/home/men3m/Naima/install/zed_topic_benchmark_interfaces/share/zed_topic_benchmark_interfaces/hook/cmake_prefix_path.ps1'
[0.886s] INFO:colcon.colcon_core.shell:Creating environment descriptor '/home/men3m/Naima/install/zed_topic_benchmark_interfaces/share/zed_topic_benchmark_interfaces/hook/cmake_prefix_path.dsv'
[0.887s] INFO:colcon.colcon_core.shell:Creating environment hook '/home/men3m/Naima/install/zed_topic_benchmark_interfaces/share/zed_topic_benchmark_interfaces/hook/cmake_prefix_path.sh'
[0.887s] Level 1:colcon.colcon_core.environment:checking '/home/men3m/Naima/install/zed_topic_benchmark_interfaces/lib'
[0.887s] Level 1:colcon.colcon_core.shell:create_environment_hook('zed_topic_benchmark_interfaces', 'ld_library_path_lib')
[0.887s] INFO:colcon.colcon_core.shell:Creating environment hook '/home/men3m/Naima/install/zed_topic_benchmark_interfaces/share/zed_topic_benchmark_interfaces/hook/ld_library_path_lib.ps1'
[0.888s] INFO:colcon.colcon_core.shell:Creating environment descriptor '/home/men3m/Naima/install/zed_topic_benchmark_interfaces/share/zed_topic_benchmark_interfaces/hook/ld_library_path_lib.dsv'
[0.888s] INFO:colcon.colcon_core.shell:Creating environment hook '/home/men3m/Naima/install/zed_topic_benchmark_interfaces/share/zed_topic_benchmark_interfaces/hook/ld_library_path_lib.sh'
[0.888s] Level 1:colcon.colcon_core.environment:checking '/home/men3m/Naima/install/zed_topic_benchmark_interfaces/bin'
[0.888s] Level 1:colcon.colcon_core.environment:checking '/home/men3m/Naima/install/zed_topic_benchmark_interfaces/lib/pkgconfig/zed_topic_benchmark_interfaces.pc'
[0.889s] Level 1:colcon.colcon_core.environment:checking '/home/men3m/Naima/install/zed_topic_benchmark_interfaces/lib/python3.10/site-packages'
[0.889s] Level 1:colcon.colcon_core.environment:checking '/home/men3m/Naima/install/zed_topic_benchmark_interfaces/bin'
[0.889s] INFO:colcon.colcon_core.shell:Creating package script '/home/men3m/Naima/install/zed_topic_benchmark_interfaces/share/zed_topic_benchmark_interfaces/package.ps1'
[0.890s] INFO:colcon.colcon_core.shell:Creating package descriptor '/home/men3m/Naima/install/zed_topic_benchmark_interfaces/share/zed_topic_benchmark_interfaces/package.dsv'
[0.890s] INFO:colcon.colcon_core.shell:Creating package script '/home/men3m/Naima/install/zed_topic_benchmark_interfaces/share/zed_topic_benchmark_interfaces/package.sh'
[0.890s] INFO:colcon.colcon_core.shell:Creating package script '/home/men3m/Naima/install/zed_topic_benchmark_interfaces/share/zed_topic_benchmark_interfaces/package.bash'
[0.891s] INFO:colcon.colcon_core.shell:Creating package script '/home/men3m/Naima/install/zed_topic_benchmark_interfaces/share/zed_topic_benchmark_interfaces/package.zsh'
[0.891s] Level 1:colcon.colcon_core.environment:create_file_with_runtime_dependencies(/home/men3m/Naima/install/zed_topic_benchmark_interfaces/share/colcon-core/packages/zed_topic_benchmark_interfaces)
[0.891s] INFO:colcon.colcon_ros.task.ament_cmake.build:Building ROS package in '/home/men3m/Naima/src/naima_msgs' with build type 'ament_cmake'
[0.891s] INFO:colcon.colcon_cmake.task.cmake.build:Building CMake package in '/home/men3m/Naima/src/naima_msgs'
[0.892s] INFO:colcon.colcon_core.shell:Skip shell extension 'powershell' for command environment: Not usable outside of PowerShell
[0.892s] DEBUG:colcon.colcon_core.shell:Skip shell extension 'dsv' for command environment
[0.898s] DEBUG:colcon.colcon_core.event_handler.log_command:Invoking command in '/home/men3m/Naima/build/naima_msgs': CMAKE_PREFIX_PATH=/opt/ros/humble /usr/bin/cmake --build /home/men3m/Naima/build/naima_msgs -- -j16 -l16
[1.019s] DEBUG:colcon.colcon_core.event_handler.log_command:Invoked command in '/home/men3m/Naima/build/ublox_msgs' returned '0': AMENT_PREFIX_PATH=/home/men3m/Naima/install/ublox_serialization:${AMENT_PREFIX_PATH} CMAKE_PREFIX_PATH=/home/men3m/Naima/install/ublox_serialization:/opt/ros/humble /usr/bin/cmake --build /home/men3m/Naima/build/ublox_msgs -- -j16 -l16
[1.020s] DEBUG:colcon.colcon_core.event_handler.log_command:Invoking command in '/home/men3m/Naima/build/ublox_msgs': AMENT_PREFIX_PATH=/home/men3m/Naima/install/ublox_serialization:${AMENT_PREFIX_PATH} CMAKE_PREFIX_PATH=/home/men3m/Naima/install/ublox_serialization:/opt/ros/humble /usr/bin/cmake --install /home/men3m/Naima/build/ublox_msgs
[1.126s] Level 1:colcon.colcon_core.environment:create_environment_scripts_only(ublox_msgs)
[1.126s] Level 1:colcon.colcon_core.environment:checking '/home/men3m/Naima/install/ublox_msgs' for CMake module files
[1.131s] DEBUG:colcon.colcon_core.event_handler.log_command:Invoked command in '/home/men3m/Naima/build/ublox_msgs' returned '0': AMENT_PREFIX_PATH=/home/men3m/Naima/install/ublox_serialization:${AMENT_PREFIX_PATH} CMAKE_PREFIX_PATH=/home/men3m/Naima/install/ublox_serialization:/opt/ros/humble /usr/bin/cmake --install /home/men3m/Naima/build/ublox_msgs
[1.131s] Level 1:colcon.colcon_core.environment:checking '/home/men3m/Naima/install/ublox_msgs' for CMake config files
[1.132s] Level 1:colcon.colcon_core.shell:create_environment_hook('ublox_msgs', 'cmake_prefix_path')
[1.133s] INFO:colcon.colcon_core.shell:Creating environment hook '/home/men3m/Naima/install/ublox_msgs/share/ublox_msgs/hook/cmake_prefix_path.ps1'
[1.133s] INFO:colcon.colcon_core.shell:Creating environment descriptor '/home/men3m/Naima/install/ublox_msgs/share/ublox_msgs/hook/cmake_prefix_path.dsv'
[1.133s] INFO:colcon.colcon_core.shell:Creating environment hook '/home/men3m/Naima/install/ublox_msgs/share/ublox_msgs/hook/cmake_prefix_path.sh'
[1.134s] Level 1:colcon.colcon_core.environment:checking '/home/men3m/Naima/install/ublox_msgs/lib'
[1.134s] Level 1:colcon.colcon_core.shell:create_environment_hook('ublox_msgs', 'ld_library_path_lib')
[1.134s] INFO:colcon.colcon_core.shell:Creating environment hook '/home/men3m/Naima/install/ublox_msgs/share/ublox_msgs/hook/ld_library_path_lib.ps1'
[1.134s] INFO:colcon.colcon_core.shell:Creating environment descriptor '/home/men3m/Naima/install/ublox_msgs/share/ublox_msgs/hook/ld_library_path_lib.dsv'
[1.135s] INFO:colcon.colcon_core.shell:Creating environment hook '/home/men3m/Naima/install/ublox_msgs/share/ublox_msgs/hook/ld_library_path_lib.sh'
[1.135s] Level 1:colcon.colcon_core.environment:checking '/home/men3m/Naima/install/ublox_msgs/bin'
[1.135s] Level 1:colcon.colcon_core.environment:checking '/home/men3m/Naima/install/ublox_msgs/lib/pkgconfig/ublox_msgs.pc'
[1.135s] Level 1:colcon.colcon_core.environment:checking '/home/men3m/Naima/install/ublox_msgs/lib/python3.10/site-packages'
[1.135s] Level 1:colcon.colcon_core.environment:checking '/home/men3m/Naima/install/ublox_msgs/bin'
[1.135s] INFO:colcon.colcon_core.shell:Creating package script '/home/men3m/Naima/install/ublox_msgs/share/ublox_msgs/package.ps1'
[1.136s] INFO:colcon.colcon_core.shell:Creating package descriptor '/home/men3m/Naima/install/ublox_msgs/share/ublox_msgs/package.dsv'
[1.136s] INFO:colcon.colcon_core.shell:Creating package script '/home/men3m/Naima/install/ublox_msgs/share/ublox_msgs/package.sh'
[1.136s] INFO:colcon.colcon_core.shell:Creating package script '/home/men3m/Naima/install/ublox_msgs/share/ublox_msgs/package.bash'
[1.137s] INFO:colcon.colcon_core.shell:Creating package script '/home/men3m/Naima/install/ublox_msgs/share/ublox_msgs/package.zsh'
[1.137s] Level 1:colcon.colcon_core.environment:create_file_with_runtime_dependencies(/home/men3m/Naima/install/ublox_msgs/share/colcon-core/packages/ublox_msgs)
[1.137s] Level 1:colcon.colcon_core.environment:create_environment_scripts_only(ublox_msgs)
[1.138s] Level 1:colcon.colcon_core.environment:checking '/home/men3m/Naima/install/ublox_msgs' for CMake module files
[1.138s] Level 1:colcon.colcon_core.environment:checking '/home/men3m/Naima/install/ublox_msgs' for CMake config files
[1.139s] Level 1:colcon.colcon_core.shell:create_environment_hook('ublox_msgs', 'cmake_prefix_path')
[1.140s] INFO:colcon.colcon_core.shell:Creating environment hook '/home/men3m/Naima/install/ublox_msgs/share/ublox_msgs/hook/cmake_prefix_path.ps1'
[1.140s] INFO:colcon.colcon_core.shell:Creating environment descriptor '/home/men3m/Naima/install/ublox_msgs/share/ublox_msgs/hook/cmake_prefix_path.dsv'
[1.140s] INFO:colcon.colcon_core.shell:Creating environment hook '/home/men3m/Naima/install/ublox_msgs/share/ublox_msgs/hook/cmake_prefix_path.sh'
[1.141s] Level 1:colcon.colcon_core.environment:checking '/home/men3m/Naima/install/ublox_msgs/lib'
[1.141s] Level 1:colcon.colcon_core.shell:create_environment_hook('ublox_msgs', 'ld_library_path_lib')
[1.141s] INFO:colcon.colcon_core.shell:Creating environment hook '/home/men3m/Naima/install/ublox_msgs/share/ublox_msgs/hook/ld_library_path_lib.ps1'
[1.141s] INFO:colcon.colcon_core.shell:Creating environment descriptor '/home/men3m/Naima/install/ublox_msgs/share/ublox_msgs/hook/ld_library_path_lib.dsv'
[1.141s] INFO:colcon.colcon_core.shell:Creating environment hook '/home/men3m/Naima/install/ublox_msgs/share/ublox_msgs/hook/ld_library_path_lib.sh'
[1.142s] Level 1:colcon.colcon_core.environment:checking '/home/men3m/Naima/install/ublox_msgs/bin'
[1.142s] Level 1:colcon.colcon_core.environment:checking '/home/men3m/Naima/install/ublox_msgs/lib/pkgconfig/ublox_msgs.pc'
[1.142s] Level 1:colcon.colcon_core.environment:checking '/home/men3m/Naima/install/ublox_msgs/lib/python3.10/site-packages'
[1.142s] Level 1:colcon.colcon_core.environment:checking '/home/men3m/Naima/install/ublox_msgs/bin'
[1.142s] INFO:colcon.colcon_core.shell:Creating package script '/home/men3m/Naima/install/ublox_msgs/share/ublox_msgs/package.ps1'
[1.143s] INFO:colcon.colcon_core.shell:Creating package descriptor '/home/men3m/Naima/install/ublox_msgs/share/ublox_msgs/package.dsv'
[1.143s] INFO:colcon.colcon_core.shell:Creating package script '/home/men3m/Naima/install/ublox_msgs/share/ublox_msgs/package.sh'
[1.143s] INFO:colcon.colcon_core.shell:Creating package script '/home/men3m/Naima/install/ublox_msgs/share/ublox_msgs/package.bash'
[1.144s] INFO:colcon.colcon_core.shell:Creating package script '/home/men3m/Naima/install/ublox_msgs/share/ublox_msgs/package.zsh'
[1.144s] Level 1:colcon.colcon_core.environment:create_file_with_runtime_dependencies(/home/men3m/Naima/install/ublox_msgs/share/colcon-core/packages/ublox_msgs)
[1.144s] INFO:colcon.colcon_ros.task.ament_cmake.build:Building ROS package in '/home/men3m/Naima/src/zed-ros2-examples/tools/zed_benchmark_component' with build type 'ament_cmake'
[1.144s] INFO:colcon.colcon_cmake.task.cmake.build:Building CMake package in '/home/men3m/Naima/src/zed-ros2-examples/tools/zed_benchmark_component'
[1.145s] INFO:colcon.colcon_core.shell:Skip shell extension 'powershell' for command environment: Not usable outside of PowerShell
[1.145s] DEBUG:colcon.colcon_core.shell:Skip shell extension 'dsv' for command environment
[1.153s] DEBUG:colcon.colcon_core.event_handler.log_command:Invoking command in '/home/men3m/Naima/build/zed_topic_benchmark_component': AMENT_PREFIX_PATH=/home/men3m/Naima/install/zed_topic_benchmark_interfaces:${AMENT_PREFIX_PATH} CMAKE_PREFIX_PATH=/home/men3m/Naima/install/zed_topic_benchmark_interfaces:/opt/ros/humble LD_LIBRARY_PATH=/home/men3m/Naima/install/zed_topic_benchmark_interfaces/lib:/usr/lib/x86_64-linux-gnu/gazebo-11/plugins:/opt/ros/humble/opt/rviz_ogre_vendor/lib:/opt/ros/humble/lib/x86_64-linux-gnu:/opt/ros/humble/lib:/usr/local/cuda-12.4.0/lib64:/usr/local/cuda-12.4.0/lib64 PYTHONPATH=/home/men3m/Naima/install/zed_topic_benchmark_interfaces/local/lib/python3.10/dist-packages:${PYTHONPATH} /usr/bin/cmake --build /home/men3m/Naima/build/zed_topic_benchmark_component -- -j16 -l16
[1.219s] DEBUG:colcon.colcon_core.event_handler.log_command:Invoked command in '/home/men3m/Naima/build/zed_topic_benchmark_component' returned '0': AMENT_PREFIX_PATH=/home/men3m/Naima/install/zed_topic_benchmark_interfaces:${AMENT_PREFIX_PATH} CMAKE_PREFIX_PATH=/home/men3m/Naima/install/zed_topic_benchmark_interfaces:/opt/ros/humble LD_LIBRARY_PATH=/home/men3m/Naima/install/zed_topic_benchmark_interfaces/lib:/usr/lib/x86_64-linux-gnu/gazebo-11/plugins:/opt/ros/humble/opt/rviz_ogre_vendor/lib:/opt/ros/humble/lib/x86_64-linux-gnu:/opt/ros/humble/lib:/usr/local/cuda-12.4.0/lib64:/usr/local/cuda-12.4.0/lib64 PYTHONPATH=/home/men3m/Naima/install/zed_topic_benchmark_interfaces/local/lib/python3.10/dist-packages:${PYTHONPATH} /usr/bin/cmake --build /home/men3m/Naima/build/zed_topic_benchmark_component -- -j16 -l16
[1.221s] DEBUG:colcon.colcon_core.event_handler.log_command:Invoking command in '/home/men3m/Naima/build/zed_topic_benchmark_component': AMENT_PREFIX_PATH=/home/men3m/Naima/install/zed_topic_benchmark_interfaces:${AMENT_PREFIX_PATH} CMAKE_PREFIX_PATH=/home/men3m/Naima/install/zed_topic_benchmark_interfaces:/opt/ros/humble LD_LIBRARY_PATH=/home/men3m/Naima/install/zed_topic_benchmark_interfaces/lib:/usr/lib/x86_64-linux-gnu/gazebo-11/plugins:/opt/ros/humble/opt/rviz_ogre_vendor/lib:/opt/ros/humble/lib/x86_64-linux-gnu:/opt/ros/humble/lib:/usr/local/cuda-12.4.0/lib64:/usr/local/cuda-12.4.0/lib64 PYTHONPATH=/home/men3m/Naima/install/zed_topic_benchmark_interfaces/local/lib/python3.10/dist-packages:${PYTHONPATH} /usr/bin/cmake --install /home/men3m/Naima/build/zed_topic_benchmark_component
[1.225s] DEBUG:colcon.colcon_core.event_handler.log_command:Invoked command in '/home/men3m/Naima/build/naima_msgs' returned '0': CMAKE_PREFIX_PATH=/opt/ros/humble /usr/bin/cmake --build /home/men3m/Naima/build/naima_msgs -- -j16 -l16
[1.226s] DEBUG:colcon.colcon_core.event_handler.log_command:Invoking command in '/home/men3m/Naima/build/naima_msgs': CMAKE_PREFIX_PATH=/opt/ros/humble /usr/bin/cmake --install /home/men3m/Naima/build/naima_msgs
[1.231s] Level 1:colcon.colcon_core.environment:create_environment_scripts_only(zed_topic_benchmark_component)
[1.231s] DEBUG:colcon.colcon_core.event_handler.log_command:Invoked command in '/home/men3m/Naima/build/zed_topic_benchmark_component' returned '0': AMENT_PREFIX_PATH=/home/men3m/Naima/install/zed_topic_benchmark_interfaces:${AMENT_PREFIX_PATH} CMAKE_PREFIX_PATH=/home/men3m/Naima/install/zed_topic_benchmark_interfaces:/opt/ros/humble LD_LIBRARY_PATH=/home/men3m/Naima/install/zed_topic_benchmark_interfaces/lib:/usr/lib/x86_64-linux-gnu/gazebo-11/plugins:/opt/ros/humble/opt/rviz_ogre_vendor/lib:/opt/ros/humble/lib/x86_64-linux-gnu:/opt/ros/humble/lib:/usr/local/cuda-12.4.0/lib64:/usr/local/cuda-12.4.0/lib64 PYTHONPATH=/home/men3m/Naima/install/zed_topic_benchmark_interfaces/local/lib/python3.10/dist-packages:${PYTHONPATH} /usr/bin/cmake --install /home/men3m/Naima/build/zed_topic_benchmark_component
[1.232s] Level 1:colcon.colcon_core.environment:checking '/home/men3m/Naima/install/zed_topic_benchmark_component' for CMake module files
[1.232s] Level 1:colcon.colcon_core.environment:checking '/home/men3m/Naima/install/zed_topic_benchmark_component' for CMake config files
[1.232s] Level 1:colcon.colcon_core.shell:create_environment_hook('zed_topic_benchmark_component', 'cmake_prefix_path')
[1.233s] INFO:colcon.colcon_core.shell:Creating environment hook '/home/men3m/Naima/install/zed_topic_benchmark_component/share/zed_topic_benchmark_component/hook/cmake_prefix_path.ps1'
[1.234s] INFO:colcon.colcon_core.shell:Creating environment descriptor '/home/men3m/Naima/install/zed_topic_benchmark_component/share/zed_topic_benchmark_component/hook/cmake_prefix_path.dsv'
[1.236s] INFO:colcon.colcon_core.shell:Creating environment hook '/home/men3m/Naima/install/zed_topic_benchmark_component/share/zed_topic_benchmark_component/hook/cmake_prefix_path.sh'
[1.237s] Level 1:colcon.colcon_core.environment:checking '/home/men3m/Naima/install/zed_topic_benchmark_component/lib'
[1.238s] Level 1:colcon.colcon_core.shell:create_environment_hook('zed_topic_benchmark_component', 'ld_library_path_lib')
[1.238s] INFO:colcon.colcon_core.shell:Creating environment hook '/home/men3m/Naima/install/zed_topic_benchmark_component/share/zed_topic_benchmark_component/hook/ld_library_path_lib.ps1'
[1.242s] INFO:colcon.colcon_core.shell:Creating environment descriptor '/home/men3m/Naima/install/zed_topic_benchmark_component/share/zed_topic_benchmark_component/hook/ld_library_path_lib.dsv'
[1.244s] INFO:colcon.colcon_core.shell:Creating environment hook '/home/men3m/Naima/install/zed_topic_benchmark_component/share/zed_topic_benchmark_component/hook/ld_library_path_lib.sh'
[1.244s] Level 1:colcon.colcon_core.environment:checking '/home/men3m/Naima/install/zed_topic_benchmark_component/bin'
[1.244s] Level 1:colcon.colcon_core.environment:checking '/home/men3m/Naima/install/zed_topic_benchmark_component/lib/pkgconfig/zed_topic_benchmark_component.pc'
[1.244s] Level 1:colcon.colcon_core.environment:checking '/home/men3m/Naima/install/zed_topic_benchmark_component/lib/python3.10/site-packages'
[1.245s] Level 1:colcon.colcon_core.environment:checking '/home/men3m/Naima/install/zed_topic_benchmark_component/bin'
[1.245s] INFO:colcon.colcon_core.shell:Creating package script '/home/men3m/Naima/install/zed_topic_benchmark_component/share/zed_topic_benchmark_component/package.ps1'
[1.245s] INFO:colcon.colcon_core.shell:Creating package descriptor '/home/men3m/Naima/install/zed_topic_benchmark_component/share/zed_topic_benchmark_component/package.dsv'
[1.246s] INFO:colcon.colcon_core.shell:Creating package script '/home/men3m/Naima/install/zed_topic_benchmark_component/share/zed_topic_benchmark_component/package.sh'
[1.246s] INFO:colcon.colcon_core.shell:Creating package script '/home/men3m/Naima/install/zed_topic_benchmark_component/share/zed_topic_benchmark_component/package.bash'
[1.246s] INFO:colcon.colcon_core.shell:Creating package script '/home/men3m/Naima/install/zed_topic_benchmark_component/share/zed_topic_benchmark_component/package.zsh'
[1.246s] Level 1:colcon.colcon_core.environment:create_file_with_runtime_dependencies(/home/men3m/Naima/install/zed_topic_benchmark_component/share/colcon-core/packages/zed_topic_benchmark_component)
[1.247s] Level 1:colcon.colcon_core.environment:create_environment_scripts_only(zed_topic_benchmark_component)
[1.247s] Level 1:colcon.colcon_core.environment:checking '/home/men3m/Naima/install/zed_topic_benchmark_component' for CMake module files
[1.247s] Level 1:colcon.colcon_core.environment:checking '/home/men3m/Naima/install/zed_topic_benchmark_component' for CMake config files
[1.248s] Level 1:colcon.colcon_core.shell:create_environment_hook('zed_topic_benchmark_component', 'cmake_prefix_path')
[1.248s] INFO:colcon.colcon_core.shell:Creating environment hook '/home/men3m/Naima/install/zed_topic_benchmark_component/share/zed_topic_benchmark_component/hook/cmake_prefix_path.ps1'
[1.248s] INFO:colcon.colcon_core.shell:Creating environment descriptor '/home/men3m/Naima/install/zed_topic_benchmark_component/share/zed_topic_benchmark_component/hook/cmake_prefix_path.dsv'
[1.248s] INFO:colcon.colcon_core.shell:Creating environment hook '/home/men3m/Naima/install/zed_topic_benchmark_component/share/zed_topic_benchmark_component/hook/cmake_prefix_path.sh'
[1.249s] Level 1:colcon.colcon_core.environment:checking '/home/men3m/Naima/install/zed_topic_benchmark_component/lib'
[1.249s] Level 1:colcon.colcon_core.shell:create_environment_hook('zed_topic_benchmark_component', 'ld_library_path_lib')
[1.249s] INFO:colcon.colcon_core.shell:Creating environment hook '/home/men3m/Naima/install/zed_topic_benchmark_component/share/zed_topic_benchmark_component/hook/ld_library_path_lib.ps1'
[1.249s] INFO:colcon.colcon_core.shell:Creating environment descriptor '/home/men3m/Naima/install/zed_topic_benchmark_component/share/zed_topic_benchmark_component/hook/ld_library_path_lib.dsv'
[1.250s] INFO:colcon.colcon_core.shell:Creating environment hook '/home/men3m/Naima/install/zed_topic_benchmark_component/share/zed_topic_benchmark_component/hook/ld_library_path_lib.sh'
[1.250s] Level 1:colcon.colcon_core.environment:checking '/home/men3m/Naima/install/zed_topic_benchmark_component/bin'
[1.250s] Level 1:colcon.colcon_core.environment:checking '/home/men3m/Naima/install/zed_topic_benchmark_component/lib/pkgconfig/zed_topic_benchmark_component.pc'
[1.250s] Level 1:colcon.colcon_core.environment:checking '/home/men3m/Naima/install/zed_topic_benchmark_component/lib/python3.10/site-packages'
[1.250s] Level 1:colcon.colcon_core.environment:checking '/home/men3m/Naima/install/zed_topic_benchmark_component/bin'
[1.251s] INFO:colcon.colcon_core.shell:Creating package script '/home/men3m/Naima/install/zed_topic_benchmark_component/share/zed_topic_benchmark_component/package.ps1'
[1.251s] INFO:colcon.colcon_core.shell:Creating package descriptor '/home/men3m/Naima/install/zed_topic_benchmark_component/share/zed_topic_benchmark_component/package.dsv'
[1.251s] INFO:colcon.colcon_core.shell:Creating package script '/home/men3m/Naima/install/zed_topic_benchmark_component/share/zed_topic_benchmark_component/package.sh'
[1.252s] INFO:colcon.colcon_core.shell:Creating package script '/home/men3m/Naima/install/zed_topic_benchmark_component/share/zed_topic_benchmark_component/package.bash'
[1.252s] INFO:colcon.colcon_core.shell:Creating package script '/home/men3m/Naima/install/zed_topic_benchmark_component/share/zed_topic_benchmark_component/package.zsh'
[1.253s] Level 1:colcon.colcon_core.environment:create_file_with_runtime_dependencies(/home/men3m/Naima/install/zed_topic_benchmark_component/share/colcon-core/packages/zed_topic_benchmark_component)
[1.253s] INFO:colcon.colcon_ros.task.ament_cmake.build:Building ROS package in '/home/men3m/Naima/src/naima_ublox_gps/ublox_gps' with build type 'ament_cmake'
[1.253s] INFO:colcon.colcon_cmake.task.cmake.build:Building CMake package in '/home/men3m/Naima/src/naima_ublox_gps/ublox_gps'
[1.253s] INFO:colcon.colcon_core.shell:Skip shell extension 'powershell' for command environment: Not usable outside of PowerShell
[1.253s] DEBUG:colcon.colcon_core.shell:Skip shell extension 'dsv' for command environment
[1.263s] DEBUG:colcon.colcon_core.event_handler.log_command:Invoking command in '/home/men3m/Naima/build/ublox_gps': AMENT_PREFIX_PATH=/home/men3m/Naima/install/ublox_msgs:/home/men3m/Naima/install/ublox_serialization:${AMENT_PREFIX_PATH} CMAKE_PREFIX_PATH=/home/men3m/Naima/install/ublox_msgs:/home/men3m/Naima/install/ublox_serialization:/opt/ros/humble LD_LIBRARY_PATH=/home/men3m/Naima/install/ublox_msgs/lib:/usr/lib/x86_64-linux-gnu/gazebo-11/plugins:/opt/ros/humble/opt/rviz_ogre_vendor/lib:/opt/ros/humble/lib/x86_64-linux-gnu:/opt/ros/humble/lib:/usr/local/cuda-12.4.0/lib64:/usr/local/cuda-12.4.0/lib64 PYTHONPATH=/home/men3m/Naima/install/ublox_msgs/local/lib/python3.10/dist-packages:${PYTHONPATH} /usr/bin/cmake --build /home/men3m/Naima/build/ublox_gps -- -j16 -l16
[1.272s] Level 1:colcon.colcon_core.environment:create_environment_scripts_only(naima_msgs)
[1.273s] DEBUG:colcon.colcon_core.event_handler.log_command:Invoked command in '/home/men3m/Naima/build/naima_msgs' returned '0': CMAKE_PREFIX_PATH=/opt/ros/humble /usr/bin/cmake --install /home/men3m/Naima/build/naima_msgs
[1.273s] Level 1:colcon.colcon_core.environment:checking '/home/men3m/Naima/install/naima_msgs' for CMake module files
[1.273s] Level 1:colcon.colcon_core.environment:checking '/home/men3m/Naima/install/naima_msgs' for CMake config files
[1.274s] Level 1:colcon.colcon_core.shell:create_environment_hook('naima_msgs', 'cmake_prefix_path')
[1.274s] INFO:colcon.colcon_core.shell:Creating environment hook '/home/men3m/Naima/install/naima_msgs/share/naima_msgs/hook/cmake_prefix_path.ps1'
[1.275s] INFO:colcon.colcon_core.shell:Creating environment descriptor '/home/men3m/Naima/install/naima_msgs/share/naima_msgs/hook/cmake_prefix_path.dsv'
[1.275s] INFO:colcon.colcon_core.shell:Creating environment hook '/home/men3m/Naima/install/naima_msgs/share/naima_msgs/hook/cmake_prefix_path.sh'
[1.275s] Level 1:colcon.colcon_core.environment:checking '/home/men3m/Naima/install/naima_msgs/lib'
[1.275s] Level 1:colcon.colcon_core.shell:create_environment_hook('naima_msgs', 'ld_library_path_lib')
[1.276s] INFO:colcon.colcon_core.shell:Creating environment hook '/home/men3m/Naima/install/naima_msgs/share/naima_msgs/hook/ld_library_path_lib.ps1'
[1.276s] INFO:colcon.colcon_core.shell:Creating environment descriptor '/home/men3m/Naima/install/naima_msgs/share/naima_msgs/hook/ld_library_path_lib.dsv'
[1.276s] INFO:colcon.colcon_core.shell:Creating environment hook '/home/men3m/Naima/install/naima_msgs/share/naima_msgs/hook/ld_library_path_lib.sh'
[1.276s] Level 1:colcon.colcon_core.environment:checking '/home/men3m/Naima/install/naima_msgs/bin'
[1.277s] Level 1:colcon.colcon_core.environment:checking '/home/men3m/Naima/install/naima_msgs/lib/pkgconfig/naima_msgs.pc'
[1.277s] Level 1:colcon.colcon_core.environment:checking '/home/men3m/Naima/install/naima_msgs/lib/python3.10/site-packages'
[1.277s] Level 1:colcon.colcon_core.environment:checking '/home/men3m/Naima/install/naima_msgs/bin'
[1.277s] INFO:colcon.colcon_core.shell:Creating package script '/home/men3m/Naima/install/naima_msgs/share/naima_msgs/package.ps1'
[1.278s] INFO:colcon.colcon_core.shell:Creating package descriptor '/home/men3m/Naima/install/naima_msgs/share/naima_msgs/package.dsv'
[1.278s] INFO:colcon.colcon_core.shell:Creating package script '/home/men3m/Naima/install/naima_msgs/share/naima_msgs/package.sh'
[1.278s] INFO:colcon.colcon_core.shell:Creating package script '/home/men3m/Naima/install/naima_msgs/share/naima_msgs/package.bash'
[1.278s] INFO:colcon.colcon_core.shell:Creating package script '/home/men3m/Naima/install/naima_msgs/share/naima_msgs/package.zsh'
[1.279s] Level 1:colcon.colcon_core.environment:create_file_with_runtime_dependencies(/home/men3m/Naima/install/naima_msgs/share/colcon-core/packages/naima_msgs)
[1.279s] Level 1:colcon.colcon_core.environment:create_environment_scripts_only(naima_msgs)
[1.279s] Level 1:colcon.colcon_core.environment:checking '/home/men3m/Naima/install/naima_msgs' for CMake module files
[1.280s] Level 1:colcon.colcon_core.environment:checking '/home/men3m/Naima/install/naima_msgs' for CMake config files
[1.280s] Level 1:colcon.colcon_core.shell:create_environment_hook('naima_msgs', 'cmake_prefix_path')
[1.281s] INFO:colcon.colcon_core.shell:Creating environment hook '/home/men3m/Naima/install/naima_msgs/share/naima_msgs/hook/cmake_prefix_path.ps1'
[1.281s] INFO:colcon.colcon_core.shell:Creating environment descriptor '/home/men3m/Naima/install/naima_msgs/share/naima_msgs/hook/cmake_prefix_path.dsv'
[1.281s] INFO:colcon.colcon_core.shell:Creating environment hook '/home/men3m/Naima/install/naima_msgs/share/naima_msgs/hook/cmake_prefix_path.sh'
[1.282s] Level 1:colcon.colcon_core.environment:checking '/home/men3m/Naima/install/naima_msgs/lib'
[1.282s] Level 1:colcon.colcon_core.shell:create_environment_hook('naima_msgs', 'ld_library_path_lib')
[1.282s] INFO:colcon.colcon_core.shell:Creating environment hook '/home/men3m/Naima/install/naima_msgs/share/naima_msgs/hook/ld_library_path_lib.ps1'
[1.282s] INFO:colcon.colcon_core.shell:Creating environment descriptor '/home/men3m/Naima/install/naima_msgs/share/naima_msgs/hook/ld_library_path_lib.dsv'
[1.282s] INFO:colcon.colcon_core.shell:Creating environment hook '/home/men3m/Naima/install/naima_msgs/share/naima_msgs/hook/ld_library_path_lib.sh'
[1.283s] Level 1:colcon.colcon_core.environment:checking '/home/men3m/Naima/install/naima_msgs/bin'
[1.283s] Level 1:colcon.colcon_core.environment:checking '/home/men3m/Naima/install/naima_msgs/lib/pkgconfig/naima_msgs.pc'
[1.283s] Level 1:colcon.colcon_core.environment:checking '/home/men3m/Naima/install/naima_msgs/lib/python3.10/site-packages'
[1.283s] Level 1:colcon.colcon_core.environment:checking '/home/men3m/Naima/install/naima_msgs/bin'
[1.283s] INFO:colcon.colcon_core.shell:Creating package script '/home/men3m/Naima/install/naima_msgs/share/naima_msgs/package.ps1'
[1.284s] INFO:colcon.colcon_core.shell:Creating package descriptor '/home/men3m/Naima/install/naima_msgs/share/naima_msgs/package.dsv'
[1.284s] INFO:colcon.colcon_core.shell:Creating package script '/home/men3m/Naima/install/naima_msgs/share/naima_msgs/package.sh'
[1.284s] INFO:colcon.colcon_core.shell:Creating package script '/home/men3m/Naima/install/naima_msgs/share/naima_msgs/package.bash'
[1.285s] INFO:colcon.colcon_core.shell:Creating package script '/home/men3m/Naima/install/naima_msgs/share/naima_msgs/package.zsh'
[1.285s] Level 1:colcon.colcon_core.environment:create_file_with_runtime_dependencies(/home/men3m/Naima/install/naima_msgs/share/colcon-core/packages/naima_msgs)
[1.285s] INFO:colcon.colcon_ros.task.ament_cmake.build:Building ROS package in '/home/men3m/Naima/src/zed-ros2-examples/tutorials/zed_multi_camera' with build type 'ament_cmake'
[1.286s] INFO:colcon.colcon_cmake.task.cmake.build:Building CMake package in '/home/men3m/Naima/src/zed-ros2-examples/tutorials/zed_multi_camera'
[1.286s] INFO:colcon.colcon_core.shell:Skip shell extension 'powershell' for command environment: Not usable outside of PowerShell
[1.286s] DEBUG:colcon.colcon_core.shell:Skip shell extension 'dsv' for command environment
[1.295s] DEBUG:colcon.colcon_core.event_handler.log_command:Invoking command in '/home/men3m/Naima/build/zed_multi_camera': AMENT_PREFIX_PATH=/home/men3m/Naima/install/zed_wrapper:/home/men3m/Naima/install/zed_components:${AMENT_PREFIX_PATH} CMAKE_PREFIX_PATH=/home/men3m/Naima/install/zed_wrapper:/home/men3m/Naima/install/zed_components:/opt/ros/humble LD_LIBRARY_PATH=/home/men3m/Naima/install/zed_components/lib:/usr/lib/x86_64-linux-gnu/gazebo-11/plugins:/opt/ros/humble/opt/rviz_ogre_vendor/lib:/opt/ros/humble/lib/x86_64-linux-gnu:/opt/ros/humble/lib:/usr/local/cuda-12.4.0/lib64:/usr/local/cuda-12.4.0/lib64 /usr/bin/cmake --build /home/men3m/Naima/build/zed_multi_camera -- -j16 -l16
[1.328s] DEBUG:colcon.colcon_core.event_handler.log_command:Invoked command in '/home/men3m/Naima/build/zed_multi_camera' returned '0': AMENT_PREFIX_PATH=/home/men3m/Naima/install/zed_wrapper:/home/men3m/Naima/install/zed_components:${AMENT_PREFIX_PATH} CMAKE_PREFIX_PATH=/home/men3m/Naima/install/zed_wrapper:/home/men3m/Naima/install/zed_components:/opt/ros/humble LD_LIBRARY_PATH=/home/men3m/Naima/install/zed_components/lib:/usr/lib/x86_64-linux-gnu/gazebo-11/plugins:/opt/ros/humble/opt/rviz_ogre_vendor/lib:/opt/ros/humble/lib/x86_64-linux-gnu:/opt/ros/humble/lib:/usr/local/cuda-12.4.0/lib64:/usr/local/cuda-12.4.0/lib64 /usr/bin/cmake --build /home/men3m/Naima/build/zed_multi_camera -- -j16 -l16
[1.329s] DEBUG:colcon.colcon_core.event_handler.log_command:Invoking command in '/home/men3m/Naima/build/zed_multi_camera': AMENT_PREFIX_PATH=/home/men3m/Naima/install/zed_wrapper:/home/men3m/Naima/install/zed_components:${AMENT_PREFIX_PATH} CMAKE_PREFIX_PATH=/home/men3m/Naima/install/zed_wrapper:/home/men3m/Naima/install/zed_components:/opt/ros/humble LD_LIBRARY_PATH=/home/men3m/Naima/install/zed_components/lib:/usr/lib/x86_64-linux-gnu/gazebo-11/plugins:/opt/ros/humble/opt/rviz_ogre_vendor/lib:/opt/ros/humble/lib/x86_64-linux-gnu:/opt/ros/humble/lib:/usr/local/cuda-12.4.0/lib64:/usr/local/cuda-12.4.0/lib64 /usr/bin/cmake --install /home/men3m/Naima/build/zed_multi_camera
[1.337s] Level 1:colcon.colcon_core.environment:create_environment_scripts_only(zed_multi_camera)
[1.338s] DEBUG:colcon.colcon_core.event_handler.log_command:Invoked command in '/home/men3m/Naima/build/zed_multi_camera' returned '0': AMENT_PREFIX_PATH=/home/men3m/Naima/install/zed_wrapper:/home/men3m/Naima/install/zed_components:${AMENT_PREFIX_PATH} CMAKE_PREFIX_PATH=/home/men3m/Naima/install/zed_wrapper:/home/men3m/Naima/install/zed_components:/opt/ros/humble LD_LIBRARY_PATH=/home/men3m/Naima/install/zed_components/lib:/usr/lib/x86_64-linux-gnu/gazebo-11/plugins:/opt/ros/humble/opt/rviz_ogre_vendor/lib:/opt/ros/humble/lib/x86_64-linux-gnu:/opt/ros/humble/lib:/usr/local/cuda-12.4.0/lib64:/usr/local/cuda-12.4.0/lib64 /usr/bin/cmake --install /home/men3m/Naima/build/zed_multi_camera
[1.338s] Level 1:colcon.colcon_core.environment:checking '/home/men3m/Naima/install/zed_multi_camera' for CMake module files
[1.338s] Level 1:colcon.colcon_core.environment:checking '/home/men3m/Naima/install/zed_multi_camera' for CMake config files
[1.339s] Level 1:colcon.colcon_core.shell:create_environment_hook('zed_multi_camera', 'cmake_prefix_path')
[1.339s] INFO:colcon.colcon_core.shell:Creating environment hook '/home/men3m/Naima/install/zed_multi_camera/share/zed_multi_camera/hook/cmake_prefix_path.ps1'
[1.339s] INFO:colcon.colcon_core.shell:Creating environment descriptor '/home/men3m/Naima/install/zed_multi_camera/share/zed_multi_camera/hook/cmake_prefix_path.dsv'
[1.339s] INFO:colcon.colcon_core.shell:Creating environment hook '/home/men3m/Naima/install/zed_multi_camera/share/zed_multi_camera/hook/cmake_prefix_path.sh'
[1.340s] Level 1:colcon.colcon_core.environment:checking '/home/men3m/Naima/install/zed_multi_camera/bin'
[1.340s] Level 1:colcon.colcon_core.environment:checking '/home/men3m/Naima/install/zed_multi_camera/lib/pkgconfig/zed_multi_camera.pc'
[1.340s] Level 1:colcon.colcon_core.environment:checking '/home/men3m/Naima/install/zed_multi_camera/lib/python3.10/site-packages'
[1.340s] Level 1:colcon.colcon_core.environment:checking '/home/men3m/Naima/install/zed_multi_camera/bin'
[1.340s] INFO:colcon.colcon_core.shell:Creating package script '/home/men3m/Naima/install/zed_multi_camera/share/zed_multi_camera/package.ps1'
[1.341s] INFO:colcon.colcon_core.shell:Creating package descriptor '/home/men3m/Naima/install/zed_multi_camera/share/zed_multi_camera/package.dsv'
[1.341s] INFO:colcon.colcon_core.shell:Creating package script '/home/men3m/Naima/install/zed_multi_camera/share/zed_multi_camera/package.sh'
[1.341s] INFO:colcon.colcon_core.shell:Creating package script '/home/men3m/Naima/install/zed_multi_camera/share/zed_multi_camera/package.bash'
[1.342s] INFO:colcon.colcon_core.shell:Creating package script '/home/men3m/Naima/install/zed_multi_camera/share/zed_multi_camera/package.zsh'
[1.342s] Level 1:colcon.colcon_core.environment:create_file_with_runtime_dependencies(/home/men3m/Naima/install/zed_multi_camera/share/colcon-core/packages/zed_multi_camera)
[1.342s] Level 1:colcon.colcon_core.environment:create_environment_scripts_only(zed_multi_camera)
[1.342s] Level 1:colcon.colcon_core.environment:checking '/home/men3m/Naima/install/zed_multi_camera' for CMake module files
[1.343s] Level 1:colcon.colcon_core.environment:checking '/home/men3m/Naima/install/zed_multi_camera' for CMake config files
[1.343s] Level 1:colcon.colcon_core.shell:create_environment_hook('zed_multi_camera', 'cmake_prefix_path')
[1.343s] INFO:colcon.colcon_core.shell:Creating environment hook '/home/men3m/Naima/install/zed_multi_camera/share/zed_multi_camera/hook/cmake_prefix_path.ps1'
[1.343s] INFO:colcon.colcon_core.shell:Creating environment descriptor '/home/men3m/Naima/install/zed_multi_camera/share/zed_multi_camera/hook/cmake_prefix_path.dsv'
[1.344s] INFO:colcon.colcon_core.shell:Creating environment hook '/home/men3m/Naima/install/zed_multi_camera/share/zed_multi_camera/hook/cmake_prefix_path.sh'
[1.344s] Level 1:colcon.colcon_core.environment:checking '/home/men3m/Naima/install/zed_multi_camera/bin'
[1.344s] Level 1:colcon.colcon_core.environment:checking '/home/men3m/Naima/install/zed_multi_camera/lib/pkgconfig/zed_multi_camera.pc'
[1.344s] Level 1:colcon.colcon_core.environment:checking '/home/men3m/Naima/install/zed_multi_camera/lib/python3.10/site-packages'
[1.344s] Level 1:colcon.colcon_core.environment:checking '/home/men3m/Naima/install/zed_multi_camera/bin'
[1.344s] INFO:colcon.colcon_core.shell:Creating package script '/home/men3m/Naima/install/zed_multi_camera/share/zed_multi_camera/package.ps1'
[1.345s] INFO:colcon.colcon_core.shell:Creating package descriptor '/home/men3m/Naima/install/zed_multi_camera/share/zed_multi_camera/package.dsv'
[1.345s] INFO:colcon.colcon_core.shell:Creating package script '/home/men3m/Naima/install/zed_multi_camera/share/zed_multi_camera/package.sh'
[1.346s] INFO:colcon.colcon_core.shell:Creating package script '/home/men3m/Naima/install/zed_multi_camera/share/zed_multi_camera/package.bash'
[1.346s] INFO:colcon.colcon_core.shell:Creating package script '/home/men3m/Naima/install/zed_multi_camera/share/zed_multi_camera/package.zsh'
[1.346s] Level 1:colcon.colcon_core.environment:create_file_with_runtime_dependencies(/home/men3m/Naima/install/zed_multi_camera/share/colcon-core/packages/zed_multi_camera)
[1.347s] INFO:colcon.colcon_ros.task.ament_python.build:Building ROS package in '/home/men3m/Naima/src/naima' with build type 'ament_python'
[1.347s] Level 1:colcon.colcon_core.shell:create_environment_hook('naima', 'ament_prefix_path')
[1.347s] INFO:colcon.colcon_core.shell:Creating environment hook '/home/men3m/Naima/install/naima/share/naima/hook/ament_prefix_path.ps1'
[1.347s] INFO:colcon.colcon_core.shell:Creating environment descriptor '/home/men3m/Naima/install/naima/share/naima/hook/ament_prefix_path.dsv'
[1.348s] INFO:colcon.colcon_core.shell:Creating environment hook '/home/men3m/Naima/install/naima/share/naima/hook/ament_prefix_path.sh'
[1.348s] INFO:colcon.colcon_core.shell:Skip shell extension 'powershell' for command environment: Not usable outside of PowerShell
[1.348s] DEBUG:colcon.colcon_core.shell:Skip shell extension 'dsv' for command environment
[1.581s] INFO:colcon.colcon_core.task.python.build:Building Python package in '/home/men3m/Naima/src/naima'
[1.581s] INFO:colcon.colcon_core.shell:Skip shell extension 'powershell' for command environment: Not usable outside of PowerShell
[1.582s] DEBUG:colcon.colcon_core.shell:Skip shell extension 'dsv' for command environment
[1.588s] DEBUG:colcon.colcon_core.event_handler.log_command:Invoked command in '/home/men3m/Naima/build/ublox_gps' returned '0': AMENT_PREFIX_PATH=/home/men3m/Naima/install/ublox_msgs:/home/men3m/Naima/install/ublox_serialization:${AMENT_PREFIX_PATH} CMAKE_PREFIX_PATH=/home/men3m/Naima/install/ublox_msgs:/home/men3m/Naima/install/ublox_serialization:/opt/ros/humble LD_LIBRARY_PATH=/home/men3m/Naima/install/ublox_msgs/lib:/usr/lib/x86_64-linux-gnu/gazebo-11/plugins:/opt/ros/humble/opt/rviz_ogre_vendor/lib:/opt/ros/humble/lib/x86_64-linux-gnu:/opt/ros/humble/lib:/usr/local/cuda-12.4.0/lib64:/usr/local/cuda-12.4.0/lib64 PYTHONPATH=/home/men3m/Naima/install/ublox_msgs/local/lib/python3.10/dist-packages:${PYTHONPATH} /usr/bin/cmake --build /home/men3m/Naima/build/ublox_gps -- -j16 -l16
[1.589s] DEBUG:colcon.colcon_core.event_handler.log_command:Invoking command in '/home/men3m/Naima/build/ublox_gps': AMENT_PREFIX_PATH=/home/men3m/Naima/install/ublox_msgs:/home/men3m/Naima/install/ublox_serialization:${AMENT_PREFIX_PATH} CMAKE_PREFIX_PATH=/home/men3m/Naima/install/ublox_msgs:/home/men3m/Naima/install/ublox_serialization:/opt/ros/humble LD_LIBRARY_PATH=/home/men3m/Naima/install/ublox_msgs/lib:/usr/lib/x86_64-linux-gnu/gazebo-11/plugins:/opt/ros/humble/opt/rviz_ogre_vendor/lib:/opt/ros/humble/lib/x86_64-linux-gnu:/opt/ros/humble/lib:/usr/local/cuda-12.4.0/lib64:/usr/local/cuda-12.4.0/lib64 PYTHONPATH=/home/men3m/Naima/install/ublox_msgs/local/lib/python3.10/dist-packages:${PYTHONPATH} /usr/bin/cmake --install /home/men3m/Naima/build/ublox_gps
[1.600s] Level 1:colcon.colcon_core.environment:create_environment_scripts_only(ublox_gps)
[1.601s] Level 1:colcon.colcon_core.environment:checking '/home/men3m/Naima/install/ublox_gps' for CMake module files
[1.604s] Level 1:colcon.colcon_core.environment:checking '/home/men3m/Naima/install/ublox_gps' for CMake config files
[1.605s] DEBUG:colcon.colcon_core.event_handler.log_command:Invoked command in '/home/men3m/Naima/build/ublox_gps' returned '0': AMENT_PREFIX_PATH=/home/men3m/Naima/install/ublox_msgs:/home/men3m/Naima/install/ublox_serialization:${AMENT_PREFIX_PATH} CMAKE_PREFIX_PATH=/home/men3m/Naima/install/ublox_msgs:/home/men3m/Naima/install/ublox_serialization:/opt/ros/humble LD_LIBRARY_PATH=/home/men3m/Naima/install/ublox_msgs/lib:/usr/lib/x86_64-linux-gnu/gazebo-11/plugins:/opt/ros/humble/opt/rviz_ogre_vendor/lib:/opt/ros/humble/lib/x86_64-linux-gnu:/opt/ros/humble/lib:/usr/local/cuda-12.4.0/lib64:/usr/local/cuda-12.4.0/lib64 PYTHONPATH=/home/men3m/Naima/install/ublox_msgs/local/lib/python3.10/dist-packages:${PYTHONPATH} /usr/bin/cmake --install /home/men3m/Naima/build/ublox_gps
[1.605s] Level 1:colcon.colcon_core.shell:create_environment_hook('ublox_gps', 'cmake_prefix_path')
[1.606s] INFO:colcon.colcon_core.shell:Creating environment hook '/home/men3m/Naima/install/ublox_gps/share/ublox_gps/hook/cmake_prefix_path.ps1'
[1.607s] INFO:colcon.colcon_core.shell:Creating environment descriptor '/home/men3m/Naima/install/ublox_gps/share/ublox_gps/hook/cmake_prefix_path.dsv'
[1.607s] INFO:colcon.colcon_core.shell:Creating environment hook '/home/men3m/Naima/install/ublox_gps/share/ublox_gps/hook/cmake_prefix_path.sh'
[1.608s] Level 1:colcon.colcon_core.environment:checking '/home/men3m/Naima/install/ublox_gps/lib'
[1.608s] Level 1:colcon.colcon_core.shell:create_environment_hook('ublox_gps', 'ld_library_path_lib')
[1.609s] INFO:colcon.colcon_core.shell:Creating environment hook '/home/men3m/Naima/install/ublox_gps/share/ublox_gps/hook/ld_library_path_lib.ps1'
[1.610s] INFO:colcon.colcon_core.shell:Creating environment descriptor '/home/men3m/Naima/install/ublox_gps/share/ublox_gps/hook/ld_library_path_lib.dsv'
[1.611s] INFO:colcon.colcon_core.shell:Creating environment hook '/home/men3m/Naima/install/ublox_gps/share/ublox_gps/hook/ld_library_path_lib.sh'
[1.612s] Level 1:colcon.colcon_core.environment:checking '/home/men3m/Naima/install/ublox_gps/bin'
[1.613s] Level 1:colcon.colcon_core.environment:checking '/home/men3m/Naima/install/ublox_gps/lib/pkgconfig/ublox_gps.pc'
[1.613s] Level 1:colcon.colcon_core.environment:checking '/home/men3m/Naima/install/ublox_gps/lib/python3.10/site-packages'
[1.613s] Level 1:colcon.colcon_core.environment:checking '/home/men3m/Naima/install/ublox_gps/bin'
[1.613s] INFO:colcon.colcon_core.shell:Creating package script '/home/men3m/Naima/install/ublox_gps/share/ublox_gps/package.ps1'
[1.614s] INFO:colcon.colcon_core.shell:Creating package descriptor '/home/men3m/Naima/install/ublox_gps/share/ublox_gps/package.dsv'
[1.614s] INFO:colcon.colcon_core.shell:Creating package script '/home/men3m/Naima/install/ublox_gps/share/ublox_gps/package.sh'
[1.615s] INFO:colcon.colcon_core.shell:Creating package script '/home/men3m/Naima/install/ublox_gps/share/ublox_gps/package.bash'
[1.616s] INFO:colcon.colcon_core.shell:Creating package script '/home/men3m/Naima/install/ublox_gps/share/ublox_gps/package.zsh'
[1.617s] Level 1:colcon.colcon_core.environment:create_file_with_runtime_dependencies(/home/men3m/Naima/install/ublox_gps/share/colcon-core/packages/ublox_gps)
[1.618s] Level 1:colcon.colcon_core.environment:create_environment_scripts_only(ublox_gps)
[1.619s] Level 1:colcon.colcon_core.environment:checking '/home/men3m/Naima/install/ublox_gps' for CMake module files
[1.619s] Level 1:colcon.colcon_core.environment:checking '/home/men3m/Naima/install/ublox_gps' for CMake config files
[1.620s] Level 1:colcon.colcon_core.shell:create_environment_hook('ublox_gps', 'cmake_prefix_path')
[1.620s] INFO:colcon.colcon_core.shell:Creating environment hook '/home/men3m/Naima/install/ublox_gps/share/ublox_gps/hook/cmake_prefix_path.ps1'
[1.620s] INFO:colcon.colcon_core.shell:Creating environment descriptor '/home/men3m/Naima/install/ublox_gps/share/ublox_gps/hook/cmake_prefix_path.dsv'
[1.621s] INFO:colcon.colcon_core.shell:Creating environment hook '/home/men3m/Naima/install/ublox_gps/share/ublox_gps/hook/cmake_prefix_path.sh'
[1.622s] Level 1:colcon.colcon_core.environment:checking '/home/men3m/Naima/install/ublox_gps/lib'
[1.622s] Level 1:colcon.colcon_core.shell:create_environment_hook('ublox_gps', 'ld_library_path_lib')
[1.622s] INFO:colcon.colcon_core.shell:Creating environment hook '/home/men3m/Naima/install/ublox_gps/share/ublox_gps/hook/ld_library_path_lib.ps1'
[1.623s] INFO:colcon.colcon_core.shell:Creating environment descriptor '/home/men3m/Naima/install/ublox_gps/share/ublox_gps/hook/ld_library_path_lib.dsv'
[1.623s] INFO:colcon.colcon_core.shell:Creating environment hook '/home/men3m/Naima/install/ublox_gps/share/ublox_gps/hook/ld_library_path_lib.sh'
[1.624s] Level 1:colcon.colcon_core.environment:checking '/home/men3m/Naima/install/ublox_gps/bin'
[1.624s] Level 1:colcon.colcon_core.environment:checking '/home/men3m/Naima/install/ublox_gps/lib/pkgconfig/ublox_gps.pc'
[1.624s] Level 1:colcon.colcon_core.environment:checking '/home/men3m/Naima/install/ublox_gps/lib/python3.10/site-packages'
[1.624s] Level 1:colcon.colcon_core.environment:checking '/home/men3m/Naima/install/ublox_gps/bin'
[1.625s] INFO:colcon.colcon_core.shell:Creating package script '/home/men3m/Naima/install/ublox_gps/share/ublox_gps/package.ps1'
[1.625s] INFO:colcon.colcon_core.shell:Creating package descriptor '/home/men3m/Naima/install/ublox_gps/share/ublox_gps/package.dsv'
[1.626s] INFO:colcon.colcon_core.shell:Creating package script '/home/men3m/Naima/install/ublox_gps/share/ublox_gps/package.sh'
[1.626s] INFO:colcon.colcon_core.shell:Creating package script '/home/men3m/Naima/install/ublox_gps/share/ublox_gps/package.bash'
[1.627s] INFO:colcon.colcon_core.shell:Creating package script '/home/men3m/Naima/install/ublox_gps/share/ublox_gps/package.zsh'
[1.627s] Level 1:colcon.colcon_core.environment:create_file_with_runtime_dependencies(/home/men3m/Naima/install/ublox_gps/share/colcon-core/packages/ublox_gps)
[1.628s] INFO:colcon.colcon_ros.task.ament_python.build:Building ROS package in '/home/men3m/Naima/src/naima_bringup' with build type 'ament_python'
[1.628s] Level 1:colcon.colcon_core.shell:create_environment_hook('naima_bringup', 'ament_prefix_path')
[1.629s] INFO:colcon.colcon_core.shell:Creating environment hook '/home/men3m/Naima/install/naima_bringup/share/naima_bringup/hook/ament_prefix_path.ps1'
[1.630s] INFO:colcon.colcon_core.shell:Creating environment descriptor '/home/men3m/Naima/install/naima_bringup/share/naima_bringup/hook/ament_prefix_path.dsv'
[1.630s] INFO:colcon.colcon_core.shell:Creating environment hook '/home/men3m/Naima/install/naima_bringup/share/naima_bringup/hook/ament_prefix_path.sh'
[1.631s] INFO:colcon.colcon_core.shell:Skip shell extension 'powershell' for command environment: Not usable outside of PowerShell
[1.631s] DEBUG:colcon.colcon_core.shell:Skip shell extension 'dsv' for command environment
[1.872s] INFO:colcon.colcon_core.task.python.build:Building Python package in '/home/men3m/Naima/src/naima_bringup'
[1.872s] INFO:colcon.colcon_core.shell:Skip shell extension 'powershell' for command environment: Not usable outside of PowerShell
[1.872s] DEBUG:colcon.colcon_core.shell:Skip shell extension 'dsv' for command environment
[1.965s] DEBUG:colcon.colcon_core.event_handler.log_command:Invoking command in '/home/men3m/Naima/src/naima': PYTHONPATH=/home/men3m/Naima/build/naima/prefix_override:/usr/lib/python3/dist-packages/colcon_core/task/python/colcon_distutils_commands:/home/men3m/Naima/install/naima/lib/python3.10/site-packages:${PYTHONPATH} /usr/bin/python3 -W ignore:setup.py install is deprecated -W ignore:easy_install command is deprecated setup.py egg_info --egg-base ../../build/naima build --build-base /home/men3m/Naima/build/naima/build install --record /home/men3m/Naima/build/naima/install.log --single-version-externally-managed install_data
[2.221s] Level 1:colcon.colcon_core.environment:checking '/home/men3m/Naima/install/naima' for CMake module files
[2.222s] DEBUG:colcon.colcon_core.event_handler.log_command:Invoked command in '/home/men3m/Naima/src/naima' returned '0': PYTHONPATH=/home/men3m/Naima/build/naima/prefix_override:/usr/lib/python3/dist-packages/colcon_core/task/python/colcon_distutils_commands:/home/men3m/Naima/install/naima/lib/python3.10/site-packages:${PYTHONPATH} /usr/bin/python3 -W ignore:setup.py install is deprecated -W ignore:easy_install command is deprecated setup.py egg_info --egg-base ../../build/naima build --build-base /home/men3m/Naima/build/naima/build install --record /home/men3m/Naima/build/naima/install.log --single-version-externally-managed install_data
[2.222s] Level 1:colcon.colcon_core.environment:checking '/home/men3m/Naima/install/naima' for CMake config files
[2.223s] Level 1:colcon.colcon_core.environment:checking '/home/men3m/Naima/install/naima/lib'
[2.223s] Level 1:colcon.colcon_core.environment:checking '/home/men3m/Naima/install/naima/bin'
[2.223s] Level 1:colcon.colcon_core.environment:checking '/home/men3m/Naima/install/naima/lib/pkgconfig/naima.pc'
[2.223s] Level 1:colcon.colcon_core.environment:checking '/home/men3m/Naima/install/naima/lib/python3.10/site-packages'
[2.223s] Level 1:colcon.colcon_core.shell:create_environment_hook('naima', 'pythonpath')
[2.223s] INFO:colcon.colcon_core.shell:Creating environment hook '/home/men3m/Naima/install/naima/share/naima/hook/pythonpath.ps1'
[2.224s] INFO:colcon.colcon_core.shell:Creating environment descriptor '/home/men3m/Naima/install/naima/share/naima/hook/pythonpath.dsv'
[2.224s] INFO:colcon.colcon_core.shell:Creating environment hook '/home/men3m/Naima/install/naima/share/naima/hook/pythonpath.sh'
[2.225s] Level 1:colcon.colcon_core.environment:checking '/home/men3m/Naima/install/naima/bin'
[2.225s] Level 1:colcon.colcon_core.environment:create_environment_scripts_only(naima)
[2.225s] INFO:colcon.colcon_core.shell:Creating package script '/home/men3m/Naima/install/naima/share/naima/package.ps1'
[2.226s] INFO:colcon.colcon_core.shell:Creating package descriptor '/home/men3m/Naima/install/naima/share/naima/package.dsv'
[2.226s] INFO:colcon.colcon_core.shell:Creating package script '/home/men3m/Naima/install/naima/share/naima/package.sh'
[2.227s] INFO:colcon.colcon_core.shell:Creating package script '/home/men3m/Naima/install/naima/share/naima/package.bash'
[2.227s] INFO:colcon.colcon_core.shell:Creating package script '/home/men3m/Naima/install/naima/share/naima/package.zsh'
[2.228s] Level 1:colcon.colcon_core.environment:create_file_with_runtime_dependencies(/home/men3m/Naima/install/naima/share/colcon-core/packages/naima)
[2.229s] INFO:colcon.colcon_ros.task.ament_cmake.build:Building ROS package in '/home/men3m/Naima/src/naima_control' with build type 'ament_cmake'
[2.230s] INFO:colcon.colcon_cmake.task.cmake.build:Building CMake package in '/home/men3m/Naima/src/naima_control'
[2.230s] INFO:colcon.colcon_core.shell:Skip shell extension 'powershell' for command environment: Not usable outside of PowerShell
[2.230s] DEBUG:colcon.colcon_core.shell:Skip shell extension 'dsv' for command environment
[2.236s] DEBUG:colcon.colcon_core.event_handler.log_command:Invoking command in '/home/men3m/Naima/src/naima_bringup': PYTHONPATH=/home/men3m/Naima/build/naima_bringup/prefix_override:/usr/lib/python3/dist-packages/colcon_core/task/python/colcon_distutils_commands:/home/men3m/Naima/install/naima_bringup/lib/python3.10/site-packages:${PYTHONPATH} /usr/bin/python3 -W ignore:setup.py install is deprecated -W ignore:easy_install command is deprecated setup.py egg_info --egg-base ../../build/naima_bringup build --build-base /home/men3m/Naima/build/naima_bringup/build install --record /home/men3m/Naima/build/naima_bringup/install.log --single-version-externally-managed install_data
[2.238s] DEBUG:colcon.colcon_core.event_handler.log_command:Invoking command in '/home/men3m/Naima/build/naima_control': CMAKE_PREFIX_PATH=/opt/ros/humble /usr/bin/cmake --build /home/men3m/Naima/build/naima_control -- -j16 -l16
[2.282s] DEBUG:colcon.colcon_core.event_handler.log_command:Invoked command in '/home/men3m/Naima/build/naima_control' returned '0': CMAKE_PREFIX_PATH=/opt/ros/humble /usr/bin/cmake --build /home/men3m/Naima/build/naima_control -- -j16 -l16
[2.284s] DEBUG:colcon.colcon_core.event_handler.log_command:Invoking command in '/home/men3m/Naima/build/naima_control': CMAKE_PREFIX_PATH=/opt/ros/humble /usr/bin/cmake --install /home/men3m/Naima/build/naima_control
[2.293s] Level 1:colcon.colcon_core.environment:create_environment_scripts_only(naima_control)
[2.294s] DEBUG:colcon.colcon_core.event_handler.log_command:Invoked command in '/home/men3m/Naima/build/naima_control' returned '0': CMAKE_PREFIX_PATH=/opt/ros/humble /usr/bin/cmake --install /home/men3m/Naima/build/naima_control
[2.294s] Level 1:colcon.colcon_core.environment:checking '/home/men3m/Naima/install/naima_control' for CMake module files
[2.295s] Level 1:colcon.colcon_core.environment:checking '/home/men3m/Naima/install/naima_control' for CMake config files
[2.295s] Level 1:colcon.colcon_core.shell:create_environment_hook('naima_control', 'cmake_prefix_path')
[2.295s] INFO:colcon.colcon_core.shell:Creating environment hook '/home/men3m/Naima/install/naima_control/share/naima_control/hook/cmake_prefix_path.ps1'
[2.295s] INFO:colcon.colcon_core.shell:Creating environment descriptor '/home/men3m/Naima/install/naima_control/share/naima_control/hook/cmake_prefix_path.dsv'
[2.296s] INFO:colcon.colcon_core.shell:Creating environment hook '/home/men3m/Naima/install/naima_control/share/naima_control/hook/cmake_prefix_path.sh'
[2.296s] Level 1:colcon.colcon_core.environment:checking '/home/men3m/Naima/install/naima_control/bin'
[2.296s] Level 1:colcon.colcon_core.environment:checking '/home/men3m/Naima/install/naima_control/lib/pkgconfig/naima_control.pc'
[2.297s] Level 1:colcon.colcon_core.environment:checking '/home/men3m/Naima/install/naima_control/lib/python3.10/site-packages'
[2.297s] Level 1:colcon.colcon_core.environment:checking '/home/men3m/Naima/install/naima_control/bin'
[2.297s] INFO:colcon.colcon_core.shell:Creating package script '/home/men3m/Naima/install/naima_control/share/naima_control/package.ps1'
[2.298s] INFO:colcon.colcon_core.shell:Creating package descriptor '/home/men3m/Naima/install/naima_control/share/naima_control/package.dsv'
[2.298s] INFO:colcon.colcon_core.shell:Creating package script '/home/men3m/Naima/install/naima_control/share/naima_control/package.sh'
[2.298s] INFO:colcon.colcon_core.shell:Creating package script '/home/men3m/Naima/install/naima_control/share/naima_control/package.bash'
[2.299s] INFO:colcon.colcon_core.shell:Creating package script '/home/men3m/Naima/install/naima_control/share/naima_control/package.zsh'
[2.299s] Level 1:colcon.colcon_core.environment:create_file_with_runtime_dependencies(/home/men3m/Naima/install/naima_control/share/colcon-core/packages/naima_control)
[2.300s] Level 1:colcon.colcon_core.environment:create_environment_scripts_only(naima_control)
[2.300s] Level 1:colcon.colcon_core.environment:checking '/home/men3m/Naima/install/naima_control' for CMake module files
[2.300s] Level 1:colcon.colcon_core.environment:checking '/home/men3m/Naima/install/naima_control' for CMake config files
[2.301s] Level 1:colcon.colcon_core.shell:create_environment_hook('naima_control', 'cmake_prefix_path')
[2.301s] INFO:colcon.colcon_core.shell:Creating environment hook '/home/men3m/Naima/install/naima_control/share/naima_control/hook/cmake_prefix_path.ps1'
[2.301s] INFO:colcon.colcon_core.shell:Creating environment descriptor '/home/men3m/Naima/install/naima_control/share/naima_control/hook/cmake_prefix_path.dsv'
[2.301s] INFO:colcon.colcon_core.shell:Creating environment hook '/home/men3m/Naima/install/naima_control/share/naima_control/hook/cmake_prefix_path.sh'
[2.302s] Level 1:colcon.colcon_core.environment:checking '/home/men3m/Naima/install/naima_control/bin'
[2.302s] Level 1:colcon.colcon_core.environment:checking '/home/men3m/Naima/install/naima_control/lib/pkgconfig/naima_control.pc'
[2.302s] Level 1:colcon.colcon_core.environment:checking '/home/men3m/Naima/install/naima_control/lib/python3.10/site-packages'
[2.302s] Level 1:colcon.colcon_core.environment:checking '/home/men3m/Naima/install/naima_control/bin'
[2.303s] INFO:colcon.colcon_core.shell:Creating package script '/home/men3m/Naima/install/naima_control/share/naima_control/package.ps1'
[2.303s] INFO:colcon.colcon_core.shell:Creating package descriptor '/home/men3m/Naima/install/naima_control/share/naima_control/package.dsv'
[2.304s] INFO:colcon.colcon_core.shell:Creating package script '/home/men3m/Naima/install/naima_control/share/naima_control/package.sh'
[2.304s] INFO:colcon.colcon_core.shell:Creating package script '/home/men3m/Naima/install/naima_control/share/naima_control/package.bash'
[2.305s] INFO:colcon.colcon_core.shell:Creating package script '/home/men3m/Naima/install/naima_control/share/naima_control/package.zsh'
[2.305s] Level 1:colcon.colcon_core.environment:create_file_with_runtime_dependencies(/home/men3m/Naima/install/naima_control/share/colcon-core/packages/naima_control)
[2.305s] INFO:colcon.colcon_ros.task.ament_cmake.build:Building ROS package in '/home/men3m/Naima/src/naima_description' with build type 'ament_cmake'
[2.305s] INFO:colcon.colcon_cmake.task.cmake.build:Building CMake package in '/home/men3m/Naima/src/naima_description'
[2.306s] INFO:colcon.colcon_core.shell:Skip shell extension 'powershell' for command environment: Not usable outside of PowerShell
[2.306s] DEBUG:colcon.colcon_core.shell:Skip shell extension 'dsv' for command environment
[2.313s] DEBUG:colcon.colcon_core.event_handler.log_command:Invoking command in '/home/men3m/Naima/build/naima_description': CMAKE_PREFIX_PATH=/opt/ros/humble /usr/bin/cmake --build /home/men3m/Naima/build/naima_description -- -j16 -l16
[2.351s] DEBUG:colcon.colcon_core.event_handler.log_command:Invoked command in '/home/men3m/Naima/build/naima_description' returned '0': CMAKE_PREFIX_PATH=/opt/ros/humble /usr/bin/cmake --build /home/men3m/Naima/build/naima_description -- -j16 -l16
[2.352s] DEBUG:colcon.colcon_core.event_handler.log_command:Invoking command in '/home/men3m/Naima/build/naima_description': CMAKE_PREFIX_PATH=/opt/ros/humble /usr/bin/cmake --install /home/men3m/Naima/build/naima_description
[2.363s] Level 1:colcon.colcon_core.environment:create_environment_scripts_only(naima_description)
[2.364s] DEBUG:colcon.colcon_core.event_handler.log_command:Invoked command in '/home/men3m/Naima/build/naima_description' returned '0': CMAKE_PREFIX_PATH=/opt/ros/humble /usr/bin/cmake --install /home/men3m/Naima/build/naima_description
[2.364s] Level 1:colcon.colcon_core.environment:checking '/home/men3m/Naima/install/naima_description' for CMake module files
[2.364s] Level 1:colcon.colcon_core.environment:checking '/home/men3m/Naima/install/naima_description' for CMake config files
[2.365s] Level 1:colcon.colcon_core.shell:create_environment_hook('naima_description', 'cmake_prefix_path')
[2.365s] INFO:colcon.colcon_core.shell:Creating environment hook '/home/men3m/Naima/install/naima_description/share/naima_description/hook/cmake_prefix_path.ps1'
[2.365s] INFO:colcon.colcon_core.shell:Creating environment descriptor '/home/men3m/Naima/install/naima_description/share/naima_description/hook/cmake_prefix_path.dsv'
[2.366s] INFO:colcon.colcon_core.shell:Creating environment hook '/home/men3m/Naima/install/naima_description/share/naima_description/hook/cmake_prefix_path.sh'
[2.366s] Level 1:colcon.colcon_core.environment:checking '/home/men3m/Naima/install/naima_description/bin'
[2.366s] Level 1:colcon.colcon_core.environment:checking '/home/men3m/Naima/install/naima_description/lib/pkgconfig/naima_description.pc'
[2.367s] Level 1:colcon.colcon_core.environment:checking '/home/men3m/Naima/install/naima_description/lib/python3.10/site-packages'
[2.367s] Level 1:colcon.colcon_core.environment:checking '/home/men3m/Naima/install/naima_description/bin'
[2.367s] INFO:colcon.colcon_core.shell:Creating package script '/home/men3m/Naima/install/naima_description/share/naima_description/package.ps1'
[2.368s] INFO:colcon.colcon_core.shell:Creating package descriptor '/home/men3m/Naima/install/naima_description/share/naima_description/package.dsv'
[2.368s] INFO:colcon.colcon_core.shell:Creating package script '/home/men3m/Naima/install/naima_description/share/naima_description/package.sh'
[2.368s] INFO:colcon.colcon_core.shell:Creating package script '/home/men3m/Naima/install/naima_description/share/naima_description/package.bash'
[2.369s] INFO:colcon.colcon_core.shell:Creating package script '/home/men3m/Naima/install/naima_description/share/naima_description/package.zsh'
[2.369s] Level 1:colcon.colcon_core.environment:create_file_with_runtime_dependencies(/home/men3m/Naima/install/naima_description/share/colcon-core/packages/naima_description)
[2.370s] Level 1:colcon.colcon_core.environment:create_environment_scripts_only(naima_description)
[2.370s] Level 1:colcon.colcon_core.environment:checking '/home/men3m/Naima/install/naima_description' for CMake module files
[2.370s] Level 1:colcon.colcon_core.environment:checking '/home/men3m/Naima/install/naima_description' for CMake config files
[2.371s] Level 1:colcon.colcon_core.shell:create_environment_hook('naima_description', 'cmake_prefix_path')
[2.371s] INFO:colcon.colcon_core.shell:Creating environment hook '/home/men3m/Naima/install/naima_description/share/naima_description/hook/cmake_prefix_path.ps1'
[2.371s] INFO:colcon.colcon_core.shell:Creating environment descriptor '/home/men3m/Naima/install/naima_description/share/naima_description/hook/cmake_prefix_path.dsv'
[2.371s] INFO:colcon.colcon_core.shell:Creating environment hook '/home/men3m/Naima/install/naima_description/share/naima_description/hook/cmake_prefix_path.sh'
[2.372s] Level 1:colcon.colcon_core.environment:checking '/home/men3m/Naima/install/naima_description/bin'
[2.372s] Level 1:colcon.colcon_core.environment:checking '/home/men3m/Naima/install/naima_description/lib/pkgconfig/naima_description.pc'
[2.372s] Level 1:colcon.colcon_core.environment:checking '/home/men3m/Naima/install/naima_description/lib/python3.10/site-packages'
[2.372s] Level 1:colcon.colcon_core.environment:checking '/home/men3m/Naima/install/naima_description/bin'
[2.373s] INFO:colcon.colcon_core.shell:Creating package script '/home/men3m/Naima/install/naima_description/share/naima_description/package.ps1'
[2.373s] INFO:colcon.colcon_core.shell:Creating package descriptor '/home/men3m/Naima/install/naima_description/share/naima_description/package.dsv'
[2.374s] INFO:colcon.colcon_core.shell:Creating package script '/home/men3m/Naima/install/naima_description/share/naima_description/package.sh'
[2.374s] INFO:colcon.colcon_core.shell:Creating package script '/home/men3m/Naima/install/naima_description/share/naima_description/package.bash'
[2.374s] INFO:colcon.colcon_core.shell:Creating package script '/home/men3m/Naima/install/naima_description/share/naima_description/package.zsh'
[2.375s] Level 1:colcon.colcon_core.environment:create_file_with_runtime_dependencies(/home/men3m/Naima/install/naima_description/share/colcon-core/packages/naima_description)
[2.375s] INFO:colcon.colcon_ros.task.ament_cmake.build:Building ROS package in '/home/men3m/Naima/src/naima_localization' with build type 'ament_cmake'
[2.375s] INFO:colcon.colcon_cmake.task.cmake.build:Building CMake package in '/home/men3m/Naima/src/naima_localization'
[2.375s] INFO:colcon.colcon_core.shell:Skip shell extension 'powershell' for command environment: Not usable outside of PowerShell
[2.375s] DEBUG:colcon.colcon_core.shell:Skip shell extension 'dsv' for command environment
[2.383s] DEBUG:colcon.colcon_core.event_handler.log_command:Invoking command in '/home/men3m/Naima/build/naima_localization': CMAKE_PREFIX_PATH=/opt/ros/humble /usr/bin/cmake --build /home/men3m/Naima/build/naima_localization -- -j16 -l16
[2.498s] Level 1:colcon.colcon_core.environment:checking '/home/men3m/Naima/install/naima_bringup' for CMake module files
[2.499s] DEBUG:colcon.colcon_core.event_handler.log_command:Invoked command in '/home/men3m/Naima/src/naima_bringup' returned '0': PYTHONPATH=/home/men3m/Naima/build/naima_bringup/prefix_override:/usr/lib/python3/dist-packages/colcon_core/task/python/colcon_distutils_commands:/home/men3m/Naima/install/naima_bringup/lib/python3.10/site-packages:${PYTHONPATH} /usr/bin/python3 -W ignore:setup.py install is deprecated -W ignore:easy_install command is deprecated setup.py egg_info --egg-base ../../build/naima_bringup build --build-base /home/men3m/Naima/build/naima_bringup/build install --record /home/men3m/Naima/build/naima_bringup/install.log --single-version-externally-managed install_data
[2.499s] Level 1:colcon.colcon_core.environment:checking '/home/men3m/Naima/install/naima_bringup' for CMake config files
[2.499s] Level 1:colcon.colcon_core.environment:checking '/home/men3m/Naima/install/naima_bringup/lib'
[2.500s] Level 1:colcon.colcon_core.environment:checking '/home/men3m/Naima/install/naima_bringup/bin'
[2.500s] Level 1:colcon.colcon_core.environment:checking '/home/men3m/Naima/install/naima_bringup/lib/pkgconfig/naima_bringup.pc'
[2.500s] Level 1:colcon.colcon_core.environment:checking '/home/men3m/Naima/install/naima_bringup/lib/python3.10/site-packages'
[2.500s] Level 1:colcon.colcon_core.shell:create_environment_hook('naima_bringup', 'pythonpath')
[2.500s] INFO:colcon.colcon_core.shell:Creating environment hook '/home/men3m/Naima/install/naima_bringup/share/naima_bringup/hook/pythonpath.ps1'
[2.501s] INFO:colcon.colcon_core.shell:Creating environment descriptor '/home/men3m/Naima/install/naima_bringup/share/naima_bringup/hook/pythonpath.dsv'
[2.501s] INFO:colcon.colcon_core.shell:Creating environment hook '/home/men3m/Naima/install/naima_bringup/share/naima_bringup/hook/pythonpath.sh'
[2.501s] Level 1:colcon.colcon_core.environment:checking '/home/men3m/Naima/install/naima_bringup/bin'
[2.502s] Level 1:colcon.colcon_core.environment:create_environment_scripts_only(naima_bringup)
[2.502s] INFO:colcon.colcon_core.shell:Creating package script '/home/men3m/Naima/install/naima_bringup/share/naima_bringup/package.ps1'
[2.502s] INFO:colcon.colcon_core.shell:Creating package descriptor '/home/men3m/Naima/install/naima_bringup/share/naima_bringup/package.dsv'
[2.503s] INFO:colcon.colcon_core.shell:Creating package script '/home/men3m/Naima/install/naima_bringup/share/naima_bringup/package.sh'
[2.503s] INFO:colcon.colcon_core.shell:Creating package script '/home/men3m/Naima/install/naima_bringup/share/naima_bringup/package.bash'
[2.503s] INFO:colcon.colcon_core.shell:Creating package script '/home/men3m/Naima/install/naima_bringup/share/naima_bringup/package.zsh'
[2.504s] Level 1:colcon.colcon_core.environment:create_file_with_runtime_dependencies(/home/men3m/Naima/install/naima_bringup/share/colcon-core/packages/naima_bringup)
[2.504s] INFO:colcon.colcon_ros.task.ament_cmake.build:Building ROS package in '/home/men3m/Naima/src/naima_mapping' with build type 'ament_cmake'
[2.504s] INFO:colcon.colcon_cmake.task.cmake.build:Building CMake package in '/home/men3m/Naima/src/naima_mapping'
[2.504s] INFO:colcon.colcon_core.shell:Skip shell extension 'powershell' for command environment: Not usable outside of PowerShell
[2.505s] DEBUG:colcon.colcon_core.shell:Skip shell extension 'dsv' for command environment
[2.512s] DEBUG:colcon.colcon_core.event_handler.log_command:Invoking command in '/home/men3m/Naima/build/naima_mapping': CMAKE_PREFIX_PATH=/opt/ros/humble /usr/bin/cmake --build /home/men3m/Naima/build/naima_mapping -- -j16 -l16
[2.545s] DEBUG:colcon.colcon_core.event_handler.log_command:Invoked command in '/home/men3m/Naima/build/naima_mapping' returned '0': CMAKE_PREFIX_PATH=/opt/ros/humble /usr/bin/cmake --build /home/men3m/Naima/build/naima_mapping -- -j16 -l16
[2.546s] DEBUG:colcon.colcon_core.event_handler.log_command:Invoking command in '/home/men3m/Naima/build/naima_mapping': CMAKE_PREFIX_PATH=/opt/ros/humble /usr/bin/cmake --install /home/men3m/Naima/build/naima_mapping
[2.555s] Level 1:colcon.colcon_core.environment:create_environment_scripts_only(naima_mapping)
[2.555s] DEBUG:colcon.colcon_core.event_handler.log_command:Invoked command in '/home/men3m/Naima/build/naima_mapping' returned '0': CMAKE_PREFIX_PATH=/opt/ros/humble /usr/bin/cmake --install /home/men3m/Naima/build/naima_mapping
[2.555s] Level 1:colcon.colcon_core.environment:checking '/home/men3m/Naima/install/naima_mapping' for CMake module files
[2.556s] Level 1:colcon.colcon_core.environment:checking '/home/men3m/Naima/install/naima_mapping' for CMake config files
[2.556s] Level 1:colcon.colcon_core.shell:create_environment_hook('naima_mapping', 'cmake_prefix_path')
[2.556s] INFO:colcon.colcon_core.shell:Creating environment hook '/home/men3m/Naima/install/naima_mapping/share/naima_mapping/hook/cmake_prefix_path.ps1'
[2.556s] INFO:colcon.colcon_core.shell:Creating environment descriptor '/home/men3m/Naima/install/naima_mapping/share/naima_mapping/hook/cmake_prefix_path.dsv'
[2.557s] INFO:colcon.colcon_core.shell:Creating environment hook '/home/men3m/Naima/install/naima_mapping/share/naima_mapping/hook/cmake_prefix_path.sh'
[2.557s] Level 1:colcon.colcon_core.environment:checking '/home/men3m/Naima/install/naima_mapping/bin'
[2.557s] Level 1:colcon.colcon_core.environment:checking '/home/men3m/Naima/install/naima_mapping/lib/pkgconfig/naima_mapping.pc'
[2.558s] Level 1:colcon.colcon_core.environment:checking '/home/men3m/Naima/install/naima_mapping/lib/python3.10/site-packages'
[2.558s] Level 1:colcon.colcon_core.environment:checking '/home/men3m/Naima/install/naima_mapping/bin'
[2.558s] INFO:colcon.colcon_core.shell:Creating package script '/home/men3m/Naima/install/naima_mapping/share/naima_mapping/package.ps1'
[2.559s] INFO:colcon.colcon_core.shell:Creating package descriptor '/home/men3m/Naima/install/naima_mapping/share/naima_mapping/package.dsv'
[2.559s] INFO:colcon.colcon_core.shell:Creating package script '/home/men3m/Naima/install/naima_mapping/share/naima_mapping/package.sh'
[2.560s] INFO:colcon.colcon_core.shell:Creating package script '/home/men3m/Naima/install/naima_mapping/share/naima_mapping/package.bash'
[2.560s] INFO:colcon.colcon_core.shell:Creating package script '/home/men3m/Naima/install/naima_mapping/share/naima_mapping/package.zsh'
[2.560s] Level 1:colcon.colcon_core.environment:create_file_with_runtime_dependencies(/home/men3m/Naima/install/naima_mapping/share/colcon-core/packages/naima_mapping)
[2.561s] Level 1:colcon.colcon_core.environment:create_environment_scripts_only(naima_mapping)
[2.561s] Level 1:colcon.colcon_core.environment:checking '/home/men3m/Naima/install/naima_mapping' for CMake module files
[2.561s] Level 1:colcon.colcon_core.environment:checking '/home/men3m/Naima/install/naima_mapping' for CMake config files
[2.561s] Level 1:colcon.colcon_core.shell:create_environment_hook('naima_mapping', 'cmake_prefix_path')
[2.562s] INFO:colcon.colcon_core.shell:Creating environment hook '/home/men3m/Naima/install/naima_mapping/share/naima_mapping/hook/cmake_prefix_path.ps1'
[2.562s] INFO:colcon.colcon_core.shell:Creating environment descriptor '/home/men3m/Naima/install/naima_mapping/share/naima_mapping/hook/cmake_prefix_path.dsv'
[2.563s] INFO:colcon.colcon_core.shell:Creating environment hook '/home/men3m/Naima/install/naima_mapping/share/naima_mapping/hook/cmake_prefix_path.sh'
[2.563s] Level 1:colcon.colcon_core.environment:checking '/home/men3m/Naima/install/naima_mapping/bin'
[2.563s] Level 1:colcon.colcon_core.environment:checking '/home/men3m/Naima/install/naima_mapping/lib/pkgconfig/naima_mapping.pc'
[2.563s] Level 1:colcon.colcon_core.environment:checking '/home/men3m/Naima/install/naima_mapping/lib/python3.10/site-packages'
[2.564s] Level 1:colcon.colcon_core.environment:checking '/home/men3m/Naima/install/naima_mapping/bin'
[2.564s] INFO:colcon.colcon_core.shell:Creating package script '/home/men3m/Naima/install/naima_mapping/share/naima_mapping/package.ps1'
[2.565s] INFO:colcon.colcon_core.shell:Creating package descriptor '/home/men3m/Naima/install/naima_mapping/share/naima_mapping/package.dsv'
[2.565s] INFO:colcon.colcon_core.shell:Creating package script '/home/men3m/Naima/install/naima_mapping/share/naima_mapping/package.sh'
[2.566s] INFO:colcon.colcon_core.shell:Creating package script '/home/men3m/Naima/install/naima_mapping/share/naima_mapping/package.bash'
[2.566s] INFO:colcon.colcon_core.shell:Creating package script '/home/men3m/Naima/install/naima_mapping/share/naima_mapping/package.zsh'
[2.567s] Level 1:colcon.colcon_core.environment:create_file_with_runtime_dependencies(/home/men3m/Naima/install/naima_mapping/share/colcon-core/packages/naima_mapping)
[2.567s] INFO:colcon.colcon_ros.task.ament_cmake.build:Building ROS package in '/home/men3m/Naima/src/zed-ros2-examples/rviz-plugin-zed-od' with build type 'ament_cmake'
[2.567s] INFO:colcon.colcon_cmake.task.cmake.build:Building CMake package in '/home/men3m/Naima/src/zed-ros2-examples/rviz-plugin-zed-od'
[2.567s] INFO:colcon.colcon_core.shell:Skip shell extension 'powershell' for command environment: Not usable outside of PowerShell
[2.567s] DEBUG:colcon.colcon_core.shell:Skip shell extension 'dsv' for command environment
[2.575s] DEBUG:colcon.colcon_core.event_handler.log_command:Invoking command in '/home/men3m/Naima/build/rviz_plugin_zed_od': CMAKE_PREFIX_PATH=/opt/ros/humble /usr/bin/cmake --build /home/men3m/Naima/build/rviz_plugin_zed_od -- -j16 -l16
[2.688s] DEBUG:colcon.colcon_core.event_handler.log_command:Invoked command in '/home/men3m/Naima/build/naima_localization' returned '0': CMAKE_PREFIX_PATH=/opt/ros/humble /usr/bin/cmake --build /home/men3m/Naima/build/naima_localization -- -j16 -l16
[2.690s] DEBUG:colcon.colcon_core.event_handler.log_command:Invoking command in '/home/men3m/Naima/build/naima_localization': CMAKE_PREFIX_PATH=/opt/ros/humble /usr/bin/cmake --install /home/men3m/Naima/build/naima_localization
[2.696s] DEBUG:colcon.colcon_core.event_handler.log_command:Invoked command in '/home/men3m/Naima/build/rviz_plugin_zed_od' returned '0': CMAKE_PREFIX_PATH=/opt/ros/humble /usr/bin/cmake --build /home/men3m/Naima/build/rviz_plugin_zed_od -- -j16 -l16
[2.699s] DEBUG:colcon.colcon_core.event_handler.log_command:Invoking command in '/home/men3m/Naima/build/rviz_plugin_zed_od': CMAKE_PREFIX_PATH=/opt/ros/humble /usr/bin/cmake --install /home/men3m/Naima/build/rviz_plugin_zed_od
[2.707s] Level 1:colcon.colcon_core.environment:create_environment_scripts_only(rviz_plugin_zed_od)
[2.708s] DEBUG:colcon.colcon_core.event_handler.log_command:Invoked command in '/home/men3m/Naima/build/rviz_plugin_zed_od' returned '0': CMAKE_PREFIX_PATH=/opt/ros/humble /usr/bin/cmake --install /home/men3m/Naima/build/rviz_plugin_zed_od
[2.708s] Level 1:colcon.colcon_core.environment:checking '/home/men3m/Naima/install/rviz_plugin_zed_od' for CMake module files
[2.708s] Level 1:colcon.colcon_core.environment:checking '/home/men3m/Naima/install/rviz_plugin_zed_od' for CMake config files
[2.709s] Level 1:colcon.colcon_core.shell:create_environment_hook('rviz_plugin_zed_od', 'cmake_prefix_path')
[2.709s] INFO:colcon.colcon_core.shell:Creating environment hook '/home/men3m/Naima/install/rviz_plugin_zed_od/share/rviz_plugin_zed_od/hook/cmake_prefix_path.ps1'
[2.709s] INFO:colcon.colcon_core.shell:Creating environment descriptor '/home/men3m/Naima/install/rviz_plugin_zed_od/share/rviz_plugin_zed_od/hook/cmake_prefix_path.dsv'
[2.710s] INFO:colcon.colcon_core.shell:Creating environment hook '/home/men3m/Naima/install/rviz_plugin_zed_od/share/rviz_plugin_zed_od/hook/cmake_prefix_path.sh'
[2.711s] Level 1:colcon.colcon_core.environment:checking '/home/men3m/Naima/install/rviz_plugin_zed_od/lib'
[2.711s] Level 1:colcon.colcon_core.shell:create_environment_hook('rviz_plugin_zed_od', 'ld_library_path_lib')
[2.711s] INFO:colcon.colcon_core.shell:Creating environment hook '/home/men3m/Naima/install/rviz_plugin_zed_od/share/rviz_plugin_zed_od/hook/ld_library_path_lib.ps1'
[2.712s] INFO:colcon.colcon_core.shell:Creating environment descriptor '/home/men3m/Naima/install/rviz_plugin_zed_od/share/rviz_plugin_zed_od/hook/ld_library_path_lib.dsv'
[2.712s] INFO:colcon.colcon_core.shell:Creating environment hook '/home/men3m/Naima/install/rviz_plugin_zed_od/share/rviz_plugin_zed_od/hook/ld_library_path_lib.sh'
[2.713s] Level 1:colcon.colcon_core.environment:checking '/home/men3m/Naima/install/rviz_plugin_zed_od/bin'
[2.713s] Level 1:colcon.colcon_core.environment:checking '/home/men3m/Naima/install/rviz_plugin_zed_od/lib/pkgconfig/rviz_plugin_zed_od.pc'
[2.713s] Level 1:colcon.colcon_core.environment:checking '/home/men3m/Naima/install/rviz_plugin_zed_od/lib/python3.10/site-packages'
[2.713s] Level 1:colcon.colcon_core.environment:checking '/home/men3m/Naima/install/rviz_plugin_zed_od/bin'
[2.713s] INFO:colcon.colcon_core.shell:Creating package script '/home/men3m/Naima/install/rviz_plugin_zed_od/share/rviz_plugin_zed_od/package.ps1'
[2.714s] INFO:colcon.colcon_core.shell:Creating package descriptor '/home/men3m/Naima/install/rviz_plugin_zed_od/share/rviz_plugin_zed_od/package.dsv'
[2.714s] INFO:colcon.colcon_core.shell:Creating package script '/home/men3m/Naima/install/rviz_plugin_zed_od/share/rviz_plugin_zed_od/package.sh'
[2.715s] INFO:colcon.colcon_core.shell:Creating package script '/home/men3m/Naima/install/rviz_plugin_zed_od/share/rviz_plugin_zed_od/package.bash'
[2.715s] INFO:colcon.colcon_core.shell:Creating package script '/home/men3m/Naima/install/rviz_plugin_zed_od/share/rviz_plugin_zed_od/package.zsh'
[2.715s] Level 1:colcon.colcon_core.environment:create_file_with_runtime_dependencies(/home/men3m/Naima/install/rviz_plugin_zed_od/share/colcon-core/packages/rviz_plugin_zed_od)
[2.716s] Level 1:colcon.colcon_core.environment:create_environment_scripts_only(rviz_plugin_zed_od)
[2.716s] Level 1:colcon.colcon_core.environment:checking '/home/men3m/Naima/install/rviz_plugin_zed_od' for CMake module files
[2.717s] Level 1:colcon.colcon_core.environment:checking '/home/men3m/Naima/install/rviz_plugin_zed_od' for CMake config files
[2.718s] Level 1:colcon.colcon_core.shell:create_environment_hook('rviz_plugin_zed_od', 'cmake_prefix_path')
[2.718s] INFO:colcon.colcon_core.shell:Creating environment hook '/home/men3m/Naima/install/rviz_plugin_zed_od/share/rviz_plugin_zed_od/hook/cmake_prefix_path.ps1'
[2.718s] INFO:colcon.colcon_core.shell:Creating environment descriptor '/home/men3m/Naima/install/rviz_plugin_zed_od/share/rviz_plugin_zed_od/hook/cmake_prefix_path.dsv'
[2.718s] INFO:colcon.colcon_core.shell:Creating environment hook '/home/men3m/Naima/install/rviz_plugin_zed_od/share/rviz_plugin_zed_od/hook/cmake_prefix_path.sh'
[2.719s] Level 1:colcon.colcon_core.environment:checking '/home/men3m/Naima/install/rviz_plugin_zed_od/lib'
[2.719s] Level 1:colcon.colcon_core.shell:create_environment_hook('rviz_plugin_zed_od', 'ld_library_path_lib')
[2.719s] INFO:colcon.colcon_core.shell:Creating environment hook '/home/men3m/Naima/install/rviz_plugin_zed_od/share/rviz_plugin_zed_od/hook/ld_library_path_lib.ps1'
[2.720s] INFO:colcon.colcon_core.shell:Creating environment descriptor '/home/men3m/Naima/install/rviz_plugin_zed_od/share/rviz_plugin_zed_od/hook/ld_library_path_lib.dsv'
[2.720s] INFO:colcon.colcon_core.shell:Creating environment hook '/home/men3m/Naima/install/rviz_plugin_zed_od/share/rviz_plugin_zed_od/hook/ld_library_path_lib.sh'
[2.720s] Level 1:colcon.colcon_core.environment:checking '/home/men3m/Naima/install/rviz_plugin_zed_od/bin'
[2.720s] Level 1:colcon.colcon_core.environment:checking '/home/men3m/Naima/install/rviz_plugin_zed_od/lib/pkgconfig/rviz_plugin_zed_od.pc'
[2.721s] Level 1:colcon.colcon_core.environment:checking '/home/men3m/Naima/install/rviz_plugin_zed_od/lib/python3.10/site-packages'
[2.721s] Level 1:colcon.colcon_core.environment:checking '/home/men3m/Naima/install/rviz_plugin_zed_od/bin'
[2.721s] INFO:colcon.colcon_core.shell:Creating package script '/home/men3m/Naima/install/rviz_plugin_zed_od/share/rviz_plugin_zed_od/package.ps1'
[2.722s] INFO:colcon.colcon_core.shell:Creating package descriptor '/home/men3m/Naima/install/rviz_plugin_zed_od/share/rviz_plugin_zed_od/package.dsv'
[2.723s] INFO:colcon.colcon_core.shell:Creating package script '/home/men3m/Naima/install/rviz_plugin_zed_od/share/rviz_plugin_zed_od/package.sh'
[2.723s] INFO:colcon.colcon_core.shell:Creating package script '/home/men3m/Naima/install/rviz_plugin_zed_od/share/rviz_plugin_zed_od/package.bash'
[2.724s] INFO:colcon.colcon_core.shell:Creating package script '/home/men3m/Naima/install/rviz_plugin_zed_od/share/rviz_plugin_zed_od/package.zsh'
[2.724s] Level 1:colcon.colcon_core.environment:create_file_with_runtime_dependencies(/home/men3m/Naima/install/rviz_plugin_zed_od/share/colcon-core/packages/rviz_plugin_zed_od)
[2.725s] INFO:colcon.colcon_ros.task.ament_cmake.build:Building ROS package in '/home/men3m/Naima/src/zed-ros2-examples/tutorials/zed_depth_tutorial' with build type 'ament_cmake'
[2.725s] INFO:colcon.colcon_cmake.task.cmake.build:Building CMake package in '/home/men3m/Naima/src/zed-ros2-examples/tutorials/zed_depth_tutorial'
[2.725s] INFO:colcon.colcon_core.shell:Skip shell extension 'powershell' for command environment: Not usable outside of PowerShell
[2.725s] DEBUG:colcon.colcon_core.shell:Skip shell extension 'dsv' for command environment
[2.734s] Level 1:colcon.colcon_core.environment:create_environment_scripts_only(naima_localization)
[2.734s] Level 1:colcon.colcon_core.environment:checking '/home/men3m/Naima/install/naima_localization' for CMake module files
[2.734s] DEBUG:colcon.colcon_core.event_handler.log_command:Invoked command in '/home/men3m/Naima/build/naima_localization' returned '0': CMAKE_PREFIX_PATH=/opt/ros/humble /usr/bin/cmake --install /home/men3m/Naima/build/naima_localization
[2.736s] Level 1:colcon.colcon_core.environment:checking '/home/men3m/Naima/install/naima_localization' for CMake config files
[2.736s] Level 1:colcon.colcon_core.shell:create_environment_hook('naima_localization', 'cmake_prefix_path')
[2.736s] INFO:colcon.colcon_core.shell:Creating environment hook '/home/men3m/Naima/install/naima_localization/share/naima_localization/hook/cmake_prefix_path.ps1'
[2.736s] INFO:colcon.colcon_core.shell:Creating environment descriptor '/home/men3m/Naima/install/naima_localization/share/naima_localization/hook/cmake_prefix_path.dsv'
[2.737s] INFO:colcon.colcon_core.shell:Creating environment hook '/home/men3m/Naima/install/naima_localization/share/naima_localization/hook/cmake_prefix_path.sh'
[2.738s] Level 1:colcon.colcon_core.environment:checking '/home/men3m/Naima/install/naima_localization/lib'
[2.738s] Level 1:colcon.colcon_core.environment:checking '/home/men3m/Naima/install/naima_localization/bin'
[2.738s] Level 1:colcon.colcon_core.environment:checking '/home/men3m/Naima/install/naima_localization/lib/pkgconfig/naima_localization.pc'
[2.738s] Level 1:colcon.colcon_core.environment:checking '/home/men3m/Naima/install/naima_localization/lib/python3.10/site-packages'
[2.738s] Level 1:colcon.colcon_core.environment:checking '/home/men3m/Naima/install/naima_localization/bin'
[2.739s] INFO:colcon.colcon_core.shell:Creating package script '/home/men3m/Naima/install/naima_localization/share/naima_localization/package.ps1'
[2.739s] INFO:colcon.colcon_core.shell:Creating package descriptor '/home/men3m/Naima/install/naima_localization/share/naima_localization/package.dsv'
[2.740s] INFO:colcon.colcon_core.shell:Creating package script '/home/men3m/Naima/install/naima_localization/share/naima_localization/package.sh'
[2.740s] INFO:colcon.colcon_core.shell:Creating package script '/home/men3m/Naima/install/naima_localization/share/naima_localization/package.bash'
[2.741s] INFO:colcon.colcon_core.shell:Creating package script '/home/men3m/Naima/install/naima_localization/share/naima_localization/package.zsh'
[2.741s] Level 1:colcon.colcon_core.environment:create_file_with_runtime_dependencies(/home/men3m/Naima/install/naima_localization/share/colcon-core/packages/naima_localization)
[2.742s] Level 1:colcon.colcon_core.environment:create_environment_scripts_only(naima_localization)
[2.742s] Level 1:colcon.colcon_core.environment:checking '/home/men3m/Naima/install/naima_localization' for CMake module files
[2.743s] Level 1:colcon.colcon_core.environment:checking '/home/men3m/Naima/install/naima_localization' for CMake config files
[2.743s] Level 1:colcon.colcon_core.shell:create_environment_hook('naima_localization', 'cmake_prefix_path')
[2.743s] INFO:colcon.colcon_core.shell:Creating environment hook '/home/men3m/Naima/install/naima_localization/share/naima_localization/hook/cmake_prefix_path.ps1'
[2.744s] INFO:colcon.colcon_core.shell:Creating environment descriptor '/home/men3m/Naima/install/naima_localization/share/naima_localization/hook/cmake_prefix_path.dsv'
[2.744s] INFO:colcon.colcon_core.shell:Creating environment hook '/home/men3m/Naima/install/naima_localization/share/naima_localization/hook/cmake_prefix_path.sh'
[2.745s] Level 1:colcon.colcon_core.environment:checking '/home/men3m/Naima/install/naima_localization/lib'
[2.745s] Level 1:colcon.colcon_core.environment:checking '/home/men3m/Naima/install/naima_localization/bin'
[2.745s] Level 1:colcon.colcon_core.environment:checking '/home/men3m/Naima/install/naima_localization/lib/pkgconfig/naima_localization.pc'
[2.746s] Level 1:colcon.colcon_core.environment:checking '/home/men3m/Naima/install/naima_localization/lib/python3.10/site-packages'
[2.746s] Level 1:colcon.colcon_core.environment:checking '/home/men3m/Naima/install/naima_localization/bin'
[2.747s] INFO:colcon.colcon_core.shell:Creating package script '/home/men3m/Naima/install/naima_localization/share/naima_localization/package.ps1'
[2.747s] INFO:colcon.colcon_core.shell:Creating package descriptor '/home/men3m/Naima/install/naima_localization/share/naima_localization/package.dsv'
[2.748s] INFO:colcon.colcon_core.shell:Creating package script '/home/men3m/Naima/install/naima_localization/share/naima_localization/package.sh'
[2.749s] INFO:colcon.colcon_core.shell:Creating package script '/home/men3m/Naima/install/naima_localization/share/naima_localization/package.bash'
[2.749s] INFO:colcon.colcon_core.shell:Creating package script '/home/men3m/Naima/install/naima_localization/share/naima_localization/package.zsh'
[2.750s] Level 1:colcon.colcon_core.environment:create_file_with_runtime_dependencies(/home/men3m/Naima/install/naima_localization/share/colcon-core/packages/naima_localization)
[2.751s] INFO:colcon.colcon_ros.task.ament_cmake.build:Building ROS package in '/home/men3m/Naima/src/zed-ros2-examples/tutorials/zed_pose_tutorial' with build type 'ament_cmake'
[2.751s] INFO:colcon.colcon_cmake.task.cmake.build:Building CMake package in '/home/men3m/Naima/src/zed-ros2-examples/tutorials/zed_pose_tutorial'
[2.751s] INFO:colcon.colcon_core.shell:Skip shell extension 'powershell' for command environment: Not usable outside of PowerShell
[2.751s] DEBUG:colcon.colcon_core.shell:Skip shell extension 'dsv' for command environment
[2.759s] DEBUG:colcon.colcon_core.event_handler.log_command:Invoking command in '/home/men3m/Naima/build/zed_tutorial_depth': CMAKE_PREFIX_PATH=/opt/ros/humble /usr/bin/cmake --build /home/men3m/Naima/build/zed_tutorial_depth -- -j16 -l16
[2.761s] DEBUG:colcon.colcon_core.event_handler.log_command:Invoking command in '/home/men3m/Naima/build/zed_tutorial_pos_tracking': CMAKE_PREFIX_PATH=/opt/ros/humble /usr/bin/cmake --build /home/men3m/Naima/build/zed_tutorial_pos_tracking -- -j16 -l16
[2.833s] DEBUG:colcon.colcon_core.event_handler.log_command:Invoked command in '/home/men3m/Naima/build/zed_tutorial_depth' returned '0': CMAKE_PREFIX_PATH=/opt/ros/humble /usr/bin/cmake --build /home/men3m/Naima/build/zed_tutorial_depth -- -j16 -l16
[2.834s] DEBUG:colcon.colcon_core.event_handler.log_command:Invoking command in '/home/men3m/Naima/build/zed_tutorial_depth': CMAKE_PREFIX_PATH=/opt/ros/humble /usr/bin/cmake --install /home/men3m/Naima/build/zed_tutorial_depth
[2.835s] DEBUG:colcon.colcon_core.event_handler.log_command:Invoked command in '/home/men3m/Naima/build/zed_tutorial_pos_tracking' returned '0': CMAKE_PREFIX_PATH=/opt/ros/humble /usr/bin/cmake --build /home/men3m/Naima/build/zed_tutorial_pos_tracking -- -j16 -l16
[2.836s] DEBUG:colcon.colcon_core.event_handler.log_command:Invoking command in '/home/men3m/Naima/build/zed_tutorial_pos_tracking': CMAKE_PREFIX_PATH=/opt/ros/humble /usr/bin/cmake --install /home/men3m/Naima/build/zed_tutorial_pos_tracking
[2.844s] Level 1:colcon.colcon_core.environment:create_environment_scripts_only(zed_tutorial_depth)
[2.845s] Level 1:colcon.colcon_core.environment:checking '/home/men3m/Naima/install/zed_tutorial_depth' for CMake module files
[2.845s] DEBUG:colcon.colcon_core.event_handler.log_command:Invoked command in '/home/men3m/Naima/build/zed_tutorial_depth' returned '0': CMAKE_PREFIX_PATH=/opt/ros/humble /usr/bin/cmake --install /home/men3m/Naima/build/zed_tutorial_depth
[2.846s] Level 1:colcon.colcon_core.environment:checking '/home/men3m/Naima/install/zed_tutorial_depth' for CMake config files
[2.846s] Level 1:colcon.colcon_core.shell:create_environment_hook('zed_tutorial_depth', 'cmake_prefix_path')
[2.846s] INFO:colcon.colcon_core.shell:Creating environment hook '/home/men3m/Naima/install/zed_tutorial_depth/share/zed_tutorial_depth/hook/cmake_prefix_path.ps1'
[2.847s] INFO:colcon.colcon_core.shell:Creating environment descriptor '/home/men3m/Naima/install/zed_tutorial_depth/share/zed_tutorial_depth/hook/cmake_prefix_path.dsv'
[2.847s] INFO:colcon.colcon_core.shell:Creating environment hook '/home/men3m/Naima/install/zed_tutorial_depth/share/zed_tutorial_depth/hook/cmake_prefix_path.sh'
[2.848s] Level 1:colcon.colcon_core.environment:checking '/home/men3m/Naima/install/zed_tutorial_depth/lib'
[2.848s] Level 1:colcon.colcon_core.environment:checking '/home/men3m/Naima/install/zed_tutorial_depth/bin'
[2.848s] Level 1:colcon.colcon_core.environment:checking '/home/men3m/Naima/install/zed_tutorial_depth/lib/pkgconfig/zed_tutorial_depth.pc'
[2.849s] Level 1:colcon.colcon_core.environment:checking '/home/men3m/Naima/install/zed_tutorial_depth/lib/python3.10/site-packages'
[2.849s] Level 1:colcon.colcon_core.environment:checking '/home/men3m/Naima/install/zed_tutorial_depth/bin'
[2.850s] INFO:colcon.colcon_core.shell:Creating package script '/home/men3m/Naima/install/zed_tutorial_depth/share/zed_tutorial_depth/package.ps1'
[2.850s] INFO:colcon.colcon_core.shell:Creating package descriptor '/home/men3m/Naima/install/zed_tutorial_depth/share/zed_tutorial_depth/package.dsv'
[2.851s] INFO:colcon.colcon_core.shell:Creating package script '/home/men3m/Naima/install/zed_tutorial_depth/share/zed_tutorial_depth/package.sh'
[2.852s] INFO:colcon.colcon_core.shell:Creating package script '/home/men3m/Naima/install/zed_tutorial_depth/share/zed_tutorial_depth/package.bash'
[2.852s] INFO:colcon.colcon_core.shell:Creating package script '/home/men3m/Naima/install/zed_tutorial_depth/share/zed_tutorial_depth/package.zsh'
[2.852s] Level 1:colcon.colcon_core.environment:create_file_with_runtime_dependencies(/home/men3m/Naima/install/zed_tutorial_depth/share/colcon-core/packages/zed_tutorial_depth)
[2.853s] Level 1:colcon.colcon_core.environment:create_environment_scripts_only(zed_tutorial_depth)
[2.853s] Level 1:colcon.colcon_core.environment:checking '/home/men3m/Naima/install/zed_tutorial_depth' for CMake module files
[2.854s] Level 1:colcon.colcon_core.environment:checking '/home/men3m/Naima/install/zed_tutorial_depth' for CMake config files
[2.854s] Level 1:colcon.colcon_core.shell:create_environment_hook('zed_tutorial_depth', 'cmake_prefix_path')
[2.854s] INFO:colcon.colcon_core.shell:Creating environment hook '/home/men3m/Naima/install/zed_tutorial_depth/share/zed_tutorial_depth/hook/cmake_prefix_path.ps1'
[2.855s] INFO:colcon.colcon_core.shell:Creating environment descriptor '/home/men3m/Naima/install/zed_tutorial_depth/share/zed_tutorial_depth/hook/cmake_prefix_path.dsv'
[2.856s] INFO:colcon.colcon_core.shell:Creating environment hook '/home/men3m/Naima/install/zed_tutorial_depth/share/zed_tutorial_depth/hook/cmake_prefix_path.sh'
[2.857s] Level 1:colcon.colcon_core.environment:checking '/home/men3m/Naima/install/zed_tutorial_depth/lib'
[2.857s] Level 1:colcon.colcon_core.environment:checking '/home/men3m/Naima/install/zed_tutorial_depth/bin'
[2.857s] Level 1:colcon.colcon_core.environment:checking '/home/men3m/Naima/install/zed_tutorial_depth/lib/pkgconfig/zed_tutorial_depth.pc'
[2.857s] Level 1:colcon.colcon_core.environment:checking '/home/men3m/Naima/install/zed_tutorial_depth/lib/python3.10/site-packages'
[2.857s] Level 1:colcon.colcon_core.environment:checking '/home/men3m/Naima/install/zed_tutorial_depth/bin'
[2.858s] INFO:colcon.colcon_core.shell:Creating package script '/home/men3m/Naima/install/zed_tutorial_depth/share/zed_tutorial_depth/package.ps1'
[2.858s] INFO:colcon.colcon_core.shell:Creating package descriptor '/home/men3m/Naima/install/zed_tutorial_depth/share/zed_tutorial_depth/package.dsv'
[2.859s] INFO:colcon.colcon_core.shell:Creating package script '/home/men3m/Naima/install/zed_tutorial_depth/share/zed_tutorial_depth/package.sh'
[2.859s] INFO:colcon.colcon_core.shell:Creating package script '/home/men3m/Naima/install/zed_tutorial_depth/share/zed_tutorial_depth/package.bash'
[2.860s] INFO:colcon.colcon_core.shell:Creating package script '/home/men3m/Naima/install/zed_tutorial_depth/share/zed_tutorial_depth/package.zsh'
[2.860s] Level 1:colcon.colcon_core.environment:create_file_with_runtime_dependencies(/home/men3m/Naima/install/zed_tutorial_depth/share/colcon-core/packages/zed_tutorial_depth)
[2.861s] INFO:colcon.colcon_ros.task.ament_cmake.build:Building ROS package in '/home/men3m/Naima/src/zed-ros2-examples/tutorials/zed_video_tutorial' with build type 'ament_cmake'
[2.862s] INFO:colcon.colcon_cmake.task.cmake.build:Building CMake package in '/home/men3m/Naima/src/zed-ros2-examples/tutorials/zed_video_tutorial'
[2.862s] INFO:colcon.colcon_core.shell:Skip shell extension 'powershell' for command environment: Not usable outside of PowerShell
[2.862s] DEBUG:colcon.colcon_core.shell:Skip shell extension 'dsv' for command environment
[2.866s] Level 1:colcon.colcon_core.environment:create_environment_scripts_only(zed_tutorial_pos_tracking)
[2.867s] Level 1:colcon.colcon_core.environment:checking '/home/men3m/Naima/install/zed_tutorial_pos_tracking' for CMake module files
[2.867s] DEBUG:colcon.colcon_core.event_handler.log_command:Invoked command in '/home/men3m/Naima/build/zed_tutorial_pos_tracking' returned '0': CMAKE_PREFIX_PATH=/opt/ros/humble /usr/bin/cmake --install /home/men3m/Naima/build/zed_tutorial_pos_tracking
[2.868s] Level 1:colcon.colcon_core.environment:checking '/home/men3m/Naima/install/zed_tutorial_pos_tracking' for CMake config files
[2.868s] Level 1:colcon.colcon_core.shell:create_environment_hook('zed_tutorial_pos_tracking', 'cmake_prefix_path')
[2.868s] INFO:colcon.colcon_core.shell:Creating environment hook '/home/men3m/Naima/install/zed_tutorial_pos_tracking/share/zed_tutorial_pos_tracking/hook/cmake_prefix_path.ps1'
[2.869s] INFO:colcon.colcon_core.shell:Creating environment descriptor '/home/men3m/Naima/install/zed_tutorial_pos_tracking/share/zed_tutorial_pos_tracking/hook/cmake_prefix_path.dsv'
[2.869s] INFO:colcon.colcon_core.shell:Creating environment hook '/home/men3m/Naima/install/zed_tutorial_pos_tracking/share/zed_tutorial_pos_tracking/hook/cmake_prefix_path.sh'
[2.870s] Level 1:colcon.colcon_core.environment:checking '/home/men3m/Naima/install/zed_tutorial_pos_tracking/lib'
[2.870s] Level 1:colcon.colcon_core.environment:checking '/home/men3m/Naima/install/zed_tutorial_pos_tracking/bin'
[2.870s] Level 1:colcon.colcon_core.environment:checking '/home/men3m/Naima/install/zed_tutorial_pos_tracking/lib/pkgconfig/zed_tutorial_pos_tracking.pc'
[2.870s] Level 1:colcon.colcon_core.environment:checking '/home/men3m/Naima/install/zed_tutorial_pos_tracking/lib/python3.10/site-packages'
[2.870s] Level 1:colcon.colcon_core.environment:checking '/home/men3m/Naima/install/zed_tutorial_pos_tracking/bin'
[2.871s] INFO:colcon.colcon_core.shell:Creating package script '/home/men3m/Naima/install/zed_tutorial_pos_tracking/share/zed_tutorial_pos_tracking/package.ps1'
[2.871s] INFO:colcon.colcon_core.shell:Creating package descriptor '/home/men3m/Naima/install/zed_tutorial_pos_tracking/share/zed_tutorial_pos_tracking/package.dsv'
[2.871s] INFO:colcon.colcon_core.shell:Creating package script '/home/men3m/Naima/install/zed_tutorial_pos_tracking/share/zed_tutorial_pos_tracking/package.sh'
[2.872s] INFO:colcon.colcon_core.shell:Creating package script '/home/men3m/Naima/install/zed_tutorial_pos_tracking/share/zed_tutorial_pos_tracking/package.bash'
[2.872s] INFO:colcon.colcon_core.shell:Creating package script '/home/men3m/Naima/install/zed_tutorial_pos_tracking/share/zed_tutorial_pos_tracking/package.zsh'
[2.873s] Level 1:colcon.colcon_core.environment:create_file_with_runtime_dependencies(/home/men3m/Naima/install/zed_tutorial_pos_tracking/share/colcon-core/packages/zed_tutorial_pos_tracking)
[2.874s] Level 1:colcon.colcon_core.environment:create_environment_scripts_only(zed_tutorial_pos_tracking)
[2.875s] Level 1:colcon.colcon_core.environment:checking '/home/men3m/Naima/install/zed_tutorial_pos_tracking' for CMake module files
[2.875s] Level 1:colcon.colcon_core.environment:checking '/home/men3m/Naima/install/zed_tutorial_pos_tracking' for CMake config files
[2.876s] Level 1:colcon.colcon_core.shell:create_environment_hook('zed_tutorial_pos_tracking', 'cmake_prefix_path')
[2.876s] INFO:colcon.colcon_core.shell:Creating environment hook '/home/men3m/Naima/install/zed_tutorial_pos_tracking/share/zed_tutorial_pos_tracking/hook/cmake_prefix_path.ps1'
[2.876s] INFO:colcon.colcon_core.shell:Creating environment descriptor '/home/men3m/Naima/install/zed_tutorial_pos_tracking/share/zed_tutorial_pos_tracking/hook/cmake_prefix_path.dsv'
[2.877s] INFO:colcon.colcon_core.shell:Creating environment hook '/home/men3m/Naima/install/zed_tutorial_pos_tracking/share/zed_tutorial_pos_tracking/hook/cmake_prefix_path.sh'
[2.877s] Level 1:colcon.colcon_core.environment:checking '/home/men3m/Naima/install/zed_tutorial_pos_tracking/lib'
[2.877s] Level 1:colcon.colcon_core.environment:checking '/home/men3m/Naima/install/zed_tutorial_pos_tracking/bin'
[2.877s] Level 1:colcon.colcon_core.environment:checking '/home/men3m/Naima/install/zed_tutorial_pos_tracking/lib/pkgconfig/zed_tutorial_pos_tracking.pc'
[2.877s] Level 1:colcon.colcon_core.environment:checking '/home/men3m/Naima/install/zed_tutorial_pos_tracking/lib/python3.10/site-packages'
[2.878s] Level 1:colcon.colcon_core.environment:checking '/home/men3m/Naima/install/zed_tutorial_pos_tracking/bin'
[2.878s] INFO:colcon.colcon_core.shell:Creating package script '/home/men3m/Naima/install/zed_tutorial_pos_tracking/share/zed_tutorial_pos_tracking/package.ps1'
[2.878s] INFO:colcon.colcon_core.shell:Creating package descriptor '/home/men3m/Naima/install/zed_tutorial_pos_tracking/share/zed_tutorial_pos_tracking/package.dsv'
[2.879s] INFO:colcon.colcon_core.shell:Creating package script '/home/men3m/Naima/install/zed_tutorial_pos_tracking/share/zed_tutorial_pos_tracking/package.sh'
[2.880s] INFO:colcon.colcon_core.shell:Creating package script '/home/men3m/Naima/install/zed_tutorial_pos_tracking/share/zed_tutorial_pos_tracking/package.bash'
[2.881s] INFO:colcon.colcon_core.shell:Creating package script '/home/men3m/Naima/install/zed_tutorial_pos_tracking/share/zed_tutorial_pos_tracking/package.zsh'
[2.881s] Level 1:colcon.colcon_core.environment:create_file_with_runtime_dependencies(/home/men3m/Naima/install/zed_tutorial_pos_tracking/share/colcon-core/packages/zed_tutorial_pos_tracking)
[2.882s] INFO:colcon.colcon_ros.task.ament_cmake.build:Building ROS package in '/home/men3m/Naima/src/naima_examples' with build type 'ament_cmake'
[2.882s] INFO:colcon.colcon_cmake.task.cmake.build:Building CMake package in '/home/men3m/Naima/src/naima_examples'
[2.883s] INFO:colcon.colcon_core.shell:Skip shell extension 'powershell' for command environment: Not usable outside of PowerShell
[2.883s] DEBUG:colcon.colcon_core.shell:Skip shell extension 'dsv' for command environment
[2.890s] DEBUG:colcon.colcon_core.event_handler.log_command:Invoking command in '/home/men3m/Naima/build/zed_tutorial_video': CMAKE_PREFIX_PATH=/opt/ros/humble /usr/bin/cmake --build /home/men3m/Naima/build/zed_tutorial_video -- -j16 -l16
[2.892s] DEBUG:colcon.colcon_core.event_handler.log_command:Invoking command in '/home/men3m/Naima/build/naima_examples': AMENT_PREFIX_PATH=/home/men3m/Naima/install/naima_msgs:${AMENT_PREFIX_PATH} CMAKE_PREFIX_PATH=/home/men3m/Naima/install/naima_msgs:/opt/ros/humble LD_LIBRARY_PATH=/home/men3m/Naima/install/naima_msgs/lib:/usr/lib/x86_64-linux-gnu/gazebo-11/plugins:/opt/ros/humble/opt/rviz_ogre_vendor/lib:/opt/ros/humble/lib/x86_64-linux-gnu:/opt/ros/humble/lib:/usr/local/cuda-12.4.0/lib64:/usr/local/cuda-12.4.0/lib64 PYTHONPATH=/home/men3m/Naima/install/naima_msgs/local/lib/python3.10/dist-packages:${PYTHONPATH} /usr/bin/cmake --build /home/men3m/Naima/build/naima_examples -- -j16 -l16
[2.960s] DEBUG:colcon.colcon_core.event_handler.log_command:Invoked command in '/home/men3m/Naima/build/zed_tutorial_video' returned '0': CMAKE_PREFIX_PATH=/opt/ros/humble /usr/bin/cmake --build /home/men3m/Naima/build/zed_tutorial_video -- -j16 -l16
[2.961s] DEBUG:colcon.colcon_core.event_handler.log_command:Invoking command in '/home/men3m/Naima/build/zed_tutorial_video': CMAKE_PREFIX_PATH=/opt/ros/humble /usr/bin/cmake --install /home/men3m/Naima/build/zed_tutorial_video
[2.962s] DEBUG:colcon.colcon_core.event_handler.log_command:Invoked command in '/home/men3m/Naima/build/naima_examples' returned '0': AMENT_PREFIX_PATH=/home/men3m/Naima/install/naima_msgs:${AMENT_PREFIX_PATH} CMAKE_PREFIX_PATH=/home/men3m/Naima/install/naima_msgs:/opt/ros/humble LD_LIBRARY_PATH=/home/men3m/Naima/install/naima_msgs/lib:/usr/lib/x86_64-linux-gnu/gazebo-11/plugins:/opt/ros/humble/opt/rviz_ogre_vendor/lib:/opt/ros/humble/lib/x86_64-linux-gnu:/opt/ros/humble/lib:/usr/local/cuda-12.4.0/lib64:/usr/local/cuda-12.4.0/lib64 PYTHONPATH=/home/men3m/Naima/install/naima_msgs/local/lib/python3.10/dist-packages:${PYTHONPATH} /usr/bin/cmake --build /home/men3m/Naima/build/naima_examples -- -j16 -l16
[2.963s] DEBUG:colcon.colcon_core.event_handler.log_command:Invoking command in '/home/men3m/Naima/build/naima_examples': AMENT_PREFIX_PATH=/home/men3m/Naima/install/naima_msgs:${AMENT_PREFIX_PATH} CMAKE_PREFIX_PATH=/home/men3m/Naima/install/naima_msgs:/opt/ros/humble LD_LIBRARY_PATH=/home/men3m/Naima/install/naima_msgs/lib:/usr/lib/x86_64-linux-gnu/gazebo-11/plugins:/opt/ros/humble/opt/rviz_ogre_vendor/lib:/opt/ros/humble/lib/x86_64-linux-gnu:/opt/ros/humble/lib:/usr/local/cuda-12.4.0/lib64:/usr/local/cuda-12.4.0/lib64 PYTHONPATH=/home/men3m/Naima/install/naima_msgs/local/lib/python3.10/dist-packages:${PYTHONPATH} /usr/bin/cmake --install /home/men3m/Naima/build/naima_examples
[2.971s] Level 1:colcon.colcon_core.environment:create_environment_scripts_only(zed_tutorial_video)
[2.971s] Level 1:colcon.colcon_core.environment:checking '/home/men3m/Naima/install/zed_tutorial_video' for CMake module files
[2.971s] DEBUG:colcon.colcon_core.event_handler.log_command:Invoked command in '/home/men3m/Naima/build/zed_tutorial_video' returned '0': CMAKE_PREFIX_PATH=/opt/ros/humble /usr/bin/cmake --install /home/men3m/Naima/build/zed_tutorial_video
[2.972s] Level 1:colcon.colcon_core.environment:checking '/home/men3m/Naima/install/zed_tutorial_video' for CMake config files
[2.972s] Level 1:colcon.colcon_core.shell:create_environment_hook('zed_tutorial_video', 'cmake_prefix_path')
[2.972s] INFO:colcon.colcon_core.shell:Creating environment hook '/home/men3m/Naima/install/zed_tutorial_video/share/zed_tutorial_video/hook/cmake_prefix_path.ps1'
[2.973s] INFO:colcon.colcon_core.shell:Creating environment descriptor '/home/men3m/Naima/install/zed_tutorial_video/share/zed_tutorial_video/hook/cmake_prefix_path.dsv'
[2.975s] INFO:colcon.colcon_core.shell:Creating environment hook '/home/men3m/Naima/install/zed_tutorial_video/share/zed_tutorial_video/hook/cmake_prefix_path.sh'
[2.975s] Level 1:colcon.colcon_core.environment:checking '/home/men3m/Naima/install/zed_tutorial_video/lib'
[2.975s] Level 1:colcon.colcon_core.environment:checking '/home/men3m/Naima/install/zed_tutorial_video/bin'
[2.975s] Level 1:colcon.colcon_core.environment:checking '/home/men3m/Naima/install/zed_tutorial_video/lib/pkgconfig/zed_tutorial_video.pc'
[2.975s] Level 1:colcon.colcon_core.environment:checking '/home/men3m/Naima/install/zed_tutorial_video/lib/python3.10/site-packages'
[2.976s] Level 1:colcon.colcon_core.environment:checking '/home/men3m/Naima/install/zed_tutorial_video/bin'
[2.976s] INFO:colcon.colcon_core.shell:Creating package script '/home/men3m/Naima/install/zed_tutorial_video/share/zed_tutorial_video/package.ps1'
[2.976s] INFO:colcon.colcon_core.shell:Creating package descriptor '/home/men3m/Naima/install/zed_tutorial_video/share/zed_tutorial_video/package.dsv'
[2.976s] INFO:colcon.colcon_core.shell:Creating package script '/home/men3m/Naima/install/zed_tutorial_video/share/zed_tutorial_video/package.sh'
[2.977s] INFO:colcon.colcon_core.shell:Creating package script '/home/men3m/Naima/install/zed_tutorial_video/share/zed_tutorial_video/package.bash'
[2.977s] INFO:colcon.colcon_core.shell:Creating package script '/home/men3m/Naima/install/zed_tutorial_video/share/zed_tutorial_video/package.zsh'
[2.977s] Level 1:colcon.colcon_core.environment:create_file_with_runtime_dependencies(/home/men3m/Naima/install/zed_tutorial_video/share/colcon-core/packages/zed_tutorial_video)
[2.978s] Level 1:colcon.colcon_core.environment:create_environment_scripts_only(zed_tutorial_video)
[2.978s] Level 1:colcon.colcon_core.environment:checking '/home/men3m/Naima/install/zed_tutorial_video' for CMake module files
[2.978s] Level 1:colcon.colcon_core.environment:checking '/home/men3m/Naima/install/zed_tutorial_video' for CMake config files
[2.978s] Level 1:colcon.colcon_core.shell:create_environment_hook('zed_tutorial_video', 'cmake_prefix_path')
[2.978s] INFO:colcon.colcon_core.shell:Creating environment hook '/home/men3m/Naima/install/zed_tutorial_video/share/zed_tutorial_video/hook/cmake_prefix_path.ps1'
[2.979s] INFO:colcon.colcon_core.shell:Creating environment descriptor '/home/men3m/Naima/install/zed_tutorial_video/share/zed_tutorial_video/hook/cmake_prefix_path.dsv'
[2.979s] INFO:colcon.colcon_core.shell:Creating environment hook '/home/men3m/Naima/install/zed_tutorial_video/share/zed_tutorial_video/hook/cmake_prefix_path.sh'
[2.979s] Level 1:colcon.colcon_core.environment:checking '/home/men3m/Naima/install/zed_tutorial_video/lib'
[2.979s] Level 1:colcon.colcon_core.environment:checking '/home/men3m/Naima/install/zed_tutorial_video/bin'
[2.980s] Level 1:colcon.colcon_core.environment:checking '/home/men3m/Naima/install/zed_tutorial_video/lib/pkgconfig/zed_tutorial_video.pc'
[2.980s] Level 1:colcon.colcon_core.environment:checking '/home/men3m/Naima/install/zed_tutorial_video/lib/python3.10/site-packages'
[2.980s] Level 1:colcon.colcon_core.environment:checking '/home/men3m/Naima/install/zed_tutorial_video/bin'
[2.980s] INFO:colcon.colcon_core.shell:Creating package script '/home/men3m/Naima/install/zed_tutorial_video/share/zed_tutorial_video/package.ps1'
[2.980s] INFO:colcon.colcon_core.shell:Creating package descriptor '/home/men3m/Naima/install/zed_tutorial_video/share/zed_tutorial_video/package.dsv'
[2.981s] INFO:colcon.colcon_core.shell:Creating package script '/home/men3m/Naima/install/zed_tutorial_video/share/zed_tutorial_video/package.sh'
[2.981s] INFO:colcon.colcon_core.shell:Creating package script '/home/men3m/Naima/install/zed_tutorial_video/share/zed_tutorial_video/package.bash'
[2.982s] INFO:colcon.colcon_core.shell:Creating package script '/home/men3m/Naima/install/zed_tutorial_video/share/zed_tutorial_video/package.zsh'
[2.982s] Level 1:colcon.colcon_core.environment:create_file_with_runtime_dependencies(/home/men3m/Naima/install/zed_tutorial_video/share/colcon-core/packages/zed_tutorial_video)
[2.982s] INFO:colcon.colcon_ros.task.ament_cmake.build:Building ROS package in '/home/men3m/Naima/src/zed-ros2-examples/examples/zed_aruco_localization' with build type 'ament_cmake'
[2.982s] INFO:colcon.colcon_cmake.task.cmake.build:Building CMake package in '/home/men3m/Naima/src/zed-ros2-examples/examples/zed_aruco_localization'
[2.982s] INFO:colcon.colcon_core.shell:Skip shell extension 'powershell' for command environment: Not usable outside of PowerShell
[2.982s] DEBUG:colcon.colcon_core.shell:Skip shell extension 'dsv' for command environment
[2.986s] Level 1:colcon.colcon_core.environment:create_environment_scripts_only(naima_examples)
[2.986s] Level 1:colcon.colcon_core.environment:checking '/home/men3m/Naima/install/naima_examples' for CMake module files
[2.986s] DEBUG:colcon.colcon_core.event_handler.log_command:Invoked command in '/home/men3m/Naima/build/naima_examples' returned '0': AMENT_PREFIX_PATH=/home/men3m/Naima/install/naima_msgs:${AMENT_PREFIX_PATH} CMAKE_PREFIX_PATH=/home/men3m/Naima/install/naima_msgs:/opt/ros/humble LD_LIBRARY_PATH=/home/men3m/Naima/install/naima_msgs/lib:/usr/lib/x86_64-linux-gnu/gazebo-11/plugins:/opt/ros/humble/opt/rviz_ogre_vendor/lib:/opt/ros/humble/lib/x86_64-linux-gnu:/opt/ros/humble/lib:/usr/local/cuda-12.4.0/lib64:/usr/local/cuda-12.4.0/lib64 PYTHONPATH=/home/men3m/Naima/install/naima_msgs/local/lib/python3.10/dist-packages:${PYTHONPATH} /usr/bin/cmake --install /home/men3m/Naima/build/naima_examples
[2.987s] Level 1:colcon.colcon_core.environment:checking '/home/men3m/Naima/install/naima_examples' for CMake config files
[2.987s] Level 1:colcon.colcon_core.shell:create_environment_hook('naima_examples', 'cmake_prefix_path')
[2.987s] INFO:colcon.colcon_core.shell:Creating environment hook '/home/men3m/Naima/install/naima_examples/share/naima_examples/hook/cmake_prefix_path.ps1'
[2.987s] INFO:colcon.colcon_core.shell:Creating environment descriptor '/home/men3m/Naima/install/naima_examples/share/naima_examples/hook/cmake_prefix_path.dsv'
[2.988s] INFO:colcon.colcon_core.shell:Creating environment hook '/home/men3m/Naima/install/naima_examples/share/naima_examples/hook/cmake_prefix_path.sh'
[2.988s] Level 1:colcon.colcon_core.environment:checking '/home/men3m/Naima/install/naima_examples/lib'
[2.988s] Level 1:colcon.colcon_core.shell:create_environment_hook('naima_examples', 'ld_library_path_lib')
[2.988s] INFO:colcon.colcon_core.shell:Creating environment hook '/home/men3m/Naima/install/naima_examples/share/naima_examples/hook/ld_library_path_lib.ps1'
[2.989s] INFO:colcon.colcon_core.shell:Creating environment descriptor '/home/men3m/Naima/install/naima_examples/share/naima_examples/hook/ld_library_path_lib.dsv'
[2.989s] INFO:colcon.colcon_core.shell:Creating environment hook '/home/men3m/Naima/install/naima_examples/share/naima_examples/hook/ld_library_path_lib.sh'
[2.989s] Level 1:colcon.colcon_core.environment:checking '/home/men3m/Naima/install/naima_examples/bin'
[2.989s] Level 1:colcon.colcon_core.environment:checking '/home/men3m/Naima/install/naima_examples/lib/pkgconfig/naima_examples.pc'
[2.989s] Level 1:colcon.colcon_core.environment:checking '/home/men3m/Naima/install/naima_examples/lib/python3.10/site-packages'
[2.990s] Level 1:colcon.colcon_core.environment:checking '/home/men3m/Naima/install/naima_examples/bin'
[2.990s] INFO:colcon.colcon_core.shell:Creating package script '/home/men3m/Naima/install/naima_examples/share/naima_examples/package.ps1'
[2.990s] INFO:colcon.colcon_core.shell:Creating package descriptor '/home/men3m/Naima/install/naima_examples/share/naima_examples/package.dsv'
[2.991s] INFO:colcon.colcon_core.shell:Creating package script '/home/men3m/Naima/install/naima_examples/share/naima_examples/package.sh'
[2.991s] INFO:colcon.colcon_core.shell:Creating package script '/home/men3m/Naima/install/naima_examples/share/naima_examples/package.bash'
[2.991s] INFO:colcon.colcon_core.shell:Creating package script '/home/men3m/Naima/install/naima_examples/share/naima_examples/package.zsh'
[2.991s] Level 1:colcon.colcon_core.environment:create_file_with_runtime_dependencies(/home/men3m/Naima/install/naima_examples/share/colcon-core/packages/naima_examples)
[2.992s] Level 1:colcon.colcon_core.environment:create_environment_scripts_only(naima_examples)
[2.992s] Level 1:colcon.colcon_core.environment:checking '/home/men3m/Naima/install/naima_examples' for CMake module files
[2.992s] Level 1:colcon.colcon_core.environment:checking '/home/men3m/Naima/install/naima_examples' for CMake config files
[2.993s] Level 1:colcon.colcon_core.shell:create_environment_hook('naima_examples', 'cmake_prefix_path')
[2.993s] INFO:colcon.colcon_core.shell:Creating environment hook '/home/men3m/Naima/install/naima_examples/share/naima_examples/hook/cmake_prefix_path.ps1'
[2.993s] INFO:colcon.colcon_core.shell:Creating environment descriptor '/home/men3m/Naima/install/naima_examples/share/naima_examples/hook/cmake_prefix_path.dsv'
[2.993s] INFO:colcon.colcon_core.shell:Creating environment hook '/home/men3m/Naima/install/naima_examples/share/naima_examples/hook/cmake_prefix_path.sh'
[2.994s] Level 1:colcon.colcon_core.environment:checking '/home/men3m/Naima/install/naima_examples/lib'
[2.994s] Level 1:colcon.colcon_core.shell:create_environment_hook('naima_examples', 'ld_library_path_lib')
[2.994s] INFO:colcon.colcon_core.shell:Creating environment hook '/home/men3m/Naima/install/naima_examples/share/naima_examples/hook/ld_library_path_lib.ps1'
[2.994s] INFO:colcon.colcon_core.shell:Creating environment descriptor '/home/men3m/Naima/install/naima_examples/share/naima_examples/hook/ld_library_path_lib.dsv'
[2.994s] INFO:colcon.colcon_core.shell:Creating environment hook '/home/men3m/Naima/install/naima_examples/share/naima_examples/hook/ld_library_path_lib.sh'
[2.995s] Level 1:colcon.colcon_core.environment:checking '/home/men3m/Naima/install/naima_examples/bin'
[2.995s] Level 1:colcon.colcon_core.environment:checking '/home/men3m/Naima/install/naima_examples/lib/pkgconfig/naima_examples.pc'
[2.995s] Level 1:colcon.colcon_core.environment:checking '/home/men3m/Naima/install/naima_examples/lib/python3.10/site-packages'
[2.995s] Level 1:colcon.colcon_core.environment:checking '/home/men3m/Naima/install/naima_examples/bin'
[2.995s] INFO:colcon.colcon_core.shell:Creating package script '/home/men3m/Naima/install/naima_examples/share/naima_examples/package.ps1'
[2.996s] INFO:colcon.colcon_core.shell:Creating package descriptor '/home/men3m/Naima/install/naima_examples/share/naima_examples/package.dsv'
[2.996s] INFO:colcon.colcon_core.shell:Creating package script '/home/men3m/Naima/install/naima_examples/share/naima_examples/package.sh'
[2.996s] INFO:colcon.colcon_core.shell:Creating package script '/home/men3m/Naima/install/naima_examples/share/naima_examples/package.bash'
[2.997s] INFO:colcon.colcon_core.shell:Creating package script '/home/men3m/Naima/install/naima_examples/share/naima_examples/package.zsh'
[2.997s] Level 1:colcon.colcon_core.environment:create_file_with_runtime_dependencies(/home/men3m/Naima/install/naima_examples/share/colcon-core/packages/naima_examples)
[2.998s] INFO:colcon.colcon_ros.task.ament_cmake.build:Building ROS package in '/home/men3m/Naima/src/zed-ros2-examples/tutorials/zed_rgb_convert' with build type 'ament_cmake'
[2.998s] INFO:colcon.colcon_cmake.task.cmake.build:Building CMake package in '/home/men3m/Naima/src/zed-ros2-examples/tutorials/zed_rgb_convert'
[2.998s] INFO:colcon.colcon_core.shell:Skip shell extension 'powershell' for command environment: Not usable outside of PowerShell
[2.998s] DEBUG:colcon.colcon_core.shell:Skip shell extension 'dsv' for command environment
[3.003s] DEBUG:colcon.colcon_core.event_handler.log_command:Invoking command in '/home/men3m/Naima/build/zed_aruco_localization': AMENT_PREFIX_PATH=/home/men3m/Naima/install/zed_components:${AMENT_PREFIX_PATH} CMAKE_PREFIX_PATH=/home/men3m/Naima/install/zed_components:/opt/ros/humble LD_LIBRARY_PATH=/home/men3m/Naima/install/zed_components/lib:/usr/lib/x86_64-linux-gnu/gazebo-11/plugins:/opt/ros/humble/opt/rviz_ogre_vendor/lib:/opt/ros/humble/lib/x86_64-linux-gnu:/opt/ros/humble/lib:/usr/local/cuda-12.4.0/lib64:/usr/local/cuda-12.4.0/lib64 /usr/bin/cmake --build /home/men3m/Naima/build/zed_aruco_localization -- -j16 -l16
[3.006s] DEBUG:colcon.colcon_core.event_handler.log_command:Invoking command in '/home/men3m/Naima/build/zed_rgb_convert': AMENT_PREFIX_PATH=/home/men3m/Naima/install/zed_components:${AMENT_PREFIX_PATH} CMAKE_PREFIX_PATH=/home/men3m/Naima/install/zed_components:/opt/ros/humble LD_LIBRARY_PATH=/home/men3m/Naima/install/zed_components/lib:/usr/lib/x86_64-linux-gnu/gazebo-11/plugins:/opt/ros/humble/opt/rviz_ogre_vendor/lib:/opt/ros/humble/lib/x86_64-linux-gnu:/opt/ros/humble/lib:/usr/local/cuda-12.4.0/lib64:/usr/local/cuda-12.4.0/lib64 /usr/bin/cmake --build /home/men3m/Naima/build/zed_rgb_convert -- -j16 -l16
[3.069s] DEBUG:colcon.colcon_core.event_handler.log_command:Invoked command in '/home/men3m/Naima/build/zed_aruco_localization' returned '0': AMENT_PREFIX_PATH=/home/men3m/Naima/install/zed_components:${AMENT_PREFIX_PATH} CMAKE_PREFIX_PATH=/home/men3m/Naima/install/zed_components:/opt/ros/humble LD_LIBRARY_PATH=/home/men3m/Naima/install/zed_components/lib:/usr/lib/x86_64-linux-gnu/gazebo-11/plugins:/opt/ros/humble/opt/rviz_ogre_vendor/lib:/opt/ros/humble/lib/x86_64-linux-gnu:/opt/ros/humble/lib:/usr/local/cuda-12.4.0/lib64:/usr/local/cuda-12.4.0/lib64 /usr/bin/cmake --build /home/men3m/Naima/build/zed_aruco_localization -- -j16 -l16
[3.070s] DEBUG:colcon.colcon_core.event_handler.log_command:Invoking command in '/home/men3m/Naima/build/zed_aruco_localization': AMENT_PREFIX_PATH=/home/men3m/Naima/install/zed_components:${AMENT_PREFIX_PATH} CMAKE_PREFIX_PATH=/home/men3m/Naima/install/zed_components:/opt/ros/humble LD_LIBRARY_PATH=/home/men3m/Naima/install/zed_components/lib:/usr/lib/x86_64-linux-gnu/gazebo-11/plugins:/opt/ros/humble/opt/rviz_ogre_vendor/lib:/opt/ros/humble/lib/x86_64-linux-gnu:/opt/ros/humble/lib:/usr/local/cuda-12.4.0/lib64:/usr/local/cuda-12.4.0/lib64 /usr/bin/cmake --install /home/men3m/Naima/build/zed_aruco_localization
[3.079s] Level 1:colcon.colcon_core.environment:create_environment_scripts_only(zed_aruco_localization)
[3.079s] DEBUG:colcon.colcon_core.event_handler.log_command:Invoked command in '/home/men3m/Naima/build/zed_aruco_localization' returned '0': AMENT_PREFIX_PATH=/home/men3m/Naima/install/zed_components:${AMENT_PREFIX_PATH} CMAKE_PREFIX_PATH=/home/men3m/Naima/install/zed_components:/opt/ros/humble LD_LIBRARY_PATH=/home/men3m/Naima/install/zed_components/lib:/usr/lib/x86_64-linux-gnu/gazebo-11/plugins:/opt/ros/humble/opt/rviz_ogre_vendor/lib:/opt/ros/humble/lib/x86_64-linux-gnu:/opt/ros/humble/lib:/usr/local/cuda-12.4.0/lib64:/usr/local/cuda-12.4.0/lib64 /usr/bin/cmake --install /home/men3m/Naima/build/zed_aruco_localization
[3.079s] Level 1:colcon.colcon_core.environment:checking '/home/men3m/Naima/install/zed_aruco_localization' for CMake module files
[3.080s] Level 1:colcon.colcon_core.environment:checking '/home/men3m/Naima/install/zed_aruco_localization' for CMake config files
[3.080s] Level 1:colcon.colcon_core.shell:create_environment_hook('zed_aruco_localization', 'cmake_prefix_path')
[3.080s] INFO:colcon.colcon_core.shell:Creating environment hook '/home/men3m/Naima/install/zed_aruco_localization/share/zed_aruco_localization/hook/cmake_prefix_path.ps1'
[3.081s] INFO:colcon.colcon_core.shell:Creating environment descriptor '/home/men3m/Naima/install/zed_aruco_localization/share/zed_aruco_localization/hook/cmake_prefix_path.dsv'
[3.081s] INFO:colcon.colcon_core.shell:Creating environment hook '/home/men3m/Naima/install/zed_aruco_localization/share/zed_aruco_localization/hook/cmake_prefix_path.sh'
[3.081s] Level 1:colcon.colcon_core.environment:checking '/home/men3m/Naima/install/zed_aruco_localization/lib'
[3.081s] Level 1:colcon.colcon_core.shell:create_environment_hook('zed_aruco_localization', 'ld_library_path_lib')
[3.082s] INFO:colcon.colcon_core.shell:Creating environment hook '/home/men3m/Naima/install/zed_aruco_localization/share/zed_aruco_localization/hook/ld_library_path_lib.ps1'
[3.082s] INFO:colcon.colcon_core.shell:Creating environment descriptor '/home/men3m/Naima/install/zed_aruco_localization/share/zed_aruco_localization/hook/ld_library_path_lib.dsv'
[3.082s] INFO:colcon.colcon_core.shell:Creating environment hook '/home/men3m/Naima/install/zed_aruco_localization/share/zed_aruco_localization/hook/ld_library_path_lib.sh'
[3.082s] Level 1:colcon.colcon_core.environment:checking '/home/men3m/Naima/install/zed_aruco_localization/bin'
[3.082s] Level 1:colcon.colcon_core.environment:checking '/home/men3m/Naima/install/zed_aruco_localization/lib/pkgconfig/zed_aruco_localization.pc'
[3.083s] Level 1:colcon.colcon_core.environment:checking '/home/men3m/Naima/install/zed_aruco_localization/lib/python3.10/site-packages'
[3.083s] Level 1:colcon.colcon_core.environment:checking '/home/men3m/Naima/install/zed_aruco_localization/bin'
[3.083s] INFO:colcon.colcon_core.shell:Creating package script '/home/men3m/Naima/install/zed_aruco_localization/share/zed_aruco_localization/package.ps1'
[3.083s] INFO:colcon.colcon_core.shell:Creating package descriptor '/home/men3m/Naima/install/zed_aruco_localization/share/zed_aruco_localization/package.dsv'
[3.084s] INFO:colcon.colcon_core.shell:Creating package script '/home/men3m/Naima/install/zed_aruco_localization/share/zed_aruco_localization/package.sh'
[3.084s] INFO:colcon.colcon_core.shell:Creating package script '/home/men3m/Naima/install/zed_aruco_localization/share/zed_aruco_localization/package.bash'
[3.084s] INFO:colcon.colcon_core.shell:Creating package script '/home/men3m/Naima/install/zed_aruco_localization/share/zed_aruco_localization/package.zsh'
[3.085s] Level 1:colcon.colcon_core.environment:create_file_with_runtime_dependencies(/home/men3m/Naima/install/zed_aruco_localization/share/colcon-core/packages/zed_aruco_localization)
[3.085s] Level 1:colcon.colcon_core.environment:create_environment_scripts_only(zed_aruco_localization)
[3.085s] Level 1:colcon.colcon_core.environment:checking '/home/men3m/Naima/install/zed_aruco_localization' for CMake module files
[3.085s] Level 1:colcon.colcon_core.environment:checking '/home/men3m/Naima/install/zed_aruco_localization' for CMake config files
[3.086s] Level 1:colcon.colcon_core.shell:create_environment_hook('zed_aruco_localization', 'cmake_prefix_path')
[3.086s] INFO:colcon.colcon_core.shell:Creating environment hook '/home/men3m/Naima/install/zed_aruco_localization/share/zed_aruco_localization/hook/cmake_prefix_path.ps1'
[3.086s] INFO:colcon.colcon_core.shell:Creating environment descriptor '/home/men3m/Naima/install/zed_aruco_localization/share/zed_aruco_localization/hook/cmake_prefix_path.dsv'
[3.086s] INFO:colcon.colcon_core.shell:Creating environment hook '/home/men3m/Naima/install/zed_aruco_localization/share/zed_aruco_localization/hook/cmake_prefix_path.sh'
[3.087s] Level 1:colcon.colcon_core.environment:checking '/home/men3m/Naima/install/zed_aruco_localization/lib'
[3.087s] Level 1:colcon.colcon_core.shell:create_environment_hook('zed_aruco_localization', 'ld_library_path_lib')
[3.087s] INFO:colcon.colcon_core.shell:Creating environment hook '/home/men3m/Naima/install/zed_aruco_localization/share/zed_aruco_localization/hook/ld_library_path_lib.ps1'
[3.087s] INFO:colcon.colcon_core.shell:Creating environment descriptor '/home/men3m/Naima/install/zed_aruco_localization/share/zed_aruco_localization/hook/ld_library_path_lib.dsv'
[3.087s] INFO:colcon.colcon_core.shell:Creating environment hook '/home/men3m/Naima/install/zed_aruco_localization/share/zed_aruco_localization/hook/ld_library_path_lib.sh'
[3.088s] Level 1:colcon.colcon_core.environment:checking '/home/men3m/Naima/install/zed_aruco_localization/bin'
[3.088s] Level 1:colcon.colcon_core.environment:checking '/home/men3m/Naima/install/zed_aruco_localization/lib/pkgconfig/zed_aruco_localization.pc'
[3.088s] Level 1:colcon.colcon_core.environment:checking '/home/men3m/Naima/install/zed_aruco_localization/lib/python3.10/site-packages'
[3.088s] Level 1:colcon.colcon_core.environment:checking '/home/men3m/Naima/install/zed_aruco_localization/bin'
[3.088s] INFO:colcon.colcon_core.shell:Creating package script '/home/men3m/Naima/install/zed_aruco_localization/share/zed_aruco_localization/package.ps1'
[3.089s] INFO:colcon.colcon_core.shell:Creating package descriptor '/home/men3m/Naima/install/zed_aruco_localization/share/zed_aruco_localization/package.dsv'
[3.089s] INFO:colcon.colcon_core.shell:Creating package script '/home/men3m/Naima/install/zed_aruco_localization/share/zed_aruco_localization/package.sh'
[3.089s] INFO:colcon.colcon_core.shell:Creating package script '/home/men3m/Naima/install/zed_aruco_localization/share/zed_aruco_localization/package.bash'
[3.090s] INFO:colcon.colcon_core.shell:Creating package script '/home/men3m/Naima/install/zed_aruco_localization/share/zed_aruco_localization/package.zsh'
[3.090s] Level 1:colcon.colcon_core.environment:create_file_with_runtime_dependencies(/home/men3m/Naima/install/zed_aruco_localization/share/colcon-core/packages/zed_aruco_localization)
[3.091s] INFO:colcon.colcon_ros.task.ament_cmake.build:Building ROS package in '/home/men3m/Naima/src/zed-ros2-examples/examples/zed_depth_to_laserscan' with build type 'ament_cmake'
[3.091s] INFO:colcon.colcon_cmake.task.cmake.build:Building CMake package in '/home/men3m/Naima/src/zed-ros2-examples/examples/zed_depth_to_laserscan'
[3.091s] INFO:colcon.colcon_core.shell:Skip shell extension 'powershell' for command environment: Not usable outside of PowerShell
[3.091s] DEBUG:colcon.colcon_core.shell:Skip shell extension 'dsv' for command environment
[3.100s] DEBUG:colcon.colcon_core.event_handler.log_command:Invoking command in '/home/men3m/Naima/build/zed_depth_to_laserscan': AMENT_PREFIX_PATH=/home/men3m/Naima/install/zed_wrapper:/home/men3m/Naima/install/zed_components:${AMENT_PREFIX_PATH} CMAKE_PREFIX_PATH=/home/men3m/Naima/install/zed_wrapper:/home/men3m/Naima/install/zed_components:/opt/ros/humble LD_LIBRARY_PATH=/home/men3m/Naima/install/zed_components/lib:/usr/lib/x86_64-linux-gnu/gazebo-11/plugins:/opt/ros/humble/opt/rviz_ogre_vendor/lib:/opt/ros/humble/lib/x86_64-linux-gnu:/opt/ros/humble/lib:/usr/local/cuda-12.4.0/lib64:/usr/local/cuda-12.4.0/lib64 /usr/bin/cmake --build /home/men3m/Naima/build/zed_depth_to_laserscan -- -j16 -l16
[3.101s] DEBUG:colcon.colcon_core.event_handler.log_command:Invoked command in '/home/men3m/Naima/build/zed_rgb_convert' returned '0': AMENT_PREFIX_PATH=/home/men3m/Naima/install/zed_components:${AMENT_PREFIX_PATH} CMAKE_PREFIX_PATH=/home/men3m/Naima/install/zed_components:/opt/ros/humble LD_LIBRARY_PATH=/home/men3m/Naima/install/zed_components/lib:/usr/lib/x86_64-linux-gnu/gazebo-11/plugins:/opt/ros/humble/opt/rviz_ogre_vendor/lib:/opt/ros/humble/lib/x86_64-linux-gnu:/opt/ros/humble/lib:/usr/local/cuda-12.4.0/lib64:/usr/local/cuda-12.4.0/lib64 /usr/bin/cmake --build /home/men3m/Naima/build/zed_rgb_convert -- -j16 -l16
[3.102s] DEBUG:colcon.colcon_core.event_handler.log_command:Invoking command in '/home/men3m/Naima/build/zed_rgb_convert': AMENT_PREFIX_PATH=/home/men3m/Naima/install/zed_components:${AMENT_PREFIX_PATH} CMAKE_PREFIX_PATH=/home/men3m/Naima/install/zed_components:/opt/ros/humble LD_LIBRARY_PATH=/home/men3m/Naima/install/zed_components/lib:/usr/lib/x86_64-linux-gnu/gazebo-11/plugins:/opt/ros/humble/opt/rviz_ogre_vendor/lib:/opt/ros/humble/lib/x86_64-linux-gnu:/opt/ros/humble/lib:/usr/local/cuda-12.4.0/lib64:/usr/local/cuda-12.4.0/lib64 /usr/bin/cmake --install /home/men3m/Naima/build/zed_rgb_convert
[3.110s] Level 1:colcon.colcon_core.environment:create_environment_scripts_only(zed_rgb_convert)
[3.110s] DEBUG:colcon.colcon_core.event_handler.log_command:Invoked command in '/home/men3m/Naima/build/zed_rgb_convert' returned '0': AMENT_PREFIX_PATH=/home/men3m/Naima/install/zed_components:${AMENT_PREFIX_PATH} CMAKE_PREFIX_PATH=/home/men3m/Naima/install/zed_components:/opt/ros/humble LD_LIBRARY_PATH=/home/men3m/Naima/install/zed_components/lib:/usr/lib/x86_64-linux-gnu/gazebo-11/plugins:/opt/ros/humble/opt/rviz_ogre_vendor/lib:/opt/ros/humble/lib/x86_64-linux-gnu:/opt/ros/humble/lib:/usr/local/cuda-12.4.0/lib64:/usr/local/cuda-12.4.0/lib64 /usr/bin/cmake --install /home/men3m/Naima/build/zed_rgb_convert
[3.111s] Level 1:colcon.colcon_core.environment:checking '/home/men3m/Naima/install/zed_rgb_convert' for CMake module files
[3.111s] Level 1:colcon.colcon_core.environment:checking '/home/men3m/Naima/install/zed_rgb_convert' for CMake config files
[3.111s] Level 1:colcon.colcon_core.shell:create_environment_hook('zed_rgb_convert', 'cmake_prefix_path')
[3.112s] INFO:colcon.colcon_core.shell:Creating environment hook '/home/men3m/Naima/install/zed_rgb_convert/share/zed_rgb_convert/hook/cmake_prefix_path.ps1'
[3.112s] INFO:colcon.colcon_core.shell:Creating environment descriptor '/home/men3m/Naima/install/zed_rgb_convert/share/zed_rgb_convert/hook/cmake_prefix_path.dsv'
[3.112s] INFO:colcon.colcon_core.shell:Creating environment hook '/home/men3m/Naima/install/zed_rgb_convert/share/zed_rgb_convert/hook/cmake_prefix_path.sh'
[3.113s] Level 1:colcon.colcon_core.environment:checking '/home/men3m/Naima/install/zed_rgb_convert/lib'
[3.113s] Level 1:colcon.colcon_core.shell:create_environment_hook('zed_rgb_convert', 'ld_library_path_lib')
[3.113s] INFO:colcon.colcon_core.shell:Creating environment hook '/home/men3m/Naima/install/zed_rgb_convert/share/zed_rgb_convert/hook/ld_library_path_lib.ps1'
[3.113s] INFO:colcon.colcon_core.shell:Creating environment descriptor '/home/men3m/Naima/install/zed_rgb_convert/share/zed_rgb_convert/hook/ld_library_path_lib.dsv'
[3.114s] INFO:colcon.colcon_core.shell:Creating environment hook '/home/men3m/Naima/install/zed_rgb_convert/share/zed_rgb_convert/hook/ld_library_path_lib.sh'
[3.114s] Level 1:colcon.colcon_core.environment:checking '/home/men3m/Naima/install/zed_rgb_convert/bin'
[3.114s] Level 1:colcon.colcon_core.environment:checking '/home/men3m/Naima/install/zed_rgb_convert/lib/pkgconfig/zed_rgb_convert.pc'
[3.114s] Level 1:colcon.colcon_core.environment:checking '/home/men3m/Naima/install/zed_rgb_convert/lib/python3.10/site-packages'
[3.114s] Level 1:colcon.colcon_core.environment:checking '/home/men3m/Naima/install/zed_rgb_convert/bin'
[3.114s] INFO:colcon.colcon_core.shell:Creating package script '/home/men3m/Naima/install/zed_rgb_convert/share/zed_rgb_convert/package.ps1'
[3.115s] INFO:colcon.colcon_core.shell:Creating package descriptor '/home/men3m/Naima/install/zed_rgb_convert/share/zed_rgb_convert/package.dsv'
[3.115s] INFO:colcon.colcon_core.shell:Creating package script '/home/men3m/Naima/install/zed_rgb_convert/share/zed_rgb_convert/package.sh'
[3.116s] INFO:colcon.colcon_core.shell:Creating package script '/home/men3m/Naima/install/zed_rgb_convert/share/zed_rgb_convert/package.bash'
[3.116s] INFO:colcon.colcon_core.shell:Creating package script '/home/men3m/Naima/install/zed_rgb_convert/share/zed_rgb_convert/package.zsh'
[3.116s] Level 1:colcon.colcon_core.environment:create_file_with_runtime_dependencies(/home/men3m/Naima/install/zed_rgb_convert/share/colcon-core/packages/zed_rgb_convert)
[3.117s] Level 1:colcon.colcon_core.environment:create_environment_scripts_only(zed_rgb_convert)
[3.117s] Level 1:colcon.colcon_core.environment:checking '/home/men3m/Naima/install/zed_rgb_convert' for CMake module files
[3.117s] Level 1:colcon.colcon_core.environment:checking '/home/men3m/Naima/install/zed_rgb_convert' for CMake config files
[3.117s] Level 1:colcon.colcon_core.shell:create_environment_hook('zed_rgb_convert', 'cmake_prefix_path')
[3.117s] INFO:colcon.colcon_core.shell:Creating environment hook '/home/men3m/Naima/install/zed_rgb_convert/share/zed_rgb_convert/hook/cmake_prefix_path.ps1'
[3.118s] INFO:colcon.colcon_core.shell:Creating environment descriptor '/home/men3m/Naima/install/zed_rgb_convert/share/zed_rgb_convert/hook/cmake_prefix_path.dsv'
[3.118s] INFO:colcon.colcon_core.shell:Creating environment hook '/home/men3m/Naima/install/zed_rgb_convert/share/zed_rgb_convert/hook/cmake_prefix_path.sh'
[3.118s] Level 1:colcon.colcon_core.environment:checking '/home/men3m/Naima/install/zed_rgb_convert/lib'
[3.118s] Level 1:colcon.colcon_core.shell:create_environment_hook('zed_rgb_convert', 'ld_library_path_lib')
[3.119s] INFO:colcon.colcon_core.shell:Creating environment hook '/home/men3m/Naima/install/zed_rgb_convert/share/zed_rgb_convert/hook/ld_library_path_lib.ps1'
[3.119s] INFO:colcon.colcon_core.shell:Creating environment descriptor '/home/men3m/Naima/install/zed_rgb_convert/share/zed_rgb_convert/hook/ld_library_path_lib.dsv'
[3.119s] INFO:colcon.colcon_core.shell:Creating environment hook '/home/men3m/Naima/install/zed_rgb_convert/share/zed_rgb_convert/hook/ld_library_path_lib.sh'
[3.119s] Level 1:colcon.colcon_core.environment:checking '/home/men3m/Naima/install/zed_rgb_convert/bin'
[3.119s] Level 1:colcon.colcon_core.environment:checking '/home/men3m/Naima/install/zed_rgb_convert/lib/pkgconfig/zed_rgb_convert.pc'
[3.120s] Level 1:colcon.colcon_core.environment:checking '/home/men3m/Naima/install/zed_rgb_convert/lib/python3.10/site-packages'
[3.120s] Level 1:colcon.colcon_core.environment:checking '/home/men3m/Naima/install/zed_rgb_convert/bin'
[3.120s] INFO:colcon.colcon_core.shell:Creating package script '/home/men3m/Naima/install/zed_rgb_convert/share/zed_rgb_convert/package.ps1'
[3.120s] INFO:colcon.colcon_core.shell:Creating package descriptor '/home/men3m/Naima/install/zed_rgb_convert/share/zed_rgb_convert/package.dsv'
[3.121s] INFO:colcon.colcon_core.shell:Creating package script '/home/men3m/Naima/install/zed_rgb_convert/share/zed_rgb_convert/package.sh'
[3.121s] INFO:colcon.colcon_core.shell:Creating package script '/home/men3m/Naima/install/zed_rgb_convert/share/zed_rgb_convert/package.bash'
[3.121s] INFO:colcon.colcon_core.shell:Creating package script '/home/men3m/Naima/install/zed_rgb_convert/share/zed_rgb_convert/package.zsh'
[3.122s] Level 1:colcon.colcon_core.environment:create_file_with_runtime_dependencies(/home/men3m/Naima/install/zed_rgb_convert/share/colcon-core/packages/zed_rgb_convert)
[3.122s] INFO:colcon.colcon_ros.task.ament_cmake.build:Building ROS package in '/home/men3m/Naima/src/zed-ros2-examples/zed_display_rviz2' with build type 'ament_cmake'
[3.122s] INFO:colcon.colcon_cmake.task.cmake.build:Building CMake package in '/home/men3m/Naima/src/zed-ros2-examples/zed_display_rviz2'
[3.122s] INFO:colcon.colcon_core.shell:Skip shell extension 'powershell' for command environment: Not usable outside of PowerShell
[3.122s] DEBUG:colcon.colcon_core.shell:Skip shell extension 'dsv' for command environment
[3.131s] DEBUG:colcon.colcon_core.event_handler.log_command:Invoking command in '/home/men3m/Naima/build/zed_display_rviz2': AMENT_PREFIX_PATH=/home/men3m/Naima/install/zed_wrapper:/home/men3m/Naima/install/zed_components:${AMENT_PREFIX_PATH} CMAKE_PREFIX_PATH=/home/men3m/Naima/install/zed_wrapper:/home/men3m/Naima/install/zed_components:/opt/ros/humble LD_LIBRARY_PATH=/home/men3m/Naima/install/zed_components/lib:/usr/lib/x86_64-linux-gnu/gazebo-11/plugins:/opt/ros/humble/opt/rviz_ogre_vendor/lib:/opt/ros/humble/lib/x86_64-linux-gnu:/opt/ros/humble/lib:/usr/local/cuda-12.4.0/lib64:/usr/local/cuda-12.4.0/lib64 /usr/bin/cmake --build /home/men3m/Naima/build/zed_display_rviz2 -- -j16 -l16
[3.135s] DEBUG:colcon.colcon_core.event_handler.log_command:Invoked command in '/home/men3m/Naima/build/zed_depth_to_laserscan' returned '0': AMENT_PREFIX_PATH=/home/men3m/Naima/install/zed_wrapper:/home/men3m/Naima/install/zed_components:${AMENT_PREFIX_PATH} CMAKE_PREFIX_PATH=/home/men3m/Naima/install/zed_wrapper:/home/men3m/Naima/install/zed_components:/opt/ros/humble LD_LIBRARY_PATH=/home/men3m/Naima/install/zed_components/lib:/usr/lib/x86_64-linux-gnu/gazebo-11/plugins:/opt/ros/humble/opt/rviz_ogre_vendor/lib:/opt/ros/humble/lib/x86_64-linux-gnu:/opt/ros/humble/lib:/usr/local/cuda-12.4.0/lib64:/usr/local/cuda-12.4.0/lib64 /usr/bin/cmake --build /home/men3m/Naima/build/zed_depth_to_laserscan -- -j16 -l16
[3.137s] DEBUG:colcon.colcon_core.event_handler.log_command:Invoking command in '/home/men3m/Naima/build/zed_depth_to_laserscan': AMENT_PREFIX_PATH=/home/men3m/Naima/install/zed_wrapper:/home/men3m/Naima/install/zed_components:${AMENT_PREFIX_PATH} CMAKE_PREFIX_PATH=/home/men3m/Naima/install/zed_wrapper:/home/men3m/Naima/install/zed_components:/opt/ros/humble LD_LIBRARY_PATH=/home/men3m/Naima/install/zed_components/lib:/usr/lib/x86_64-linux-gnu/gazebo-11/plugins:/opt/ros/humble/opt/rviz_ogre_vendor/lib:/opt/ros/humble/lib/x86_64-linux-gnu:/opt/ros/humble/lib:/usr/local/cuda-12.4.0/lib64:/usr/local/cuda-12.4.0/lib64 /usr/bin/cmake --install /home/men3m/Naima/build/zed_depth_to_laserscan
[3.144s] Level 1:colcon.colcon_core.environment:create_environment_scripts_only(zed_depth_to_laserscan)
[3.144s] DEBUG:colcon.colcon_core.event_handler.log_command:Invoked command in '/home/men3m/Naima/build/zed_depth_to_laserscan' returned '0': AMENT_PREFIX_PATH=/home/men3m/Naima/install/zed_wrapper:/home/men3m/Naima/install/zed_components:${AMENT_PREFIX_PATH} CMAKE_PREFIX_PATH=/home/men3m/Naima/install/zed_wrapper:/home/men3m/Naima/install/zed_components:/opt/ros/humble LD_LIBRARY_PATH=/home/men3m/Naima/install/zed_components/lib:/usr/lib/x86_64-linux-gnu/gazebo-11/plugins:/opt/ros/humble/opt/rviz_ogre_vendor/lib:/opt/ros/humble/lib/x86_64-linux-gnu:/opt/ros/humble/lib:/usr/local/cuda-12.4.0/lib64:/usr/local/cuda-12.4.0/lib64 /usr/bin/cmake --install /home/men3m/Naima/build/zed_depth_to_laserscan
[3.145s] Level 1:colcon.colcon_core.environment:checking '/home/men3m/Naima/install/zed_depth_to_laserscan' for CMake module files
[3.145s] Level 1:colcon.colcon_core.environment:checking '/home/men3m/Naima/install/zed_depth_to_laserscan' for CMake config files
[3.145s] Level 1:colcon.colcon_core.shell:create_environment_hook('zed_depth_to_laserscan', 'cmake_prefix_path')
[3.145s] INFO:colcon.colcon_core.shell:Creating environment hook '/home/men3m/Naima/install/zed_depth_to_laserscan/share/zed_depth_to_laserscan/hook/cmake_prefix_path.ps1'
[3.146s] INFO:colcon.colcon_core.shell:Creating environment descriptor '/home/men3m/Naima/install/zed_depth_to_laserscan/share/zed_depth_to_laserscan/hook/cmake_prefix_path.dsv'
[3.146s] INFO:colcon.colcon_core.shell:Creating environment hook '/home/men3m/Naima/install/zed_depth_to_laserscan/share/zed_depth_to_laserscan/hook/cmake_prefix_path.sh'
[3.147s] Level 1:colcon.colcon_core.environment:checking '/home/men3m/Naima/install/zed_depth_to_laserscan/bin'
[3.147s] Level 1:colcon.colcon_core.environment:checking '/home/men3m/Naima/install/zed_depth_to_laserscan/lib/pkgconfig/zed_depth_to_laserscan.pc'
[3.147s] Level 1:colcon.colcon_core.environment:checking '/home/men3m/Naima/install/zed_depth_to_laserscan/lib/python3.10/site-packages'
[3.147s] Level 1:colcon.colcon_core.environment:checking '/home/men3m/Naima/install/zed_depth_to_laserscan/bin'
[3.147s] INFO:colcon.colcon_core.shell:Creating package script '/home/men3m/Naima/install/zed_depth_to_laserscan/share/zed_depth_to_laserscan/package.ps1'
[3.148s] INFO:colcon.colcon_core.shell:Creating package descriptor '/home/men3m/Naima/install/zed_depth_to_laserscan/share/zed_depth_to_laserscan/package.dsv'
[3.148s] INFO:colcon.colcon_core.shell:Creating package script '/home/men3m/Naima/install/zed_depth_to_laserscan/share/zed_depth_to_laserscan/package.sh'
[3.148s] INFO:colcon.colcon_core.shell:Creating package script '/home/men3m/Naima/install/zed_depth_to_laserscan/share/zed_depth_to_laserscan/package.bash'
[3.149s] INFO:colcon.colcon_core.shell:Creating package script '/home/men3m/Naima/install/zed_depth_to_laserscan/share/zed_depth_to_laserscan/package.zsh'
[3.149s] Level 1:colcon.colcon_core.environment:create_file_with_runtime_dependencies(/home/men3m/Naima/install/zed_depth_to_laserscan/share/colcon-core/packages/zed_depth_to_laserscan)
[3.149s] Level 1:colcon.colcon_core.environment:create_environment_scripts_only(zed_depth_to_laserscan)
[3.149s] Level 1:colcon.colcon_core.environment:checking '/home/men3m/Naima/install/zed_depth_to_laserscan' for CMake module files
[3.150s] Level 1:colcon.colcon_core.environment:checking '/home/men3m/Naima/install/zed_depth_to_laserscan' for CMake config files
[3.150s] Level 1:colcon.colcon_core.shell:create_environment_hook('zed_depth_to_laserscan', 'cmake_prefix_path')
[3.150s] INFO:colcon.colcon_core.shell:Creating environment hook '/home/men3m/Naima/install/zed_depth_to_laserscan/share/zed_depth_to_laserscan/hook/cmake_prefix_path.ps1'
[3.150s] INFO:colcon.colcon_core.shell:Creating environment descriptor '/home/men3m/Naima/install/zed_depth_to_laserscan/share/zed_depth_to_laserscan/hook/cmake_prefix_path.dsv'
[3.151s] INFO:colcon.colcon_core.shell:Creating environment hook '/home/men3m/Naima/install/zed_depth_to_laserscan/share/zed_depth_to_laserscan/hook/cmake_prefix_path.sh'
[3.151s] Level 1:colcon.colcon_core.environment:checking '/home/men3m/Naima/install/zed_depth_to_laserscan/bin'
[3.151s] Level 1:colcon.colcon_core.environment:checking '/home/men3m/Naima/install/zed_depth_to_laserscan/lib/pkgconfig/zed_depth_to_laserscan.pc'
[3.151s] Level 1:colcon.colcon_core.environment:checking '/home/men3m/Naima/install/zed_depth_to_laserscan/lib/python3.10/site-packages'
[3.151s] Level 1:colcon.colcon_core.environment:checking '/home/men3m/Naima/install/zed_depth_to_laserscan/bin'
[3.152s] INFO:colcon.colcon_core.shell:Creating package script '/home/men3m/Naima/install/zed_depth_to_laserscan/share/zed_depth_to_laserscan/package.ps1'
[3.152s] INFO:colcon.colcon_core.shell:Creating package descriptor '/home/men3m/Naima/install/zed_depth_to_laserscan/share/zed_depth_to_laserscan/package.dsv'
[3.152s] INFO:colcon.colcon_core.shell:Creating package script '/home/men3m/Naima/install/zed_depth_to_laserscan/share/zed_depth_to_laserscan/package.sh'
[3.153s] INFO:colcon.colcon_core.shell:Creating package script '/home/men3m/Naima/install/zed_depth_to_laserscan/share/zed_depth_to_laserscan/package.bash'
[3.153s] INFO:colcon.colcon_core.shell:Creating package script '/home/men3m/Naima/install/zed_depth_to_laserscan/share/zed_depth_to_laserscan/package.zsh'
[3.153s] Level 1:colcon.colcon_core.environment:create_file_with_runtime_dependencies(/home/men3m/Naima/install/zed_depth_to_laserscan/share/colcon-core/packages/zed_depth_to_laserscan)
[3.154s] INFO:colcon.colcon_ros.task.ament_cmake.build:Building ROS package in '/home/men3m/Naima/src/zed-ros2-examples/tutorials/zed_robot_integration' with build type 'ament_cmake'
[3.154s] INFO:colcon.colcon_cmake.task.cmake.build:Building CMake package in '/home/men3m/Naima/src/zed-ros2-examples/tutorials/zed_robot_integration'
[3.154s] INFO:colcon.colcon_core.shell:Skip shell extension 'powershell' for command environment: Not usable outside of PowerShell
[3.154s] DEBUG:colcon.colcon_core.shell:Skip shell extension 'dsv' for command environment
[3.161s] DEBUG:colcon.colcon_core.event_handler.log_command:Invoked command in '/home/men3m/Naima/build/zed_display_rviz2' returned '0': AMENT_PREFIX_PATH=/home/men3m/Naima/install/zed_wrapper:/home/men3m/Naima/install/zed_components:${AMENT_PREFIX_PATH} CMAKE_PREFIX_PATH=/home/men3m/Naima/install/zed_wrapper:/home/men3m/Naima/install/zed_components:/opt/ros/humble LD_LIBRARY_PATH=/home/men3m/Naima/install/zed_components/lib:/usr/lib/x86_64-linux-gnu/gazebo-11/plugins:/opt/ros/humble/opt/rviz_ogre_vendor/lib:/opt/ros/humble/lib/x86_64-linux-gnu:/opt/ros/humble/lib:/usr/local/cuda-12.4.0/lib64:/usr/local/cuda-12.4.0/lib64 /usr/bin/cmake --build /home/men3m/Naima/build/zed_display_rviz2 -- -j16 -l16
[3.162s] DEBUG:colcon.colcon_core.event_handler.log_command:Invoking command in '/home/men3m/Naima/build/zed_display_rviz2': AMENT_PREFIX_PATH=/home/men3m/Naima/install/zed_wrapper:/home/men3m/Naima/install/zed_components:${AMENT_PREFIX_PATH} CMAKE_PREFIX_PATH=/home/men3m/Naima/install/zed_wrapper:/home/men3m/Naima/install/zed_components:/opt/ros/humble LD_LIBRARY_PATH=/home/men3m/Naima/install/zed_components/lib:/usr/lib/x86_64-linux-gnu/gazebo-11/plugins:/opt/ros/humble/opt/rviz_ogre_vendor/lib:/opt/ros/humble/lib/x86_64-linux-gnu:/opt/ros/humble/lib:/usr/local/cuda-12.4.0/lib64:/usr/local/cuda-12.4.0/lib64 /usr/bin/cmake --install /home/men3m/Naima/build/zed_display_rviz2
[3.164s] DEBUG:colcon.colcon_core.event_handler.log_command:Invoking command in '/home/men3m/Naima/build/zed_robot_integration': AMENT_PREFIX_PATH=/home/men3m/Naima/install/zed_wrapper:/home/men3m/Naima/install/zed_components:${AMENT_PREFIX_PATH} CMAKE_PREFIX_PATH=/home/men3m/Naima/install/zed_wrapper:/home/men3m/Naima/install/zed_components:/opt/ros/humble LD_LIBRARY_PATH=/home/men3m/Naima/install/zed_components/lib:/usr/lib/x86_64-linux-gnu/gazebo-11/plugins:/opt/ros/humble/opt/rviz_ogre_vendor/lib:/opt/ros/humble/lib/x86_64-linux-gnu:/opt/ros/humble/lib:/usr/local/cuda-12.4.0/lib64:/usr/local/cuda-12.4.0/lib64 /usr/bin/cmake --build /home/men3m/Naima/build/zed_robot_integration -- -j16 -l16
[3.170s] Level 1:colcon.colcon_core.environment:create_environment_scripts_only(zed_display_rviz2)
[3.170s] DEBUG:colcon.colcon_core.event_handler.log_command:Invoked command in '/home/men3m/Naima/build/zed_display_rviz2' returned '0': AMENT_PREFIX_PATH=/home/men3m/Naima/install/zed_wrapper:/home/men3m/Naima/install/zed_components:${AMENT_PREFIX_PATH} CMAKE_PREFIX_PATH=/home/men3m/Naima/install/zed_wrapper:/home/men3m/Naima/install/zed_components:/opt/ros/humble LD_LIBRARY_PATH=/home/men3m/Naima/install/zed_components/lib:/usr/lib/x86_64-linux-gnu/gazebo-11/plugins:/opt/ros/humble/opt/rviz_ogre_vendor/lib:/opt/ros/humble/lib/x86_64-linux-gnu:/opt/ros/humble/lib:/usr/local/cuda-12.4.0/lib64:/usr/local/cuda-12.4.0/lib64 /usr/bin/cmake --install /home/men3m/Naima/build/zed_display_rviz2
[3.170s] Level 1:colcon.colcon_core.environment:checking '/home/men3m/Naima/install/zed_display_rviz2' for CMake module files
[3.171s] Level 1:colcon.colcon_core.environment:checking '/home/men3m/Naima/install/zed_display_rviz2' for CMake config files
[3.171s] Level 1:colcon.colcon_core.shell:create_environment_hook('zed_display_rviz2', 'cmake_prefix_path')
[3.171s] INFO:colcon.colcon_core.shell:Creating environment hook '/home/men3m/Naima/install/zed_display_rviz2/share/zed_display_rviz2/hook/cmake_prefix_path.ps1'
[3.172s] INFO:colcon.colcon_core.shell:Creating environment descriptor '/home/men3m/Naima/install/zed_display_rviz2/share/zed_display_rviz2/hook/cmake_prefix_path.dsv'
[3.172s] INFO:colcon.colcon_core.shell:Creating environment hook '/home/men3m/Naima/install/zed_display_rviz2/share/zed_display_rviz2/hook/cmake_prefix_path.sh'
[3.172s] Level 1:colcon.colcon_core.environment:checking '/home/men3m/Naima/install/zed_display_rviz2/bin'
[3.172s] Level 1:colcon.colcon_core.environment:checking '/home/men3m/Naima/install/zed_display_rviz2/lib/pkgconfig/zed_display_rviz2.pc'
[3.173s] Level 1:colcon.colcon_core.environment:checking '/home/men3m/Naima/install/zed_display_rviz2/lib/python3.10/site-packages'
[3.173s] Level 1:colcon.colcon_core.environment:checking '/home/men3m/Naima/install/zed_display_rviz2/bin'
[3.173s] INFO:colcon.colcon_core.shell:Creating package script '/home/men3m/Naima/install/zed_display_rviz2/share/zed_display_rviz2/package.ps1'
[3.173s] INFO:colcon.colcon_core.shell:Creating package descriptor '/home/men3m/Naima/install/zed_display_rviz2/share/zed_display_rviz2/package.dsv'
[3.174s] INFO:colcon.colcon_core.shell:Creating package script '/home/men3m/Naima/install/zed_display_rviz2/share/zed_display_rviz2/package.sh'
[3.174s] INFO:colcon.colcon_core.shell:Creating package script '/home/men3m/Naima/install/zed_display_rviz2/share/zed_display_rviz2/package.bash'
[3.174s] INFO:colcon.colcon_core.shell:Creating package script '/home/men3m/Naima/install/zed_display_rviz2/share/zed_display_rviz2/package.zsh'
[3.175s] Level 1:colcon.colcon_core.environment:create_file_with_runtime_dependencies(/home/men3m/Naima/install/zed_display_rviz2/share/colcon-core/packages/zed_display_rviz2)
[3.175s] Level 1:colcon.colcon_core.environment:create_environment_scripts_only(zed_display_rviz2)
[3.175s] Level 1:colcon.colcon_core.environment:checking '/home/men3m/Naima/install/zed_display_rviz2' for CMake module files
[3.176s] Level 1:colcon.colcon_core.environment:checking '/home/men3m/Naima/install/zed_display_rviz2' for CMake config files
[3.176s] Level 1:colcon.colcon_core.shell:create_environment_hook('zed_display_rviz2', 'cmake_prefix_path')
[3.176s] INFO:colcon.colcon_core.shell:Creating environment hook '/home/men3m/Naima/install/zed_display_rviz2/share/zed_display_rviz2/hook/cmake_prefix_path.ps1'
[3.176s] INFO:colcon.colcon_core.shell:Creating environment descriptor '/home/men3m/Naima/install/zed_display_rviz2/share/zed_display_rviz2/hook/cmake_prefix_path.dsv'
[3.176s] INFO:colcon.colcon_core.shell:Creating environment hook '/home/men3m/Naima/install/zed_display_rviz2/share/zed_display_rviz2/hook/cmake_prefix_path.sh'
[3.177s] Level 1:colcon.colcon_core.environment:checking '/home/men3m/Naima/install/zed_display_rviz2/bin'
[3.177s] Level 1:colcon.colcon_core.environment:checking '/home/men3m/Naima/install/zed_display_rviz2/lib/pkgconfig/zed_display_rviz2.pc'
[3.177s] Level 1:colcon.colcon_core.environment:checking '/home/men3m/Naima/install/zed_display_rviz2/lib/python3.10/site-packages'
[3.177s] Level 1:colcon.colcon_core.environment:checking '/home/men3m/Naima/install/zed_display_rviz2/bin'
[3.178s] INFO:colcon.colcon_core.shell:Creating package script '/home/men3m/Naima/install/zed_display_rviz2/share/zed_display_rviz2/package.ps1'
[3.178s] INFO:colcon.colcon_core.shell:Creating package descriptor '/home/men3m/Naima/install/zed_display_rviz2/share/zed_display_rviz2/package.dsv'
[3.178s] INFO:colcon.colcon_core.shell:Creating package script '/home/men3m/Naima/install/zed_display_rviz2/share/zed_display_rviz2/package.sh'
[3.179s] INFO:colcon.colcon_core.shell:Creating package script '/home/men3m/Naima/install/zed_display_rviz2/share/zed_display_rviz2/package.bash'
[3.179s] INFO:colcon.colcon_core.shell:Creating package script '/home/men3m/Naima/install/zed_display_rviz2/share/zed_display_rviz2/package.zsh'
[3.179s] Level 1:colcon.colcon_core.environment:create_file_with_runtime_dependencies(/home/men3m/Naima/install/zed_display_rviz2/share/colcon-core/packages/zed_display_rviz2)
[3.180s] INFO:colcon.colcon_ros.task.ament_cmake.build:Building ROS package in '/home/men3m/Naima/src/zed-ros2-wrapper/zed_ros2' with build type 'ament_cmake'
[3.180s] INFO:colcon.colcon_cmake.task.cmake.build:Building CMake package in '/home/men3m/Naima/src/zed-ros2-wrapper/zed_ros2'
[3.180s] INFO:colcon.colcon_core.shell:Skip shell extension 'powershell' for command environment: Not usable outside of PowerShell
[3.180s] DEBUG:colcon.colcon_core.shell:Skip shell extension 'dsv' for command environment
[3.189s] DEBUG:colcon.colcon_core.event_handler.log_command:Invoking command in '/home/men3m/Naima/build/zed_ros2': AMENT_PREFIX_PATH=/home/men3m/Naima/install/zed_wrapper:/home/men3m/Naima/install/zed_components:${AMENT_PREFIX_PATH} CMAKE_PREFIX_PATH=/home/men3m/Naima/install/zed_wrapper:/home/men3m/Naima/install/zed_components:/opt/ros/humble LD_LIBRARY_PATH=/home/men3m/Naima/install/zed_components/lib:/usr/lib/x86_64-linux-gnu/gazebo-11/plugins:/opt/ros/humble/opt/rviz_ogre_vendor/lib:/opt/ros/humble/lib/x86_64-linux-gnu:/opt/ros/humble/lib:/usr/local/cuda-12.4.0/lib64:/usr/local/cuda-12.4.0/lib64 /usr/bin/cmake --build /home/men3m/Naima/build/zed_ros2 -- -j16 -l16
[3.195s] DEBUG:colcon.colcon_core.event_handler.log_command:Invoked command in '/home/men3m/Naima/build/zed_robot_integration' returned '0': AMENT_PREFIX_PATH=/home/men3m/Naima/install/zed_wrapper:/home/men3m/Naima/install/zed_components:${AMENT_PREFIX_PATH} CMAKE_PREFIX_PATH=/home/men3m/Naima/install/zed_wrapper:/home/men3m/Naima/install/zed_components:/opt/ros/humble LD_LIBRARY_PATH=/home/men3m/Naima/install/zed_components/lib:/usr/lib/x86_64-linux-gnu/gazebo-11/plugins:/opt/ros/humble/opt/rviz_ogre_vendor/lib:/opt/ros/humble/lib/x86_64-linux-gnu:/opt/ros/humble/lib:/usr/local/cuda-12.4.0/lib64:/usr/local/cuda-12.4.0/lib64 /usr/bin/cmake --build /home/men3m/Naima/build/zed_robot_integration -- -j16 -l16
[3.196s] DEBUG:colcon.colcon_core.event_handler.log_command:Invoking command in '/home/men3m/Naima/build/zed_robot_integration': AMENT_PREFIX_PATH=/home/men3m/Naima/install/zed_wrapper:/home/men3m/Naima/install/zed_components:${AMENT_PREFIX_PATH} CMAKE_PREFIX_PATH=/home/men3m/Naima/install/zed_wrapper:/home/men3m/Naima/install/zed_components:/opt/ros/humble LD_LIBRARY_PATH=/home/men3m/Naima/install/zed_components/lib:/usr/lib/x86_64-linux-gnu/gazebo-11/plugins:/opt/ros/humble/opt/rviz_ogre_vendor/lib:/opt/ros/humble/lib/x86_64-linux-gnu:/opt/ros/humble/lib:/usr/local/cuda-12.4.0/lib64:/usr/local/cuda-12.4.0/lib64 /usr/bin/cmake --install /home/men3m/Naima/build/zed_robot_integration
[3.204s] Level 1:colcon.colcon_core.environment:create_environment_scripts_only(zed_robot_integration)
[3.204s] DEBUG:colcon.colcon_core.event_handler.log_command:Invoked command in '/home/men3m/Naima/build/zed_robot_integration' returned '0': AMENT_PREFIX_PATH=/home/men3m/Naima/install/zed_wrapper:/home/men3m/Naima/install/zed_components:${AMENT_PREFIX_PATH} CMAKE_PREFIX_PATH=/home/men3m/Naima/install/zed_wrapper:/home/men3m/Naima/install/zed_components:/opt/ros/humble LD_LIBRARY_PATH=/home/men3m/Naima/install/zed_components/lib:/usr/lib/x86_64-linux-gnu/gazebo-11/plugins:/opt/ros/humble/opt/rviz_ogre_vendor/lib:/opt/ros/humble/lib/x86_64-linux-gnu:/opt/ros/humble/lib:/usr/local/cuda-12.4.0/lib64:/usr/local/cuda-12.4.0/lib64 /usr/bin/cmake --install /home/men3m/Naima/build/zed_robot_integration
[3.205s] Level 1:colcon.colcon_core.environment:checking '/home/men3m/Naima/install/zed_robot_integration' for CMake module files
[3.205s] Level 1:colcon.colcon_core.environment:checking '/home/men3m/Naima/install/zed_robot_integration' for CMake config files
[3.205s] Level 1:colcon.colcon_core.shell:create_environment_hook('zed_robot_integration', 'cmake_prefix_path')
[3.205s] INFO:colcon.colcon_core.shell:Creating environment hook '/home/men3m/Naima/install/zed_robot_integration/share/zed_robot_integration/hook/cmake_prefix_path.ps1'
[3.206s] INFO:colcon.colcon_core.shell:Creating environment descriptor '/home/men3m/Naima/install/zed_robot_integration/share/zed_robot_integration/hook/cmake_prefix_path.dsv'
[3.206s] INFO:colcon.colcon_core.shell:Creating environment hook '/home/men3m/Naima/install/zed_robot_integration/share/zed_robot_integration/hook/cmake_prefix_path.sh'
[3.207s] Level 1:colcon.colcon_core.environment:checking '/home/men3m/Naima/install/zed_robot_integration/bin'
[3.207s] Level 1:colcon.colcon_core.environment:checking '/home/men3m/Naima/install/zed_robot_integration/lib/pkgconfig/zed_robot_integration.pc'
[3.207s] Level 1:colcon.colcon_core.environment:checking '/home/men3m/Naima/install/zed_robot_integration/lib/python3.10/site-packages'
[3.207s] Level 1:colcon.colcon_core.environment:checking '/home/men3m/Naima/install/zed_robot_integration/bin'
[3.207s] INFO:colcon.colcon_core.shell:Creating package script '/home/men3m/Naima/install/zed_robot_integration/share/zed_robot_integration/package.ps1'
[3.207s] INFO:colcon.colcon_core.shell:Creating package descriptor '/home/men3m/Naima/install/zed_robot_integration/share/zed_robot_integration/package.dsv'
[3.208s] INFO:colcon.colcon_core.shell:Creating package script '/home/men3m/Naima/install/zed_robot_integration/share/zed_robot_integration/package.sh'
[3.208s] INFO:colcon.colcon_core.shell:Creating package script '/home/men3m/Naima/install/zed_robot_integration/share/zed_robot_integration/package.bash'
[3.208s] INFO:colcon.colcon_core.shell:Creating package script '/home/men3m/Naima/install/zed_robot_integration/share/zed_robot_integration/package.zsh'
[3.209s] Level 1:colcon.colcon_core.environment:create_file_with_runtime_dependencies(/home/men3m/Naima/install/zed_robot_integration/share/colcon-core/packages/zed_robot_integration)
[3.209s] Level 1:colcon.colcon_core.environment:create_environment_scripts_only(zed_robot_integration)
[3.209s] Level 1:colcon.colcon_core.environment:checking '/home/men3m/Naima/install/zed_robot_integration' for CMake module files
[3.210s] Level 1:colcon.colcon_core.environment:checking '/home/men3m/Naima/install/zed_robot_integration' for CMake config files
[3.210s] Level 1:colcon.colcon_core.shell:create_environment_hook('zed_robot_integration', 'cmake_prefix_path')
[3.210s] INFO:colcon.colcon_core.shell:Creating environment hook '/home/men3m/Naima/install/zed_robot_integration/share/zed_robot_integration/hook/cmake_prefix_path.ps1'
[3.210s] INFO:colcon.colcon_core.shell:Creating environment descriptor '/home/men3m/Naima/install/zed_robot_integration/share/zed_robot_integration/hook/cmake_prefix_path.dsv'
[3.211s] INFO:colcon.colcon_core.shell:Creating environment hook '/home/men3m/Naima/install/zed_robot_integration/share/zed_robot_integration/hook/cmake_prefix_path.sh'
[3.211s] Level 1:colcon.colcon_core.environment:checking '/home/men3m/Naima/install/zed_robot_integration/bin'
[3.211s] Level 1:colcon.colcon_core.environment:checking '/home/men3m/Naima/install/zed_robot_integration/lib/pkgconfig/zed_robot_integration.pc'
[3.211s] Level 1:colcon.colcon_core.environment:checking '/home/men3m/Naima/install/zed_robot_integration/lib/python3.10/site-packages'
[3.212s] Level 1:colcon.colcon_core.environment:checking '/home/men3m/Naima/install/zed_robot_integration/bin'
[3.212s] INFO:colcon.colcon_core.shell:Creating package script '/home/men3m/Naima/install/zed_robot_integration/share/zed_robot_integration/package.ps1'
[3.212s] INFO:colcon.colcon_core.shell:Creating package descriptor '/home/men3m/Naima/install/zed_robot_integration/share/zed_robot_integration/package.dsv'
[3.213s] INFO:colcon.colcon_core.shell:Creating package script '/home/men3m/Naima/install/zed_robot_integration/share/zed_robot_integration/package.sh'
[3.213s] INFO:colcon.colcon_core.shell:Creating package script '/home/men3m/Naima/install/zed_robot_integration/share/zed_robot_integration/package.bash'
[3.214s] INFO:colcon.colcon_core.shell:Creating package script '/home/men3m/Naima/install/zed_robot_integration/share/zed_robot_integration/package.zsh'
[3.214s] Level 1:colcon.colcon_core.environment:create_file_with_runtime_dependencies(/home/men3m/Naima/install/zed_robot_integration/share/colcon-core/packages/zed_robot_integration)
[3.214s] INFO:colcon.colcon_ros.task.ament_cmake.build:Building ROS package in '/home/men3m/Naima/src/zed-ros2-examples/tools/zed_benchmark' with build type 'ament_cmake'
[3.214s] INFO:colcon.colcon_cmake.task.cmake.build:Building CMake package in '/home/men3m/Naima/src/zed-ros2-examples/tools/zed_benchmark'
[3.214s] INFO:colcon.colcon_core.shell:Skip shell extension 'powershell' for command environment: Not usable outside of PowerShell
[3.215s] DEBUG:colcon.colcon_core.shell:Skip shell extension 'dsv' for command environment
[3.221s] DEBUG:colcon.colcon_core.event_handler.log_command:Invoked command in '/home/men3m/Naima/build/zed_ros2' returned '0': AMENT_PREFIX_PATH=/home/men3m/Naima/install/zed_wrapper:/home/men3m/Naima/install/zed_components:${AMENT_PREFIX_PATH} CMAKE_PREFIX_PATH=/home/men3m/Naima/install/zed_wrapper:/home/men3m/Naima/install/zed_components:/opt/ros/humble LD_LIBRARY_PATH=/home/men3m/Naima/install/zed_components/lib:/usr/lib/x86_64-linux-gnu/gazebo-11/plugins:/opt/ros/humble/opt/rviz_ogre_vendor/lib:/opt/ros/humble/lib/x86_64-linux-gnu:/opt/ros/humble/lib:/usr/local/cuda-12.4.0/lib64:/usr/local/cuda-12.4.0/lib64 /usr/bin/cmake --build /home/men3m/Naima/build/zed_ros2 -- -j16 -l16
[3.222s] DEBUG:colcon.colcon_core.event_handler.log_command:Invoking command in '/home/men3m/Naima/build/zed_ros2': AMENT_PREFIX_PATH=/home/men3m/Naima/install/zed_wrapper:/home/men3m/Naima/install/zed_components:${AMENT_PREFIX_PATH} CMAKE_PREFIX_PATH=/home/men3m/Naima/install/zed_wrapper:/home/men3m/Naima/install/zed_components:/opt/ros/humble LD_LIBRARY_PATH=/home/men3m/Naima/install/zed_components/lib:/usr/lib/x86_64-linux-gnu/gazebo-11/plugins:/opt/ros/humble/opt/rviz_ogre_vendor/lib:/opt/ros/humble/lib/x86_64-linux-gnu:/opt/ros/humble/lib:/usr/local/cuda-12.4.0/lib64:/usr/local/cuda-12.4.0/lib64 /usr/bin/cmake --install /home/men3m/Naima/build/zed_ros2
[3.225s] DEBUG:colcon.colcon_core.event_handler.log_command:Invoking command in '/home/men3m/Naima/build/zed_topic_benchmark': AMENT_PREFIX_PATH=/home/men3m/Naima/install/zed_topic_benchmark_component:/home/men3m/Naima/install/zed_topic_benchmark_interfaces:${AMENT_PREFIX_PATH} CMAKE_PREFIX_PATH=/home/men3m/Naima/install/zed_topic_benchmark_component:/home/men3m/Naima/install/zed_topic_benchmark_interfaces:/opt/ros/humble LD_LIBRARY_PATH=/home/men3m/Naima/install/zed_topic_benchmark_component/lib:/home/men3m/Naima/install/zed_topic_benchmark_interfaces/lib:/usr/lib/x86_64-linux-gnu/gazebo-11/plugins:/opt/ros/humble/opt/rviz_ogre_vendor/lib:/opt/ros/humble/lib/x86_64-linux-gnu:/opt/ros/humble/lib:/usr/local/cuda-12.4.0/lib64:/usr/local/cuda-12.4.0/lib64 PYTHONPATH=/home/men3m/Naima/install/zed_topic_benchmark_interfaces/local/lib/python3.10/dist-packages:${PYTHONPATH} /usr/bin/cmake --build /home/men3m/Naima/build/zed_topic_benchmark -- -j16 -l16
[3.230s] Level 1:colcon.colcon_core.environment:create_environment_scripts_only(zed_ros2)
[3.230s] DEBUG:colcon.colcon_core.event_handler.log_command:Invoked command in '/home/men3m/Naima/build/zed_ros2' returned '0': AMENT_PREFIX_PATH=/home/men3m/Naima/install/zed_wrapper:/home/men3m/Naima/install/zed_components:${AMENT_PREFIX_PATH} CMAKE_PREFIX_PATH=/home/men3m/Naima/install/zed_wrapper:/home/men3m/Naima/install/zed_components:/opt/ros/humble LD_LIBRARY_PATH=/home/men3m/Naima/install/zed_components/lib:/usr/lib/x86_64-linux-gnu/gazebo-11/plugins:/opt/ros/humble/opt/rviz_ogre_vendor/lib:/opt/ros/humble/lib/x86_64-linux-gnu:/opt/ros/humble/lib:/usr/local/cuda-12.4.0/lib64:/usr/local/cuda-12.4.0/lib64 /usr/bin/cmake --install /home/men3m/Naima/build/zed_ros2
[3.230s] Level 1:colcon.colcon_core.environment:checking '/home/men3m/Naima/install/zed_ros2' for CMake module files
[3.231s] Level 1:colcon.colcon_core.environment:checking '/home/men3m/Naima/install/zed_ros2' for CMake config files
[3.231s] Level 1:colcon.colcon_core.shell:create_environment_hook('zed_ros2', 'cmake_prefix_path')
[3.231s] INFO:colcon.colcon_core.shell:Creating environment hook '/home/men3m/Naima/install/zed_ros2/share/zed_ros2/hook/cmake_prefix_path.ps1'
[3.231s] INFO:colcon.colcon_core.shell:Creating environment descriptor '/home/men3m/Naima/install/zed_ros2/share/zed_ros2/hook/cmake_prefix_path.dsv'
[3.232s] INFO:colcon.colcon_core.shell:Creating environment hook '/home/men3m/Naima/install/zed_ros2/share/zed_ros2/hook/cmake_prefix_path.sh'
[3.232s] Level 1:colcon.colcon_core.environment:checking '/home/men3m/Naima/install/zed_ros2/bin'
[3.232s] Level 1:colcon.colcon_core.environment:checking '/home/men3m/Naima/install/zed_ros2/lib/pkgconfig/zed_ros2.pc'
[3.232s] Level 1:colcon.colcon_core.environment:checking '/home/men3m/Naima/install/zed_ros2/lib/python3.10/site-packages'
[3.233s] Level 1:colcon.colcon_core.environment:checking '/home/men3m/Naima/install/zed_ros2/bin'
[3.233s] INFO:colcon.colcon_core.shell:Creating package script '/home/men3m/Naima/install/zed_ros2/share/zed_ros2/package.ps1'
[3.233s] INFO:colcon.colcon_core.shell:Creating package descriptor '/home/men3m/Naima/install/zed_ros2/share/zed_ros2/package.dsv'
[3.233s] INFO:colcon.colcon_core.shell:Creating package script '/home/men3m/Naima/install/zed_ros2/share/zed_ros2/package.sh'
[3.234s] INFO:colcon.colcon_core.shell:Creating package script '/home/men3m/Naima/install/zed_ros2/share/zed_ros2/package.bash'
[3.234s] INFO:colcon.colcon_core.shell:Creating package script '/home/men3m/Naima/install/zed_ros2/share/zed_ros2/package.zsh'
[3.234s] Level 1:colcon.colcon_core.environment:create_file_with_runtime_dependencies(/home/men3m/Naima/install/zed_ros2/share/colcon-core/packages/zed_ros2)
[3.235s] Level 1:colcon.colcon_core.environment:create_environment_scripts_only(zed_ros2)
[3.235s] Level 1:colcon.colcon_core.environment:checking '/home/men3m/Naima/install/zed_ros2' for CMake module files
[3.235s] Level 1:colcon.colcon_core.environment:checking '/home/men3m/Naima/install/zed_ros2' for CMake config files
[3.235s] Level 1:colcon.colcon_core.shell:create_environment_hook('zed_ros2', 'cmake_prefix_path')
[3.236s] INFO:colcon.colcon_core.shell:Creating environment hook '/home/men3m/Naima/install/zed_ros2/share/zed_ros2/hook/cmake_prefix_path.ps1'
[3.236s] INFO:colcon.colcon_core.shell:Creating environment descriptor '/home/men3m/Naima/install/zed_ros2/share/zed_ros2/hook/cmake_prefix_path.dsv'
[3.236s] INFO:colcon.colcon_core.shell:Creating environment hook '/home/men3m/Naima/install/zed_ros2/share/zed_ros2/hook/cmake_prefix_path.sh'
[3.237s] Level 1:colcon.colcon_core.environment:checking '/home/men3m/Naima/install/zed_ros2/bin'
[3.237s] Level 1:colcon.colcon_core.environment:checking '/home/men3m/Naima/install/zed_ros2/lib/pkgconfig/zed_ros2.pc'
[3.237s] Level 1:colcon.colcon_core.environment:checking '/home/men3m/Naima/install/zed_ros2/lib/python3.10/site-packages'
[3.237s] Level 1:colcon.colcon_core.environment:checking '/home/men3m/Naima/install/zed_ros2/bin'
[3.237s] INFO:colcon.colcon_core.shell:Creating package script '/home/men3m/Naima/install/zed_ros2/share/zed_ros2/package.ps1'
[3.238s] INFO:colcon.colcon_core.shell:Creating package descriptor '/home/men3m/Naima/install/zed_ros2/share/zed_ros2/package.dsv'
[3.238s] INFO:colcon.colcon_core.shell:Creating package script '/home/men3m/Naima/install/zed_ros2/share/zed_ros2/package.sh'
[3.239s] INFO:colcon.colcon_core.shell:Creating package script '/home/men3m/Naima/install/zed_ros2/share/zed_ros2/package.bash'
[3.239s] INFO:colcon.colcon_core.shell:Creating package script '/home/men3m/Naima/install/zed_ros2/share/zed_ros2/package.zsh'
[3.239s] Level 1:colcon.colcon_core.environment:create_file_with_runtime_dependencies(/home/men3m/Naima/install/zed_ros2/share/colcon-core/packages/zed_ros2)
[3.239s] INFO:colcon.colcon_ros.task.ament_cmake.build:Building ROS package in '/home/men3m/Naima/src/naima_ublox_gps/ublox' with build type 'ament_cmake'
[3.240s] INFO:colcon.colcon_cmake.task.cmake.build:Building CMake package in '/home/men3m/Naima/src/naima_ublox_gps/ublox'
[3.240s] INFO:colcon.colcon_core.shell:Skip shell extension 'powershell' for command environment: Not usable outside of PowerShell
[3.240s] DEBUG:colcon.colcon_core.shell:Skip shell extension 'dsv' for command environment
[3.250s] DEBUG:colcon.colcon_core.event_handler.log_command:Invoking command in '/home/men3m/Naima/build/ublox': AMENT_PREFIX_PATH=/home/men3m/Naima/install/ublox_gps:/home/men3m/Naima/install/ublox_msgs:/home/men3m/Naima/install/ublox_serialization:${AMENT_PREFIX_PATH} CMAKE_PREFIX_PATH=/home/men3m/Naima/install/ublox_gps:/home/men3m/Naima/install/ublox_msgs:/home/men3m/Naima/install/ublox_serialization:/opt/ros/humble LD_LIBRARY_PATH=/home/men3m/Naima/install/ublox_gps/lib:/home/men3m/Naima/install/ublox_msgs/lib:/usr/lib/x86_64-linux-gnu/gazebo-11/plugins:/opt/ros/humble/opt/rviz_ogre_vendor/lib:/opt/ros/humble/lib/x86_64-linux-gnu:/opt/ros/humble/lib:/usr/local/cuda-12.4.0/lib64:/usr/local/cuda-12.4.0/lib64 PYTHONPATH=/home/men3m/Naima/install/ublox_msgs/local/lib/python3.10/dist-packages:${PYTHONPATH} /usr/bin/cmake --build /home/men3m/Naima/build/ublox -- -j16 -l16
[3.282s] DEBUG:colcon.colcon_core.event_handler.log_command:Invoked command in '/home/men3m/Naima/build/ublox' returned '0': AMENT_PREFIX_PATH=/home/men3m/Naima/install/ublox_gps:/home/men3m/Naima/install/ublox_msgs:/home/men3m/Naima/install/ublox_serialization:${AMENT_PREFIX_PATH} CMAKE_PREFIX_PATH=/home/men3m/Naima/install/ublox_gps:/home/men3m/Naima/install/ublox_msgs:/home/men3m/Naima/install/ublox_serialization:/opt/ros/humble LD_LIBRARY_PATH=/home/men3m/Naima/install/ublox_gps/lib:/home/men3m/Naima/install/ublox_msgs/lib:/usr/lib/x86_64-linux-gnu/gazebo-11/plugins:/opt/ros/humble/opt/rviz_ogre_vendor/lib:/opt/ros/humble/lib/x86_64-linux-gnu:/opt/ros/humble/lib:/usr/local/cuda-12.4.0/lib64:/usr/local/cuda-12.4.0/lib64 PYTHONPATH=/home/men3m/Naima/install/ublox_msgs/local/lib/python3.10/dist-packages:${PYTHONPATH} /usr/bin/cmake --build /home/men3m/Naima/build/ublox -- -j16 -l16
[3.283s] DEBUG:colcon.colcon_core.event_handler.log_command:Invoking command in '/home/men3m/Naima/build/ublox': AMENT_PREFIX_PATH=/home/men3m/Naima/install/ublox_gps:/home/men3m/Naima/install/ublox_msgs:/home/men3m/Naima/install/ublox_serialization:${AMENT_PREFIX_PATH} CMAKE_PREFIX_PATH=/home/men3m/Naima/install/ublox_gps:/home/men3m/Naima/install/ublox_msgs:/home/men3m/Naima/install/ublox_serialization:/opt/ros/humble LD_LIBRARY_PATH=/home/men3m/Naima/install/ublox_gps/lib:/home/men3m/Naima/install/ublox_msgs/lib:/usr/lib/x86_64-linux-gnu/gazebo-11/plugins:/opt/ros/humble/opt/rviz_ogre_vendor/lib:/opt/ros/humble/lib/x86_64-linux-gnu:/opt/ros/humble/lib:/usr/local/cuda-12.4.0/lib64:/usr/local/cuda-12.4.0/lib64 PYTHONPATH=/home/men3m/Naima/install/ublox_msgs/local/lib/python3.10/dist-packages:${PYTHONPATH} /usr/bin/cmake --install /home/men3m/Naima/build/ublox
[3.284s] DEBUG:colcon.colcon_core.event_handler.log_command:Invoked command in '/home/men3m/Naima/build/zed_topic_benchmark' returned '0': AMENT_PREFIX_PATH=/home/men3m/Naima/install/zed_topic_benchmark_component:/home/men3m/Naima/install/zed_topic_benchmark_interfaces:${AMENT_PREFIX_PATH} CMAKE_PREFIX_PATH=/home/men3m/Naima/install/zed_topic_benchmark_component:/home/men3m/Naima/install/zed_topic_benchmark_interfaces:/opt/ros/humble LD_LIBRARY_PATH=/home/men3m/Naima/install/zed_topic_benchmark_component/lib:/home/men3m/Naima/install/zed_topic_benchmark_interfaces/lib:/usr/lib/x86_64-linux-gnu/gazebo-11/plugins:/opt/ros/humble/opt/rviz_ogre_vendor/lib:/opt/ros/humble/lib/x86_64-linux-gnu:/opt/ros/humble/lib:/usr/local/cuda-12.4.0/lib64:/usr/local/cuda-12.4.0/lib64 PYTHONPATH=/home/men3m/Naima/install/zed_topic_benchmark_interfaces/local/lib/python3.10/dist-packages:${PYTHONPATH} /usr/bin/cmake --build /home/men3m/Naima/build/zed_topic_benchmark -- -j16 -l16
[3.286s] DEBUG:colcon.colcon_core.event_handler.log_command:Invoking command in '/home/men3m/Naima/build/zed_topic_benchmark': AMENT_PREFIX_PATH=/home/men3m/Naima/install/zed_topic_benchmark_component:/home/men3m/Naima/install/zed_topic_benchmark_interfaces:${AMENT_PREFIX_PATH} CMAKE_PREFIX_PATH=/home/men3m/Naima/install/zed_topic_benchmark_component:/home/men3m/Naima/install/zed_topic_benchmark_interfaces:/opt/ros/humble LD_LIBRARY_PATH=/home/men3m/Naima/install/zed_topic_benchmark_component/lib:/home/men3m/Naima/install/zed_topic_benchmark_interfaces/lib:/usr/lib/x86_64-linux-gnu/gazebo-11/plugins:/opt/ros/humble/opt/rviz_ogre_vendor/lib:/opt/ros/humble/lib/x86_64-linux-gnu:/opt/ros/humble/lib:/usr/local/cuda-12.4.0/lib64:/usr/local/cuda-12.4.0/lib64 PYTHONPATH=/home/men3m/Naima/install/zed_topic_benchmark_interfaces/local/lib/python3.10/dist-packages:${PYTHONPATH} /usr/bin/cmake --install /home/men3m/Naima/build/zed_topic_benchmark
[3.291s] Level 1:colcon.colcon_core.environment:create_environment_scripts_only(ublox)
[3.291s] Level 1:colcon.colcon_core.environment:checking '/home/men3m/Naima/install/ublox' for CMake module files
[3.291s] DEBUG:colcon.colcon_core.event_handler.log_command:Invoked command in '/home/men3m/Naima/build/ublox' returned '0': AMENT_PREFIX_PATH=/home/men3m/Naima/install/ublox_gps:/home/men3m/Naima/install/ublox_msgs:/home/men3m/Naima/install/ublox_serialization:${AMENT_PREFIX_PATH} CMAKE_PREFIX_PATH=/home/men3m/Naima/install/ublox_gps:/home/men3m/Naima/install/ublox_msgs:/home/men3m/Naima/install/ublox_serialization:/opt/ros/humble LD_LIBRARY_PATH=/home/men3m/Naima/install/ublox_gps/lib:/home/men3m/Naima/install/ublox_msgs/lib:/usr/lib/x86_64-linux-gnu/gazebo-11/plugins:/opt/ros/humble/opt/rviz_ogre_vendor/lib:/opt/ros/humble/lib/x86_64-linux-gnu:/opt/ros/humble/lib:/usr/local/cuda-12.4.0/lib64:/usr/local/cuda-12.4.0/lib64 PYTHONPATH=/home/men3m/Naima/install/ublox_msgs/local/lib/python3.10/dist-packages:${PYTHONPATH} /usr/bin/cmake --install /home/men3m/Naima/build/ublox
[3.293s] Level 1:colcon.colcon_core.environment:checking '/home/men3m/Naima/install/ublox' for CMake config files
[3.293s] Level 1:colcon.colcon_core.shell:create_environment_hook('ublox', 'cmake_prefix_path')
[3.294s] INFO:colcon.colcon_core.shell:Creating environment hook '/home/men3m/Naima/install/ublox/share/ublox/hook/cmake_prefix_path.ps1'
[3.294s] INFO:colcon.colcon_core.shell:Creating environment descriptor '/home/men3m/Naima/install/ublox/share/ublox/hook/cmake_prefix_path.dsv'
[3.294s] INFO:colcon.colcon_core.shell:Creating environment hook '/home/men3m/Naima/install/ublox/share/ublox/hook/cmake_prefix_path.sh'
[3.295s] Level 1:colcon.colcon_core.environment:checking '/home/men3m/Naima/install/ublox/bin'
[3.295s] Level 1:colcon.colcon_core.environment:checking '/home/men3m/Naima/install/ublox/lib/pkgconfig/ublox.pc'
[3.295s] Level 1:colcon.colcon_core.environment:checking '/home/men3m/Naima/install/ublox/lib/python3.10/site-packages'
[3.295s] Level 1:colcon.colcon_core.environment:checking '/home/men3m/Naima/install/ublox/bin'
[3.296s] INFO:colcon.colcon_core.shell:Creating package script '/home/men3m/Naima/install/ublox/share/ublox/package.ps1'
[3.296s] INFO:colcon.colcon_core.shell:Creating package descriptor '/home/men3m/Naima/install/ublox/share/ublox/package.dsv'
[3.296s] INFO:colcon.colcon_core.shell:Creating package script '/home/men3m/Naima/install/ublox/share/ublox/package.sh'
[3.297s] INFO:colcon.colcon_core.shell:Creating package script '/home/men3m/Naima/install/ublox/share/ublox/package.bash'
[3.297s] INFO:colcon.colcon_core.shell:Creating package script '/home/men3m/Naima/install/ublox/share/ublox/package.zsh'
[3.298s] Level 1:colcon.colcon_core.environment:create_file_with_runtime_dependencies(/home/men3m/Naima/install/ublox/share/colcon-core/packages/ublox)
[3.298s] Level 1:colcon.colcon_core.environment:create_environment_scripts_only(ublox)
[3.299s] Level 1:colcon.colcon_core.environment:checking '/home/men3m/Naima/install/ublox' for CMake module files
[3.299s] Level 1:colcon.colcon_core.environment:checking '/home/men3m/Naima/install/ublox' for CMake config files
[3.299s] Level 1:colcon.colcon_core.shell:create_environment_hook('ublox', 'cmake_prefix_path')
[3.299s] INFO:colcon.colcon_core.shell:Creating environment hook '/home/men3m/Naima/install/ublox/share/ublox/hook/cmake_prefix_path.ps1'
[3.300s] INFO:colcon.colcon_core.shell:Creating environment descriptor '/home/men3m/Naima/install/ublox/share/ublox/hook/cmake_prefix_path.dsv'
[3.300s] INFO:colcon.colcon_core.shell:Creating environment hook '/home/men3m/Naima/install/ublox/share/ublox/hook/cmake_prefix_path.sh'
[3.301s] Level 1:colcon.colcon_core.environment:checking '/home/men3m/Naima/install/ublox/bin'
[3.301s] Level 1:colcon.colcon_core.environment:checking '/home/men3m/Naima/install/ublox/lib/pkgconfig/ublox.pc'
[3.301s] Level 1:colcon.colcon_core.environment:checking '/home/men3m/Naima/install/ublox/lib/python3.10/site-packages'
[3.301s] Level 1:colcon.colcon_core.environment:checking '/home/men3m/Naima/install/ublox/bin'
[3.301s] INFO:colcon.colcon_core.shell:Creating package script '/home/men3m/Naima/install/ublox/share/ublox/package.ps1'
[3.302s] INFO:colcon.colcon_core.shell:Creating package descriptor '/home/men3m/Naima/install/ublox/share/ublox/package.dsv'
[3.302s] INFO:colcon.colcon_core.shell:Creating package script '/home/men3m/Naima/install/ublox/share/ublox/package.sh'
[3.302s] INFO:colcon.colcon_core.shell:Creating package script '/home/men3m/Naima/install/ublox/share/ublox/package.bash'
[3.303s] INFO:colcon.colcon_core.shell:Creating package script '/home/men3m/Naima/install/ublox/share/ublox/package.zsh'
[3.303s] Level 1:colcon.colcon_core.environment:create_file_with_runtime_dependencies(/home/men3m/Naima/install/ublox/share/colcon-core/packages/ublox)
[3.304s] INFO:colcon.colcon_ros.task.ament_cmake.build:Building ROS package in '/home/men3m/Naima/src/zed-ros2-examples/tutorials/zed_ipc' with build type 'ament_cmake'
[3.304s] INFO:colcon.colcon_cmake.task.cmake.build:Building CMake package in '/home/men3m/Naima/src/zed-ros2-examples/tutorials/zed_ipc'
[3.304s] INFO:colcon.colcon_core.shell:Skip shell extension 'powershell' for command environment: Not usable outside of PowerShell
[3.304s] DEBUG:colcon.colcon_core.shell:Skip shell extension 'dsv' for command environment
[3.308s] Level 1:colcon.colcon_core.environment:create_environment_scripts_only(zed_topic_benchmark)
[3.309s] DEBUG:colcon.colcon_core.event_handler.log_command:Invoked command in '/home/men3m/Naima/build/zed_topic_benchmark' returned '0': AMENT_PREFIX_PATH=/home/men3m/Naima/install/zed_topic_benchmark_component:/home/men3m/Naima/install/zed_topic_benchmark_interfaces:${AMENT_PREFIX_PATH} CMAKE_PREFIX_PATH=/home/men3m/Naima/install/zed_topic_benchmark_component:/home/men3m/Naima/install/zed_topic_benchmark_interfaces:/opt/ros/humble LD_LIBRARY_PATH=/home/men3m/Naima/install/zed_topic_benchmark_component/lib:/home/men3m/Naima/install/zed_topic_benchmark_interfaces/lib:/usr/lib/x86_64-linux-gnu/gazebo-11/plugins:/opt/ros/humble/opt/rviz_ogre_vendor/lib:/opt/ros/humble/lib/x86_64-linux-gnu:/opt/ros/humble/lib:/usr/local/cuda-12.4.0/lib64:/usr/local/cuda-12.4.0/lib64 PYTHONPATH=/home/men3m/Naima/install/zed_topic_benchmark_interfaces/local/lib/python3.10/dist-packages:${PYTHONPATH} /usr/bin/cmake --install /home/men3m/Naima/build/zed_topic_benchmark
[3.309s] Level 1:colcon.colcon_core.environment:checking '/home/men3m/Naima/install/zed_topic_benchmark' for CMake module files
[3.309s] Level 1:colcon.colcon_core.environment:checking '/home/men3m/Naima/install/zed_topic_benchmark' for CMake config files
[3.310s] Level 1:colcon.colcon_core.shell:create_environment_hook('zed_topic_benchmark', 'cmake_prefix_path')
[3.310s] INFO:colcon.colcon_core.shell:Creating environment hook '/home/men3m/Naima/install/zed_topic_benchmark/share/zed_topic_benchmark/hook/cmake_prefix_path.ps1'
[3.310s] INFO:colcon.colcon_core.shell:Creating environment descriptor '/home/men3m/Naima/install/zed_topic_benchmark/share/zed_topic_benchmark/hook/cmake_prefix_path.dsv'
[3.311s] INFO:colcon.colcon_core.shell:Creating environment hook '/home/men3m/Naima/install/zed_topic_benchmark/share/zed_topic_benchmark/hook/cmake_prefix_path.sh'
[3.311s] Level 1:colcon.colcon_core.environment:checking '/home/men3m/Naima/install/zed_topic_benchmark/lib'
[3.311s] Level 1:colcon.colcon_core.environment:checking '/home/men3m/Naima/install/zed_topic_benchmark/bin'
[3.311s] Level 1:colcon.colcon_core.environment:checking '/home/men3m/Naima/install/zed_topic_benchmark/lib/pkgconfig/zed_topic_benchmark.pc'
[3.312s] Level 1:colcon.colcon_core.environment:checking '/home/men3m/Naima/install/zed_topic_benchmark/lib/python3.10/site-packages'
[3.312s] Level 1:colcon.colcon_core.environment:checking '/home/men3m/Naima/install/zed_topic_benchmark/bin'
[3.312s] INFO:colcon.colcon_core.shell:Creating package script '/home/men3m/Naima/install/zed_topic_benchmark/share/zed_topic_benchmark/package.ps1'
[3.313s] INFO:colcon.colcon_core.shell:Creating package descriptor '/home/men3m/Naima/install/zed_topic_benchmark/share/zed_topic_benchmark/package.dsv'
[3.313s] INFO:colcon.colcon_core.shell:Creating package script '/home/men3m/Naima/install/zed_topic_benchmark/share/zed_topic_benchmark/package.sh'
[3.313s] INFO:colcon.colcon_core.shell:Creating package script '/home/men3m/Naima/install/zed_topic_benchmark/share/zed_topic_benchmark/package.bash'
[3.314s] INFO:colcon.colcon_core.shell:Creating package script '/home/men3m/Naima/install/zed_topic_benchmark/share/zed_topic_benchmark/package.zsh'
[3.314s] Level 1:colcon.colcon_core.environment:create_file_with_runtime_dependencies(/home/men3m/Naima/install/zed_topic_benchmark/share/colcon-core/packages/zed_topic_benchmark)
[3.314s] Level 1:colcon.colcon_core.environment:create_environment_scripts_only(zed_topic_benchmark)
[3.315s] Level 1:colcon.colcon_core.environment:checking '/home/men3m/Naima/install/zed_topic_benchmark' for CMake module files
[3.315s] Level 1:colcon.colcon_core.environment:checking '/home/men3m/Naima/install/zed_topic_benchmark' for CMake config files
[3.316s] Level 1:colcon.colcon_core.shell:create_environment_hook('zed_topic_benchmark', 'cmake_prefix_path')
[3.316s] INFO:colcon.colcon_core.shell:Creating environment hook '/home/men3m/Naima/install/zed_topic_benchmark/share/zed_topic_benchmark/hook/cmake_prefix_path.ps1'
[3.316s] INFO:colcon.colcon_core.shell:Creating environment descriptor '/home/men3m/Naima/install/zed_topic_benchmark/share/zed_topic_benchmark/hook/cmake_prefix_path.dsv'
[3.317s] INFO:colcon.colcon_core.shell:Creating environment hook '/home/men3m/Naima/install/zed_topic_benchmark/share/zed_topic_benchmark/hook/cmake_prefix_path.sh'
[3.317s] Level 1:colcon.colcon_core.environment:checking '/home/men3m/Naima/install/zed_topic_benchmark/lib'
[3.317s] Level 1:colcon.colcon_core.environment:checking '/home/men3m/Naima/install/zed_topic_benchmark/bin'
[3.317s] Level 1:colcon.colcon_core.environment:checking '/home/men3m/Naima/install/zed_topic_benchmark/lib/pkgconfig/zed_topic_benchmark.pc'
[3.317s] Level 1:colcon.colcon_core.environment:checking '/home/men3m/Naima/install/zed_topic_benchmark/lib/python3.10/site-packages'
[3.318s] Level 1:colcon.colcon_core.environment:checking '/home/men3m/Naima/install/zed_topic_benchmark/bin'
[3.318s] INFO:colcon.colcon_core.shell:Creating package script '/home/men3m/Naima/install/zed_topic_benchmark/share/zed_topic_benchmark/package.ps1'
[3.318s] INFO:colcon.colcon_core.shell:Creating package descriptor '/home/men3m/Naima/install/zed_topic_benchmark/share/zed_topic_benchmark/package.dsv'
[3.319s] INFO:colcon.colcon_core.shell:Creating package script '/home/men3m/Naima/install/zed_topic_benchmark/share/zed_topic_benchmark/package.sh'
[3.319s] INFO:colcon.colcon_core.shell:Creating package script '/home/men3m/Naima/install/zed_topic_benchmark/share/zed_topic_benchmark/package.bash'
[3.320s] INFO:colcon.colcon_core.shell:Creating package script '/home/men3m/Naima/install/zed_topic_benchmark/share/zed_topic_benchmark/package.zsh'
[3.320s] Level 1:colcon.colcon_core.environment:create_file_with_runtime_dependencies(/home/men3m/Naima/install/zed_topic_benchmark/share/colcon-core/packages/zed_topic_benchmark)
[3.323s] DEBUG:colcon.colcon_core.event_handler.log_command:Invoking command in '/home/men3m/Naima/build/zed_ipc': AMENT_PREFIX_PATH=/home/men3m/Naima/install/zed_multi_camera:/home/men3m/Naima/install/zed_wrapper:/home/men3m/Naima/install/zed_components:${AMENT_PREFIX_PATH} CMAKE_PREFIX_PATH=/home/men3m/Naima/install/zed_multi_camera:/home/men3m/Naima/install/zed_wrapper:/home/men3m/Naima/install/zed_components:/opt/ros/humble LD_LIBRARY_PATH=/home/men3m/Naima/install/zed_components/lib:/usr/lib/x86_64-linux-gnu/gazebo-11/plugins:/opt/ros/humble/opt/rviz_ogre_vendor/lib:/opt/ros/humble/lib/x86_64-linux-gnu:/opt/ros/humble/lib:/usr/local/cuda-12.4.0/lib64:/usr/local/cuda-12.4.0/lib64 /usr/bin/cmake --build /home/men3m/Naima/build/zed_ipc -- -j16 -l16
[3.386s] DEBUG:colcon.colcon_core.event_handler.log_command:Invoked command in '/home/men3m/Naima/build/zed_ipc' returned '0': AMENT_PREFIX_PATH=/home/men3m/Naima/install/zed_multi_camera:/home/men3m/Naima/install/zed_wrapper:/home/men3m/Naima/install/zed_components:${AMENT_PREFIX_PATH} CMAKE_PREFIX_PATH=/home/men3m/Naima/install/zed_multi_camera:/home/men3m/Naima/install/zed_wrapper:/home/men3m/Naima/install/zed_components:/opt/ros/humble LD_LIBRARY_PATH=/home/men3m/Naima/install/zed_components/lib:/usr/lib/x86_64-linux-gnu/gazebo-11/plugins:/opt/ros/humble/opt/rviz_ogre_vendor/lib:/opt/ros/humble/lib/x86_64-linux-gnu:/opt/ros/humble/lib:/usr/local/cuda-12.4.0/lib64:/usr/local/cuda-12.4.0/lib64 /usr/bin/cmake --build /home/men3m/Naima/build/zed_ipc -- -j16 -l16
[3.388s] DEBUG:colcon.colcon_core.event_handler.log_command:Invoking command in '/home/men3m/Naima/build/zed_ipc': AMENT_PREFIX_PATH=/home/men3m/Naima/install/zed_multi_camera:/home/men3m/Naima/install/zed_wrapper:/home/men3m/Naima/install/zed_components:${AMENT_PREFIX_PATH} CMAKE_PREFIX_PATH=/home/men3m/Naima/install/zed_multi_camera:/home/men3m/Naima/install/zed_wrapper:/home/men3m/Naima/install/zed_components:/opt/ros/humble LD_LIBRARY_PATH=/home/men3m/Naima/install/zed_components/lib:/usr/lib/x86_64-linux-gnu/gazebo-11/plugins:/opt/ros/humble/opt/rviz_ogre_vendor/lib:/opt/ros/humble/lib/x86_64-linux-gnu:/opt/ros/humble/lib:/usr/local/cuda-12.4.0/lib64:/usr/local/cuda-12.4.0/lib64 /usr/bin/cmake --install /home/men3m/Naima/build/zed_ipc
[3.397s] Level 1:colcon.colcon_core.environment:create_environment_scripts_only(zed_ipc)
[3.397s] DEBUG:colcon.colcon_core.event_handler.log_command:Invoked command in '/home/men3m/Naima/build/zed_ipc' returned '0': AMENT_PREFIX_PATH=/home/men3m/Naima/install/zed_multi_camera:/home/men3m/Naima/install/zed_wrapper:/home/men3m/Naima/install/zed_components:${AMENT_PREFIX_PATH} CMAKE_PREFIX_PATH=/home/men3m/Naima/install/zed_multi_camera:/home/men3m/Naima/install/zed_wrapper:/home/men3m/Naima/install/zed_components:/opt/ros/humble LD_LIBRARY_PATH=/home/men3m/Naima/install/zed_components/lib:/usr/lib/x86_64-linux-gnu/gazebo-11/plugins:/opt/ros/humble/opt/rviz_ogre_vendor/lib:/opt/ros/humble/lib/x86_64-linux-gnu:/opt/ros/humble/lib:/usr/local/cuda-12.4.0/lib64:/usr/local/cuda-12.4.0/lib64 /usr/bin/cmake --install /home/men3m/Naima/build/zed_ipc
[3.397s] Level 1:colcon.colcon_core.environment:checking '/home/men3m/Naima/install/zed_ipc' for CMake module files
[3.398s] Level 1:colcon.colcon_core.environment:checking '/home/men3m/Naima/install/zed_ipc' for CMake config files
[3.398s] Level 1:colcon.colcon_core.shell:create_environment_hook('zed_ipc', 'cmake_prefix_path')
[3.398s] INFO:colcon.colcon_core.shell:Creating environment hook '/home/men3m/Naima/install/zed_ipc/share/zed_ipc/hook/cmake_prefix_path.ps1'
[3.399s] INFO:colcon.colcon_core.shell:Creating environment descriptor '/home/men3m/Naima/install/zed_ipc/share/zed_ipc/hook/cmake_prefix_path.dsv'
[3.399s] INFO:colcon.colcon_core.shell:Creating environment hook '/home/men3m/Naima/install/zed_ipc/share/zed_ipc/hook/cmake_prefix_path.sh'
[3.400s] Level 1:colcon.colcon_core.environment:checking '/home/men3m/Naima/install/zed_ipc/lib'
[3.400s] Level 1:colcon.colcon_core.shell:create_environment_hook('zed_ipc', 'ld_library_path_lib')
[3.401s] INFO:colcon.colcon_core.shell:Creating environment hook '/home/men3m/Naima/install/zed_ipc/share/zed_ipc/hook/ld_library_path_lib.ps1'
[3.401s] INFO:colcon.colcon_core.shell:Creating environment descriptor '/home/men3m/Naima/install/zed_ipc/share/zed_ipc/hook/ld_library_path_lib.dsv'
[3.402s] INFO:colcon.colcon_core.shell:Creating environment hook '/home/men3m/Naima/install/zed_ipc/share/zed_ipc/hook/ld_library_path_lib.sh'
[3.402s] Level 1:colcon.colcon_core.environment:checking '/home/men3m/Naima/install/zed_ipc/bin'
[3.402s] Level 1:colcon.colcon_core.environment:checking '/home/men3m/Naima/install/zed_ipc/lib/pkgconfig/zed_ipc.pc'
[3.402s] Level 1:colcon.colcon_core.environment:checking '/home/men3m/Naima/install/zed_ipc/lib/python3.10/site-packages'
[3.402s] Level 1:colcon.colcon_core.environment:checking '/home/men3m/Naima/install/zed_ipc/bin'
[3.403s] INFO:colcon.colcon_core.shell:Creating package script '/home/men3m/Naima/install/zed_ipc/share/zed_ipc/package.ps1'
[3.403s] INFO:colcon.colcon_core.shell:Creating package descriptor '/home/men3m/Naima/install/zed_ipc/share/zed_ipc/package.dsv'
[3.404s] INFO:colcon.colcon_core.shell:Creating package script '/home/men3m/Naima/install/zed_ipc/share/zed_ipc/package.sh'
[3.404s] INFO:colcon.colcon_core.shell:Creating package script '/home/men3m/Naima/install/zed_ipc/share/zed_ipc/package.bash'
[3.404s] INFO:colcon.colcon_core.shell:Creating package script '/home/men3m/Naima/install/zed_ipc/share/zed_ipc/package.zsh'
[3.405s] Level 1:colcon.colcon_core.environment:create_file_with_runtime_dependencies(/home/men3m/Naima/install/zed_ipc/share/colcon-core/packages/zed_ipc)
[3.405s] Level 1:colcon.colcon_core.environment:create_environment_scripts_only(zed_ipc)
[3.406s] Level 1:colcon.colcon_core.environment:checking '/home/men3m/Naima/install/zed_ipc' for CMake module files
[3.406s] Level 1:colcon.colcon_core.environment:checking '/home/men3m/Naima/install/zed_ipc' for CMake config files
[3.407s] Level 1:colcon.colcon_core.shell:create_environment_hook('zed_ipc', 'cmake_prefix_path')
[3.407s] INFO:colcon.colcon_core.shell:Creating environment hook '/home/men3m/Naima/install/zed_ipc/share/zed_ipc/hook/cmake_prefix_path.ps1'
[3.408s] INFO:colcon.colcon_core.shell:Creating environment descriptor '/home/men3m/Naima/install/zed_ipc/share/zed_ipc/hook/cmake_prefix_path.dsv'
[3.409s] INFO:colcon.colcon_core.shell:Creating environment hook '/home/men3m/Naima/install/zed_ipc/share/zed_ipc/hook/cmake_prefix_path.sh'
[3.409s] Level 1:colcon.colcon_core.environment:checking '/home/men3m/Naima/install/zed_ipc/lib'
[3.409s] Level 1:colcon.colcon_core.shell:create_environment_hook('zed_ipc', 'ld_library_path_lib')
[3.409s] INFO:colcon.colcon_core.shell:Creating environment hook '/home/men3m/Naima/install/zed_ipc/share/zed_ipc/hook/ld_library_path_lib.ps1'
[3.410s] INFO:colcon.colcon_core.shell:Creating environment descriptor '/home/men3m/Naima/install/zed_ipc/share/zed_ipc/hook/ld_library_path_lib.dsv'
[3.410s] INFO:colcon.colcon_core.shell:Creating environment hook '/home/men3m/Naima/install/zed_ipc/share/zed_ipc/hook/ld_library_path_lib.sh'
[3.410s] Level 1:colcon.colcon_core.environment:checking '/home/men3m/Naima/install/zed_ipc/bin'
[3.410s] Level 1:colcon.colcon_core.environment:checking '/home/men3m/Naima/install/zed_ipc/lib/pkgconfig/zed_ipc.pc'
[3.411s] Level 1:colcon.colcon_core.environment:checking '/home/men3m/Naima/install/zed_ipc/lib/python3.10/site-packages'
[3.411s] Level 1:colcon.colcon_core.environment:checking '/home/men3m/Naima/install/zed_ipc/bin'
[3.411s] INFO:colcon.colcon_core.shell:Creating package script '/home/men3m/Naima/install/zed_ipc/share/zed_ipc/package.ps1'
[3.412s] INFO:colcon.colcon_core.shell:Creating package descriptor '/home/men3m/Naima/install/zed_ipc/share/zed_ipc/package.dsv'
[3.413s] INFO:colcon.colcon_core.shell:Creating package script '/home/men3m/Naima/install/zed_ipc/share/zed_ipc/package.sh'
[3.413s] INFO:colcon.colcon_core.shell:Creating package script '/home/men3m/Naima/install/zed_ipc/share/zed_ipc/package.bash'
[3.414s] INFO:colcon.colcon_core.shell:Creating package script '/home/men3m/Naima/install/zed_ipc/share/zed_ipc/package.zsh'
[3.414s] Level 1:colcon.colcon_core.environment:create_file_with_runtime_dependencies(/home/men3m/Naima/install/zed_ipc/share/colcon-core/packages/zed_ipc)
[3.414s] DEBUG:colcon.colcon_parallel_executor.executor.parallel:closing loop
[3.415s] DEBUG:colcon.colcon_parallel_executor.executor.parallel:loop closed
[3.415s] DEBUG:colcon.colcon_parallel_executor.executor.parallel:run_until_complete finished with '0'
[3.415s] DEBUG:colcon.colcon_core.event_reactor:joining thread
[3.421s] INFO:colcon.colcon_core.plugin_system:Skipping extension 'colcon_notification.desktop_notification.terminal_notifier': Not used on non-Darwin systems
[3.421s] INFO:colcon.colcon_core.plugin_system:Skipping extension 'colcon_notification.desktop_notification.win32': Not used on non-Windows systems
[3.422s] INFO:colcon.colcon_notification.desktop_notification:Sending desktop notification using 'notify2'
[3.431s] DEBUG:colcon.colcon_core.event_reactor:joined thread
[3.431s] INFO:colcon.colcon_core.shell:Creating prefix script '/home/men3m/Naima/install/local_setup.ps1'
[3.432s] INFO:colcon.colcon_core.shell:Creating prefix util module '/home/men3m/Naima/install/_local_setup_util_ps1.py'
[3.434s] INFO:colcon.colcon_core.shell:Creating prefix chain script '/home/men3m/Naima/install/setup.ps1'
[3.434s] INFO:colcon.colcon_core.shell:Creating prefix script '/home/men3m/Naima/install/local_setup.sh'
[3.435s] INFO:colcon.colcon_core.shell:Creating prefix util module '/home/men3m/Naima/install/_local_setup_util_sh.py'
[3.435s] INFO:colcon.colcon_core.shell:Creating prefix chain script '/home/men3m/Naima/install/setup.sh'
[3.436s] INFO:colcon.colcon_core.shell:Creating prefix script '/home/men3m/Naima/install/local_setup.bash'
[3.437s] INFO:colcon.colcon_core.shell:Creating prefix chain script '/home/men3m/Naima/install/setup.bash'
[3.438s] INFO:colcon.colcon_core.shell:Creating prefix script '/home/men3m/Naima/install/local_setup.zsh'
[3.439s] INFO:colcon.colcon_core.shell:Creating prefix chain script '/home/men3m/Naima/install/setup.zsh'
